datetime,owner_id,timestamp_raw,consumption,reactive_import,reactive_capacitive,generation,reactive_import_out,reactive_capacitive_out,multiplier,rir,rcr,status,additional_consumption,additional_generation,owner_serno
2023-01-01 00:00:00,00000000270,20230101000000,0.046,0.001,0.035,0.0,0.0,0.0,1.0,2.17,76.09,4,0.0,0.0,589376
2023-01-01 01:00:00,00000000270,20230101010000,0.046,0.001,0.035,0.0,0.0,0.0,1.0,2.17,76.09,4,0.0,0.0,589376
2023-01-01 02:00:00,00000000270,20230101020000,0.027,0.001,0.037,0.0,0.0,0.0,1.0,3.7,137.04,4,0.0,0.0,589376
2023-01-01 03:00:00,00000000270,20230101030000,0.059,0.0,0.037,0.0,0.0,0.0,1.0,0.0,62.71,4,0.0,0.0,589376
2023-01-01 04:00:00,00000000270,20230101040000,0.132,0.001,0.033,0.0,0.0,0.0,1.0,0.76,25.0,4,0.0,0.0,589376
2023-01-01 05:00:00,00000000270,20230101050000,0.045,0.001,0.034,0.0,0.0,0.0,1.0,2.22,75.56,4,0.0,0.0,589376
2023-01-01 06:00:00,00000000270,20230101060000,0.038,0.001,0.037,0.0,0.0,0.0,1.0,2.63,97.37,4,0.0,0.0,589376
2023-01-01 07:00:00,00000000270,20230101070000,0.037,0.0,0.037,0.0,0.0,0.0,1.0,0.0,100.0,4,0.0,0.0,589376
2023-01-01 08:00:00,00000000270,20230101080000,0.045,0.001,0.036,0.0,0.0,0.0,1.0,2.22,80.0,4,0.0,0.0,589376
2023-01-01 09:00:00,00000000270,20230101090000,0.043,0.001,0.036,0.0,0.0,0.0,1.0,2.33,83.72,4,0.0,0.0,589376
2023-01-01 10:00:00,00000000270,20230101100000,0.047,0.001,0.036,0.0,0.0,0.0,1.0,2.13,76.6,4,0.0,0.0,589376
2023-01-01 11:00:00,00000000270,20230101110000,0.046,0.0,0.035,0.0,0.0,0.0,1.0,0.0,76.09,4,0.0,0.0,589376
2023-01-01 12:00:00,00000000270,20230101120000,0.042,0.001,0.035,0.0,0.0,0.0,1.0,2.38,83.33,4,0.0,0.0,589376
2023-01-01 13:00:00,00000000270,20230101130000,0.03,0.001,0.035,0.0,0.0,0.0,1.0,3.33,116.67,4,0.0,0.0,589376
2023-01-01 14:00:00,00000000270,20230101140000,0.041,0.001,0.036,0.0,0.0,0.0,1.0,2.44,87.8,4,0.0,0.0,589376
2023-01-01 15:00:00,00000000270,20230101150000,0.045,0.0,0.035,0.0,0.0,0.0,1.0,0.0,77.78,4,0.0,0.0,589376
2023-01-01 16:00:00,00000000270,20230101160000,0.043,0.001,0.034,0.0,0.0,0.0,1.0,2.33,79.07,4,0.0,0.0,589376
2023-01-01 17:00:00,00000000270,20230101170000,0.045,0.001,0.034,0.0,0.0,0.0,1.0,2.22,75.56,4,0.0,0.0,589376
2023-01-01 18:00:00,00000000270,20230101180000,0.044,0.0,0.033,0.0,0.0,0.0,1.0,0.0,75.0,4,0.0,0.0,589376
2023-01-01 19:00:00,00000000270,20230101190000,0.034,0.001,0.033,0.0,0.0,0.0,1.0,2.94,97.06,4,0.0,0.0,589376
2023-01-01 20:00:00,00000000270,20230101200000,0.031,0.0,0.034,0.0,0.0,0.0,1.0,0.0,109.68,4,0.0,0.0,589376
2023-01-01 21:00:00,00000000270,20230101210000,0.043,0.0,0.033,0.0,0.0,0.0,1.0,0.0,76.74,4,0.0,0.0,589376
2023-01-01 22:00:00,00000000270,20230101220000,0.044,0.001,0.035,0.0,0.0,0.0,1.0,2.27,79.55,4,0.0,0.0,589376
2023-01-01 23:00:00,00000000270,20230101230000,0.045,0.0,0.034,0.0,0.0,0.0,1.0,0.0,75.56,4,0.0,0.0,589376
2023-01-02 00:00:00,00000000270,20230102000000,0.044,0.001,0.035,0.0,0.0,0.0,1.0,2.27,79.55,4,0.0,0.0,589376
2023-01-02 01:00:00,00000000270,20230102010000,0.03,0.001,0.036,0.0,0.0,0.0,1.0,3.33,120.0,4,0.0,0.0,589376
2023-01-02 02:00:00,00000000270,20230102020000,0.038,0.001,0.037,0.0,0.0,0.0,1.0,2.63,97.37,4,0.0,0.0,589376
2023-01-02 03:00:00,00000000270,20230102030000,0.045,0.0,0.036,0.0,0.0,0.0,1.0,0.0,80.0,4,0.0,0.0,589376
2023-01-02 04:00:00,00000000270,20230102040000,0.046,0.001,0.037,0.0,0.0,0.0,1.0,2.17,80.43,4,0.0,0.0,589376
2023-01-02 05:00:00,00000000270,20230102050000,0.105,0.001,0.036,0.0,0.0,0.0,1.0,0.95,34.29,4,0.0,0.0,589376
2023-01-02 06:00:00,00000000270,20230102060000,0.068,0.001,0.033,0.0,0.0,0.0,1.0,1.47,48.53,4,0.0,0.0,589376
2023-01-02 07:00:00,00000000270,20230102070000,0.047,0.0,0.034,0.0,0.0,0.0,1.0,0.0,72.34,4,0.0,0.0,589376
2023-01-02 08:00:00,00000000270,20230102080000,0.046,0.001,0.035,0.0,0.0,0.0,1.0,2.17,76.09,4,0.0,0.0,589376
2023-01-02 09:00:00,00000000270,20230102090000,0.044,0.001,0.034,0.0,0.0,0.0,1.0,2.27,77.27,4,0.0,0.0,589376
2023-01-02 10:00:00,00000000270,20230102100000,0.04,0.001,0.032,0.0,0.0,0.0,1.0,2.5,80.0,4,0.0,0.0,589376
2023-01-02 11:00:00,00000000270,20230102110000,0.031,0.001,0.035,0.0,0.0,0.0,1.0,3.23,112.9,4,0.0,0.0,589376
2023-01-02 12:00:00,00000000270,20230102120000,0.04,0.0,0.035,0.0,0.0,0.0,1.0,0.0,87.5,4,0.0,0.0,589376
2023-01-02 13:00:00,00000000270,20230102130000,0.044,0.001,0.034,0.0,0.0,0.0,1.0,2.27,77.27,4,0.0,0.0,589376
2023-01-02 14:00:00,00000000270,20230102140000,0.044,0.001,0.034,0.0,0.0,0.0,1.0,2.27,77.27,4,0.0,0.0,589376
2023-01-02 15:00:00,00000000270,20230102150000,0.045,0.001,0.034,0.0,0.0,0.0,1.0,2.22,75.56,4,0.0,0.0,589376
2023-01-02 16:00:00,00000000270,20230102160000,0.046,0.0,0.035,0.0,0.0,0.0,1.0,0.0,76.09,4,0.0,0.0,589376
2023-01-02 17:00:00,00000000270,20230102170000,0.033,0.001,0.034,0.0,0.0,0.0,1.0,3.03,103.03,4,0.0,0.0,589376
2023-01-02 18:00:00,00000000270,20230102180000,0.032,0.001,0.034,0.0,0.0,0.0,1.0,3.12,106.25,4,0.0,0.0,589376
2023-01-02 19:00:00,00000000270,20230102190000,0.044,0.0,0.033,0.0,0.0,0.0,1.0,0.0,75.0,4,0.0,0.0,589376
2023-01-02 20:00:00,00000000270,20230102200000,0.044,0.001,0.033,0.0,0.0,0.0,1.0,2.27,75.0,4,0.0,0.0,589376
2023-01-02 21:00:00,00000000270,20230102210000,0.044,0.0,0.033,0.0,0.0,0.0,1.0,0.0,75.0,4,0.0,0.0,589376
2023-01-02 22:00:00,00000000270,20230102220000,0.044,0.001,0.034,0.0,0.0,0.0,1.0,2.27,77.27,4,0.0,0.0,589376
2023-01-02 23:00:00,00000000270,20230102230000,0.033,0.0,0.035,0.0,0.0,0.0,1.0,0.0,106.06,4,0.0,0.0,589376
2023-01-03 00:00:00,00000000270,20230103000000,0.033,0.001,0.036,0.0,0.0,0.0,1.0,3.03,109.09,4,0.0,0.0,589376
2023-01-03 01:00:00,00000000270,20230103010000,0.045,0.0,0.035,0.0,0.0,0.0,1.0,0.0,77.78,4,0.0,0.0,589376
2023-01-03 02:00:00,00000000270,20230103020000,0.046,0.001,0.036,0.0,0.0,0.0,1.0,2.17,78.26,4,0.0,0.0,589376
2023-01-03 03:00:00,00000000270,20230103030000,0.045,0.001,0.035,0.0,0.0,0.0,1.0,2.22,77.78,4,0.0,0.0,589376
2023-01-03 04:00:00,00000000270,20230103040000,0.039,0.001,0.036,0.0,0.0,0.0,1.0,2.56,92.31,4,0.0,0.0,589376
2023-01-03 05:00:00,00000000270,20230103050000,0.029,0.0,0.037,0.0,0.0,0.0,1.0,0.0,127.59,4,0.0,0.0,589376
2023-01-03 06:00:00,00000000270,20230103060000,0.051,0.001,0.035,0.0,0.0,0.0,1.0,1.96,68.63,4,0.0,0.0,589376
2023-01-03 07:00:00,00000000270,20230103070000,0.137,0.001,0.032,0.0,0.0,0.0,1.0,0.73,23.36,4,0.0,0.0,589376
2023-01-03 08:00:00,00000000270,20230103080000,0.042,0.001,0.033,0.0,0.0,0.0,1.0,2.38,78.57,4,0.0,0.0,589376
2023-01-03 09:00:00,00000000270,20230103090000,0.035,0.0,0.036,0.0,0.0,0.0,1.0,0.0,102.86,4,0.0,0.0,589376
2023-01-03 10:00:00,00000000270,20230103100000,0.043,0.001,0.035,0.0,0.0,0.0,1.0,2.33,81.4,4,0.0,0.0,589376
2023-01-03 11:00:00,00000000270,20230103110000,0.044,0.001,0.033,0.0,0.0,0.0,1.0,2.27,75.0,4,0.0,0.0,589376
2023-01-03 12:00:00,00000000270,20230103120000,0.046,0.001,0.035,0.0,0.0,0.0,1.0,2.17,76.09,4,0.0,0.0,589376
2023-01-03 13:00:00,00000000270,20230103130000,0.044,0.0,0.034,0.0,0.0,0.0,1.0,0.0,77.27,4,0.0,0.0,589376
2023-01-03 14:00:00,00000000270,20230103140000,0.03,0.001,0.036,0.0,0.0,0.0,1.0,3.33,120.0,4,0.0,0.0,589376
2023-01-03 15:00:00,00000000270,20230103150000,0.037,0.001,0.034,0.0,0.0,0.0,1.0,2.7,91.89,4,0.0,0.0,589376
2023-01-03 16:00:00,00000000270,20230103160000,0.045,0.001,0.034,0.0,0.0,0.0,1.0,2.22,75.56,4,0.0,0.0,589376
2023-01-03 17:00:00,00000000270,20230103170000,0.046,0.0,0.034,0.0,0.0,0.0,1.0,0.0,73.91,4,0.0,0.0,589376
2023-01-03 18:00:00,00000000270,20230103180000,0.043,0.001,0.033,0.0,0.0,0.0,1.0,2.33,76.74,4,0.0,0.0,589376
2023-01-03 19:00:00,00000000270,20230103190000,0.037,0.0,0.033,0.0,0.0,0.0,1.0,0.0,89.19,4,0.0,0.0,589376
2023-01-03 20:00:00,00000000270,20230103200000,0.028,0.001,0.035,0.0,0.0,0.0,1.0,3.57,125.0,4,0.0,0.0,589376
2023-01-03 21:00:00,00000000270,20230103210000,0.045,0.0,0.033,0.0,0.0,0.0,1.0,0.0,73.33,4,0.0,0.0,589376
2023-01-03 22:00:00,00000000270,20230103220000,0.044,0.001,0.034,0.0,0.0,0.0,1.0,2.27,77.27,4,0.0,0.0,589376
2023-01-03 23:00:00,00000000270,20230103230000,0.044,0.0,0.034,0.0,0.0,0.0,1.0,0.0,77.27,4,0.0,0.0,589376
2023-01-04 00:00:00,00000000270,20230104000000,0.044,0.001,0.035,0.0,0.0,0.0,1.0,2.27,79.55,4,0.0,0.0,589376
2023-01-04 01:00:00,00000000270,20230104010000,0.027,0.001,0.037,0.0,0.0,0.0,1.0,3.7,137.04,4,0.0,0.0,589376
2023-01-04 02:00:00,00000000270,20230104020000,0.042,0.0,0.036,0.0,0.0,0.0,1.0,0.0,85.71,4,0.0,0.0,589376
2023-01-04 03:00:00,00000000270,20230104030000,0.045,0.001,0.036,0.0,0.0,0.0,1.0,2.22,80.0,4,0.0,0.0,589376
2023-01-04 04:00:00,00000000270,20230104040000,0.044,0.001,0.035,0.0,0.0,0.0,1.0,2.27,79.55,4,0.0,0.0,589376
2023-01-04 05:00:00,00000000270,20230104050000,0.045,0.001,0.035,0.0,0.0,0.0,1.0,2.22,77.78,4,0.0,0.0,589376
2023-01-04 06:00:00,00000000270,20230104060000,0.028,0.001,0.037,0.0,0.0,0.0,1.0,3.57,132.14,4,0.0,0.0,589376
2023-01-04 07:00:00,00000000270,20230104070000,0.039,0.0,0.035,0.0,0.0,0.0,1.0,0.0,89.74,4,0.0,0.0,589376
2023-01-04 08:00:00,00000000270,20230104080000,0.121,0.001,0.034,0.0,0.0,0.0,1.0,0.83,28.1,4,0.0,0.0,589376
2023-01-04 09:00:00,00000000270,20230104090000,0.072,0.001,0.032,0.0,0.0,0.0,1.0,1.39,44.44,4,0.0,0.0,589376
2023-01-04 10:00:00,00000000270,20230104100000,0.048,0.001,0.034,0.0,0.0,0.0,1.0,2.08,70.83,4,0.0,0.0,589376
2023-01-04 11:00:00,00000000270,20230104110000,0.038,0.0,0.035,0.0,0.0,0.0,1.0,0.0,92.11,4,0.0,0.0,589376
2023-01-04 12:00:00,00000000270,20230104120000,0.031,0.001,0.036,0.0,0.0,0.0,1.0,3.23,116.13,4,0.0,0.0,589376
2023-01-04 13:00:00,00000000270,20230104130000,0.041,0.0,0.034,0.0,0.0,0.0,1.0,0.0,82.93,4,0.0,0.0,589376
2023-01-04 14:00:00,00000000270,20230104140000,0.044,0.001,0.034,0.0,0.0,0.0,1.0,2.27,77.27,4,0.0,0.0,589376
2023-01-04 15:00:00,00000000270,20230104150000,0.047,0.0,0.035,0.0,0.0,0.0,1.0,0.0,74.47,4,0.0,0.0,589376
2023-01-04 16:00:00,00000000270,20230104160000,0.046,0.001,0.035,0.0,0.0,0.0,1.0,2.17,76.09,4,0.0,0.0,589376
2023-01-04 17:00:00,00000000270,20230104170000,0.032,0.001,0.036,0.0,0.0,0.0,1.0,3.12,112.5,4,0.0,0.0,589376
2023-01-04 18:00:00,00000000270,20230104180000,0.033,0.0,0.033,0.0,0.0,0.0,1.0,0.0,100.0,4,0.0,0.0,589376
2023-01-04 19:00:00,00000000270,20230104190000,0.045,0.001,0.033,0.0,0.0,0.0,1.0,2.22,73.33,4,0.0,0.0,589376
2023-01-04 20:00:00,00000000270,20230104200000,0.045,0.0,0.033,0.0,0.0,0.0,1.0,0.0,73.33,4,0.0,0.0,589376
2023-01-04 21:00:00,00000000270,20230104210000,0.044,0.001,0.033,0.0,0.0,0.0,1.0,2.27,75.0,4,0.0,0.0,589376
2023-01-04 22:00:00,00000000270,20230104220000,0.034,0.0,0.035,0.0,0.0,0.0,1.0,0.0,102.94,4,0.0,0.0,589376
2023-01-04 23:00:00,00000000270,20230104230000,0.03,0.0,0.035,0.0,0.0,0.0,1.0,0.0,116.67,4,0.0,0.0,589376
2023-01-05 00:00:00,00000000270,20230105000000,0.046,0.001,0.035,0.0,0.0,0.0,1.0,2.17,76.09,4,0.0,0.0,589376
2023-01-05 01:00:00,00000000270,20230105010000,0.045,0.001,0.036,0.0,0.0,0.0,1.0,2.22,80.0,4,0.0,0.0,589376
2023-01-05 02:00:00,00000000270,20230105020000,0.046,0.001,0.035,0.0,0.0,0.0,1.0,2.17,76.09,4,0.0,0.0,589376
2023-01-05 03:00:00,00000000270,20230105030000,0.04,0.001,0.037,0.0,0.0,0.0,1.0,2.5,92.5,4,0.0,0.0,589376
2023-01-05 04:00:00,00000000270,20230105040000,0.027,0.0,0.036,0.0,0.0,0.0,1.0,0.0,133.33,4,0.0,0.0,589376
2023-01-05 05:00:00,00000000270,20230105050000,0.047,0.001,0.037,0.0,0.0,0.0,1.0,2.13,78.72,4,0.0,0.0,589376
2023-01-05 06:00:00,00000000270,20230105060000,0.044,0.001,0.035,0.0,0.0,0.0,1.0,2.27,79.55,4,0.0,0.0,589376
2023-01-05 07:00:00,00000000270,20230105070000,0.045,0.001,0.034,0.0,0.0,0.0,1.0,2.22,75.56,4,0.0,0.0,589376
2023-01-05 08:00:00,00000000270,20230105080000,0.04,0.0,0.035,0.0,0.0,0.0,1.0,0.0,87.5,4,0.0,0.0,589376
2023-01-05 09:00:00,00000000270,20230105090000,0.029,0.001,0.036,0.0,0.0,0.0,1.0,3.45,124.14,4,0.0,0.0,589376
2023-01-05 10:00:00,00000000270,20230105100000,0.122,0.001,0.034,0.0,0.0,0.0,1.0,0.82,27.87,4,0.0,0.0,589376
2023-01-05 11:00:00,00000000270,20230105110000,0.064,0.0,0.028,0.0,0.0,0.0,1.0,0.0,43.75,4,0.0,0.0,589376
2023-01-05 12:00:00,00000000270,20230105120000,0.049,0.001,0.034,0.0,0.0,0.0,1.0,2.04,69.39,4,0.0,0.0,589376
2023-01-05 13:00:00,00000000270,20230105130000,0.046,0.001,0.035,0.0,0.0,0.0,1.0,2.17,76.09,4,0.0,0.0,589376
2023-01-05 14:00:00,00000000270,20230105140000,0.043,0.0,0.034,0.0,0.0,0.0,1.0,0.0,79.07,4,0.0,0.0,589376
2023-01-05 15:00:00,00000000270,20230105150000,0.038,0.001,0.036,0.0,0.0,0.0,1.0,2.63,94.74,4,0.0,0.0,589376
2023-01-05 16:00:00,00000000270,20230105160000,0.035,0.001,0.036,0.0,0.0,0.0,1.0,2.86,102.86,4,0.0,0.0,589376
2023-01-05 17:00:00,00000000270,20230105170000,0.04,0.001,0.035,0.0,0.0,0.0,1.0,2.5,87.5,4,0.0,0.0,589376
2023-01-05 18:00:00,00000000270,20230105180000,0.045,0.0,0.034,0.0,0.0,0.0,1.0,0.0,75.56,4,0.0,0.0,589376
2023-01-05 19:00:00,00000000270,20230105190000,0.045,0.001,0.033,0.0,0.0,0.0,1.0,2.22,73.33,4,0.0,0.0,589376
2023-01-05 20:00:00,00000000270,20230105200000,0.043,0.0,0.033,0.0,0.0,0.0,1.0,0.0,76.74,4,0.0,0.0,589376
2023-01-05 21:00:00,00000000270,20230105210000,0.043,0.001,0.034,0.0,0.0,0.0,1.0,2.33,79.07,4,0.0,0.0,589376
2023-01-05 22:00:00,00000000270,20230105220000,0.031,0.0,0.035,0.0,0.0,0.0,1.0,0.0,112.9,4,0.0,0.0,589376
2023-01-05 23:00:00,00000000270,20230105230000,0.037,0.001,0.036,0.0,0.0,0.0,1.0,2.7,97.3,4,0.0,0.0,589376
2023-01-06 00:00:00,00000000270,20230106000000,0.044,0.001,0.035,0.0,0.0,0.0,1.0,2.27,79.55,4,0.0,0.0,589376
2023-01-06 01:00:00,00000000270,20230106010000,0.045,0.0,0.036,0.0,0.0,0.0,1.0,0.0,80.0,4,0.0,0.0,589376
2023-01-06 02:00:00,00000000270,20230106020000,0.046,0.001,0.036,0.0,0.0,0.0,1.0,2.17,78.26,4,0.0,0.0,589376
2023-01-06 03:00:00,00000000270,20230106030000,0.044,0.001,0.036,0.0,0.0,0.0,1.0,2.27,81.82,4,0.0,0.0,589376
2023-01-06 04:00:00,00000000270,20230106040000,0.031,0.001,0.038,0.0,0.0,0.0,1.0,3.23,122.58,4,0.0,0.0,589376
2023-01-06 05:00:00,00000000270,20230106050000,0.038,0.0,0.037,0.0,0.0,0.0,1.0,0.0,97.37,4,0.0,0.0,589376
2023-01-06 06:00:00,00000000270,20230106060000,0.046,0.001,0.036,0.0,0.0,0.0,1.0,2.17,78.26,4,0.0,0.0,589376
2023-01-06 07:00:00,00000000270,20230106070000,0.045,0.001,0.035,0.0,0.0,0.0,1.0,2.22,77.78,4,0.0,0.0,589376
2023-01-06 08:00:00,00000000270,20230106080000,0.044,0.001,0.034,0.0,0.0,0.0,1.0,2.27,77.27,4,0.0,0.0,589376
2023-01-06 09:00:00,00000000270,20230106090000,0.039,0.0,0.035,0.0,0.0,0.0,1.0,0.0,89.74,4,0.0,0.0,589376
2023-01-06 10:00:00,00000000270,20230106100000,0.029,0.001,0.036,0.0,0.0,0.0,1.0,3.45,124.14,4,0.0,0.0,589376
2023-01-06 11:00:00,00000000270,20230106110000,0.045,0.001,0.034,0.0,0.0,0.0,1.0,2.22,75.56,4,0.0,0.0,589376
2023-01-06 12:00:00,00000000270,20230106120000,0.119,0.001,0.034,0.0,0.0,0.0,1.0,0.84,28.57,4,0.0,0.0,589376
2023-01-06 13:00:00,00000000270,20230106130000,0.072,0.0,0.032,0.0,0.0,0.0,1.0,0.0,44.44,4,0.0,0.0,589376
2023-01-06 14:00:00,00000000270,20230106140000,0.047,0.001,0.034,0.0,0.0,0.0,1.0,2.13,72.34,4,0.0,0.0,589376
2023-01-06 15:00:00,00000000270,20230106150000,0.044,0.001,0.035,0.0,0.0,0.0,1.0,2.27,79.55,4,0.0,0.0,589376
2023-01-06 16:00:00,00000000270,20230106160000,0.047,0.001,0.035,0.0,0.0,0.0,1.0,2.13,74.47,4,0.0,0.0,589376
2023-01-06 17:00:00,00000000270,20230106170000,0.042,0.001,0.035,0.0,0.0,0.0,1.0,2.38,83.33,4,0.0,0.0,589376
2023-01-06 18:00:00,00000000270,20230106180000,0.032,0.0,0.035,0.0,0.0,0.0,1.0,0.0,109.38,4,0.0,0.0,589376
2023-01-06 19:00:00,00000000270,20230106190000,0.038,0.001,0.034,0.0,0.0,0.0,1.0,2.63,89.47,4,0.0,0.0,589376
2023-01-06 20:00:00,00000000270,20230106200000,0.046,0.001,0.034,0.0,0.0,0.0,1.0,2.17,73.91,4,0.0,0.0,589376
2023-01-06 21:00:00,00000000270,20230106210000,0.044,0.001,0.033,0.0,0.0,0.0,1.0,2.27,75.0,4,0.0,0.0,589376
2023-01-06 22:00:00,00000000270,20230106220000,0.043,0.0,0.034,0.0,0.0,0.0,1.0,0.0,79.07,4,0.0,0.0,589376
2023-01-06 23:00:00,00000000270,20230106230000,0.045,0.001,0.034,0.0,0.0,0.0,1.0,2.22,75.56,4,0.0,0.0,589376
2023-01-07 00:00:00,00000000270,20230107000000,0.04,0.001,0.036,0.0,0.0,0.0,1.0,2.5,90.0,4,0.0,0.0,589376
2023-01-07 01:00:00,00000000270,20230107010000,0.029,0.001,0.036,0.0,0.0,0.0,1.0,3.45,124.14,4,0.0,0.0,589376
2023-01-07 02:00:00,00000000270,20230107020000,0.044,0.0,0.036,0.0,0.0,0.0,1.0,0.0,81.82,4,0.0,0.0,589376
2023-01-07 03:00:00,00000000270,20230107030000,0.045,0.001,0.035,0.0,0.0,0.0,1.0,2.22,77.78,4,0.0,0.0,589376
2023-01-07 04:00:00,00000000270,20230107040000,0.047,0.001,0.037,0.0,0.0,0.0,1.0,2.13,78.72,4,0.0,0.0,589376
2023-01-07 05:00:00,00000000270,20230107050000,0.045,0.001,0.036,0.0,0.0,0.0,1.0,2.22,80.0,4,0.0,0.0,589376
2023-01-07 06:00:00,00000000270,20230107060000,0.038,0.0,0.036,0.0,0.0,0.0,1.0,0.0,94.74,4,0.0,0.0,589376
2023-01-07 07:00:00,00000000270,20230107070000,0.032,0.001,0.037,0.0,0.0,0.0,1.0,3.12,115.62,4,0.0,0.0,589376
2023-01-07 08:00:00,00000000270,20230107080000,0.043,0.001,0.035,0.0,0.0,0.0,1.0,2.33,81.4,4,0.0,0.0,589376
2023-01-07 09:00:00,00000000270,20230107090000,0.045,0.001,0.036,0.0,0.0,0.0,1.0,2.22,80.0,4,0.0,0.0,589376
2023-01-07 10:00:00,00000000270,20230107100000,0.044,0.001,0.034,0.0,0.0,0.0,1.0,2.27,77.27,4,0.0,0.0,589376
2023-01-07 11:00:00,00000000270,20230107110000,0.043,0.0,0.034,0.0,0.0,0.0,1.0,0.0,79.07,4,0.0,0.0,589376
2023-01-07 12:00:00,00000000270,20230107120000,0.035,0.001,0.035,0.0,0.0,0.0,1.0,2.86,100.0,4,0.0,0.0,589376
2023-01-07 13:00:00,00000000270,20230107130000,0.033,0.001,0.036,0.0,0.0,0.0,1.0,3.03,109.09,4,0.0,0.0,589376
2023-01-07 14:00:00,00000000270,20230107140000,0.126,0.0,0.033,0.0,0.0,0.0,1.0,0.0,26.19,4,0.0,0.0,589376
2023-01-07 15:00:00,00000000270,20230107150000,0.052,0.001,0.034,0.0,0.0,0.0,1.0,1.92,65.38,4,0.0,0.0,589376
2023-01-07 16:00:00,00000000270,20230107160000,0.046,0.001,0.035,0.0,0.0,0.0,1.0,2.17,76.09,4,0.0,0.0,589376
2023-01-07 17:00:00,00000000270,20230107170000,0.044,0.001,0.034,0.0,0.0,0.0,1.0,2.27,77.27,4,0.0,0.0,589376
2023-01-07 18:00:00,00000000270,20230107180000,0.045,0.0,0.033,0.0,0.0,0.0,1.0,0.0,73.33,4,0.0,0.0,589376
2023-01-07 19:00:00,00000000270,20230107190000,0.045,0.001,0.033,0.0,0.0,0.0,1.0,2.22,73.33,4,0.0,0.0,589376
2023-01-07 20:00:00,00000000270,20230107200000,0.042,0.0,0.033,0.0,0.0,0.0,1.0,0.0,78.57,4,0.0,0.0,589376
2023-01-07 21:00:00,00000000270,20230107210000,0.045,0.001,0.034,0.0,0.0,0.0,1.0,2.22,75.56,4,0.0,0.0,589376
2023-01-07 22:00:00,00000000270,20230107220000,0.038,0.0,0.034,0.0,0.0,0.0,1.0,0.0,89.47,4,0.0,0.0,589376
2023-01-07 23:00:00,00000000270,20230107230000,0.032,0.001,0.036,0.0,0.0,0.0,1.0,3.12,112.5,4,0.0,0.0,589376
2023-01-08 00:00:00,00000000270,20230108000000,0.041,0.0,0.036,0.0,0.0,0.0,1.0,0.0,87.8,4,0.0,0.0,589376
2023-01-08 01:00:00,00000000270,20230108010000,0.046,0.001,0.036,0.0,0.0,0.0,1.0,2.17,78.26,4,0.0,0.0,589376
2023-01-08 02:00:00,00000000270,20230108020000,0.042,0.001,0.035,0.0,0.0,0.0,1.0,2.38,83.33,4,0.0,0.0,589376
2023-01-08 03:00:00,00000000270,20230108030000,0.047,0.001,0.036,0.0,0.0,0.0,1.0,2.13,76.6,4,0.0,0.0,589376
2023-01-08 04:00:00,00000000270,20230108040000,0.045,0.001,0.036,0.0,0.0,0.0,1.0,2.22,80.0,4,0.0,0.0,589376
2023-01-08 05:00:00,00000000270,20230108050000,0.033,0.0,0.037,0.0,0.0,0.0,1.0,0.0,112.12,4,0.0,0.0,589376
2023-01-08 06:00:00,00000000270,20230108060000,0.033,0.001,0.035,0.0,0.0,0.0,1.0,3.03,106.06,4,0.0,0.0,589376
2023-01-08 07:00:00,00000000270,20230108070000,0.045,0.001,0.036,0.0,0.0,0.0,1.0,2.22,80.0,4,0.0,0.0,589376
2023-01-08 08:00:00,00000000270,20230108080000,0.046,0.001,0.035,0.0,0.0,0.0,1.0,2.17,76.09,4,0.0,0.0,589376
2023-01-08 09:00:00,00000000270,20230108090000,0.045,0.0,0.035,0.0,0.0,0.0,1.0,0.0,77.78,4,0.0,0.0,589376
2023-01-08 10:00:00,00000000270,20230108100000,0.044,0.001,0.035,0.0,0.0,0.0,1.0,2.27,79.55,4,0.0,0.0,589376
2023-01-08 11:00:00,00000000270,20230108110000,0.026,0.001,0.035,0.0,0.0,0.0,1.0,3.85,134.62,4,0.0,0.0,589376
2023-01-08 12:00:00,00000000270,20230108120000,0.04,0.001,0.035,0.0,0.0,0.0,1.0,2.5,87.5,4,0.0,0.0,589376
2023-01-08 13:00:00,00000000270,20230108130000,0.046,0.0,0.035,0.0,0.0,0.0,1.0,0.0,76.09,4,0.0,0.0,589376
2023-01-08 14:00:00,00000000270,20230108140000,0.045,0.001,0.035,0.0,0.0,0.0,1.0,2.22,77.78,4,0.0,0.0,589376
2023-01-08 15:00:00,00000000270,20230108150000,0.052,0.001,0.035,0.0,0.0,0.0,1.0,1.92,67.31,4,0.0,0.0,589376
2023-01-08 16:00:00,00000000270,20230108160000,0.136,0.001,0.033,0.0,0.0,0.0,1.0,0.74,24.26,4,0.0,0.0,589376
2023-01-08 17:00:00,00000000270,20230108170000,0.045,0.001,0.034,0.0,0.0,0.0,1.0,2.22,75.56,4,0.0,0.0,589376
2023-01-08 18:00:00,00000000270,20230108180000,0.037,0.0,0.033,0.0,0.0,0.0,1.0,0.0,89.19,4,0.0,0.0,589376
2023-01-08 19:00:00,00000000270,20230108190000,0.038,0.0,0.032,0.0,0.0,0.0,1.0,0.0,84.21,4,0.0,0.0,589376
2023-01-08 20:00:00,00000000270,20230108200000,0.042,0.001,0.033,0.0,0.0,0.0,1.0,2.38,78.57,4,0.0,0.0,589376
2023-01-08 21:00:00,00000000270,20230108210000,0.045,0.0,0.033,0.0,0.0,0.0,1.0,0.0,73.33,4,0.0,0.0,589376
2023-01-08 22:00:00,00000000270,20230108220000,0.044,0.001,0.035,0.0,0.0,0.0,1.0,2.27,79.55,4,0.0,0.0,589376
2023-01-08 23:00:00,00000000270,20230108230000,0.045,0.0,0.034,0.0,0.0,0.0,1.0,0.0,75.56,4,0.0,0.0,589376
2023-01-09 00:00:00,00000000270,20230109000000,0.035,0.001,0.036,0.0,0.0,0.0,1.0,2.86,102.86,4,0.0,0.0,589376
2023-01-09 01:00:00,00000000270,20230109010000,0.031,0.0,0.037,0.0,0.0,0.0,1.0,0.0,119.35,4,0.0,0.0,589376
2023-01-09 02:00:00,00000000270,20230109020000,0.046,0.001,0.036,0.0,0.0,0.0,1.0,2.17,78.26,4,0.0,0.0,589376
2023-01-09 03:00:00,00000000270,20230109030000,0.046,0.001,0.036,0.0,0.0,0.0,1.0,2.17,78.26,4,0.0,0.0,589376
2023-01-09 04:00:00,00000000270,20230109040000,0.045,0.001,0.037,0.0,0.0,0.0,1.0,2.22,82.22,4,0.0,0.0,589376
2023-01-09 05:00:00,00000000270,20230109050000,0.043,0.001,0.035,0.0,0.0,0.0,1.0,2.33,81.4,4,0.0,0.0,589376
2023-01-09 06:00:00,00000000270,20230109060000,0.03,0.0,0.037,0.0,0.0,0.0,1.0,0.0,123.33,4,0.0,0.0,589376
2023-01-09 07:00:00,00000000270,20230109070000,0.041,0.001,0.036,0.0,0.0,0.0,1.0,2.44,87.8,4,0.0,0.0,589376
2023-01-09 08:00:00,00000000270,20230109080000,0.042,0.001,0.033,0.0,0.0,0.0,1.0,2.38,78.57,4,0.0,0.0,589376
2023-01-09 09:00:00,00000000270,20230109090000,0.044,0.001,0.035,0.0,0.0,0.0,1.0,2.27,79.55,4,0.0,0.0,589376
2023-01-09 10:00:00,00000000270,20230109100000,0.045,0.0,0.034,0.0,0.0,0.0,1.0,0.0,75.56,4,0.0,0.0,589376
2023-01-09 11:00:00,00000000270,20230109110000,0.034,0.001,0.034,0.0,0.0,0.0,1.0,2.94,100.0,4,0.0,0.0,589376
2023-01-09 12:00:00,00000000270,20230109120000,0.033,0.001,0.036,0.0,0.0,0.0,1.0,3.03,109.09,4,0.0,0.0,589376
2023-01-09 13:00:00,00000000270,20230109130000,0.044,0.001,0.034,0.0,0.0,0.0,1.0,2.27,77.27,4,0.0,0.0,589376
2023-01-09 14:00:00,00000000270,20230109140000,0.045,0.001,0.034,0.0,0.0,0.0,1.0,2.22,75.56,4,0.0,0.0,589376
2023-01-09 15:00:00,00000000270,20230109150000,0.046,0.0,0.034,0.0,0.0,0.0,1.0,0.0,73.91,4,0.0,0.0,589376
2023-01-09 16:00:00,00000000270,20230109160000,0.038,0.001,0.035,0.0,0.0,0.0,1.0,2.63,92.11,4,0.0,0.0,589376
2023-01-09 17:00:00,00000000270,20230109170000,0.108,0.001,0.036,0.0,0.0,0.0,1.0,0.93,33.33,4,0.0,0.0,589376
2023-01-09 18:00:00,00000000270,20230109180000,0.07,0.001,0.031,0.0,0.0,0.0,1.0,1.43,44.29,4,0.0,0.0,589376
2023-01-09 19:00:00,00000000270,20230109190000,0.046,0.0,0.032,0.0,0.0,0.0,1.0,0.0,69.57,4,0.0,0.0,589376
2023-01-09 20:00:00,00000000270,20230109200000,0.041,0.0,0.032,0.0,0.0,0.0,1.0,0.0,78.05,4,0.0,0.0,589376
2023-01-09 21:00:00,00000000270,20230109210000,0.044,0.001,0.033,0.0,0.0,0.0,1.0,2.27,75.0,4,0.0,0.0,589376
2023-01-09 22:00:00,00000000270,20230109220000,0.034,0.0,0.035,0.0,0.0,0.0,1.0,0.0,102.94,4,0.0,0.0,589376
2023-01-09 23:00:00,00000000270,20230109230000,0.034,0.001,0.036,0.0,0.0,0.0,1.0,2.94,105.88,4,0.0,0.0,589376
2023-01-10 00:00:00,00000000270,20230110000000,0.044,0.0,0.035,0.0,0.0,0.0,1.0,0.0,79.55,4,0.0,0.0,589376
2023-01-10 01:00:00,00000000270,20230110010000,0.047,0.001,0.035,0.0,0.0,0.0,1.0,2.13,74.47,4,0.0,0.0,589376
2023-01-10 02:00:00,00000000270,20230110020000,0.044,0.001,0.036,0.0,0.0,0.0,1.0,2.27,81.82,4,0.0,0.0,589376
2023-01-10 03:00:00,00000000270,20230110030000,0.041,0.001,0.036,0.0,0.0,0.0,1.0,2.44,87.8,4,0.0,0.0,589376
2023-01-10 04:00:00,00000000270,20230110040000,0.027,0.0,0.037,0.0,0.0,0.0,1.0,0.0,137.04,4,0.0,0.0,589376
2023-01-10 05:00:00,00000000270,20230110050000,0.047,0.001,0.036,0.0,0.0,0.0,1.0,2.13,76.6,4,0.0,0.0,589376
2023-01-10 06:00:00,00000000270,20230110060000,0.046,0.001,0.035,0.0,0.0,0.0,1.0,2.17,76.09,4,0.0,0.0,589376
2023-01-10 07:00:00,00000000270,20230110070000,0.043,0.001,0.033,0.0,0.0,0.0,1.0,2.33,76.74,4,0.0,0.0,589376
2023-01-10 08:00:00,00000000270,20230110080000,0.042,0.0,0.035,0.0,0.0,0.0,1.0,0.0,83.33,4,0.0,0.0,589376
2023-01-10 09:00:00,00000000270,20230110090000,0.03,0.001,0.037,0.0,0.0,0.0,1.0,3.33,123.33,4,0.0,0.0,589376
2023-01-10 10:00:00,00000000270,20230110100000,0.041,0.001,0.034,0.0,0.0,0.0,1.0,2.44,82.93,4,0.0,0.0,589376
2023-01-10 11:00:00,00000000270,20230110110000,0.044,0.001,0.034,0.0,0.0,0.0,1.0,2.27,77.27,4,0.0,0.0,589376
2023-01-10 12:00:00,00000000270,20230110120000,0.047,0.0,0.035,0.0,0.0,0.0,1.0,0.0,74.47,4,0.0,0.0,589376
2023-01-10 13:00:00,00000000270,20230110130000,0.044,0.001,0.034,0.0,0.0,0.0,1.0,2.27,77.27,4,0.0,0.0,589376
2023-01-10 14:00:00,00000000270,20230110140000,0.034,0.001,0.036,0.0,0.0,0.0,1.0,2.94,105.88,4,0.0,0.0,589376
2023-01-10 15:00:00,00000000270,20230110150000,0.034,0.0,0.035,0.0,0.0,0.0,1.0,0.0,102.94,4,0.0,0.0,589376
2023-01-10 16:00:00,00000000270,20230110160000,0.045,0.001,0.034,0.0,0.0,0.0,1.0,2.22,75.56,4,0.0,0.0,589376
2023-01-10 17:00:00,00000000270,20230110170000,0.043,0.001,0.033,0.0,0.0,0.0,1.0,2.33,76.74,4,0.0,0.0,589376
2023-01-10 18:00:00,00000000270,20230110180000,0.06,0.001,0.034,0.0,0.0,0.0,1.0,1.67,56.67,4,0.0,0.0,589376
2023-01-10 19:00:00,00000000270,20230110190000,0.127,0.0,0.031,0.0,0.0,0.0,1.0,0.0,24.41,4,0.0,0.0,589376
2023-01-10 20:00:00,00000000270,20230110200000,0.043,0.001,0.033,0.0,0.0,0.0,1.0,2.33,76.74,4,0.0,0.0,589376
2023-01-10 21:00:00,00000000270,20230110210000,0.031,0.0,0.036,0.0,0.0,0.0,1.0,0.0,116.13,4,0.0,0.0,589376
2023-01-10 22:00:00,00000000270,20230110220000,0.043,0.001,0.033,0.0,0.0,0.0,1.0,2.33,76.74,4,0.0,0.0,589376
2023-01-10 23:00:00,00000000270,20230110230000,0.046,0.0,0.035,0.0,0.0,0.0,1.0,0.0,76.09,4,0.0,0.0,589376
2023-01-11 00:00:00,00000000270,20230111000000,0.046,0.001,0.035,0.0,0.0,0.0,1.0,2.17,76.09,4,0.0,0.0,589376
2023-01-11 01:00:00,00000000270,20230111010000,0.045,0.001,0.035,0.0,0.0,0.0,1.0,2.22,77.78,4,0.0,0.0,589376
2023-01-11 02:00:00,00000000270,20230111020000,0.039,0.001,0.036,0.0,0.0,0.0,1.0,2.56,92.31,4,0.0,0.0,589376
2023-01-11 03:00:00,00000000270,20230111030000,0.033,0.001,0.038,0.0,0.0,0.0,1.0,3.03,115.15,4,0.0,0.0,589376
2023-01-11 04:00:00,00000000270,20230111040000,0.042,0.0,0.037,0.0,0.0,0.0,1.0,0.0,88.1,4,0.0,0.0,589376
2023-01-11 05:00:00,00000000270,20230111050000,0.044,0.001,0.035,0.0,0.0,0.0,1.0,2.27,79.55,4,0.0,0.0,589376
2023-01-11 06:00:00,00000000270,20230111060000,0.044,0.001,0.035,0.0,0.0,0.0,1.0,2.27,79.55,4,0.0,0.0,589376
2023-01-11 07:00:00,00000000270,20230111070000,0.045,0.001,0.035,0.0,0.0,0.0,1.0,2.22,77.78,4,0.0,0.0,589376
2023-01-11 08:00:00,00000000270,20230111080000,0.046,0.0,0.034,0.0,0.0,0.0,1.0,0.0,73.91,4,0.0,0.0,589376
2023-01-11 09:00:00,00000000270,20230111090000,0.028,0.001,0.035,0.0,0.0,0.0,1.0,3.57,125.0,4,0.0,0.0,589376
2023-01-11 10:00:00,00000000270,20230111100000,0.036,0.001,0.035,0.0,0.0,0.0,1.0,2.78,97.22,4,0.0,0.0,589376
2023-01-11 11:00:00,00000000270,20230111110000,0.046,0.001,0.034,0.0,0.0,0.0,1.0,2.17,73.91,4,0.0,0.0,589376
2023-01-11 12:00:00,00000000270,20230111120000,0.044,0.001,0.034,0.0,0.0,0.0,1.0,2.27,77.27,4,0.0,0.0,589376
2023-01-11 13:00:00,00000000270,20230111130000,0.045,0.0,0.034,0.0,0.0,0.0,1.0,0.0,75.56,4,0.0,0.0,589376
2023-01-11 14:00:00,00000000270,20230111140000,0.037,0.001,0.035,0.0,0.0,0.0,1.0,2.7,94.59,4,0.0,0.0,589376
2023-01-11 15:00:00,00000000270,20230111150000,0.031,0.001,0.036,0.0,0.0,0.0,1.0,3.23,116.13,4,0.0,0.0,589376
2023-01-11 16:00:00,00000000270,20230111160000,0.044,0.001,0.034,0.0,0.0,0.0,1.0,2.27,77.27,4,0.0,0.0,589376
2023-01-11 17:00:00,00000000270,20230111170000,0.043,0.0,0.034,0.0,0.0,0.0,1.0,0.0,79.07,4,0.0,0.0,589376
2023-01-11 18:00:00,00000000270,20230111180000,0.045,0.001,0.033,0.0,0.0,0.0,1.0,2.22,73.33,4,0.0,0.0,589376
2023-01-11 19:00:00,00000000270,20230111190000,0.044,0.001,0.033,0.0,0.0,0.0,1.0,2.27,75.0,4,0.0,0.0,589376
2023-01-11 20:00:00,00000000270,20230111200000,0.101,0.001,0.034,0.0,0.0,0.0,1.0,0.99,33.66,4,0.0,0.0,589376
2023-01-11 21:00:00,00000000270,20230111210000,0.069,0.0,0.032,0.0,0.0,0.0,1.0,0.0,46.38,4,0.0,0.0,589376
2023-01-11 22:00:00,00000000270,20230111220000,0.048,0.001,0.034,0.0,0.0,0.0,1.0,2.08,70.83,4,0.0,0.0,589376
2023-01-11 23:00:00,00000000270,20230111230000,0.044,0.001,0.035,0.0,0.0,0.0,1.0,2.27,79.55,4,0.0,0.0,589376
2023-01-12 00:00:00,00000000270,20230112000000,0.043,0.001,0.035,0.0,0.0,0.0,1.0,2.33,81.4,4,0.0,0.0,589376
2023-01-12 01:00:00,00000000270,20230112010000,0.04,0.0,0.036,0.0,0.0,0.0,1.0,0.0,90.0,4,0.0,0.0,589376
2023-01-12 02:00:00,00000000270,20230112020000,0.029,0.001,0.038,0.0,0.0,0.0,1.0,3.45,131.03,4,0.0,0.0,589376
2023-01-12 03:00:00,00000000270,20230112030000,0.044,0.001,0.035,0.0,0.0,0.0,1.0,2.27,79.55,4,0.0,0.0,589376
2023-01-12 04:00:00,00000000270,20230112040000,0.046,0.001,0.037,0.0,0.0,0.0,1.0,2.17,80.43,4,0.0,0.0,589376
2023-01-12 05:00:00,00000000270,20230112050000,0.045,0.0,0.036,0.0,0.0,0.0,1.0,0.0,80.0,4,0.0,0.0,589376
2023-01-12 06:00:00,00000000270,20230112060000,0.045,0.001,0.036,0.0,0.0,0.0,1.0,2.22,80.0,4,0.0,0.0,589376
2023-01-12 07:00:00,00000000270,20230112070000,0.035,0.001,0.036,0.0,0.0,0.0,1.0,2.86,102.86,4,0.0,0.0,589376
2023-01-12 08:00:00,00000000270,20230112080000,0.032,0.001,0.036,0.0,0.0,0.0,1.0,3.12,112.5,4,0.0,0.0,589376
2023-01-12 09:00:00,00000000270,20230112090000,0.046,0.0,0.035,0.0,0.0,0.0,1.0,0.0,76.09,4,0.0,0.0,589376
2023-01-12 10:00:00,00000000270,20230112100000,0.043,0.001,0.034,0.0,0.0,0.0,1.0,2.33,79.07,4,0.0,0.0,589376
2023-01-12 11:00:00,00000000270,20230112110000,0.043,0.001,0.033,0.0,0.0,0.0,1.0,2.33,76.74,4,0.0,0.0,589376
2023-01-12 12:00:00,00000000270,20230112120000,0.041,0.001,0.035,0.0,0.0,0.0,1.0,2.44,85.37,4,0.0,0.0,589376
2023-01-12 13:00:00,00000000270,20230112130000,0.028,0.0,0.036,0.0,0.0,0.0,1.0,0.0,128.57,4,0.0,0.0,589376
2023-01-12 14:00:00,00000000270,20230112140000,0.044,0.001,0.034,0.0,0.0,0.0,1.0,2.27,77.27,4,0.0,0.0,589376
2023-01-12 15:00:00,00000000270,20230112150000,0.043,0.001,0.035,0.0,0.0,0.0,1.0,2.33,81.4,4,0.0,0.0,589376
2023-01-12 16:00:00,00000000270,20230112160000,0.046,0.001,0.034,0.0,0.0,0.0,1.0,2.17,73.91,4,0.0,0.0,589376
2023-01-12 17:00:00,00000000270,20230112170000,0.044,0.001,0.035,0.0,0.0,0.0,1.0,2.27,79.55,4,0.0,0.0,589376
2023-01-12 18:00:00,00000000270,20230112180000,0.029,0.0,0.035,0.0,0.0,0.0,1.0,0.0,120.69,4,0.0,0.0,589376
2023-01-12 19:00:00,00000000270,20230112190000,0.036,0.001,0.034,0.0,0.0,0.0,1.0,2.78,94.44,4,0.0,0.0,589376
2023-01-12 20:00:00,00000000270,20230112200000,0.044,0.0,0.033,0.0,0.0,0.0,1.0,0.0,75.0,4,0.0,0.0,589376
2023-01-12 21:00:00,00000000270,20230112210000,0.044,0.0,0.034,0.0,0.0,0.0,1.0,0.0,77.27,4,0.0,0.0,589376
2023-01-12 22:00:00,00000000270,20230112220000,0.138,0.001,0.032,0.0,0.0,0.0,1.0,0.72,23.19,4,0.0,0.0,589376
2023-01-12 23:00:00,00000000270,20230112230000,0.042,0.0,0.034,0.0,0.0,0.0,1.0,0.0,80.95,4,0.0,0.0,589376
2023-01-13 00:00:00,00000000270,20230113000000,0.034,0.001,0.036,0.0,0.0,0.0,1.0,2.94,105.88,4,0.0,0.0,589376
2023-01-13 01:00:00,00000000270,20230113010000,0.043,0.0,0.036,0.0,0.0,0.0,1.0,0.0,83.72,4,0.0,0.0,589376
2023-01-13 02:00:00,00000000270,20230113020000,0.045,0.001,0.036,0.0,0.0,0.0,1.0,2.22,80.0,4,0.0,0.0,589376
2023-01-13 03:00:00,00000000270,20230113030000,0.045,0.001,0.037,0.0,0.0,0.0,1.0,2.22,82.22,4,0.0,0.0,589376
2023-01-13 04:00:00,00000000270,20230113040000,0.043,0.001,0.036,0.0,0.0,0.0,1.0,2.33,83.72,4,0.0,0.0,589376
2023-01-13 05:00:00,00000000270,20230113050000,0.034,0.0,0.038,0.0,0.0,0.0,1.0,0.0,111.76,4,0.0,0.0,589376
2023-01-13 06:00:00,00000000270,20230113060000,0.036,0.001,0.037,0.0,0.0,0.0,1.0,2.78,102.78,4,0.0,0.0,589376
2023-01-13 07:00:00,00000000270,20230113070000,0.043,0.001,0.034,0.0,0.0,0.0,1.0,2.33,79.07,4,0.0,0.0,589376
2023-01-13 08:00:00,00000000270,20230113080000,0.046,0.001,0.035,0.0,0.0,0.0,1.0,2.17,76.09,4,0.0,0.0,589376
2023-01-13 09:00:00,00000000270,20230113090000,0.042,0.0,0.035,0.0,0.0,0.0,1.0,0.0,83.33,4,0.0,0.0,589376
2023-01-13 10:00:00,00000000270,20230113100000,0.036,0.001,0.035,0.0,0.0,0.0,1.0,2.78,97.22,4,0.0,0.0,589376
2023-01-13 11:00:00,00000000270,20230113110000,0.031,0.0,0.035,0.0,0.0,0.0,1.0,0.0,112.9,4,0.0,0.0,589376
2023-01-13 12:00:00,00000000270,20230113120000,0.041,0.001,0.033,0.0,0.0,0.0,1.0,2.44,80.49,4,0.0,0.0,589376
2023-01-13 13:00:00,00000000270,20230113130000,0.044,0.0,0.035,0.0,0.0,0.0,1.0,0.0,79.55,4,0.0,0.0,589376
2023-01-13 14:00:00,00000000270,20230113140000,0.041,0.001,0.034,0.0,0.0,0.0,1.0,2.44,82.93,4,0.0,0.0,589376
2023-01-13 15:00:00,00000000270,20230113150000,0.039,0.0,0.035,0.0,0.0,0.0,1.0,0.0,89.74,4,0.0,0.0,589376
2023-01-13 16:00:00,00000000270,20230113160000,0.027,0.0,0.036,0.0,0.0,0.0,1.0,0.0,133.33,4,0.0,0.0,589376
2023-01-13 17:00:00,00000000270,20230113170000,0.045,0.001,0.035,0.0,0.0,0.0,1.0,2.22,77.78,4,0.0,0.0,589376
2023-01-13 18:00:00,00000000270,20230113180000,0.039,0.0,0.032,0.0,0.0,0.0,1.0,0.0,82.05,4,0.0,0.0,589376
2023-01-13 19:00:00,00000000270,20230113190000,0.043,0.0,0.034,0.0,0.0,0.0,1.0,0.0,79.07,4,0.0,0.0,589376
2023-01-13 20:00:00,00000000270,20230113200000,0.037,0.001,0.034,0.0,0.0,0.0,1.0,2.7,91.89,4,0.0,0.0,589376
2023-01-13 21:00:00,00000000270,20230113210000,0.026,0.0,0.035,0.0,0.0,0.0,1.0,0.0,134.62,4,0.0,0.0,589376
2023-01-13 22:00:00,00000000270,20230113220000,0.042,0.0,0.035,0.0,0.0,0.0,1.0,0.0,83.33,4,0.0,0.0,589376
2023-01-13 23:00:00,00000000270,20230113230000,0.118,0.001,0.035,0.0,0.0,0.0,1.0,0.85,29.66,4,0.0,0.0,589376
2023-01-14 00:00:00,00000000270,20230114000000,0.066,0.0,0.033,0.0,0.0,0.0,1.0,0.0,50.0,4,0.0,0.0,589376
2023-01-14 01:00:00,00000000270,20230114010000,0.045,0.0,0.034,0.0,0.0,0.0,1.0,0.0,75.56,4,0.0,0.0,589376
2023-01-14 02:00:00,00000000270,20230114020000,0.041,0.001,0.035,0.0,0.0,0.0,1.0,2.44,85.37,4,0.0,0.0,589376
2023-01-14 03:00:00,00000000270,20230114030000,0.031,0.0,0.038,0.0,0.0,0.0,1.0,0.0,122.58,4,0.0,0.0,589376
2023-01-14 04:00:00,00000000270,20230114040000,0.038,0.001,0.037,0.0,0.0,0.0,1.0,2.63,97.37,4,0.0,0.0,589376
2023-01-14 05:00:00,00000000270,20230114050000,0.042,0.001,0.036,0.0,0.0,0.0,1.0,2.38,85.71,4,0.0,0.0,589376
2023-01-14 06:00:00,00000000270,20230114060000,0.046,0.0,0.036,0.0,0.0,0.0,1.0,0.0,78.26,4,0.0,0.0,589376
2023-01-14 07:00:00,00000000270,20230114070000,0.045,0.001,0.036,0.0,0.0,0.0,1.0,2.22,80.0,4,0.0,0.0,589376
2023-01-14 08:00:00,00000000270,20230114080000,0.034,0.001,0.035,0.0,0.0,0.0,1.0,2.94,102.94,4,0.0,0.0,589376
2023-01-14 09:00:00,00000000270,20230114090000,0.033,0.001,0.037,0.0,0.0,0.0,1.0,3.03,112.12,4,0.0,0.0,589376
2023-01-14 10:00:00,00000000270,20230114100000,0.04,0.0,0.035,0.0,0.0,0.0,1.0,0.0,87.5,4,0.0,0.0,589376
2023-01-14 11:00:00,00000000270,20230114110000,0.05,0.001,0.034,0.0,0.0,0.0,1.0,2.0,68.0,4,0.0,0.0,589376
2023-01-14 12:00:00,00000000270,20230114120000,0.041,0.001,0.034,0.0,0.0,0.0,1.0,2.44,82.93,4,0.0,0.0,589376
2023-01-14 13:00:00,00000000270,20230114130000,0.039,0.0,0.034,0.0,0.0,0.0,1.0,0.0,87.18,4,0.0,0.0,589376
2023-01-14 14:00:00,00000000270,20230114140000,0.044,0.0,0.035,0.0,0.0,0.0,1.0,0.0,79.55,4,0.0,0.0,589376
2023-01-14 15:00:00,00000000270,20230114150000,0.042,0.001,0.034,0.0,0.0,0.0,1.0,2.38,80.95,4,0.0,0.0,589376
2023-01-14 16:00:00,00000000270,20230114160000,0.042,0.0,0.035,0.0,0.0,0.0,1.0,0.0,83.33,4,0.0,0.0,589376
2023-01-14 17:00:00,00000000270,20230114170000,0.038,0.0,0.035,0.0,0.0,0.0,1.0,0.0,92.11,4,0.0,0.0,589376
2023-01-14 18:00:00,00000000270,20230114180000,0.033,0.001,0.035,0.0,0.0,0.0,1.0,3.03,106.06,4,0.0,0.0,589376
2023-01-14 19:00:00,00000000270,20230114190000,0.034,0.0,0.033,0.0,0.0,0.0,1.0,0.0,97.06,4,0.0,0.0,589376
2023-01-14 20:00:00,00000000270,20230114200000,0.042,0.0,0.034,0.0,0.0,0.0,1.0,0.0,80.95,4,0.0,0.0,589376
2023-01-14 21:00:00,00000000270,20230114210000,0.041,0.0,0.034,0.0,0.0,0.0,1.0,0.0,82.93,4,0.0,0.0,589376
2023-01-14 22:00:00,00000000270,20230114220000,0.041,0.001,0.034,0.0,0.0,0.0,1.0,2.44,82.93,4,0.0,0.0,589376
2023-01-14 23:00:00,00000000270,20230114230000,0.041,0.0,0.034,0.0,0.0,0.0,1.0,0.0,82.93,4,0.0,0.0,589376
2023-01-15 00:00:00,00000000270,20230115000000,0.028,0.0,0.037,0.0,0.0,0.0,1.0,0.0,132.14,4,0.0,0.0,589376
2023-01-15 01:00:00,00000000270,20230115010000,0.128,0.001,0.034,0.0,0.0,0.0,1.0,0.78,26.56,4,0.0,0.0,589376
2023-01-15 02:00:00,00000000270,20230115020000,0.049,0.0,0.035,0.0,0.0,0.0,1.0,0.0,71.43,4,0.0,0.0,589376
2023-01-15 03:00:00,00000000270,20230115030000,0.043,0.001,0.037,0.0,0.0,0.0,1.0,2.33,86.05,4,0.0,0.0,589376
2023-01-15 04:00:00,00000000270,20230115040000,0.044,0.0,0.036,0.0,0.0,0.0,1.0,0.0,81.82,4,0.0,0.0,589376
2023-01-15 05:00:00,00000000270,20230115050000,0.039,0.001,0.035,0.0,0.0,0.0,1.0,2.56,89.74,4,0.0,0.0,589376
2023-01-15 06:00:00,00000000270,20230115060000,0.044,0.001,0.036,0.0,0.0,0.0,1.0,2.27,81.82,4,0.0,0.0,589376
2023-01-15 07:00:00,00000000270,20230115070000,0.032,0.0,0.037,0.0,0.0,0.0,1.0,0.0,115.62,4,0.0,0.0,589376
2023-01-15 08:00:00,00000000270,20230115080000,0.043,0.001,0.035,0.0,0.0,0.0,1.0,2.33,81.4,4,0.0,0.0,589376
2023-01-15 09:00:00,00000000270,20230115090000,0.041,0.0,0.036,0.0,0.0,0.0,1.0,0.0,87.8,4,0.0,0.0,589376
2023-01-15 10:00:00,00000000270,20230115100000,0.046,0.001,0.036,0.0,0.0,0.0,1.0,2.17,78.26,4,0.0,0.0,589376
2023-01-15 11:00:00,00000000270,20230115110000,0.043,0.0,0.035,0.0,0.0,0.0,1.0,0.0,81.4,4,0.0,0.0,589376
2023-01-15 12:00:00,00000000270,20230115120000,0.027,0.001,0.037,0.0,0.0,0.0,1.0,3.7,137.04,4,0.0,0.0,589376
2023-01-15 13:00:00,00000000270,20230115130000,0.034,0.0,0.035,0.0,0.0,0.0,1.0,0.0,102.94,4,0.0,0.0,589376
2023-01-15 14:00:00,00000000270,20230115140000,0.044,0.0,0.034,0.0,0.0,0.0,1.0,0.0,77.27,4,0.0,0.0,589376
2023-01-15 15:00:00,00000000270,20230115150000,0.042,0.001,0.035,0.0,0.0,0.0,1.0,2.38,83.33,4,0.0,0.0,589376
2023-01-15 16:00:00,00000000270,20230115160000,0.042,0.0,0.034,0.0,0.0,0.0,1.0,0.0,80.95,4,0.0,0.0,589376
2023-01-15 17:00:00,00000000270,20230115170000,0.029,0.0,0.035,0.0,0.0,0.0,1.0,0.0,120.69,4,0.0,0.0,589376
2023-01-15 18:00:00,00000000270,20230115180000,0.035,0.0,0.034,0.0,0.0,0.0,1.0,0.0,97.14,4,0.0,0.0,589376
2023-01-15 19:00:00,00000000270,20230115190000,0.042,0.0,0.033,0.0,0.0,0.0,1.0,0.0,78.57,4,0.0,0.0,589376
2023-01-15 20:00:00,00000000270,20230115200000,0.039,0.001,0.033,0.0,0.0,0.0,1.0,2.56,84.62,4,0.0,0.0,589376
2023-01-15 21:00:00,00000000270,20230115210000,0.042,0.0,0.034,0.0,0.0,0.0,1.0,0.0,80.95,4,0.0,0.0,589376
2023-01-15 22:00:00,00000000270,20230115220000,0.035,0.0,0.034,0.0,0.0,0.0,1.0,0.0,97.14,4,0.0,0.0,589376
2023-01-15 23:00:00,00000000270,20230115230000,0.026,0.0,0.036,0.0,0.0,0.0,1.0,0.0,138.46,4,0.0,0.0,589376
2023-01-16 00:00:00,00000000270,20230116000000,0.044,0.001,0.036,0.0,0.0,0.0,1.0,2.27,81.82,4,0.0,0.0,589376
2023-01-16 01:00:00,00000000270,20230116010000,0.042,0.0,0.035,0.0,0.0,0.0,1.0,0.0,83.33,4,0.0,0.0,589376
2023-01-16 02:00:00,00000000270,20230116020000,0.066,0.0,0.036,0.0,0.0,0.0,1.0,0.0,54.55,4,0.0,0.0,589376
2023-01-16 03:00:00,00000000270,20230116030000,0.112,0.001,0.034,0.0,0.0,0.0,1.0,0.89,30.36,4,0.0,0.0,589376
2023-01-16 04:00:00,00000000270,20230116040000,0.035,0.001,0.038,0.0,0.0,0.0,1.0,2.86,108.57,4,0.0,0.0,589376
2023-01-16 05:00:00,00000000270,20230116050000,0.033,0.0,0.037,0.0,0.0,0.0,1.0,0.0,112.12,4,0.0,0.0,589376
2023-01-16 06:00:00,00000000270,20230116060000,0.048,0.001,0.035,0.0,0.0,0.0,1.0,2.08,72.92,4,0.0,0.0,589376
2023-01-16 07:00:00,00000000270,20230116070000,0.039,0.0,0.035,0.0,0.0,0.0,1.0,0.0,89.74,4,0.0,0.0,589376
2023-01-16 08:00:00,00000000270,20230116080000,0.041,0.001,0.034,0.0,0.0,0.0,1.0,2.44,82.93,4,0.0,0.0,589376
2023-01-16 09:00:00,00000000270,20230116090000,0.043,0.0,0.035,0.0,0.0,0.0,1.0,0.0,81.4,4,0.0,0.0,589376
2023-01-16 10:00:00,00000000270,20230116100000,0.04,0.0,0.033,0.0,0.0,0.0,1.0,0.0,82.5,4,0.0,0.0,589376
2023-01-16 11:00:00,00000000270,20230116110000,0.031,0.001,0.036,0.0,0.0,0.0,1.0,3.23,116.13,4,0.0,0.0,589376
2023-01-16 12:00:00,00000000270,20230116120000,0.034,0.0,0.035,0.0,0.0,0.0,1.0,0.0,102.94,4,0.0,0.0,589376
2023-01-16 13:00:00,00000000270,20230116130000,0.043,0.0,0.034,0.0,0.0,0.0,1.0,0.0,79.07,4,0.0,0.0,589376
2023-01-16 14:00:00,00000000270,20230116140000,0.044,0.001,0.034,0.0,0.0,0.0,1.0,2.27,77.27,4,0.0,0.0,589376
2023-01-16 15:00:00,00000000270,20230116150000,0.045,0.0,0.035,0.0,0.0,0.0,1.0,0.0,77.78,4,0.0,0.0,589376
2023-01-16 16:00:00,00000000270,20230116160000,0.022,0.001,0.036,0.0,0.0,0.0,1.0,4.55,163.64,4,0.0,0.0,589376
2023-01-16 17:00:00,00000000270,20230116170000,0.043,0.0,0.036,0.0,0.0,0.0,1.0,0.0,83.72,4,0.0,0.0,589376
2023-01-16 18:00:00,00000000270,20230116180000,0.044,0.001,0.034,0.0,0.0,0.0,1.0,2.27,77.27,4,0.0,0.0,589376
2023-01-16 19:00:00,00000000270,20230116190000,0.026,0.001,0.036,0.0,0.0,0.0,1.0,3.85,138.46,4,0.0,0.0,589376
2023-01-16 20:00:00,00000000270,20230116200000,0.039,0.0,0.033,0.0,0.0,0.0,1.0,0.0,84.62,4,0.0,0.0,589376
2023-01-16 21:00:00,00000000270,20230116210000,0.042,0.0,0.034,0.0,0.0,0.0,1.0,0.0,80.95,4,0.0,0.0,589376
2023-01-16 22:00:00,00000000270,20230116220000,0.043,0.0,0.034,0.0,0.0,0.0,1.0,0.0,79.07,4,0.0,0.0,589376
2023-01-16 23:00:00,00000000270,20230116230000,0.022,0.001,0.037,0.0,0.0,0.0,1.0,4.55,168.18,4,0.0,0.0,589376
2023-01-17 00:00:00,00000000270,20230117000000,0.042,0.0,0.035,0.0,0.0,0.0,1.0,0.0,83.33,4,0.0,0.0,589376
2023-01-17 01:00:00,00000000270,20230117010000,0.045,0.001,0.037,0.0,0.0,0.0,1.0,2.22,82.22,4,0.0,0.0,589376
2023-01-17 02:00:00,00000000270,20230117020000,0.044,0.0,0.036,0.0,0.0,0.0,1.0,0.0,81.82,4,0.0,0.0,589376
2023-01-17 03:00:00,00000000270,20230117030000,0.035,0.001,0.037,0.0,0.0,0.0,1.0,2.86,105.71,4,0.0,0.0,589376
2023-01-17 04:00:00,00000000270,20230117040000,0.115,0.001,0.036,0.0,0.0,0.0,1.0,0.87,31.3,4,0.0,0.0,589376
2023-01-17 05:00:00,00000000270,20230117050000,0.062,0.001,0.034,0.0,0.0,0.0,1.0,1.61,54.84,4,0.0,0.0,589376
2023-01-17 06:00:00,00000000270,20230117060000,0.05,0.0,0.035,0.0,0.0,0.0,1.0,0.0,70.0,4,0.0,0.0,589376
2023-01-17 07:00:00,00000000270,20230117070000,0.044,0.001,0.036,0.0,0.0,0.0,1.0,2.27,81.82,4,0.0,0.0,589376
2023-01-17 08:00:00,00000000270,20230117080000,0.04,0.001,0.035,0.0,0.0,0.0,1.0,2.5,87.5,4,0.0,0.0,589376
2023-01-17 09:00:00,00000000270,20230117090000,0.029,0.001,0.037,0.0,0.0,0.0,1.0,3.45,127.59,4,0.0,0.0,589376
2023-01-17 10:00:00,00000000270,20230117100000,0.043,0.001,0.035,0.0,0.0,0.0,1.0,2.33,81.4,4,0.0,0.0,589376
2023-01-17 11:00:00,00000000270,20230117110000,0.045,0.0,0.035,0.0,0.0,0.0,1.0,0.0,77.78,4,0.0,0.0,589376
2023-01-17 12:00:00,00000000270,20230117120000,0.046,0.001,0.036,0.0,0.0,0.0,1.0,2.17,78.26,4,0.0,0.0,589376
2023-01-17 13:00:00,00000000270,20230117130000,0.041,0.001,0.036,0.0,0.0,0.0,1.0,2.44,87.8,4,0.0,0.0,589376
2023-01-17 14:00:00,00000000270,20230117140000,0.026,0.0,0.037,0.0,0.0,0.0,1.0,0.0,142.31,4,0.0,0.0,589376
2023-01-17 15:00:00,00000000270,20230117150000,0.047,0.001,0.036,0.0,0.0,0.0,1.0,2.13,76.6,4,0.0,0.0,589376
2023-01-17 16:00:00,00000000270,20230117160000,0.045,0.001,0.035,0.0,0.0,0.0,1.0,2.22,77.78,4,0.0,0.0,589376
2023-01-17 17:00:00,00000000270,20230117170000,0.044,0.001,0.034,0.0,0.0,0.0,1.0,2.27,77.27,4,0.0,0.0,589376
2023-01-17 18:00:00,00000000270,20230117180000,0.043,0.001,0.035,0.0,0.0,0.0,1.0,2.33,81.4,4,0.0,0.0,589376
2023-01-17 19:00:00,00000000270,20230117190000,0.03,0.0,0.036,0.0,0.0,0.0,1.0,0.0,120.0,4,0.0,0.0,589376
2023-01-17 20:00:00,00000000270,20230117200000,0.039,0.001,0.033,0.0,0.0,0.0,1.0,2.56,84.62,4,0.0,0.0,589376
2023-01-17 21:00:00,00000000270,20230117210000,0.045,0.001,0.034,0.0,0.0,0.0,1.0,2.22,75.56,4,0.0,0.0,589376
2023-01-17 22:00:00,00000000270,20230117220000,0.046,0.001,0.035,0.0,0.0,0.0,1.0,2.17,76.09,4,0.0,0.0,589376
2023-01-17 23:00:00,00000000270,20230117230000,0.043,0.0,0.035,0.0,0.0,0.0,1.0,0.0,81.4,4,0.0,0.0,589376
2023-01-18 00:00:00,00000000270,20230118000000,0.028,0.001,0.037,0.0,0.0,0.0,1.0,3.57,132.14,4,0.0,0.0,589376
2023-01-18 01:00:00,00000000270,20230118010000,0.043,0.001,0.037,0.0,0.0,0.0,1.0,2.33,86.05,4,0.0,0.0,589376
2023-01-18 02:00:00,00000000270,20230118020000,0.043,0.0,0.035,0.0,0.0,0.0,1.0,0.0,81.4,4,0.0,0.0,589376
2023-01-18 03:00:00,00000000270,20230118030000,0.048,0.001,0.037,0.0,0.0,0.0,1.0,2.08,77.08,4,0.0,0.0,589376
2023-01-18 04:00:00,00000000270,20230118040000,0.046,0.001,0.036,0.0,0.0,0.0,1.0,2.17,78.26,4,0.0,0.0,589376
2023-01-18 05:00:00,00000000270,20230118050000,0.034,0.001,0.037,0.0,0.0,0.0,1.0,2.94,108.82,4,0.0,0.0,589376
2023-01-18 06:00:00,00000000270,20230118060000,0.131,0.001,0.034,0.0,0.0,0.0,1.0,0.76,25.95,4,0.0,0.0,589376
2023-01-18 07:00:00,00000000270,20230118070000,0.047,0.0,0.035,0.0,0.0,0.0,1.0,0.0,74.47,4,0.0,0.0,589376
2023-01-18 08:00:00,00000000270,20230118080000,0.048,0.001,0.035,0.0,0.0,0.0,1.0,2.08,72.92,4,0.0,0.0,589376
2023-01-18 09:00:00,00000000270,20230118090000,0.046,0.001,0.036,0.0,0.0,0.0,1.0,2.17,78.26,4,0.0,0.0,589376
2023-01-18 10:00:00,00000000270,20230118100000,0.044,0.001,0.034,0.0,0.0,0.0,1.0,2.27,77.27,4,0.0,0.0,589376
2023-01-18 11:00:00,00000000270,20230118110000,0.045,0.0,0.035,0.0,0.0,0.0,1.0,0.0,77.78,4,0.0,0.0,589376
2023-01-18 12:00:00,00000000270,20230118120000,0.048,0.001,0.036,0.0,0.0,0.0,1.0,2.08,75.0,4,0.0,0.0,589376
2023-01-18 13:00:00,00000000270,20230118130000,0.034,0.001,0.036,0.0,0.0,0.0,1.0,2.94,105.88,4,0.0,0.0,589376
2023-01-18 14:00:00,00000000270,20230118140000,0.034,0.0,0.036,0.0,0.0,0.0,1.0,0.0,105.88,4,0.0,0.0,589376
2023-01-18 15:00:00,00000000270,20230118150000,0.046,0.001,0.036,0.0,0.0,0.0,1.0,2.17,78.26,4,0.0,0.0,589376
2023-01-18 16:00:00,00000000270,20230118160000,0.044,0.001,0.034,0.0,0.0,0.0,1.0,2.27,77.27,4,0.0,0.0,589376
2023-01-18 17:00:00,00000000270,20230118170000,0.045,0.001,0.035,0.0,0.0,0.0,1.0,2.22,77.78,4,0.0,0.0,589376
2023-01-18 18:00:00,00000000270,20230118180000,0.047,0.001,0.034,0.0,0.0,0.0,1.0,2.13,72.34,4,0.0,0.0,589376
2023-01-18 19:00:00,00000000270,20230118190000,0.045,0.0,0.034,0.0,0.0,0.0,1.0,0.0,75.56,4,0.0,0.0,589376
2023-01-18 20:00:00,00000000270,20230118200000,0.04,0.001,0.034,0.0,0.0,0.0,1.0,2.5,85.0,4,0.0,0.0,589376
2023-01-18 21:00:00,00000000270,20230118210000,0.034,0.001,0.035,0.0,0.0,0.0,1.0,2.94,102.94,4,0.0,0.0,589376
2023-01-18 22:00:00,00000000270,20230118220000,0.037,0.001,0.035,0.0,0.0,0.0,1.0,2.7,94.59,4,0.0,0.0,589376
2023-01-18 23:00:00,00000000270,20230118230000,0.045,0.0,0.035,0.0,0.0,0.0,1.0,0.0,77.78,4,0.0,0.0,589376
2023-01-19 00:00:00,00000000270,20230119000000,0.047,0.001,0.036,0.0,0.0,0.0,1.0,2.13,76.6,4,0.0,0.0,589376
2023-01-19 01:00:00,00000000270,20230119010000,0.045,0.001,0.036,0.0,0.0,0.0,1.0,2.22,80.0,4,0.0,0.0,589376
2023-01-19 02:00:00,00000000270,20230119020000,0.045,0.001,0.036,0.0,0.0,0.0,1.0,2.22,80.0,4,0.0,0.0,589376
2023-01-19 03:00:00,00000000270,20230119030000,0.046,0.0,0.037,0.0,0.0,0.0,1.0,0.0,80.43,4,0.0,0.0,589376
2023-01-19 04:00:00,00000000270,20230119040000,0.041,0.001,0.036,0.0,0.0,0.0,1.0,2.44,87.8,4,0.0,0.0,589376
2023-01-19 05:00:00,00000000270,20230119050000,0.036,0.001,0.037,0.0,0.0,0.0,1.0,2.78,102.78,4,0.0,0.0,589376
2023-01-19 06:00:00,00000000270,20230119060000,0.038,0.001,0.037,0.0,0.0,0.0,1.0,2.63,97.37,4,0.0,0.0,589376
2023-01-19 07:00:00,00000000270,20230119070000,0.101,0.0,0.035,0.0,0.0,0.0,1.0,0.0,34.65,4,0.0,0.0,589376
2023-01-19 08:00:00,00000000270,20230119080000,0.095,0.001,0.031,0.0,0.0,0.0,1.0,1.05,32.63,4,0.0,0.0,589376
2023-01-19 09:00:00,00000000270,20230119090000,0.05,0.001,0.036,0.0,0.0,0.0,1.0,2.0,72.0,4,0.0,0.0,589376
2023-01-19 10:00:00,00000000270,20230119100000,0.045,0.001,0.034,0.0,0.0,0.0,1.0,2.22,75.56,4,0.0,0.0,589376
2023-01-19 11:00:00,00000000270,20230119110000,0.042,0.0,0.036,0.0,0.0,0.0,1.0,0.0,85.71,4,0.0,0.0,589376
2023-01-19 12:00:00,00000000270,20230119120000,0.041,0.001,0.037,0.0,0.0,0.0,1.0,2.44,90.24,4,0.0,0.0,589376
2023-01-19 13:00:00,00000000270,20230119130000,0.04,0.001,0.036,0.0,0.0,0.0,1.0,2.5,90.0,4,0.0,0.0,589376
2023-01-19 14:00:00,00000000270,20230119140000,0.039,0.001,0.037,0.0,0.0,0.0,1.0,2.56,94.87,4,0.0,0.0,589376
2023-01-19 15:00:00,00000000270,20230119150000,0.048,0.0,0.035,0.0,0.0,0.0,1.0,0.0,72.92,4,0.0,0.0,589376
2023-01-19 16:00:00,00000000270,20230119160000,0.044,0.001,0.035,0.0,0.0,0.0,1.0,2.27,79.55,4,0.0,0.0,589376
2023-01-19 17:00:00,00000000270,20230119170000,0.045,0.001,0.036,0.0,0.0,0.0,1.0,2.22,80.0,4,0.0,0.0,589376
2023-01-19 18:00:00,00000000270,20230119180000,0.045,0.001,0.034,0.0,0.0,0.0,1.0,2.22,75.56,4,0.0,0.0,589376
2023-01-19 19:00:00,00000000270,20230119190000,0.047,0.0,0.033,0.0,0.0,0.0,1.0,0.0,70.21,4,0.0,0.0,589376
2023-01-19 20:00:00,00000000270,20230119200000,0.045,0.001,0.034,0.0,0.0,0.0,1.0,2.22,75.56,4,0.0,0.0,589376
2023-01-19 21:00:00,00000000270,20230119210000,0.046,0.001,0.034,0.0,0.0,0.0,1.0,2.17,73.91,4,0.0,0.0,589376
2023-01-19 22:00:00,00000000270,20230119220000,0.047,0.001,0.035,0.0,0.0,0.0,1.0,2.13,74.47,4,0.0,0.0,589376
2023-01-19 23:00:00,00000000270,20230119230000,0.042,0.0,0.034,0.0,0.0,0.0,1.0,0.0,80.95,4,0.0,0.0,589376
2023-01-20 00:00:00,00000000270,20230120000000,0.046,0.001,0.036,0.0,0.0,0.0,1.0,2.17,78.26,4,0.0,0.0,589376
2023-01-20 01:00:00,00000000270,20230120010000,0.046,0.001,0.036,0.0,0.0,0.0,1.0,2.17,78.26,4,0.0,0.0,589376
2023-01-20 02:00:00,00000000270,20230120020000,0.042,0.001,0.036,0.0,0.0,0.0,1.0,2.38,85.71,4,0.0,0.0,589376
2023-01-20 03:00:00,00000000270,20230120030000,0.047,0.0,0.036,0.0,0.0,0.0,1.0,0.0,76.6,4,0.0,0.0,589376
2023-01-20 04:00:00,00000000270,20230120040000,0.044,0.001,0.036,0.0,0.0,0.0,1.0,2.27,81.82,4,0.0,0.0,589376
2023-01-20 05:00:00,00000000270,20230120050000,0.041,0.001,0.037,0.0,0.0,0.0,1.0,2.44,90.24,4,0.0,0.0,589376
2023-01-20 06:00:00,00000000270,20230120060000,0.047,0.001,0.035,0.0,0.0,0.0,1.0,2.13,74.47,4,0.0,0.0,589376
2023-01-20 07:00:00,00000000270,20230120070000,0.042,0.0,0.036,0.0,0.0,0.0,1.0,0.0,85.71,4,0.0,0.0,589376
2023-01-20 08:00:00,00000000270,20230120080000,0.035,0.001,0.036,0.0,0.0,0.0,1.0,2.86,102.86,4,0.0,0.0,589376
2023-01-20 09:00:00,00000000270,20230120090000,0.134,0.001,0.034,0.0,0.0,0.0,1.0,0.75,25.37,4,0.0,0.0,589376
2023-01-20 10:00:00,00000000270,20230120100000,0.059,0.001,0.035,0.0,0.0,0.0,1.0,1.69,59.32,4,0.0,0.0,589376
2023-01-20 11:00:00,00000000270,20230120110000,0.048,0.0,0.034,0.0,0.0,0.0,1.0,0.0,70.83,4,0.0,0.0,589376
2023-01-20 12:00:00,00000000270,20230120120000,0.048,0.001,0.036,0.0,0.0,0.0,1.0,2.08,75.0,4,0.0,0.0,589376
2023-01-20 13:00:00,00000000270,20230120130000,0.046,0.001,0.036,0.0,0.0,0.0,1.0,2.17,78.26,4,0.0,0.0,589376
2023-01-20 14:00:00,00000000270,20230120140000,0.046,0.0,0.035,0.0,0.0,0.0,1.0,0.0,76.09,4,0.0,0.0,589376
2023-01-20 15:00:00,00000000270,20230120150000,0.047,0.001,0.035,0.0,0.0,0.0,1.0,2.13,74.47,4,0.0,0.0,589376
2023-01-20 16:00:00,00000000270,20230120160000,0.044,0.001,0.034,0.0,0.0,0.0,1.0,2.27,77.27,4,0.0,0.0,589376
2023-01-20 17:00:00,00000000270,20230120170000,0.048,0.001,0.036,0.0,0.0,0.0,1.0,2.08,75.0,4,0.0,0.0,589376
2023-01-20 18:00:00,00000000270,20230120180000,0.041,0.0,0.034,0.0,0.0,0.0,1.0,0.0,82.93,4,0.0,0.0,589376
2023-01-20 19:00:00,00000000270,20230120190000,0.039,0.001,0.035,0.0,0.0,0.0,1.0,2.56,89.74,4,0.0,0.0,589376
2023-01-20 20:00:00,00000000270,20230120200000,0.036,0.001,0.035,0.0,0.0,0.0,1.0,2.78,97.22,4,0.0,0.0,589376
2023-01-20 21:00:00,00000000270,20230120210000,0.042,0.001,0.035,0.0,0.0,0.0,1.0,2.38,83.33,4,0.0,0.0,589376
2023-01-20 22:00:00,00000000270,20230120220000,0.047,0.0,0.035,0.0,0.0,0.0,1.0,0.0,74.47,4,0.0,0.0,589376
2023-01-20 23:00:00,00000000270,20230120230000,0.047,0.001,0.036,0.0,0.0,0.0,1.0,2.13,76.6,4,0.0,0.0,589376
2023-01-21 00:00:00,00000000270,20230121000000,0.043,0.001,0.034,0.0,0.0,0.0,1.0,2.33,79.07,4,0.0,0.0,589376
2023-01-21 01:00:00,00000000270,20230121010000,0.047,0.001,0.036,0.0,0.0,0.0,1.0,2.13,76.6,4,0.0,0.0,589376
2023-01-21 02:00:00,00000000270,20230121020000,0.047,0.001,0.037,0.0,0.0,0.0,1.0,2.13,78.72,4,0.0,0.0,589376
2023-01-21 03:00:00,00000000270,20230121030000,0.045,0.0,0.035,0.0,0.0,0.0,1.0,0.0,77.78,4,0.0,0.0,589376
2023-01-21 04:00:00,00000000270,20230121040000,0.04,0.001,0.037,0.0,0.0,0.0,1.0,2.5,92.5,4,0.0,0.0,589376
2023-01-21 05:00:00,00000000270,20230121050000,0.036,0.001,0.038,0.0,0.0,0.0,1.0,2.78,105.56,4,0.0,0.0,589376
2023-01-21 06:00:00,00000000270,20230121060000,0.042,0.001,0.036,0.0,0.0,0.0,1.0,2.38,85.71,4,0.0,0.0,589376
2023-01-21 07:00:00,00000000270,20230121070000,0.046,0.0,0.036,0.0,0.0,0.0,1.0,0.0,78.26,4,0.0,0.0,589376
2023-01-21 08:00:00,00000000270,20230121080000,0.047,0.001,0.036,0.0,0.0,0.0,1.0,2.13,76.6,4,0.0,0.0,589376
2023-01-21 09:00:00,00000000270,20230121090000,0.045,0.001,0.036,0.0,0.0,0.0,1.0,2.22,80.0,4,0.0,0.0,589376
2023-01-21 10:00:00,00000000270,20230121100000,0.066,0.0,0.035,0.0,0.0,0.0,1.0,0.0,53.03,4,0.0,0.0,589376
2023-01-21 11:00:00,00000000270,20230121110000,0.131,0.001,0.033,0.0,0.0,0.0,1.0,0.76,25.19,4,0.0,0.0,589376
2023-01-21 12:00:00,00000000270,20230121120000,0.046,0.001,0.035,0.0,0.0,0.0,1.0,2.17,76.09,4,0.0,0.0,589376
2023-01-21 13:00:00,00000000270,20230121130000,0.044,0.001,0.036,0.0,0.0,0.0,1.0,2.27,81.82,4,0.0,0.0,589376
2023-01-21 14:00:00,00000000270,20230121140000,0.04,0.001,0.037,0.0,0.0,0.0,1.0,2.5,92.5,4,0.0,0.0,589376
2023-01-21 15:00:00,00000000270,20230121150000,0.038,0.0,0.036,0.0,0.0,0.0,1.0,0.0,94.74,4,0.0,0.0,589376
2023-01-21 16:00:00,00000000270,20230121160000,0.045,0.001,0.036,0.0,0.0,0.0,1.0,2.22,80.0,4,0.0,0.0,589376
2023-01-21 17:00:00,00000000270,20230121170000,0.043,0.001,0.035,0.0,0.0,0.0,1.0,2.33,81.4,4,0.0,0.0,589376
2023-01-21 18:00:00,00000000270,20230121180000,0.046,0.0,0.035,0.0,0.0,0.0,1.0,0.0,76.09,4,0.0,0.0,589376
2023-01-21 19:00:00,00000000270,20230121190000,0.046,0.001,0.034,0.0,0.0,0.0,1.0,2.17,73.91,4,0.0,0.0,589376
2023-01-21 20:00:00,00000000270,20230121200000,0.044,0.001,0.033,0.0,0.0,0.0,1.0,2.27,75.0,4,0.0,0.0,589376
2023-01-21 21:00:00,00000000270,20230121210000,0.047,0.001,0.035,0.0,0.0,0.0,1.0,2.13,74.47,4,0.0,0.0,589376
2023-01-21 22:00:00,00000000270,20230121220000,0.047,0.001,0.035,0.0,0.0,0.0,1.0,2.13,74.47,4,0.0,0.0,589376
2023-01-21 23:00:00,00000000270,20230121230000,0.044,0.0,0.035,0.0,0.0,0.0,1.0,0.0,79.55,4,0.0,0.0,589376
2023-01-22 00:00:00,00000000270,20230122000000,0.037,0.001,0.037,0.0,0.0,0.0,1.0,2.7,100.0,4,0.0,0.0,589376
2023-01-22 01:00:00,00000000270,20230122010000,0.04,0.001,0.038,0.0,0.0,0.0,1.0,2.5,95.0,4,0.0,0.0,589376
2023-01-22 02:00:00,00000000270,20230122020000,0.038,0.0,0.035,0.0,0.0,0.0,1.0,0.0,92.11,4,0.0,0.0,589376
2023-01-22 03:00:00,00000000270,20230122030000,0.048,0.001,0.036,0.0,0.0,0.0,1.0,2.08,75.0,4,0.0,0.0,589376
2023-01-22 04:00:00,00000000270,20230122040000,0.046,0.001,0.037,0.0,0.0,0.0,1.0,2.17,80.43,4,0.0,0.0,589376
2023-01-22 05:00:00,00000000270,20230122050000,0.044,0.001,0.035,0.0,0.0,0.0,1.0,2.27,79.55,4,0.0,0.0,589376
2023-01-22 06:00:00,00000000270,20230122060000,0.046,0.0,0.036,0.0,0.0,0.0,1.0,0.0,78.26,4,0.0,0.0,589376
2023-01-22 07:00:00,00000000270,20230122070000,0.047,0.001,0.036,0.0,0.0,0.0,1.0,2.13,76.6,4,0.0,0.0,589376
2023-01-22 08:00:00,00000000270,20230122080000,0.046,0.001,0.036,0.0,0.0,0.0,1.0,2.17,78.26,4,0.0,0.0,589376
2023-01-22 09:00:00,00000000270,20230122090000,0.035,0.001,0.037,0.0,0.0,0.0,1.0,2.86,105.71,4,0.0,0.0,589376
2023-01-22 10:00:00,00000000270,20230122100000,0.04,0.001,0.036,0.0,0.0,0.0,1.0,2.5,90.0,4,0.0,0.0,589376
2023-01-22 11:00:00,00000000270,20230122110000,0.04,0.0,0.036,0.0,0.0,0.0,1.0,0.0,90.0,4,0.0,0.0,589376
2023-01-22 12:00:00,00000000270,20230122120000,0.125,0.001,0.034,0.0,0.0,0.0,1.0,0.8,27.2,4,0.0,0.0,589376
2023-01-22 13:00:00,00000000270,20230122130000,0.072,0.001,0.032,0.0,0.0,0.0,1.0,1.39,44.44,4,0.0,0.0,589376
2023-01-22 14:00:00,00000000270,20230122140000,0.048,0.001,0.034,0.0,0.0,0.0,1.0,2.08,70.83,4,0.0,0.0,589376
2023-01-22 15:00:00,00000000270,20230122150000,0.047,0.0,0.034,0.0,0.0,0.0,1.0,0.0,72.34,4,0.0,0.0,589376
2023-01-22 16:00:00,00000000270,20230122160000,0.044,0.001,0.035,0.0,0.0,0.0,1.0,2.27,79.55,4,0.0,0.0,589376
2023-01-22 17:00:00,00000000270,20230122170000,0.046,0.001,0.035,0.0,0.0,0.0,1.0,2.17,76.09,4,0.0,0.0,589376
2023-01-22 18:00:00,00000000270,20230122180000,0.044,0.001,0.033,0.0,0.0,0.0,1.0,2.27,75.0,4,0.0,0.0,589376
2023-01-22 19:00:00,00000000270,20230122190000,0.042,0.0,0.033,0.0,0.0,0.0,1.0,0.0,78.57,4,0.0,0.0,589376
2023-01-22 20:00:00,00000000270,20230122200000,0.039,0.001,0.035,0.0,0.0,0.0,1.0,2.56,89.74,4,0.0,0.0,589376
2023-01-22 21:00:00,00000000270,20230122210000,0.034,0.001,0.035,0.0,0.0,0.0,1.0,2.94,102.94,4,0.0,0.0,589376
2023-01-22 22:00:00,00000000270,20230122220000,0.044,0.0,0.035,0.0,0.0,0.0,1.0,0.0,79.55,4,0.0,0.0,589376
2023-01-22 23:00:00,00000000270,20230122230000,0.044,0.001,0.034,0.0,0.0,0.0,1.0,2.27,77.27,4,0.0,0.0,589376
2023-01-23 00:00:00,00000000270,20230123000000,0.046,0.001,0.035,0.0,0.0,0.0,1.0,2.17,76.09,4,0.0,0.0,589376
2023-01-23 01:00:00,00000000270,20230123010000,0.046,0.001,0.035,0.0,0.0,0.0,1.0,2.17,76.09,4,0.0,0.0,589376
2023-01-23 02:00:00,00000000270,20230123020000,0.045,0.001,0.036,0.0,0.0,0.0,1.0,2.22,80.0,4,0.0,0.0,589376
2023-01-23 03:00:00,00000000270,20230123030000,0.045,0.0,0.036,0.0,0.0,0.0,1.0,0.0,80.0,4,0.0,0.0,589376
2023-01-23 04:00:00,00000000270,20230123040000,0.044,0.001,0.035,0.0,0.0,0.0,1.0,2.27,79.55,4,0.0,0.0,589376
2023-01-23 05:00:00,00000000270,20230123050000,0.047,0.001,0.036,0.0,0.0,0.0,1.0,2.13,76.6,4,0.0,0.0,589376
2023-01-23 06:00:00,00000000270,20230123060000,0.039,0.001,0.036,0.0,0.0,0.0,1.0,2.56,92.31,4,0.0,0.0,589376
2023-01-23 07:00:00,00000000270,20230123070000,0.037,0.0,0.036,0.0,0.0,0.0,1.0,0.0,97.3,4,0.0,0.0,589376
2023-01-23 08:00:00,00000000270,20230123080000,0.036,0.001,0.035,0.0,0.0,0.0,1.0,2.78,97.22,4,0.0,0.0,589376
2023-01-23 09:00:00,00000000270,20230123090000,0.046,0.001,0.036,0.0,0.0,0.0,1.0,2.17,78.26,4,0.0,0.0,589376
2023-01-23 10:00:00,00000000270,20230123100000,0.045,0.001,0.034,0.0,0.0,0.0,1.0,2.22,75.56,4,0.0,0.0,589376
2023-01-23 11:00:00,00000000270,20230123110000,0.043,0.0,0.034,0.0,0.0,0.0,1.0,0.0,79.07,4,0.0,0.0,589376
2023-01-23 12:00:00,00000000270,20230123120000,0.046,0.001,0.035,0.0,0.0,0.0,1.0,2.17,76.09,4,0.0,0.0,589376
2023-01-23 13:00:00,00000000270,20230123130000,0.046,0.001,0.035,0.0,0.0,0.0,1.0,2.17,76.09,4,0.0,0.0,589376
2023-01-23 14:00:00,00000000270,20230123140000,0.14,0.001,0.033,0.0,0.0,0.0,1.0,0.71,23.57,4,0.0,0.0,589376
2023-01-23 15:00:00,00000000270,20230123150000,0.048,0.001,0.034,0.0,0.0,0.0,1.0,2.08,70.83,4,0.0,0.0,589376
2023-01-23 16:00:00,00000000270,20230123160000,0.04,0.0,0.035,0.0,0.0,0.0,1.0,0.0,87.5,4,0.0,0.0,589376
2023-01-23 17:00:00,00000000270,20230123170000,0.042,0.001,0.035,0.0,0.0,0.0,1.0,2.38,83.33,4,0.0,0.0,589376
2023-01-23 18:00:00,00000000270,20230123180000,0.044,0.001,0.034,0.0,0.0,0.0,1.0,2.27,77.27,4,0.0,0.0,589376
2023-01-23 19:00:00,00000000270,20230123190000,0.045,0.0,0.033,0.0,0.0,0.0,1.0,0.0,73.33,4,0.0,0.0,589376
2023-01-23 20:00:00,00000000270,20230123200000,0.045,0.001,0.034,0.0,0.0,0.0,1.0,2.22,75.56,4,0.0,0.0,589376
2023-01-23 21:00:00,00000000270,20230123210000,0.046,0.001,0.034,0.0,0.0,0.0,1.0,2.17,73.91,4,0.0,0.0,589376
2023-01-23 22:00:00,00000000270,20230123220000,0.046,0.001,0.034,0.0,0.0,0.0,1.0,2.17,73.91,4,0.0,0.0,589376
2023-01-23 23:00:00,00000000270,20230123230000,0.046,0.001,0.036,0.0,0.0,0.0,1.0,2.17,78.26,4,0.0,0.0,589376
2023-01-24 00:00:00,00000000270,20230124000000,0.031,0.0,0.035,0.0,0.0,0.0,1.0,0.0,112.9,4,0.0,0.0,589376
2023-01-24 01:00:00,00000000270,20230124010000,0.039,0.001,0.036,0.0,0.0,0.0,1.0,2.56,92.31,4,0.0,0.0,589376
2023-01-24 02:00:00,00000000270,20230124020000,0.043,0.001,0.037,0.0,0.0,0.0,1.0,2.33,86.05,4,0.0,0.0,589376
2023-01-24 03:00:00,00000000270,20230124030000,0.047,0.001,0.036,0.0,0.0,0.0,1.0,2.13,76.6,4,0.0,0.0,589376
2023-01-24 04:00:00,00000000270,20230124040000,0.045,0.001,0.036,0.0,0.0,0.0,1.0,2.22,80.0,4,0.0,0.0,589376
2023-01-24 05:00:00,00000000270,20230124050000,0.044,0.0,0.035,0.0,0.0,0.0,1.0,0.0,79.55,4,0.0,0.0,589376
2023-01-24 06:00:00,00000000270,20230124060000,0.044,0.001,0.036,0.0,0.0,0.0,1.0,2.27,81.82,4,0.0,0.0,589376
2023-01-24 07:00:00,00000000270,20230124070000,0.041,0.001,0.036,0.0,0.0,0.0,1.0,2.44,87.8,4,0.0,0.0,589376
2023-01-24 08:00:00,00000000270,20230124080000,0.036,0.001,0.037,0.0,0.0,0.0,1.0,2.78,102.78,4,0.0,0.0,589376
2023-01-25 09:00:00,00000000270,20230125090000,0.027,0.0,0.036,0.0,0.0,0.0,1.0,0.0,133.33,4,0.0,0.0,589376
2023-01-25 10:00:00,00000000270,20230125100000,0.041,0.001,0.035,0.0,0.0,0.0,1.0,2.44,85.37,4,0.0,0.0,589376
2023-01-25 11:00:00,00000000270,20230125110000,0.041,0.001,0.035,0.0,0.0,0.0,1.0,2.44,85.37,4,0.0,0.0,589376
2023-01-25 12:00:00,00000000270,20230125120000,0.043,0.0,0.034,0.0,0.0,0.0,1.0,0.0,79.07,4,0.0,0.0,589376
2023-01-25 13:00:00,00000000270,20230125130000,0.044,0.001,0.035,0.0,0.0,0.0,1.0,2.27,79.55,4,0.0,0.0,589376
2023-01-25 14:00:00,00000000270,20230125140000,0.033,0.0,0.036,0.0,0.0,0.0,1.0,0.0,109.09,4,0.0,0.0,589376
2023-01-25 15:00:00,00000000270,20230125150000,0.035,0.001,0.036,0.0,0.0,0.0,1.0,2.86,102.86,4,0.0,0.0,589376
2023-01-25 16:00:00,00000000270,20230125160000,0.041,0.001,0.033,0.0,0.0,0.0,1.0,2.44,80.49,4,0.0,0.0,589376
2023-01-25 17:00:00,00000000270,20230125170000,0.126,0.0,0.033,0.0,0.0,0.0,1.0,0.0,26.19,4,0.0,0.0,589376
2023-01-25 18:00:00,00000000270,20230125180000,0.044,0.0,0.033,0.0,0.0,0.0,1.0,0.0,75.0,4,0.0,0.0,589376
2023-01-25 19:00:00,00000000270,20230125190000,0.04,0.0,0.034,0.0,0.0,0.0,1.0,0.0,85.0,4,0.0,0.0,589376
2023-01-25 20:00:00,00000000270,20230125200000,0.042,0.001,0.033,0.0,0.0,0.0,1.0,2.38,78.57,4,0.0,0.0,589376
2023-01-25 21:00:00,00000000270,20230125210000,0.044,0.0,0.034,0.0,0.0,0.0,1.0,0.0,77.27,4,0.0,0.0,589376
2023-01-25 22:00:00,00000000270,20230125220000,0.036,0.0,0.033,0.0,0.0,0.0,1.0,0.0,91.67,4,0.0,0.0,589376
2023-01-25 23:00:00,00000000270,20230125230000,0.046,0.001,0.034,0.0,0.0,0.0,1.0,2.17,73.91,4,0.0,0.0,589376
2023-01-26 00:00:00,00000000270,20230126000000,0.042,0.0,0.036,0.0,0.0,0.0,1.0,0.0,85.71,4,0.0,0.0,589376
2023-01-26 01:00:00,00000000270,20230126010000,0.041,0.0,0.035,0.0,0.0,0.0,1.0,0.0,85.37,4,0.0,0.0,589376
2023-01-26 02:00:00,00000000270,20230126020000,0.044,0.001,0.035,0.0,0.0,0.0,1.0,2.27,79.55,4,0.0,0.0,589376
2023-01-26 03:00:00,00000000270,20230126030000,0.035,0.001,0.037,0.0,0.0,0.0,1.0,2.86,105.71,4,0.0,0.0,589376
2023-01-26 04:00:00,00000000270,20230126040000,0.031,0.0,0.037,0.0,0.0,0.0,1.0,0.0,119.35,4,0.0,0.0,589376
2023-01-26 05:00:00,00000000270,20230126050000,0.041,0.001,0.035,0.0,0.0,0.0,1.0,2.44,85.37,4,0.0,0.0,589376
2023-01-26 06:00:00,00000000270,20230126060000,0.044,0.0,0.035,0.0,0.0,0.0,1.0,0.0,79.55,4,0.0,0.0,589376
2023-01-26 07:00:00,00000000270,20230126070000,0.043,0.001,0.035,0.0,0.0,0.0,1.0,2.33,81.4,4,0.0,0.0,589376
2023-01-26 08:00:00,00000000270,20230126080000,0.043,0.0,0.035,0.0,0.0,0.0,1.0,0.0,81.4,4,0.0,0.0,589376
2023-01-26 09:00:00,00000000270,20230126090000,0.036,0.001,0.035,0.0,0.0,0.0,1.0,2.78,97.22,4,0.0,0.0,589376
2023-01-26 10:00:00,00000000270,20230126100000,0.025,0.0,0.036,0.0,0.0,0.0,1.0,0.0,144.0,4,0.0,0.0,589376
2023-01-26 11:00:00,00000000270,20230126110000,0.044,0.0,0.035,0.0,0.0,0.0,1.0,0.0,79.55,4,0.0,0.0,589376
2023-01-26 12:00:00,00000000270,20230126120000,0.041,0.0,0.034,0.0,0.0,0.0,1.0,0.0,82.93,4,0.0,0.0,589376
2023-01-26 13:00:00,00000000270,20230126130000,0.041,0.001,0.034,0.0,0.0,0.0,1.0,2.44,82.93,4,0.0,0.0,589376
2023-01-26 14:00:00,00000000270,20230126140000,0.041,0.0,0.034,0.0,0.0,0.0,1.0,0.0,82.93,4,0.0,0.0,589376
2023-01-26 15:00:00,00000000270,20230126150000,0.037,0.0,0.035,0.0,0.0,0.0,1.0,0.0,94.59,4,0.0,0.0,589376
2023-01-26 16:00:00,00000000270,20230126160000,0.027,0.001,0.036,0.0,0.0,0.0,1.0,3.7,133.33,4,0.0,0.0,589376
2023-01-26 17:00:00,00000000270,20230126170000,0.041,0.0,0.033,0.0,0.0,0.0,1.0,0.0,80.49,4,0.0,0.0,589376
2023-01-26 18:00:00,00000000270,20230126180000,0.116,0.0,0.034,0.0,0.0,0.0,1.0,0.0,29.31,4,0.0,0.0,589376
2023-01-26 19:00:00,00000000270,20230126190000,0.064,0.0,0.031,0.0,0.0,0.0,1.0,0.0,48.44,4,0.0,0.0,589376
2023-01-26 20:00:00,00000000270,20230126200000,0.042,0.001,0.033,0.0,0.0,0.0,1.0,2.38,78.57,4,0.0,0.0,589376
2023-01-26 21:00:00,00000000270,20230126210000,0.033,0.0,0.034,0.0,0.0,0.0,1.0,0.0,103.03,4,0.0,0.0,589376
2023-01-26 22:00:00,00000000270,20230126220000,0.04,0.0,0.034,0.0,0.0,0.0,1.0,0.0,85.0,4,0.0,0.0,589376
2023-01-26 23:00:00,00000000270,20230126230000,0.034,0.001,0.035,0.0,0.0,0.0,1.0,2.94,102.94,4,0.0,0.0,589376
2023-01-27 00:00:00,00000000270,20230127000000,0.041,0.0,0.035,0.0,0.0,0.0,1.0,0.0,85.37,4,0.0,0.0,589376
2023-01-27 01:00:00,00000000270,20230127010000,0.042,0.0,0.035,0.0,0.0,0.0,1.0,0.0,83.33,4,0.0,0.0,589376
2023-01-27 02:00:00,00000000270,20230127020000,0.044,0.001,0.035,0.0,0.0,0.0,1.0,2.27,79.55,4,0.0,0.0,589376
2023-01-27 03:00:00,00000000270,20230127030000,0.043,0.0,0.036,0.0,0.0,0.0,1.0,0.0,83.72,4,0.0,0.0,589376
2023-01-27 04:00:00,00000000270,20230127040000,0.04,0.001,0.037,0.0,0.0,0.0,1.0,2.5,92.5,4,0.0,0.0,589376
2023-01-27 05:00:00,00000000270,20230127050000,0.027,0.0,0.037,0.0,0.0,0.0,1.0,0.0,137.04,4,0.0,0.0,589376
2023-01-27 06:00:00,00000000270,20230127060000,0.045,0.001,0.036,0.0,0.0,0.0,1.0,2.22,80.0,4,0.0,0.0,589376
2023-01-27 07:00:00,00000000270,20230127070000,0.045,0.001,0.035,0.0,0.0,0.0,1.0,2.22,77.78,4,0.0,0.0,589376
2023-01-27 08:00:00,00000000270,20230127080000,0.042,0.0,0.035,0.0,0.0,0.0,1.0,0.0,83.33,4,0.0,0.0,589376
2023-01-27 09:00:00,00000000270,20230127090000,0.045,0.001,0.034,0.0,0.0,0.0,1.0,2.22,75.56,4,0.0,0.0,589376
2023-01-27 10:00:00,00000000270,20230127100000,0.025,0.001,0.036,0.0,0.0,0.0,1.0,4.0,144.0,4,0.0,0.0,589376
2023-01-27 11:00:00,00000000270,20230127110000,0.039,0.0,0.034,0.0,0.0,0.0,1.0,0.0,87.18,4,0.0,0.0,589376
2023-01-27 12:00:00,00000000270,20230127120000,0.042,0.0,0.035,0.0,0.0,0.0,1.0,0.0,83.33,4,0.0,0.0,589376
2023-01-27 13:00:00,00000000270,20230127130000,0.043,0.001,0.034,0.0,0.0,0.0,1.0,2.33,79.07,4,0.0,0.0,589376
2023-01-27 14:00:00,00000000270,20230127140000,0.041,0.0,0.034,0.0,0.0,0.0,1.0,0.0,82.93,4,0.0,0.0,589376
2023-01-27 15:00:00,00000000270,20230127150000,0.031,0.0,0.035,0.0,0.0,0.0,1.0,0.0,112.9,4,0.0,0.0,589376
2023-01-27 16:00:00,00000000270,20230127160000,0.032,0.001,0.035,0.0,0.0,0.0,1.0,3.12,109.38,4,0.0,0.0,589376
2023-01-27 17:00:00,00000000270,20230127170000,0.044,0.0,0.035,0.0,0.0,0.0,1.0,0.0,79.55,4,0.0,0.0,589376
2023-01-27 18:00:00,00000000270,20230127180000,0.042,0.0,0.033,0.0,0.0,0.0,1.0,0.0,78.57,4,0.0,0.0,589376
2023-01-27 19:00:00,00000000270,20230127190000,0.042,0.001,0.033,0.0,0.0,0.0,1.0,2.38,78.57,4,0.0,0.0,589376
2023-01-27 20:00:00,00000000270,20230127200000,0.12,0.0,0.033,0.0,0.0,0.0,1.0,0.0,27.5,4,0.0,0.0,589376
2023-01-27 21:00:00,00000000270,20230127210000,0.039,0.0,0.033,0.0,0.0,0.0,1.0,0.0,84.62,4,0.0,0.0,589376
2023-01-27 22:00:00,00000000270,20230127220000,0.041,0.0,0.034,0.0,0.0,0.0,1.0,0.0,82.93,4,0.0,0.0,589376
2023-01-27 23:00:00,00000000270,20230127230000,0.047,0.001,0.035,0.0,0.0,0.0,1.0,2.13,74.47,4,0.0,0.0,589376
2023-01-28 00:00:00,00000000270,20230128000000,0.042,0.0,0.034,0.0,0.0,0.0,1.0,0.0,80.95,4,0.0,0.0,589376
2023-01-28 01:00:00,00000000270,20230128010000,0.042,0.0,0.035,0.0,0.0,0.0,1.0,0.0,83.33,4,0.0,0.0,589376
2023-01-28 02:00:00,00000000270,20230128020000,0.029,0.001,0.036,0.0,0.0,0.0,1.0,3.45,124.14,4,0.0,0.0,589376
2023-01-28 03:00:00,00000000270,20230128030000,0.034,0.0,0.037,0.0,0.0,0.0,1.0,0.0,108.82,4,0.0,0.0,589376
2023-01-28 04:00:00,00000000270,20230128040000,0.044,0.0,0.036,0.0,0.0,0.0,1.0,0.0,81.82,4,0.0,0.0,589376
2023-01-28 05:00:00,00000000270,20230128050000,0.039,0.001,0.035,0.0,0.0,0.0,1.0,2.56,89.74,4,0.0,0.0,589376
2023-01-28 06:00:00,00000000270,20230128060000,0.043,0.0,0.036,0.0,0.0,0.0,1.0,0.0,83.72,4,0.0,0.0,589376
2023-01-28 07:00:00,00000000270,20230128070000,0.039,0.0,0.036,0.0,0.0,0.0,1.0,0.0,92.31,4,0.0,0.0,589376
2023-01-28 08:00:00,00000000270,20230128080000,0.028,0.0,0.037,0.0,0.0,0.0,1.0,0.0,132.14,4,0.0,0.0,589376
2023-01-28 09:00:00,00000000270,20230128090000,0.039,0.001,0.035,0.0,0.0,0.0,1.0,2.56,89.74,4,0.0,0.0,589376
2023-01-28 10:00:00,00000000270,20230128100000,0.045,0.0,0.036,0.0,0.0,0.0,1.0,0.0,80.0,4,0.0,0.0,589376
2023-01-28 11:00:00,00000000270,20230128110000,0.039,0.0,0.034,0.0,0.0,0.0,1.0,0.0,87.18,4,0.0,0.0,589376
2023-01-28 12:00:00,00000000270,20230128120000,0.039,0.001,0.035,0.0,0.0,0.0,1.0,2.56,89.74,4,0.0,0.0,589376
2023-01-28 13:00:00,00000000270,20230128130000,0.027,0.0,0.037,0.0,0.0,0.0,1.0,0.0,137.04,4,0.0,0.0,589376
2023-01-28 14:00:00,00000000270,20230128140000,0.04,0.0,0.034,0.0,0.0,0.0,1.0,0.0,85.0,4,0.0,0.0,589376
2023-01-28 15:00:00,00000000270,20230128150000,0.044,0.0,0.036,0.0,0.0,0.0,1.0,0.0,81.82,4,0.0,0.0,589376
2023-01-28 16:00:00,00000000270,20230128160000,0.04,0.001,0.034,0.0,0.0,0.0,1.0,2.5,85.0,4,0.0,0.0,589376
2023-01-28 17:00:00,00000000270,20230128170000,0.039,0.0,0.036,0.0,0.0,0.0,1.0,0.0,92.31,4,0.0,0.0,589376
2023-01-28 18:00:00,00000000270,20230128180000,0.027,0.0,0.036,0.0,0.0,0.0,1.0,0.0,133.33,4,0.0,0.0,589376
2023-01-28 19:00:00,00000000270,20230128190000,0.039,0.0,0.032,0.0,0.0,0.0,1.0,0.0,82.05,4,0.0,0.0,589376
2023-01-28 20:00:00,00000000270,20230128200000,0.043,0.001,0.034,0.0,0.0,0.0,1.0,2.33,79.07,4,0.0,0.0,589376
2023-01-28 21:00:00,00000000270,20230128210000,0.06,0.0,0.034,0.0,0.0,0.0,1.0,0.0,56.67,4,0.0,0.0,589376
2023-01-28 22:00:00,00000000270,20230128220000,0.115,0.0,0.032,0.0,0.0,0.0,1.0,0.0,27.83,4,0.0,0.0,589376
2023-01-28 23:00:00,00000000270,20230128230000,0.036,0.0,0.035,0.0,0.0,0.0,1.0,0.0,97.22,4,0.0,0.0,589376
2023-01-29 00:00:00,00000000270,20230129000000,0.033,0.001,0.035,0.0,0.0,0.0,1.0,3.03,106.06,4,0.0,0.0,589376
2023-01-29 01:00:00,00000000270,20230129010000,0.039,0.0,0.037,0.0,0.0,0.0,1.0,0.0,94.87,4,0.0,0.0,589376
2023-01-29 02:00:00,00000000270,20230129020000,0.04,0.0,0.035,0.0,0.0,0.0,1.0,0.0,87.5,4,0.0,0.0,589376
2023-01-29 03:00:00,00000000270,20230129030000,0.04,0.0,0.036,0.0,0.0,0.0,1.0,0.0,90.0,4,0.0,0.0,589376
2023-01-29 04:00:00,00000000270,20230129040000,0.046,0.001,0.036,0.0,0.0,0.0,1.0,2.17,78.26,4,0.0,0.0,589376
2023-01-29 05:00:00,00000000270,20230129050000,0.039,0.0,0.036,0.0,0.0,0.0,1.0,0.0,92.31,4,0.0,0.0,589376
2023-01-29 06:00:00,00000000270,20230129060000,0.025,0.0,0.037,0.0,0.0,0.0,1.0,0.0,148.0,4,0.0,0.0,589376
2023-01-29 07:00:00,00000000270,20230129070000,0.039,0.0,0.036,0.0,0.0,0.0,1.0,0.0,92.31,4,0.0,0.0,589376
2023-01-29 08:00:00,00000000270,20230129080000,0.041,0.001,0.036,0.0,0.0,0.0,1.0,2.44,87.8,4,0.0,0.0,589376
2023-01-29 09:00:00,00000000270,20230129090000,0.041,0.0,0.036,0.0,0.0,0.0,1.0,0.0,87.8,4,0.0,0.0,589376
2023-01-29 10:00:00,00000000270,20230129100000,0.039,0.0,0.034,0.0,0.0,0.0,1.0,0.0,87.18,4,0.0,0.0,589376
2023-01-29 11:00:00,00000000270,20230129110000,0.029,0.0,0.037,0.0,0.0,0.0,1.0,0.0,127.59,4,0.0,0.0,589376
2023-01-29 12:00:00,00000000270,20230129120000,0.035,0.001,0.035,0.0,0.0,0.0,1.0,2.86,100.0,4,0.0,0.0,589376
2023-01-29 13:00:00,00000000270,20230129130000,0.039,0.0,0.034,0.0,0.0,0.0,1.0,0.0,87.18,4,0.0,0.0,589376
2023-01-29 14:00:00,00000000270,20230129140000,0.044,0.0,0.036,0.0,0.0,0.0,1.0,0.0,81.82,4,0.0,0.0,589376
2023-01-29 15:00:00,00000000270,20230129150000,0.039,0.0,0.034,0.0,0.0,0.0,1.0,0.0,87.18,4,0.0,0.0,589376
2023-01-29 16:00:00,00000000270,20230129160000,0.026,0.001,0.035,0.0,0.0,0.0,1.0,3.85,134.62,4,0.0,0.0,589376
2023-01-29 17:00:00,00000000270,20230129170000,0.037,0.0,0.035,0.0,0.0,0.0,1.0,0.0,94.59,4,0.0,0.0,589376
2023-01-29 18:00:00,00000000270,20230129180000,0.039,0.0,0.033,0.0,0.0,0.0,1.0,0.0,84.62,4,0.0,0.0,589376
2023-01-29 19:00:00,00000000270,20230129190000,0.039,0.0,0.032,0.0,0.0,0.0,1.0,0.0,82.05,4,0.0,0.0,589376
2023-01-29 20:00:00,00000000270,20230129200000,0.041,0.0,0.033,0.0,0.0,0.0,1.0,0.0,80.49,4,0.0,0.0,589376
2023-01-29 21:00:00,00000000270,20230129210000,0.026,0.001,0.036,0.0,0.0,0.0,1.0,3.85,138.46,4,0.0,0.0,589376
2023-01-29 22:00:00,00000000270,20230129220000,0.036,0.0,0.034,0.0,0.0,0.0,1.0,0.0,94.44,4,0.0,0.0,589376
2023-01-29 23:00:00,00000000270,20230129230000,0.115,0.0,0.034,0.0,0.0,0.0,1.0,0.0,29.57,4,0.0,0.0,589376
2023-01-30 00:00:00,00000000270,20230130000000,0.067,0.0,0.032,0.0,0.0,0.0,1.0,0.0,47.76,4,0.0,0.0,589376
2023-01-30 01:00:00,00000000270,20230130010000,0.047,0.001,0.036,0.0,0.0,0.0,1.0,2.13,76.6,4,0.0,0.0,589376
2023-01-30 02:00:00,00000000270,20230130020000,0.034,0.0,0.036,0.0,0.0,0.0,1.0,0.0,105.88,4,0.0,0.0,589376
2023-01-30 03:00:00,00000000270,20230130030000,0.028,0.0,0.037,0.0,0.0,0.0,1.0,0.0,132.14,4,0.0,0.0,589376
2023-01-30 04:00:00,00000000270,20230130040000,0.041,0.0,0.036,0.0,0.0,0.0,1.0,0.0,87.8,4,0.0,0.0,589376
2023-01-30 05:00:00,00000000270,20230130050000,0.04,0.0,0.036,0.0,0.0,0.0,1.0,0.0,90.0,4,0.0,0.0,589376
2023-01-30 06:00:00,00000000270,20230130060000,0.043,0.001,0.035,0.0,0.0,0.0,1.0,2.33,81.4,4,0.0,0.0,589376
2023-01-30 07:00:00,00000000270,20230130070000,0.025,0.0,0.037,0.0,0.0,0.0,1.0,0.0,148.0,4,0.0,0.0,589376
2023-01-30 08:00:00,00000000270,20230130080000,0.036,0.0,0.035,0.0,0.0,0.0,1.0,0.0,97.22,4,0.0,0.0,589376
2023-01-30 09:00:00,00000000270,20230130090000,0.041,0.0,0.035,0.0,0.0,0.0,1.0,0.0,85.37,4,0.0,0.0,589376
2023-01-30 10:00:00,00000000270,20230130100000,0.038,0.001,0.034,0.0,0.0,0.0,1.0,2.63,89.47,4,0.0,0.0,589376
2023-01-30 11:00:00,00000000270,20230130110000,0.036,0.0,0.034,0.0,0.0,0.0,1.0,0.0,94.44,4,0.0,0.0,589376
2023-01-30 12:00:00,00000000270,20230130120000,0.025,0.0,0.036,0.0,0.0,0.0,1.0,0.0,144.0,4,0.0,0.0,589376
2023-01-30 13:00:00,00000000270,20230130130000,0.042,0.0,0.035,0.0,0.0,0.0,1.0,0.0,83.33,4,0.0,0.0,589376
2023-01-30 14:00:00,00000000270,20230130140000,0.04,0.0,0.035,0.0,0.0,0.0,1.0,0.0,87.5,4,0.0,0.0,589376
2023-01-30 15:00:00,00000000270,20230130150000,0.039,0.001,0.034,0.0,0.0,0.0,1.0,2.56,87.18,4,0.0,0.0,589376
2023-01-30 16:00:00,00000000270,20230130160000,0.029,0.0,0.035,0.0,0.0,0.0,1.0,0.0,120.69,4,0.0,0.0,589376
2023-01-30 17:00:00,00000000270,20230130170000,0.03,0.0,0.035,0.0,0.0,0.0,1.0,0.0,116.67,4,0.0,0.0,589376
2023-01-30 18:00:00,00000000270,20230130180000,0.041,0.0,0.033,0.0,0.0,0.0,1.0,0.0,80.49,4,0.0,0.0,589376
2023-01-30 19:00:00,00000000270,20230130190000,0.042,0.001,0.032,0.0,0.0,0.0,1.0,2.38,76.19,4,0.0,0.0,589376
2023-01-30 20:00:00,00000000270,20230130200000,0.038,0.0,0.033,0.0,0.0,0.0,1.0,0.0,86.84,4,0.0,0.0,589376
2023-01-30 21:00:00,00000000270,20230130210000,0.019,0.0,0.035,0.0,0.0,0.0,1.0,0.0,184.21,4,0.0,0.0,589376
2023-01-30 22:00:00,00000000270,20230130220000,0.041,0.0,0.033,0.0,0.0,0.0,1.0,0.0,80.49,4,0.0,0.0,589376
2023-01-30 23:00:00,00000000270,20230130230000,0.038,0.0,0.034,0.0,0.0,0.0,1.0,0.0,89.47,4,0.0,0.0,589376
2023-01-31 00:00:00,00000000270,20230131000000,0.04,0.001,0.034,0.0,0.0,0.0,1.0,2.5,85.0,4,0.0,0.0,589376
2023-01-31 01:00:00,00000000270,20230131010000,0.119,0.0,0.034,0.0,0.0,0.0,1.0,0.0,28.57,4,0.0,0.0,589376
2023-01-31 02:00:00,00000000270,20230131020000,0.043,0.0,0.036,0.0,0.0,0.0,1.0,0.0,83.72,4,0.0,0.0,589376
2023-01-31 03:00:00,00000000270,20230131030000,0.045,0.0,0.035,0.0,0.0,0.0,1.0,0.0,77.78,4,0.0,0.0,589376
2023-01-31 04:00:00,00000000270,20230131040000,0.039,0.001,0.036,0.0,0.0,0.0,1.0,2.56,92.31,4,0.0,0.0,589376
2023-01-31 05:00:00,00000000270,20230131050000,0.04,0.0,0.035,0.0,0.0,0.0,1.0,0.0,87.5,4,0.0,0.0,589376
2023-01-31 06:00:00,00000000270,20230131060000,0.028,0.0,0.036,0.0,0.0,0.0,1.0,0.0,128.57,4,0.0,0.0,589376
2023-01-31 07:00:00,00000000270,20230131070000,0.031,0.0,0.035,0.0,0.0,0.0,1.0,0.0,112.9,4,0.0,0.0,589376
2023-01-31 08:00:00,00000000270,20230131080000,0.041,0.0,0.035,0.0,0.0,0.0,1.0,0.0,85.37,4,0.0,0.0,589376
2023-01-31 09:00:00,00000000270,20230131090000,0.039,0.001,0.034,0.0,0.0,0.0,1.0,2.56,87.18,4,0.0,0.0,589376
2023-01-31 10:00:00,00000000270,20230131100000,0.039,0.0,0.034,0.0,0.0,0.0,1.0,0.0,87.18,4,0.0,0.0,589376
2023-01-31 11:00:00,00000000270,20230131110000,0.021,0.0,0.036,0.0,0.0,0.0,1.0,0.0,171.43,4,0.0,0.0,589376
2023-01-31 12:00:00,00000000270,20230131120000,0.04,0.0,0.035,0.0,0.0,0.0,1.0,0.0,87.5,4,0.0,0.0,589376
2023-01-31 13:00:00,00000000270,20230131130000,0.039,0.0,0.034,0.0,0.0,0.0,1.0,0.0,87.18,4,0.0,0.0,589376
2023-01-31 14:00:00,00000000270,20230131140000,0.039,0.001,0.033,0.0,0.0,0.0,1.0,2.56,84.62,4,0.0,0.0,589376
2023-01-31 15:00:00,00000000270,20230131150000,0.028,0.0,0.035,0.0,0.0,0.0,1.0,0.0,125.0,4,0.0,0.0,589376
2023-01-31 16:00:00,00000000270,20230131160000,0.034,0.0,0.036,0.0,0.0,0.0,1.0,0.0,105.88,4,0.0,0.0,589376
2023-01-31 17:00:00,00000000270,20230131170000,0.042,0.0,0.034,0.0,0.0,0.0,1.0,0.0,80.95,4,0.0,0.0,589376
2023-01-31 18:00:00,00000000270,20230131180000,0.038,0.001,0.034,0.0,0.0,0.0,1.0,2.63,89.47,4,0.0,0.0,589376
2023-01-31 19:00:00,00000000270,20230131190000,0.035,0.0,0.033,0.0,0.0,0.0,1.0,0.0,94.29,4,0.0,0.0,589376
2023-01-31 20:00:00,00000000270,20230131200000,0.025,0.0,0.034,0.0,0.0,0.0,1.0,0.0,136.0,4,0.0,0.0,589376
2023-01-31 21:00:00,00000000270,20230131210000,0.037,0.0,0.033,0.0,0.0,0.0,1.0,0.0,89.19,4,0.0,0.0,589376
2023-01-31 22:00:00,00000000270,20230131220000,0.039,0.0,0.033,0.0,0.0,0.0,1.0,0.0,84.62,4,0.0,0.0,589376
2023-01-31 23:00:00,00000000270,20230131230000,0.038,0.001,0.034,0.0,0.0,0.0,1.0,2.63,89.47,4,0.0,0.0,589376
2023-02-01 00:00:00,00000000270,20230201000000,0.025,0.0,0.036,0.0,0.0,0.0,1.0,0.0,144.0,4,0.0,0.0,589376
2023-02-01 01:00:00,00000000270,20230201010000,0.038,0.0,0.035,0.0,0.0,0.0,1.0,0.0,92.11,4,0.0,0.0,589376
2023-02-01 02:00:00,00000000270,20230201020000,0.113,0.0,0.036,0.0,0.0,0.0,1.0,0.0,31.86,4,0.0,0.0,589376
2023-02-01 03:00:00,00000000270,20230201030000,0.065,0.0,0.033,0.0,0.0,0.0,1.0,0.0,50.77,4,0.0,0.0,589376
2023-02-01 04:00:00,00000000270,20230201040000,0.044,0.001,0.035,0.0,0.0,0.0,1.0,2.27,79.55,4,0.0,0.0,589376
2023-02-01 05:00:00,00000000270,20230201050000,0.025,0.0,0.038,0.0,0.0,0.0,1.0,0.0,152.0,4,0.0,0.0,589376
2023-02-01 06:00:00,00000000270,20230201060000,0.038,0.0,0.035,0.0,0.0,0.0,1.0,0.0,92.11,4,0.0,0.0,589376
2023-02-01 07:00:00,00000000270,20230201070000,0.038,0.0,0.034,0.0,0.0,0.0,1.0,0.0,89.47,4,0.0,0.0,589376
2023-02-01 08:00:00,00000000270,20230201080000,0.04,0.0,0.035,0.0,0.0,0.0,1.0,0.0,87.5,4,0.0,0.0,589376
2023-02-01 09:00:00,00000000270,20230201090000,0.033,0.001,0.035,0.0,0.0,0.0,1.0,3.03,106.06,4,0.0,0.0,589376
2023-02-01 10:00:00,00000000270,20230201100000,0.026,0.0,0.035,0.0,0.0,0.0,1.0,0.0,134.62,4,0.0,0.0,589376
2023-02-01 11:00:00,00000000270,20230201110000,0.039,0.0,0.034,0.0,0.0,0.0,1.0,0.0,87.18,4,0.0,0.0,589376
2023-02-01 12:00:00,00000000270,20230201120000,0.039,0.0,0.034,0.0,0.0,0.0,1.0,0.0,87.18,4,0.0,0.0,589376
2023-02-01 13:00:00,00000000270,20230201130000,0.037,0.0,0.035,0.0,0.0,0.0,1.0,0.0,94.59,4,0.0,0.0,589376
2023-02-01 14:00:00,00000000270,20230201140000,0.025,0.001,0.036,0.0,0.0,0.0,1.0,4.0,144.0,4,0.0,0.0,589376
2023-02-01 15:00:00,00000000270,20230201150000,0.042,0.0,0.035,0.0,0.0,0.0,1.0,0.0,83.33,4,0.0,0.0,589376
2023-02-01 16:00:00,00000000270,20230201160000,0.041,0.0,0.034,0.0,0.0,0.0,1.0,0.0,82.93,4,0.0,0.0,589376
2023-02-01 17:00:00,00000000270,20230201170000,0.037,0.0,0.035,0.0,0.0,0.0,1.0,0.0,94.59,4,0.0,0.0,589376
2023-02-01 18:00:00,00000000270,20230201180000,0.026,0.0,0.036,0.0,0.0,0.0,1.0,0.0,138.46,4,0.0,0.0,589376
2023-02-01 19:00:00,00000000270,20230201190000,0.04,0.001,0.033,0.0,0.0,0.0,1.0,2.5,82.5,4,0.0,0.0,589376
2023-02-01 20:00:00,00000000270,20230201200000,0.04,0.0,0.033,0.0,0.0,0.0,1.0,0.0,82.5,4,0.0,0.0,589376
2023-02-01 21:00:00,00000000270,20230201210000,0.039,0.0,0.033,0.0,0.0,0.0,1.0,0.0,84.62,4,0.0,0.0,589376
2023-02-01 22:00:00,00000000270,20230201220000,0.023,0.0,0.035,0.0,0.0,0.0,1.0,0.0,152.17,4,0.0,0.0,589376
2023-02-01 23:00:00,00000000270,20230201230000,0.038,0.0,0.034,0.0,0.0,0.0,1.0,0.0,89.47,4,0.0,0.0,589376
2023-02-02 00:00:00,00000000270,20230202000000,0.041,0.001,0.035,0.0,0.0,0.0,1.0,2.44,85.37,4,0.0,0.0,589376
2023-02-02 01:00:00,00000000270,20230202010000,0.038,0.0,0.035,0.0,0.0,0.0,1.0,0.0,92.11,4,0.0,0.0,589376
2023-02-02 02:00:00,00000000270,20230202020000,0.03,0.0,0.037,0.0,0.0,0.0,1.0,0.0,123.33,4,0.0,0.0,589376
2023-02-02 03:00:00,00000000270,20230202030000,0.032,0.0,0.036,0.0,0.0,0.0,1.0,0.0,112.5,4,0.0,0.0,589376
2023-02-02 04:00:00,00000000270,20230202040000,0.115,0.0,0.035,0.0,0.0,0.0,1.0,0.0,30.43,4,0.0,0.0,589376
2023-02-02 05:00:00,00000000270,20230202050000,0.047,0.001,0.035,0.0,0.0,0.0,1.0,2.13,74.47,4,0.0,0.0,589376
2023-02-02 06:00:00,00000000270,20230202060000,0.042,0.0,0.036,0.0,0.0,0.0,1.0,0.0,85.71,4,0.0,0.0,589376
2023-02-02 07:00:00,00000000270,20230202070000,0.04,0.0,0.035,0.0,0.0,0.0,1.0,0.0,87.5,4,0.0,0.0,589376
2023-02-02 08:00:00,00000000270,20230202080000,0.04,0.0,0.034,0.0,0.0,0.0,1.0,0.0,85.0,4,0.0,0.0,589376
2023-02-02 09:00:00,00000000270,20230202090000,0.034,0.001,0.034,0.0,0.0,0.0,1.0,2.94,100.0,4,0.0,0.0,589376
2023-02-02 10:00:00,00000000270,20230202100000,0.037,0.0,0.037,0.0,0.0,0.0,1.0,0.0,100.0,4,0.0,0.0,589376
2023-02-02 11:00:00,00000000270,20230202110000,0.728,0.0,0.041,0.0,0.0,0.0,1.0,0.0,5.63,4,0.0,0.0,589376
2023-02-02 12:00:00,00000000270,20230202120000,0.238,0.0,0.041,0.0,0.0,0.0,1.0,0.0,17.23,4,0.0,0.0,589376
2023-02-02 13:00:00,00000000270,20230202130000,0.042,0.0,0.033,0.0,0.0,0.0,1.0,0.0,78.57,4,0.0,0.0,589376
2023-02-02 14:00:00,00000000270,20230202140000,0.04,0.001,0.036,0.0,0.0,0.0,1.0,2.5,90.0,4,0.0,0.0,589376
2023-02-02 15:00:00,00000000270,20230202150000,0.038,0.0,0.036,0.0,0.0,0.0,1.0,0.0,94.74,4,0.0,0.0,589376
2023-02-02 16:00:00,00000000270,20230202160000,0.045,0.0,0.034,0.0,0.0,0.0,1.0,0.0,75.56,4,0.0,0.0,589376
2023-02-02 17:00:00,00000000270,20230202170000,0.042,0.0,0.035,0.0,0.0,0.0,1.0,0.0,83.33,4,0.0,0.0,589376
2023-02-02 18:00:00,00000000270,20230202180000,0.042,0.001,0.034,0.0,0.0,0.0,1.0,2.38,80.95,4,0.0,0.0,589376
2023-02-02 19:00:00,00000000270,20230202190000,0.034,0.0,0.035,0.0,0.0,0.0,1.0,0.0,102.94,4,0.0,0.0,589376
2023-02-02 20:00:00,00000000270,20230202200000,0.029,0.0,0.034,0.0,0.0,0.0,1.0,0.0,117.24,4,0.0,0.0,589376
2023-02-02 21:00:00,00000000270,20230202210000,0.04,0.0,0.033,0.0,0.0,0.0,1.0,0.0,82.5,4,0.0,0.0,589376
2023-02-02 22:00:00,00000000270,20230202220000,0.038,0.0,0.034,0.0,0.0,0.0,1.0,0.0,89.47,4,0.0,0.0,589376
2023-02-02 23:00:00,00000000270,20230202230000,0.04,0.001,0.034,0.0,0.0,0.0,1.0,2.5,85.0,4,0.0,0.0,589376
2023-02-03 00:00:00,00000000270,20230203000000,0.029,0.0,0.036,0.0,0.0,0.0,1.0,0.0,124.14,4,0.0,0.0,589376
2023-02-03 01:00:00,00000000270,20230203010000,0.034,0.0,0.037,0.0,0.0,0.0,1.0,0.0,108.82,4,0.0,0.0,589376
2023-02-03 02:00:00,00000000270,20230203020000,0.041,0.0,0.035,0.0,0.0,0.0,1.0,0.0,85.37,4,0.0,0.0,589376
2023-02-03 03:00:00,00000000270,20230203030000,0.04,0.0,0.036,0.0,0.0,0.0,1.0,0.0,90.0,4,0.0,0.0,589376
2023-02-03 04:00:00,00000000270,20230203040000,0.04,0.001,0.036,0.0,0.0,0.0,1.0,2.5,90.0,4,0.0,0.0,589376
2023-02-03 05:00:00,00000000270,20230203050000,0.122,0.0,0.034,0.0,0.0,0.0,1.0,0.0,27.87,4,0.0,0.0,589376
2023-02-03 06:00:00,00000000270,20230203060000,0.036,0.0,0.036,0.0,0.0,0.0,1.0,0.0,100.0,4,0.0,0.0,589376
2023-02-03 07:00:00,00000000270,20230203070000,0.045,0.0,0.034,0.0,0.0,0.0,1.0,0.0,75.56,4,0.0,0.0,589376
2023-02-03 08:00:00,00000000270,20230203080000,0.044,0.001,0.035,0.0,0.0,0.0,1.0,2.27,79.55,4,0.0,0.0,589376
2023-02-03 09:00:00,00000000270,20230203090000,0.042,0.0,0.035,0.0,0.0,0.0,1.0,0.0,83.33,4,0.0,0.0,589376
2023-02-03 10:00:00,00000000270,20230203100000,0.025,0.0,0.035,0.0,0.0,0.0,1.0,0.0,140.0,4,0.0,0.0,589376
2023-02-03 11:00:00,00000000270,20230203110000,0.036,0.0,0.035,0.0,0.0,0.0,1.0,0.0,97.22,4,0.0,0.0,589376
2023-02-03 12:00:00,00000000270,20230203120000,0.036,0.0,0.033,0.0,0.0,0.0,1.0,0.0,91.67,4,0.0,0.0,589376
2023-02-03 13:00:00,00000000270,20230203130000,0.04,0.001,0.034,0.0,0.0,0.0,1.0,2.5,85.0,4,0.0,0.0,589376
2023-02-03 14:00:00,00000000270,20230203140000,0.04,0.0,0.034,0.0,0.0,0.0,1.0,0.0,85.0,4,0.0,0.0,589376
2023-02-03 15:00:00,00000000270,20230203150000,0.029,0.0,0.035,0.0,0.0,0.0,1.0,0.0,120.69,4,0.0,0.0,589376
2023-02-03 16:00:00,00000000270,20230203160000,0.031,0.0,0.036,0.0,0.0,0.0,1.0,0.0,116.13,4,0.0,0.0,589376
2023-02-03 17:00:00,00000000270,20230203170000,0.042,0.001,0.035,0.0,0.0,0.0,1.0,2.38,83.33,4,0.0,0.0,589376
2023-02-03 18:00:00,00000000270,20230203180000,0.042,0.0,0.034,0.0,0.0,0.0,1.0,0.0,80.95,4,0.0,0.0,589376
2023-02-03 19:00:00,00000000270,20230203190000,0.039,0.0,0.033,0.0,0.0,0.0,1.0,0.0,84.62,4,0.0,0.0,589376
2023-02-03 20:00:00,00000000270,20230203200000,0.028,0.0,0.033,0.0,0.0,0.0,1.0,0.0,117.86,4,0.0,0.0,589376
2023-02-03 21:00:00,00000000270,20230203210000,0.03,0.0,0.034,0.0,0.0,0.0,1.0,0.0,113.33,4,0.0,0.0,589376
2023-02-03 22:00:00,00000000270,20230203220000,0.039,0.001,0.034,0.0,0.0,0.0,1.0,2.56,87.18,4,0.0,0.0,589376
2023-02-03 23:00:00,00000000270,20230203230000,0.039,0.0,0.034,0.0,0.0,0.0,1.0,0.0,87.18,4,0.0,0.0,589376
2023-02-04 00:00:00,00000000270,20230204000000,0.042,0.0,0.035,0.0,0.0,0.0,1.0,0.0,83.33,4,0.0,0.0,589376
2023-02-04 01:00:00,00000000270,20230204010000,0.026,0.0,0.037,0.0,0.0,0.0,1.0,0.0,142.31,4,0.0,0.0,589376
2023-02-04 02:00:00,00000000270,20230204020000,0.034,0.001,0.036,0.0,0.0,0.0,1.0,2.94,105.88,4,0.0,0.0,589376
2023-02-04 03:00:00,00000000270,20230204030000,0.041,0.0,0.035,0.0,0.0,0.0,1.0,0.0,85.37,4,0.0,0.0,589376
2023-02-04 04:00:00,00000000270,20230204040000,0.04,0.0,0.035,0.0,0.0,0.0,1.0,0.0,87.5,4,0.0,0.0,589376
2023-02-04 05:00:00,00000000270,20230204050000,0.037,0.0,0.036,0.0,0.0,0.0,1.0,0.0,97.3,4,0.0,0.0,589376
2023-02-04 06:00:00,00000000270,20230204060000,0.093,0.0,0.037,0.0,0.0,0.0,1.0,0.0,39.78,4,0.0,0.0,589376
2023-02-04 07:00:00,00000000270,20230204070000,0.071,0.001,0.032,0.0,0.0,0.0,1.0,1.41,45.07,4,0.0,0.0,589376
2023-02-04 08:00:00,00000000270,20230204080000,0.045,0.0,0.036,0.0,0.0,0.0,1.0,0.0,80.0,4,0.0,0.0,589376
2023-02-04 09:00:00,00000000270,20230204090000,0.041,0.0,0.035,0.0,0.0,0.0,1.0,0.0,85.37,4,0.0,0.0,589376
2023-02-04 10:00:00,00000000270,20230204100000,0.024,0.0,0.037,0.0,0.0,0.0,1.0,0.0,154.17,4,0.0,0.0,589376
2023-02-04 11:00:00,00000000270,20230204110000,0.036,0.001,0.035,0.0,0.0,0.0,1.0,2.78,97.22,4,0.0,0.0,589376
2023-02-04 12:00:00,00000000270,20230204120000,0.039,0.0,0.034,0.0,0.0,0.0,1.0,0.0,87.18,4,0.0,0.0,589376
2023-02-04 13:00:00,00000000270,20230204130000,0.039,0.0,0.035,0.0,0.0,0.0,1.0,0.0,89.74,4,0.0,0.0,589376
2023-02-04 14:00:00,00000000270,20230204140000,0.042,0.0,0.036,0.0,0.0,0.0,1.0,0.0,85.71,4,0.0,0.0,589376
2023-02-04 15:00:00,00000000270,20230204150000,0.032,0.001,0.037,0.0,0.0,0.0,1.0,3.12,115.62,4,0.0,0.0,589376
2023-02-04 16:00:00,00000000270,20230204160000,0.03,0.0,0.036,0.0,0.0,0.0,1.0,0.0,120.0,4,0.0,0.0,589376
2023-02-04 17:00:00,00000000270,20230204170000,0.04,0.0,0.035,0.0,0.0,0.0,1.0,0.0,87.5,4,0.0,0.0,589376
2023-02-04 18:00:00,00000000270,20230204180000,0.039,0.0,0.034,0.0,0.0,0.0,1.0,0.0,87.18,4,0.0,0.0,589376
2023-02-04 19:00:00,00000000270,20230204190000,0.044,0.001,0.034,0.0,0.0,0.0,1.0,2.27,77.27,4,0.0,0.0,589376
2023-02-04 20:00:00,00000000270,20230204200000,0.027,0.0,0.035,0.0,0.0,0.0,1.0,0.0,129.63,4,0.0,0.0,589376
2023-02-04 21:00:00,00000000270,20230204210000,0.031,0.0,0.034,0.0,0.0,0.0,1.0,0.0,109.68,4,0.0,0.0,589376
2023-02-04 22:00:00,00000000270,20230204220000,0.039,0.0,0.033,0.0,0.0,0.0,1.0,0.0,84.62,4,0.0,0.0,589376
2023-02-04 23:00:00,00000000270,20230204230000,0.041,0.0,0.035,0.0,0.0,0.0,1.0,0.0,85.37,4,0.0,0.0,589376
2023-02-05 00:00:00,00000000270,20230205000000,0.04,0.001,0.035,0.0,0.0,0.0,1.0,2.5,87.5,4,0.0,0.0,589376
2023-02-05 01:00:00,00000000270,20230205010000,0.032,0.0,0.036,0.0,0.0,0.0,1.0,0.0,112.5,4,0.0,0.0,589376
2023-02-05 02:00:00,00000000270,20230205020000,0.026,0.0,0.037,0.0,0.0,0.0,1.0,0.0,142.31,4,0.0,0.0,589376
2023-02-05 03:00:00,00000000270,20230205030000,0.04,0.0,0.035,0.0,0.0,0.0,1.0,0.0,87.5,4,0.0,0.0,589376
2023-02-05 04:00:00,00000000270,20230205040000,0.039,0.0,0.037,0.0,0.0,0.0,1.0,0.0,94.87,4,0.0,0.0,589376
2023-02-05 05:00:00,00000000270,20230205050000,0.042,0.001,0.036,0.0,0.0,0.0,1.0,2.38,85.71,4,0.0,0.0,589376
2023-02-05 06:00:00,00000000270,20230205060000,0.032,0.0,0.037,0.0,0.0,0.0,1.0,0.0,115.62,4,0.0,0.0,589376
2023-02-05 07:00:00,00000000270,20230205070000,0.032,0.0,0.038,0.0,0.0,0.0,1.0,0.0,118.75,4,0.0,0.0,589376
2023-02-05 08:00:00,00000000270,20230205080000,0.122,0.0,0.034,0.0,0.0,0.0,1.0,0.0,27.87,4,0.0,0.0,589376
2023-02-05 09:00:00,00000000270,20230205090000,0.042,0.001,0.036,0.0,0.0,0.0,1.0,2.38,85.71,4,0.0,0.0,589376
2023-02-05 10:00:00,00000000270,20230205100000,0.038,0.0,0.035,0.0,0.0,0.0,1.0,0.0,92.11,4,0.0,0.0,589376
2023-02-05 11:00:00,00000000270,20230205110000,0.041,0.0,0.034,0.0,0.0,0.0,1.0,0.0,82.93,4,0.0,0.0,589376
2023-02-05 12:00:00,00000000270,20230205120000,0.037,0.0,0.034,0.0,0.0,0.0,1.0,0.0,91.89,4,0.0,0.0,589376
2023-02-05 13:00:00,00000000270,20230205130000,0.032,0.001,0.029,0.0,0.0,0.0,1.0,3.12,90.62,4,0.0,0.0,589376
2023-02-05 14:00:00,00000000270,20230205140000,0.026,0.0,0.035,0.0,0.0,0.0,1.0,0.0,134.62,4,0.0,0.0,589376
2023-02-05 15:00:00,00000000270,20230205150000,0.026,0.0,0.014,0.0,0.0,0.0,1.0,0.0,53.85,4,0.0,0.0,589376
2023-02-05 16:00:00,00000000270,20230205160000,0.04,0.0,0.034,0.0,0.0,0.0,1.0,0.0,85.0,4,0.0,0.0,589376
2023-02-05 17:00:00,00000000270,20230205170000,0.039,0.0,0.032,0.0,0.0,0.0,1.0,0.0,82.05,4,0.0,0.0,589376
2023-02-05 18:00:00,00000000270,20230205180000,0.036,0.001,0.032,0.0,0.0,0.0,1.0,2.78,88.89,4,0.0,0.0,589376
2023-02-05 19:00:00,00000000270,20230205190000,0.03,0.0,0.031,0.0,0.0,0.0,1.0,0.0,103.33,4,0.0,0.0,589376
2023-02-05 20:00:00,00000000270,20230205200000,0.026,0.0,0.034,0.0,0.0,0.0,1.0,0.0,130.77,4,0.0,0.0,589376
2023-02-05 21:00:00,00000000270,20230205210000,0.038,0.0,0.033,0.0,0.0,0.0,1.0,0.0,86.84,4,0.0,0.0,589376
2023-02-05 22:00:00,00000000270,20230205220000,0.039,0.0,0.035,0.0,0.0,0.0,1.0,0.0,89.74,4,0.0,0.0,589376
2023-02-05 23:00:00,00000000270,20230205230000,0.034,0.001,0.033,0.0,0.0,0.0,1.0,2.94,97.06,4,0.0,0.0,589376
2023-02-06 00:00:00,00000000270,20230206000000,0.021,0.0,0.037,0.0,0.0,0.0,1.0,0.0,176.19,4,0.0,0.0,589376
2023-02-06 01:00:00,00000000270,20230206010000,0.042,0.0,0.035,0.0,0.0,0.0,1.0,0.0,83.33,4,0.0,0.0,589376
2023-02-06 02:00:00,00000000270,20230206020000,0.034,0.0,0.035,0.0,0.0,0.0,1.0,0.0,102.94,4,0.0,0.0,589376
2023-02-06 03:00:00,00000000270,20230206030000,0.038,0.0,0.036,0.0,0.0,0.0,1.0,0.0,94.74,4,0.0,0.0,589376
2023-02-06 04:00:00,00000000270,20230206040000,0.025,0.001,0.038,0.0,0.0,0.0,1.0,4.0,152.0,4,0.0,0.0,589376
2023-02-06 05:00:00,00000000270,20230206050000,0.033,0.0,0.035,0.0,0.0,0.0,1.0,0.0,106.06,4,0.0,0.0,589376
2023-02-06 06:00:00,00000000270,20230206060000,0.038,0.0,0.036,0.0,0.0,0.0,1.0,0.0,94.74,4,0.0,0.0,589376
2023-02-06 07:00:00,00000000270,20230206070000,0.039,0.0,0.035,0.0,0.0,0.0,1.0,0.0,89.74,4,0.0,0.0,589376
2023-02-06 08:00:00,00000000270,20230206080000,0.015,0.0,0.035,0.0,0.0,0.0,1.0,0.0,233.33,4,0.0,0.0,589376
2023-02-06 09:00:00,00000000270,20230206090000,0.041,0.001,0.035,0.0,0.0,0.0,1.0,2.44,85.37,4,0.0,0.0,589376
2023-02-06 10:00:00,00000000270,20230206100000,0.132,0.0,0.031,0.0,0.0,0.0,1.0,0.0,23.48,4,0.0,0.0,589376
2023-02-06 11:00:00,00000000270,20230206110000,0.032,0.0,0.034,0.0,0.0,0.0,1.0,0.0,106.25,4,0.0,0.0,589376
2023-02-06 12:00:00,00000000270,20230206120000,0.033,0.0,0.035,0.0,0.0,0.0,1.0,0.0,106.06,4,0.0,0.0,589376
2023-02-06 13:00:00,00000000270,20230206130000,0.033,0.0,0.032,0.0,0.0,0.0,1.0,0.0,96.97,4,0.0,0.0,589376
2023-02-06 14:00:00,00000000270,20230206140000,0.039,0.001,0.034,0.0,0.0,0.0,1.0,2.56,87.18,4,0.0,0.0,589376
2023-02-06 15:00:00,00000000270,20230206150000,0.03,0.0,0.033,0.0,0.0,0.0,1.0,0.0,110.0,4,0.0,0.0,589376
2023-02-06 16:00:00,00000000270,20230206160000,0.026,0.0,0.035,0.0,0.0,0.0,1.0,0.0,134.62,4,0.0,0.0,589376
2023-02-06 17:00:00,00000000270,20230206170000,0.033,0.0,0.032,0.0,0.0,0.0,1.0,0.0,96.97,4,0.0,0.0,589376
2023-02-06 18:00:00,00000000270,20230206180000,0.041,0.0,0.034,0.0,0.0,0.0,1.0,0.0,82.93,4,0.0,0.0,589376
2023-02-06 19:00:00,00000000270,20230206190000,0.016,0.0,0.033,0.0,0.0,0.0,1.0,0.0,206.25,4,0.0,0.0,589376
2023-02-06 20:00:00,00000000270,20230206200000,0.04,0.001,0.033,0.0,0.0,0.0,1.0,2.5,82.5,4,0.0,0.0,589376
2023-02-06 21:00:00,00000000270,20230206210000,0.034,0.0,0.032,0.0,0.0,0.0,1.0,0.0,94.12,4,0.0,0.0,589376
2023-02-06 22:00:00,00000000270,20230206220000,0.028,0.0,0.034,0.0,0.0,0.0,1.0,0.0,121.43,4,0.0,0.0,589376
2023-02-06 23:00:00,00000000270,20230206230000,0.029,0.0,0.036,0.0,0.0,0.0,1.0,0.0,124.14,4,0.0,0.0,589376
2023-02-07 00:00:00,00000000270,20230207000000,0.034,0.0,0.033,0.0,0.0,0.0,1.0,0.0,97.06,4,0.0,0.0,589376
2023-02-07 01:00:00,00000000270,20230207010000,0.038,0.001,0.036,0.0,0.0,0.0,1.0,2.63,94.74,4,0.0,0.0,589376
2023-02-07 02:00:00,00000000270,20230207020000,0.019,0.0,0.036,0.0,0.0,0.0,1.0,0.0,189.47,4,0.0,0.0,589376
2023-02-07 03:00:00,00000000270,20230207030000,0.035,0.0,0.035,0.0,0.0,0.0,1.0,0.0,100.0,4,0.0,0.0,589376
2023-02-07 04:00:00,00000000270,20230207040000,0.041,0.0,0.037,0.0,0.0,0.0,1.0,0.0,90.24,4,0.0,0.0,589376
2023-02-07 05:00:00,00000000270,20230207050000,0.018,0.0,0.037,0.0,0.0,0.0,1.0,0.0,205.56,4,0.0,0.0,589376
2023-02-07 06:00:00,00000000270,20230207060000,0.045,0.009,0.033,0.0,0.0,0.0,1.0,20.0,73.33,4,0.0,0.0,589376
2023-02-07 07:00:00,00000000270,20230207070000,0.037,0.0,0.034,0.0,0.0,0.0,1.0,0.0,91.89,4,0.0,0.0,589376
2023-02-07 08:00:00,00000000270,20230207080000,0.022,0.0,0.037,0.0,0.0,0.0,1.0,0.0,168.18,4,0.0,0.0,589376
2023-02-07 09:00:00,00000000270,20230207090000,0.033,0.0,0.033,0.0,0.0,0.0,1.0,0.0,100.0,4,0.0,0.0,589376
2023-02-07 10:00:00,00000000270,20230207100000,0.036,0.001,0.033,0.0,0.0,0.0,1.0,2.78,91.67,4,0.0,0.0,589376
2023-02-07 11:00:00,00000000270,20230207110000,0.092,0.0,0.035,0.0,0.0,0.0,1.0,0.0,38.04,4,0.0,0.0,589376
2023-02-07 12:00:00,00000000270,20230207120000,0.055,0.0,0.031,0.0,0.0,0.0,1.0,0.0,56.36,4,0.0,0.0,589376
2023-02-07 13:00:00,00000000270,20230207130000,0.042,0.0,0.034,0.0,0.0,0.0,1.0,0.0,80.95,4,0.0,0.0,589376
2023-02-07 14:00:00,00000000270,20230207140000,0.034,0.0,0.032,0.0,0.0,0.0,1.0,0.0,94.12,4,0.0,0.0,589376
2023-02-07 15:00:00,00000000270,20230207150000,0.019,0.0,0.035,0.0,0.0,0.0,1.0,0.0,184.21,4,0.0,0.0,589376
2023-02-07 16:00:00,00000000270,20230207160000,0.037,0.001,0.033,0.0,0.0,0.0,1.0,2.7,89.19,4,0.0,0.0,589376
2023-02-07 17:00:00,00000000270,20230207170000,0.033,0.0,0.033,0.0,0.0,0.0,1.0,0.0,100.0,4,0.0,0.0,589376
2023-02-07 18:00:00,00000000270,20230207180000,0.037,0.0,0.035,0.0,0.0,0.0,1.0,0.0,94.59,4,0.0,0.0,589376
2023-02-07 19:00:00,00000000270,20230207190000,0.02,0.0,0.032,0.0,0.0,0.0,1.0,0.0,160.0,4,0.0,0.0,589376
2023-02-07 20:00:00,00000000270,20230207200000,0.033,0.0,0.032,0.0,0.0,0.0,1.0,0.0,96.97,4,0.0,0.0,589376
2023-02-07 21:00:00,00000000270,20230207210000,0.041,0.0,0.034,0.0,0.0,0.0,1.0,0.0,82.93,4,0.0,0.0,589376
2023-02-07 22:00:00,00000000270,20230207220000,0.017,0.001,0.035,0.0,0.0,0.0,1.0,5.88,205.88,4,0.0,0.0,589376
2023-02-07 23:00:00,00000000270,20230207230000,0.034,0.0,0.033,0.0,0.0,0.0,1.0,0.0,97.06,4,0.0,0.0,589376
2023-02-08 00:00:00,00000000270,20230208000000,0.038,0.0,0.035,0.0,0.0,0.0,1.0,0.0,92.11,4,0.0,0.0,589376
2023-02-08 01:00:00,00000000270,20230208010000,0.02,0.0,0.036,0.0,0.0,0.0,1.0,0.0,180.0,4,0.0,0.0,589376
2023-02-08 02:00:00,00000000270,20230208020000,0.034,0.0,0.035,0.0,0.0,0.0,1.0,0.0,102.94,4,0.0,0.0,589376
2023-02-08 03:00:00,00000000270,20230208030000,0.037,0.0,0.035,0.0,0.0,0.0,1.0,0.0,94.59,4,0.0,0.0,589376
2023-02-08 04:00:00,00000000270,20230208040000,0.023,0.0,0.038,0.0,0.0,0.0,1.0,0.0,165.22,4,0.0,0.0,589376
2023-02-08 05:00:00,00000000270,20230208050000,0.034,0.001,0.035,0.0,0.0,0.0,1.0,2.94,102.94,4,0.0,0.0,589376
2023-02-08 06:00:00,00000000270,20230208060000,0.033,0.0,0.034,0.0,0.0,0.0,1.0,0.0,103.03,4,0.0,0.0,589376
2023-02-08 07:00:00,00000000270,20230208070000,0.027,0.0,0.037,0.0,0.0,0.0,1.0,0.0,137.04,4,0.0,0.0,589376
2023-02-08 08:00:00,00000000270,20230208080000,0.033,0.0,0.035,0.0,0.0,0.0,1.0,0.0,106.06,4,0.0,0.0,589376
2023-02-08 09:00:00,00000000270,20230208090000,0.035,0.0,0.034,0.0,0.0,0.0,1.0,0.0,97.14,4,0.0,0.0,589376
2023-02-08 10:00:00,00000000270,20230208100000,0.023,0.001,0.033,0.0,0.0,0.0,1.0,4.35,143.48,4,0.0,0.0,589376
2023-02-08 11:00:00,00000000270,20230208110000,0.028,0.0,0.033,0.0,0.0,0.0,1.0,0.0,117.86,4,0.0,0.0,589376
2023-02-08 12:00:00,00000000270,20230208120000,0.041,0.0,0.034,0.0,0.0,0.0,1.0,0.0,82.93,4,0.0,0.0,589376
2023-02-08 13:00:00,00000000270,20230208130000,0.119,0.0,0.031,0.0,0.0,0.0,1.0,0.0,26.05,4,0.0,0.0,589376
2023-02-08 14:00:00,00000000270,20230208140000,0.025,0.0,0.033,0.0,0.0,0.0,1.0,0.0,132.0,4,0.0,0.0,589376
2023-02-08 15:00:00,00000000270,20230208150000,0.035,0.0,0.032,0.0,0.0,0.0,1.0,0.0,91.43,4,0.0,0.0,589376
2023-02-08 16:00:00,00000000270,20230208160000,0.042,0.001,0.035,0.0,0.0,0.0,1.0,2.38,83.33,4,0.0,0.0,589376
2023-02-08 17:00:00,00000000270,20230208170000,0.031,0.0,0.032,0.0,0.0,0.0,1.0,0.0,103.23,4,0.0,0.0,589376
2023-02-08 18:00:00,00000000270,20230208180000,0.019,0.0,0.034,0.0,0.0,0.0,1.0,0.0,178.95,4,0.0,0.0,589376
2023-02-08 19:00:00,00000000270,20230208190000,0.034,0.0,0.032,0.0,0.0,0.0,1.0,0.0,94.12,4,0.0,0.0,589376
2023-02-08 20:00:00,00000000270,20230208200000,0.041,0.0,0.034,0.0,0.0,0.0,1.0,0.0,82.93,4,0.0,0.0,589376
2023-02-08 21:00:00,00000000270,20230208210000,0.017,0.001,0.033,0.0,0.0,0.0,1.0,5.88,194.12,4,0.0,0.0,589376
2023-02-08 22:00:00,00000000270,20230208220000,0.035,0.0,0.033,0.0,0.0,0.0,1.0,0.0,94.29,4,0.0,0.0,589376
2023-02-08 23:00:00,00000000270,20230208230000,0.034,0.0,0.033,0.0,0.0,0.0,1.0,0.0,97.06,4,0.0,0.0,589376
2023-02-09 00:00:00,00000000270,20230209000000,0.018,0.0,0.035,0.0,0.0,0.0,1.0,0.0,194.44,4,0.0,0.0,589376
2023-02-09 01:00:00,00000000270,20230209010000,0.041,0.0,0.037,0.0,0.0,0.0,1.0,0.0,90.24,4,0.0,0.0,589376
2023-02-09 02:00:00,00000000270,20230209020000,0.035,0.0,0.034,0.0,0.0,0.0,1.0,0.0,97.14,4,0.0,0.0,589376
2023-02-09 03:00:00,00000000270,20230209030000,0.017,0.0,0.037,0.0,0.0,0.0,1.0,0.0,217.65,4,0.0,0.0,589376
2023-02-09 04:00:00,00000000270,20230209040000,0.034,0.001,0.035,0.0,0.0,0.0,1.0,2.94,102.94,4,0.0,0.0,589376
2023-02-09 05:00:00,00000000270,20230209050000,0.037,0.0,0.036,0.0,0.0,0.0,1.0,0.0,97.3,4,0.0,0.0,589376
2023-02-09 06:00:00,00000000270,20230209060000,0.024,0.0,0.037,0.0,0.0,0.0,1.0,0.0,154.17,4,0.0,0.0,589376
2023-02-09 07:00:00,00000000270,20230209070000,0.035,0.0,0.034,0.0,0.0,0.0,1.0,0.0,97.14,4,0.0,0.0,589376
2023-02-09 08:00:00,00000000270,20230209080000,0.034,0.0,0.034,0.0,0.0,0.0,1.0,0.0,100.0,4,0.0,0.0,589376
2023-02-09 09:00:00,00000000270,20230209090000,0.017,0.0,0.035,0.0,0.0,0.0,1.0,0.0,205.88,4,0.0,0.0,589376
2023-02-09 10:00:00,00000000270,20230209100000,0.034,0.001,0.033,0.0,0.0,0.0,1.0,2.94,97.06,4,0.0,0.0,589376
2023-02-09 11:00:00,00000000270,20230209110000,0.036,0.0,0.032,0.0,0.0,0.0,1.0,0.0,88.89,4,0.0,0.0,589376
2023-02-09 12:00:00,00000000270,20230209120000,0.026,0.0,0.035,0.0,0.0,0.0,1.0,0.0,134.62,4,0.0,0.0,589376
2023-02-09 13:00:00,00000000270,20230209130000,0.03,0.0,0.033,0.0,0.0,0.0,1.0,0.0,110.0,4,0.0,0.0,589376
2023-02-09 14:00:00,00000000270,20230209140000,0.089,0.0,0.032,0.0,0.0,0.0,1.0,0.0,35.96,4,0.0,0.0,589376
2023-02-09 15:00:00,00000000270,20230209150000,0.07,0.001,0.031,0.0,0.0,0.0,1.0,1.43,44.29,4,0.0,0.0,589376
2023-02-09 16:00:00,00000000270,20230209160000,0.028,0.0,0.033,0.0,0.0,0.0,1.0,0.0,117.86,4,0.0,0.0,589376
2023-02-09 17:00:00,00000000270,20230209170000,0.034,0.0,0.036,0.0,0.0,0.0,1.0,0.0,105.88,4,0.0,0.0,589376
2023-02-09 18:00:00,00000000270,20230209180000,0.033,0.0,0.032,0.0,0.0,0.0,1.0,0.0,96.97,4,0.0,0.0,589376
2023-02-09 19:00:00,00000000270,20230209190000,0.035,0.0,0.032,0.0,0.0,0.0,1.0,0.0,91.43,4,0.0,0.0,589376
2023-02-09 20:00:00,00000000270,20230209200000,0.016,0.0,0.034,0.0,0.0,0.0,1.0,0.0,212.5,4,0.0,0.0,589376
2023-02-09 21:00:00,00000000270,20230209210000,0.035,0.001,0.032,0.0,0.0,0.0,1.0,2.86,91.43,4,0.0,0.0,589376
2023-02-09 22:00:00,00000000270,20230209220000,0.04,0.0,0.034,0.0,0.0,0.0,1.0,0.0,85.0,4,0.0,0.0,589376
2023-02-09 23:00:00,00000000270,20230209230000,0.019,0.0,0.035,0.0,0.0,0.0,1.0,0.0,184.21,4,0.0,0.0,589376
2023-02-10 00:00:00,00000000270,20230210000000,0.034,0.0,0.033,0.0,0.0,0.0,1.0,0.0,97.06,4,0.0,0.0,589376
2023-02-10 01:00:00,00000000270,20230210010000,0.034,0.0,0.035,0.0,0.0,0.0,1.0,0.0,102.94,4,0.0,0.0,589376
2023-02-10 02:00:00,00000000270,20230210020000,0.018,0.001,0.036,0.0,0.0,0.0,1.0,5.56,200.0,4,0.0,0.0,589376
2023-02-10 03:00:00,00000000270,20230210030000,0.037,0.0,0.036,0.0,0.0,0.0,1.0,0.0,97.3,4,0.0,0.0,589376
2023-02-10 04:00:00,00000000270,20230210040000,0.04,0.0,0.037,0.0,0.0,0.0,1.0,0.0,92.5,4,0.0,0.0,589376
2023-02-10 05:00:00,00000000270,20230210050000,0.025,0.0,0.036,0.0,0.0,0.0,1.0,0.0,144.0,4,0.0,0.0,589376
2023-02-10 06:00:00,00000000270,20230210060000,0.028,0.0,0.036,0.0,0.0,0.0,1.0,0.0,128.57,4,0.0,0.0,589376
2023-02-10 07:00:00,00000000270,20230210070000,0.035,0.0,0.034,0.0,0.0,0.0,1.0,0.0,97.14,4,0.0,0.0,589376
2023-02-10 08:00:00,00000000270,20230210080000,0.022,0.0,0.035,0.0,0.0,0.0,1.0,0.0,159.09,4,0.0,0.0,589376
2023-02-10 09:00:00,00000000270,20230210090000,0.031,0.001,0.034,0.0,0.0,0.0,1.0,3.23,109.68,4,0.0,0.0,589376
2023-02-10 10:00:00,00000000270,20230210100000,0.039,0.0,0.034,0.0,0.0,0.0,1.0,0.0,87.18,4,0.0,0.0,589376
2023-02-10 11:00:00,00000000270,20230210110000,0.029,0.0,0.035,0.0,0.0,0.0,1.0,0.0,120.69,4,0.0,0.0,589376
2023-02-10 12:00:00,00000000270,20230210120000,0.026,0.0,0.033,0.0,0.0,0.0,1.0,0.0,126.92,4,0.0,0.0,589376
2023-02-10 13:00:00,00000000270,20230210130000,0.034,0.0,0.033,0.0,0.0,0.0,1.0,0.0,97.06,4,0.0,0.0,589376
2023-02-10 14:00:00,00000000270,20230210140000,0.017,0.0,0.034,0.0,0.0,0.0,1.0,0.0,200.0,4,0.0,0.0,589376
2023-02-10 15:00:00,00000000270,20230210150000,0.034,0.001,0.033,0.0,0.0,0.0,1.0,2.94,97.06,4,0.0,0.0,589376
2023-02-10 16:00:00,00000000270,20230210160000,0.111,0.0,0.033,0.0,0.0,0.0,1.0,0.0,29.73,4,0.0,0.0,589376
2023-02-10 17:00:00,00000000270,20230210170000,0.044,0.0,0.034,0.0,0.0,0.0,1.0,0.0,77.27,4,0.0,0.0,589376
2023-02-10 18:00:00,00000000270,20230210180000,0.037,0.0,0.033,0.0,0.0,0.0,1.0,0.0,89.19,4,0.0,0.0,589376
2023-02-10 19:00:00,00000000270,20230210190000,0.033,0.0,0.031,0.0,0.0,0.0,1.0,0.0,93.94,4,0.0,0.0,589376
2023-02-10 20:00:00,00000000270,20230210200000,0.022,0.0,0.033,0.0,0.0,0.0,1.0,0.0,150.0,4,0.0,0.0,589376
2023-02-10 21:00:00,00000000270,20230210210000,0.032,0.001,0.034,0.0,0.0,0.0,1.0,3.12,106.25,4,0.0,0.0,589376
2023-02-10 22:00:00,00000000270,20230210220000,0.039,0.0,0.034,0.0,0.0,0.0,1.0,0.0,87.18,4,0.0,0.0,589376
2023-02-10 23:00:00,00000000270,20230210230000,0.028,0.0,0.034,0.0,0.0,0.0,1.0,0.0,121.43,4,0.0,0.0,589376
2023-02-11 00:00:00,00000000270,20230211000000,0.024,0.0,0.034,0.0,0.0,0.0,1.0,0.0,141.67,4,0.0,0.0,589376
2023-02-11 01:00:00,00000000270,20230211010000,0.034,0.0,0.033,0.0,0.0,0.0,1.0,0.0,97.06,4,0.0,0.0,589376
2023-02-11 02:00:00,00000000270,20230211020000,0.036,0.0,0.035,0.0,0.0,0.0,1.0,0.0,97.22,4,0.0,0.0,589376
2023-02-11 03:00:00,00000000270,20230211030000,0.023,0.001,0.038,0.0,0.0,0.0,1.0,4.35,165.22,4,0.0,0.0,589376
2023-02-11 04:00:00,00000000270,20230211040000,0.035,0.0,0.035,0.0,0.0,0.0,1.0,0.0,100.0,4,0.0,0.0,589376
2023-02-11 05:00:00,00000000270,20230211050000,0.035,0.0,0.035,0.0,0.0,0.0,1.0,0.0,100.0,4,0.0,0.0,589376
2023-02-11 06:00:00,00000000270,20230211060000,0.02,0.0,0.037,0.0,0.0,0.0,1.0,0.0,185.0,4,0.0,0.0,589376
2023-02-11 07:00:00,00000000270,20230211070000,0.035,0.0,0.035,0.0,0.0,0.0,1.0,0.0,100.0,4,0.0,0.0,589376
2023-02-11 08:00:00,00000000270,20230211080000,0.04,0.0,0.036,0.0,0.0,0.0,1.0,0.0,90.0,4,0.0,0.0,589376
2023-02-11 09:00:00,00000000270,20230211090000,0.019,0.0,0.038,0.0,0.0,0.0,1.0,0.0,200.0,4,0.0,0.0,589376
2023-02-11 10:00:00,00000000270,20230211100000,0.035,0.001,0.034,0.0,0.0,0.0,1.0,2.86,97.14,4,0.0,0.0,589376
2023-02-11 11:00:00,00000000270,20230211110000,0.034,0.0,0.034,0.0,0.0,0.0,1.0,0.0,100.0,4,0.0,0.0,589376
2023-02-11 12:00:00,00000000270,20230211120000,0.019,0.0,0.036,0.0,0.0,0.0,1.0,0.0,189.47,4,0.0,0.0,589376
2023-02-11 13:00:00,00000000270,20230211130000,0.04,0.0,0.036,0.0,0.0,0.0,1.0,0.0,90.0,4,0.0,0.0,589376
2023-02-11 14:00:00,00000000270,20230211140000,0.035,0.0,0.033,0.0,0.0,0.0,1.0,0.0,94.29,4,0.0,0.0,589376
2023-02-11 15:00:00,00000000270,20230211150000,0.016,0.0,0.035,0.0,0.0,0.0,1.0,0.0,218.75,4,0.0,0.0,589376
2023-02-11 16:00:00,00000000270,20230211160000,0.036,0.0,0.034,0.0,0.0,0.0,1.0,0.0,94.44,4,0.0,0.0,589376
2023-02-11 17:00:00,00000000270,20230211170000,0.081,0.001,0.035,0.0,0.0,0.0,1.0,1.23,43.21,4,0.0,0.0,589376
2023-02-11 18:00:00,00000000270,20230211180000,0.086,0.0,0.03,0.0,0.0,0.0,1.0,0.0,34.88,4,0.0,0.0,589376
2023-02-11 19:00:00,00000000270,20230211190000,0.027,0.0,0.031,0.0,0.0,0.0,1.0,0.0,114.81,4,0.0,0.0,589376
2023-02-11 20:00:00,00000000270,20230211200000,0.032,0.0,0.034,0.0,0.0,0.0,1.0,0.0,106.25,4,0.0,0.0,589376
2023-02-11 21:00:00,00000000270,20230211210000,0.033,0.001,0.032,0.0,0.0,0.0,1.0,3.03,96.97,4,0.0,0.0,589376
2023-02-11 22:00:00,00000000270,20230211220000,0.034,0.0,0.032,0.0,0.0,0.0,1.0,0.0,94.12,4,0.0,0.0,589376
2023-02-11 23:00:00,00000000270,20230211230000,0.028,0.0,0.034,0.0,0.0,0.0,1.0,0.0,121.43,4,0.0,0.0,589376
2023-02-12 00:00:00,00000000270,20230212000000,0.029,0.0,0.035,0.0,0.0,0.0,1.0,0.0,120.69,4,0.0,0.0,589376
2023-02-12 01:00:00,00000000270,20230212010000,0.034,0.0,0.033,0.0,0.0,0.0,1.0,0.0,97.06,4,0.0,0.0,589376
2023-02-12 02:00:00,00000000270,20230212020000,0.034,0.0,0.034,0.0,0.0,0.0,1.0,0.0,100.0,4,0.0,0.0,589376
2023-02-12 03:00:00,00000000270,20230212030000,0.025,0.001,0.037,0.0,0.0,0.0,1.0,4.0,148.0,4,0.0,0.0,589376
2023-02-12 04:00:00,00000000270,20230212040000,0.035,0.0,0.035,0.0,0.0,0.0,1.0,0.0,100.0,4,0.0,0.0,589376
2023-02-12 05:00:00,00000000270,20230212050000,0.034,0.0,0.034,0.0,0.0,0.0,1.0,0.0,100.0,4,0.0,0.0,589376
2023-02-12 06:00:00,00000000270,20230212060000,0.018,0.0,0.036,0.0,0.0,0.0,1.0,0.0,200.0,4,0.0,0.0,589376
2023-02-12 07:00:00,00000000270,20230212070000,0.042,0.0,0.036,0.0,0.0,0.0,1.0,0.0,85.71,4,0.0,0.0,589376
2023-02-12 08:00:00,00000000270,20230212080000,0.035,0.001,0.034,0.0,0.0,0.0,1.0,2.86,97.14,4,0.0,0.0,589376
2023-02-12 09:00:00,00000000270,20230212090000,0.017,0.0,0.035,0.0,0.0,0.0,1.0,0.0,205.88,4,0.0,0.0,589376
2023-02-12 10:00:00,00000000270,20230212100000,0.034,0.0,0.033,0.0,0.0,0.0,1.0,0.0,97.06,4,0.0,0.0,589376
2023-02-12 11:00:00,00000000270,20230212110000,0.041,0.0,0.036,0.0,0.0,0.0,1.0,0.0,87.8,4,0.0,0.0,589376
2023-02-12 12:00:00,00000000270,20230212120000,0.03,0.0,0.034,0.0,0.0,0.0,1.0,0.0,113.33,4,0.0,0.0,589376
2023-02-12 13:00:00,00000000270,20230212130000,0.024,0.0,0.034,0.0,0.0,0.0,1.0,0.0,141.67,4,0.0,0.0,589376
2023-02-12 14:00:00,00000000270,20230212140000,0.038,0.0,0.034,0.0,0.0,0.0,1.0,0.0,89.47,4,0.0,0.0,589376
2023-02-12 15:00:00,00000000270,20230212150000,0.037,0.001,0.035,0.0,0.0,0.0,1.0,2.7,94.59,4,0.0,0.0,589376
2023-02-12 16:00:00,00000000270,20230212160000,0.299,0.0,0.034,0.0,0.0,0.0,1.0,0.0,11.37,4,0.0,0.0,589376
2023-02-12 17:00:00,00000000270,20230212170000,0.59,0.0,0.034,0.0,0.0,0.0,1.0,0.0,5.76,4,0.0,0.0,589376
2023-02-12 18:00:00,00000000270,20230212180000,0.348,0.0,0.032,0.0,0.0,0.0,1.0,0.0,9.2,4,0.0,0.0,589376
2023-02-12 19:00:00,00000000270,20230212190000,0.1,0.0,0.032,0.0,0.0,0.0,1.0,0.0,32.0,4,0.0,0.0,589376
2023-02-12 20:00:00,00000000270,20230212200000,0.056,0.001,0.032,0.0,0.0,0.0,1.0,1.79,57.14,4,0.0,0.0,589376
2023-02-12 21:00:00,00000000270,20230212210000,0.035,0.0,0.033,0.0,0.0,0.0,1.0,0.0,94.29,4,0.0,0.0,589376
2023-02-12 22:00:00,00000000270,20230212220000,0.036,0.0,0.033,0.0,0.0,0.0,1.0,0.0,91.67,4,0.0,0.0,589376
2023-02-12 23:00:00,00000000270,20230212230000,0.037,0.0,0.036,0.0,0.0,0.0,1.0,0.0,97.3,4,0.0,0.0,589376
2023-02-13 00:00:00,00000000270,20230213000000,0.019,0.0,0.035,0.0,0.0,0.0,1.0,0.0,184.21,4,0.0,0.0,589376
2023-02-13 01:00:00,00000000270,20230213010000,0.036,0.001,0.035,0.0,0.0,0.0,1.0,2.78,97.22,4,0.0,0.0,589376
2023-02-13 02:00:00,00000000270,20230213020000,0.039,0.0,0.036,0.0,0.0,0.0,1.0,0.0,92.31,4,0.0,0.0,589376
2023-02-13 03:00:00,00000000270,20230213030000,0.029,0.0,0.035,0.0,0.0,0.0,1.0,0.0,120.69,4,0.0,0.0,589376
2023-02-13 04:00:00,00000000270,20230213040000,0.027,0.0,0.039,0.0,0.0,0.0,1.0,0.0,144.44,4,0.0,0.0,589376
2023-02-13 05:00:00,00000000270,20230213050000,0.035,0.001,0.035,0.0,0.0,0.0,1.0,2.86,100.0,4,0.0,0.0,589376
2023-02-13 06:00:00,00000000270,20230213060000,0.033,0.0,0.034,0.0,0.0,0.0,1.0,0.0,103.03,4,0.0,0.0,589376
2023-02-13 07:00:00,00000000270,20230213070000,0.029,0.0,0.037,0.0,0.0,0.0,1.0,0.0,127.59,4,0.0,0.0,589376
2023-02-13 08:00:00,00000000270,20230213080000,0.028,0.0,0.035,0.0,0.0,0.0,1.0,0.0,125.0,4,0.0,0.0,589376
2023-02-13 09:00:00,00000000270,20230213090000,0.036,0.0,0.034,0.0,0.0,0.0,1.0,0.0,94.44,4,0.0,0.0,589376
2023-02-13 10:00:00,00000000270,20230213100000,0.038,0.001,0.034,0.0,0.0,0.0,1.0,2.63,89.47,4,0.0,0.0,589376
2023-02-13 11:00:00,00000000270,20230213110000,0.016,0.0,0.034,0.0,0.0,0.0,1.0,0.0,212.5,4,0.0,0.0,589376
2023-02-13 12:00:00,00000000270,20230213120000,0.039,0.0,0.033,0.0,0.0,0.0,1.0,0.0,84.62,4,0.0,0.0,589376
2023-02-13 13:00:00,00000000270,20230213130000,0.035,0.0,0.033,0.0,0.0,0.0,1.0,0.0,94.29,4,0.0,0.0,589376
2023-02-13 14:00:00,00000000270,20230213140000,0.035,0.0,0.033,0.0,0.0,0.0,1.0,0.0,94.29,4,0.0,0.0,589376
2023-02-13 15:00:00,00000000270,20230213150000,0.061,0.0,0.053,0.0,0.0,0.0,1.0,0.0,86.89,4,0.0,0.0,589376
2023-02-13 16:00:00,00000000270,20230213160000,0.088,0.001,0.042,0.0,0.0,0.0,1.0,1.14,47.73,4,0.0,0.0,589376
2023-02-13 17:00:00,00000000270,20230213170000,0.076,0.0,0.022,0.0,0.0,0.0,1.0,0.0,28.95,4,0.0,0.0,589376
2023-02-13 18:00:00,00000000270,20230213180000,0.045,0.0,0.033,0.0,0.0,0.0,1.0,0.0,73.33,4,0.0,0.0,589376
2023-02-13 19:00:00,00000000270,20230213190000,0.039,0.0,0.026,0.0,0.0,0.0,1.0,0.0,66.67,4,0.0,0.0,589376
2023-02-13 20:00:00,00000000270,20230213200000,0.066,0.0,0.024,0.0,0.0,0.0,1.0,0.0,36.36,4,0.0,0.0,589376
2023-02-13 21:00:00,00000000270,20230213210000,0.117,0.003,0.029,0.0,0.0,0.0,1.0,2.56,24.79,4,0.0,0.0,589376
2023-02-13 22:00:00,00000000270,20230213220000,0.032,0.0,0.033,0.0,0.0,0.0,1.0,0.0,103.12,4,0.0,0.0,589376
2023-02-13 23:00:00,00000000270,20230213230000,0.043,0.001,0.025,0.0,0.0,0.0,1.0,2.33,58.14,4,0.0,0.0,589376
2023-02-14 00:00:00,00000000270,20230214000000,0.038,0.0,0.034,0.0,0.0,0.0,1.0,0.0,89.47,4,0.0,0.0,589376
2023-02-14 01:00:00,00000000270,20230214010000,0.036,0.0,0.034,0.0,0.0,0.0,1.0,0.0,94.44,4,0.0,0.0,589376
2023-02-14 02:00:00,00000000270,20230214020000,0.038,0.0,0.036,0.0,0.0,0.0,1.0,0.0,94.74,4,0.0,0.0,589376
2023-02-14 03:00:00,00000000270,20230214030000,0.035,0.0,0.025,0.0,0.0,0.0,1.0,0.0,71.43,4,0.0,0.0,589376
2023-02-14 04:00:00,00000000270,20230214040000,0.04,0.001,0.036,0.0,0.0,0.0,1.0,2.5,90.0,4,0.0,0.0,589376
2023-02-14 05:00:00,00000000270,20230214050000,0.035,0.0,0.035,0.0,0.0,0.0,1.0,0.0,100.0,4,0.0,0.0,589376
2023-02-14 06:00:00,00000000270,20230214060000,0.039,0.0,0.036,0.0,0.0,0.0,1.0,0.0,92.31,4,0.0,0.0,589376
2023-02-14 07:00:00,00000000270,20230214070000,0.017,0.0,0.036,0.0,0.0,0.0,1.0,0.0,211.76,4,0.0,0.0,589376
2023-02-14 08:00:00,00000000270,20230214080000,0.042,0.0,0.036,0.0,0.0,0.0,1.0,0.0,85.71,4,0.0,0.0,589376
2023-02-14 09:00:00,00000000270,20230214090000,0.052,0.0,0.021,0.0,0.0,0.0,1.0,0.0,40.38,4,0.0,0.0,589376
2023-02-14 10:00:00,00000000270,20230214100000,0.034,0.001,0.036,0.0,0.0,0.0,1.0,2.94,105.88,4,0.0,0.0,589376
2023-02-14 11:00:00,00000000270,20230214110000,0.022,0.0,0.034,0.0,0.0,0.0,1.0,0.0,154.55,4,0.0,0.0,589376
2023-02-14 12:00:00,00000000270,20230214120000,0.039,0.0,0.035,0.0,0.0,0.0,1.0,0.0,89.74,4,0.0,0.0,589376
2023-02-14 13:00:00,00000000270,20230214130000,0.035,0.0,0.033,0.0,0.0,0.0,1.0,0.0,94.29,4,0.0,0.0,589376
2023-02-14 14:00:00,00000000270,20230214140000,0.033,0.0,0.036,0.0,0.0,0.0,1.0,0.0,109.09,4,0.0,0.0,589376
2023-02-14 15:00:00,00000000270,20230214150000,0.041,0.0,0.023,0.0,0.0,0.0,1.0,0.0,56.1,4,0.0,0.0,589376
2023-02-14 16:00:00,00000000270,20230214160000,0.043,0.001,0.036,0.0,0.0,0.0,1.0,2.33,83.72,4,0.0,0.0,589376
2023-02-14 17:00:00,00000000270,20230214170000,0.043,0.0,0.037,0.0,0.0,0.0,1.0,0.0,86.05,4,0.0,0.0,589376
2023-02-14 18:00:00,00000000270,20230214180000,0.069,0.0,0.031,0.0,0.0,0.0,1.0,0.0,44.93,4,0.0,0.0,589376
2023-02-14 19:00:00,00000000270,20230214190000,0.49,0.0,0.035,0.0,0.0,0.0,1.0,0.0,7.14,4,0.0,0.0,589376
2023-02-14 20:00:00,00000000270,20230214200000,1.516,0.001,0.025,0.0,0.0,0.0,1.0,0.07,1.65,4,0.0,0.0,589376
2023-02-14 21:00:00,00000000270,20230214210000,0.042,0.0,0.033,0.0,0.0,0.0,1.0,0.0,78.57,4,0.0,0.0,589376
2023-02-14 22:00:00,00000000270,20230214220000,0.098,0.0,0.032,0.0,0.0,0.0,1.0,0.0,32.65,4,0.0,0.0,589376
2023-02-14 23:00:00,00000000270,20230214230000,0.071,0.001,0.026,0.0,0.0,0.0,1.0,1.41,36.62,4,0.0,0.0,589376
2023-02-15 00:00:00,00000000270,20230215000000,0.037,0.0,0.033,0.0,0.0,0.0,1.0,0.0,89.19,4,0.0,0.0,589376
2023-02-15 01:00:00,00000000270,20230215010000,0.041,0.001,0.036,0.0,0.0,0.0,1.0,2.44,87.8,4,0.0,0.0,589376
2023-02-15 02:00:00,00000000270,20230215020000,0.037,0.0,0.026,0.0,0.0,0.0,1.0,0.0,70.27,4,0.0,0.0,589376
2023-02-15 03:00:00,00000000270,20230215030000,0.035,0.0,0.036,0.0,0.0,0.0,1.0,0.0,102.86,4,0.0,0.0,589376
2023-02-15 04:00:00,00000000270,20230215040000,0.039,0.0,0.036,0.0,0.0,0.0,1.0,0.0,92.31,4,0.0,0.0,589376
2023-02-15 05:00:00,00000000270,20230215050000,0.036,0.0,0.035,0.0,0.0,0.0,1.0,0.0,97.22,4,0.0,0.0,589376
2023-02-15 06:00:00,00000000270,20230215060000,0.048,0.001,0.027,0.0,0.0,0.0,1.0,2.08,56.25,4,0.0,0.0,589376
2023-02-15 07:00:00,00000000270,20230215070000,0.453,0.0,0.041,0.0,0.0,0.0,1.0,0.0,9.05,4,0.0,0.0,589376
2023-02-15 08:00:00,00000000270,20230215080000,1.191,0.0,0.034,0.0,0.0,0.0,1.0,0.0,2.85,4,0.0,0.0,589376
2023-02-15 09:00:00,00000000270,20230215090000,0.06,0.0,0.029,0.0,0.0,0.0,1.0,0.0,48.33,4,0.0,0.0,589376
2023-02-15 10:00:00,00000000270,20230215100000,0.026,0.0,0.038,0.0,0.0,0.0,1.0,0.0,146.15,4,0.0,0.0,589376
2023-02-15 11:00:00,00000000270,20230215110000,0.034,0.0,0.034,0.0,0.0,0.0,1.0,0.0,100.0,4,0.0,0.0,589376
2023-02-15 12:00:00,00000000270,20230215120000,0.056,0.002,0.026,0.0,0.0,0.0,1.0,3.57,46.43,4,0.0,0.0,589376
2023-02-15 13:00:00,00000000270,20230215130000,0.04,0.0,0.037,0.0,0.0,0.0,1.0,0.0,92.5,4,0.0,0.0,589376
2023-02-15 14:00:00,00000000270,20230215140000,0.021,0.001,0.035,0.0,0.0,0.0,1.0,4.76,166.67,4,0.0,0.0,589376
2023-02-15 15:00:00,00000000270,20230215150000,0.041,0.0,0.033,0.0,0.0,0.0,1.0,0.0,80.49,4,0.0,0.0,589376
2023-02-15 16:00:00,00000000270,20230215160000,0.075,0.0,0.03,0.0,0.0,0.0,1.0,0.0,40.0,4,0.0,0.0,589376
2023-02-15 17:00:00,00000000270,20230215170000,1.233,0.0,0.031,0.0,0.0,0.0,1.0,0.0,2.51,4,0.0,0.0,589376
2023-02-15 18:00:00,00000000270,20230215180000,1.361,0.0,0.032,0.0,0.0,0.0,1.0,0.0,2.35,4,0.0,0.0,589376
2023-02-15 19:00:00,00000000270,20230215190000,1.162,0.001,0.028,0.0,0.0,0.0,1.0,0.09,2.41,4,0.0,0.0,589376
2023-02-15 20:00:00,00000000270,20230215200000,1.365,0.0,0.029,0.0,0.0,0.0,1.0,0.0,2.12,4,0.0,0.0,589376
2023-02-15 21:00:00,00000000270,20230215210000,0.054,0.0,0.033,0.0,0.0,0.0,1.0,0.0,61.11,4,0.0,0.0,589376
2023-02-15 22:00:00,00000000270,20230215220000,0.033,0.0,0.028,0.0,0.0,0.0,1.0,0.0,84.85,4,0.0,0.0,589376
2023-02-15 23:00:00,00000000270,20230215230000,0.036,0.0,0.034,0.0,0.0,0.0,1.0,0.0,94.44,4,0.0,0.0,589376
2023-02-16 00:00:00,00000000270,20230216000000,0.137,0.001,0.026,0.0,0.0,0.0,1.0,0.73,18.98,4,0.0,0.0,589376
2023-02-16 01:00:00,00000000270,20230216010000,0.035,0.0,0.035,0.0,0.0,0.0,1.0,0.0,100.0,4,0.0,0.0,589376
2023-02-16 02:00:00,00000000270,20230216020000,0.044,0.0,0.029,0.0,0.0,0.0,1.0,0.0,65.91,4,0.0,0.0,589376
2023-02-16 03:00:00,00000000270,20230216030000,0.037,0.0,0.034,0.0,0.0,0.0,1.0,0.0,91.89,4,0.0,0.0,589376
2023-02-16 04:00:00,00000000270,20230216040000,0.054,0.001,0.029,0.0,0.0,0.0,1.0,1.85,53.7,4,0.0,0.0,589376
2023-02-16 05:00:00,00000000270,20230216050000,0.042,0.0,0.036,0.0,0.0,0.0,1.0,0.0,85.71,4,0.0,0.0,589376
2023-02-16 06:00:00,00000000270,20230216060000,0.023,0.0,0.035,0.0,0.0,0.0,1.0,0.0,152.17,4,0.0,0.0,589376
2023-02-16 07:00:00,00000000270,20230216070000,0.126,0.0,0.028,0.0,0.0,0.0,1.0,0.0,22.22,4,0.0,0.0,589376
2023-02-16 08:00:00,00000000270,20230216080000,1.44,0.0,0.034,0.0,0.0,0.0,1.0,0.0,2.36,4,0.0,0.0,589376
2023-02-16 09:00:00,00000000270,20230216090000,1.662,0.001,0.032,0.0,0.0,0.0,1.0,0.06,1.93,4,0.0,0.0,589376
2023-02-16 10:00:00,00000000270,20230216100000,0.1,0.0,0.028,0.0,0.0,0.0,1.0,0.0,28.0,4,0.0,0.0,589376
2023-02-16 11:00:00,00000000270,20230216110000,0.029,0.0,0.035,0.0,0.0,0.0,1.0,0.0,120.69,4,0.0,0.0,589376
2023-02-16 12:00:00,00000000270,20230216120000,0.642,0.0,0.034,0.0,0.0,0.0,1.0,0.0,5.3,4,0.0,0.0,589376
2023-02-16 13:00:00,00000000270,20230216130000,1.375,0.0,0.027,0.0,0.0,0.0,1.0,0.0,1.96,4,0.0,0.0,589376
2023-02-16 14:00:00,00000000270,20230216140000,0.048,0.002,0.029,0.0,0.0,0.0,1.0,4.17,60.42,4,0.0,0.0,589376
2023-02-16 15:00:00,00000000270,20230216150000,0.026,0.0,0.036,0.0,0.0,0.0,1.0,0.0,138.46,4,0.0,0.0,589376
2023-02-16 16:00:00,00000000270,20230216160000,0.035,0.0,0.035,0.0,0.0,0.0,1.0,0.0,100.0,4,0.0,0.0,589376
2023-02-16 17:00:00,00000000270,20230216170000,0.049,0.001,0.027,0.0,0.0,0.0,1.0,2.04,55.1,4,0.0,0.0,589376
2023-02-16 18:00:00,00000000270,20230216180000,0.042,0.0,0.034,0.0,0.0,0.0,1.0,0.0,80.95,4,0.0,0.0,589376
2023-02-16 19:00:00,00000000270,20230216190000,1.699,0.001,0.028,0.0,0.0,0.0,1.0,0.06,1.65,4,0.0,0.0,589376
2023-02-16 20:00:00,00000000270,20230216200000,1.686,0.0,0.029,0.0,0.0,0.0,1.0,0.0,1.72,4,0.0,0.0,589376
2023-02-16 21:00:00,00000000270,20230216210000,1.739,0.0,0.03,0.0,0.0,0.0,1.0,0.0,1.73,4,0.0,0.0,589376
2023-02-16 22:00:00,00000000270,20230216220000,0.47,0.0,0.03,0.0,0.0,0.0,1.0,0.0,6.38,4,0.0,0.0,589376
2023-02-16 23:00:00,00000000270,20230216230000,0.047,0.001,0.028,0.0,0.0,0.0,1.0,2.13,59.57,4,0.0,0.0,589376
2023-02-17 00:00:00,00000000270,20230217000000,0.027,0.0,0.031,0.0,0.0,0.0,1.0,0.0,114.81,4,0.0,0.0,589376
2023-02-17 01:00:00,00000000270,20230217010000,0.127,0.0,0.029,0.0,0.0,0.0,1.0,0.0,22.83,4,0.0,0.0,589376
2023-02-17 02:00:00,00000000270,20230217020000,0.073,0.001,0.027,0.0,0.0,0.0,1.0,1.37,36.99,4,0.0,0.0,589376
2023-02-17 03:00:00,00000000270,20230217030000,0.049,0.001,0.028,0.0,0.0,0.0,1.0,2.04,57.14,4,0.0,0.0,589376
2023-02-17 04:00:00,00000000270,20230217040000,0.04,0.0,0.036,0.0,0.0,0.0,1.0,0.0,90.0,4,0.0,0.0,589376
2023-02-17 05:00:00,00000000270,20230217050000,0.052,0.0,0.029,0.0,0.0,0.0,1.0,0.0,55.77,4,0.0,0.0,589376
2023-02-17 06:00:00,00000000270,20230217060000,0.021,0.0,0.037,0.0,0.0,0.0,1.0,0.0,176.19,4,0.0,0.0,589376
2023-02-17 07:00:00,00000000270,20230217070000,0.052,0.002,0.029,0.0,0.0,0.0,1.0,3.85,55.77,4,0.0,0.0,589376
2023-02-17 08:00:00,00000000270,20230217080000,0.073,0.0,0.034,0.0,0.0,0.0,1.0,0.0,46.58,4,0.0,0.0,589376
2023-02-17 09:00:00,00000000270,20230217090000,0.04,0.0,0.034,0.0,0.0,0.0,1.0,0.0,85.0,4,0.0,0.0,589376
2023-02-17 10:00:00,00000000270,20230217100000,0.035,0.001,0.028,0.0,0.0,0.0,1.0,2.86,80.0,4,0.0,0.0,589376
2023-02-17 11:00:00,00000000270,20230217110000,0.035,0.001,0.034,0.0,0.0,0.0,1.0,2.86,97.14,4,0.0,0.0,589376
2023-02-17 12:00:00,00000000270,20230217120000,0.04,0.0,0.035,0.0,0.0,0.0,1.0,0.0,87.5,4,0.0,0.0,589376
2023-02-17 13:00:00,00000000270,20230217130000,0.054,0.0,0.027,0.0,0.0,0.0,1.0,0.0,50.0,4,0.0,0.0,589376
2023-02-17 14:00:00,00000000270,20230217140000,0.037,0.0,0.034,0.0,0.0,0.0,1.0,0.0,91.89,4,0.0,0.0,589376
2023-02-17 15:00:00,00000000270,20230217150000,0.039,0.001,0.027,0.0,0.0,0.0,1.0,2.56,69.23,4,0.0,0.0,589376
2023-02-17 16:00:00,00000000270,20230217160000,0.039,0.0,0.034,0.0,0.0,0.0,1.0,0.0,87.18,4,0.0,0.0,589376
2023-02-17 17:00:00,00000000270,20230217170000,0.051,0.0,0.029,0.0,0.0,0.0,1.0,0.0,56.86,4,0.0,0.0,589376
2023-02-17 18:00:00,00000000270,20230217180000,0.627,0.001,0.029,0.0,0.0,0.0,1.0,0.16,4.63,4,0.0,0.0,589376
2023-02-17 19:00:00,00000000270,20230217190000,1.398,0.0,0.03,0.0,0.0,0.0,1.0,0.0,2.15,4,0.0,0.0,589376
2023-02-17 20:00:00,00000000270,20230217200000,0.246,0.0,0.033,0.0,0.0,0.0,1.0,0.0,13.41,4,0.0,0.0,589376
2023-02-17 21:00:00,00000000270,20230217210000,0.051,0.001,0.028,0.0,0.0,0.0,1.0,1.96,54.9,4,0.0,0.0,589376
2023-02-17 22:00:00,00000000270,20230217220000,0.05,0.0,0.028,0.0,0.0,0.0,1.0,0.0,56.0,4,0.0,0.0,589376
2023-02-17 23:00:00,00000000270,20230217230000,0.042,0.0,0.034,0.0,0.0,0.0,1.0,0.0,80.95,4,0.0,0.0,589376
2023-02-18 00:00:00,00000000270,20230218000000,0.044,0.0,0.027,0.0,0.0,0.0,1.0,0.0,61.36,4,0.0,0.0,589376
2023-02-18 01:00:00,00000000270,20230218010000,0.034,0.0,0.029,0.0,0.0,0.0,1.0,0.0,85.29,4,0.0,0.0,589376
2023-02-18 02:00:00,00000000270,20230218020000,0.047,0.001,0.035,0.0,0.0,0.0,1.0,2.13,74.47,4,0.0,0.0,589376
2023-02-18 03:00:00,00000000270,20230218030000,0.146,0.001,0.026,0.0,0.0,0.0,1.0,0.68,17.81,4,0.0,0.0,589376
2023-02-18 04:00:00,00000000270,20230218040000,0.029,0.0,0.037,0.0,0.0,0.0,1.0,0.0,127.59,4,0.0,0.0,589376
2023-02-18 05:00:00,00000000270,20230218050000,0.053,0.002,0.03,0.0,0.0,0.0,1.0,3.77,56.6,4,0.0,0.0,589376
2023-02-18 06:00:00,00000000270,20230218060000,0.046,0.001,0.03,0.0,0.0,0.0,1.0,2.17,65.22,4,0.0,0.0,589376
2023-02-18 07:00:00,00000000270,20230218070000,0.061,0.0,0.038,0.0,0.0,0.0,1.0,0.0,62.3,4,0.0,0.0,589376
2023-02-18 08:00:00,00000000270,20230218080000,0.063,0.001,0.031,0.0,0.0,0.0,1.0,1.59,49.21,4,0.0,0.0,589376
2023-02-18 09:00:00,00000000270,20230218090000,0.192,0.0,0.033,0.0,0.0,0.0,1.0,0.0,17.19,4,0.0,0.0,589376
2023-02-18 10:00:00,00000000270,20230218100000,0.051,0.0,0.03,0.0,0.0,0.0,1.0,0.0,58.82,4,0.0,0.0,589376
2023-02-18 11:00:00,00000000270,20230218110000,0.201,0.0,0.031,0.0,0.0,0.0,1.0,0.0,15.42,4,0.0,0.0,589376
2023-02-18 12:00:00,00000000270,20230218120000,0.047,0.001,0.032,0.0,0.0,0.0,1.0,2.13,68.09,4,0.0,0.0,589376
2023-02-18 13:00:00,00000000270,20230218130000,0.054,0.0,0.028,0.0,0.0,0.0,1.0,0.0,51.85,4,0.0,0.0,589376
2023-02-18 14:00:00,00000000270,20230218140000,0.039,0.0,0.034,0.0,0.0,0.0,1.0,0.0,87.18,4,0.0,0.0,589376
2023-02-18 15:00:00,00000000270,20230218150000,0.036,0.002,0.033,0.0,0.0,0.0,1.0,5.56,91.67,4,0.0,0.0,589376
2023-02-18 16:00:00,00000000270,20230218160000,0.054,0.002,0.032,0.0,0.0,0.0,1.0,3.7,59.26,4,0.0,0.0,589376
2023-02-18 17:00:00,00000000270,20230218170000,0.049,0.0,0.028,0.0,0.0,0.0,1.0,0.0,57.14,4,0.0,0.0,589376
2023-02-18 18:00:00,00000000270,20230218180000,0.031,0.0,0.03,0.0,0.0,0.0,1.0,0.0,96.77,4,0.0,0.0,589376
2023-02-18 19:00:00,00000000270,20230218190000,0.047,0.0,0.029,0.0,0.0,0.0,1.0,0.0,61.7,4,0.0,0.0,589376
2023-02-18 20:00:00,00000000270,20230218200000,0.045,0.001,0.033,0.0,0.0,0.0,1.0,2.22,73.33,4,0.0,0.0,589376
2023-02-18 21:00:00,00000000270,20230218210000,0.049,0.0,0.028,0.0,0.0,0.0,1.0,0.0,57.14,4,0.0,0.0,589376
2023-02-18 22:00:00,00000000270,20230218220000,0.031,0.0,0.03,0.0,0.0,0.0,1.0,0.0,96.77,4,0.0,0.0,589376
2023-02-18 23:00:00,00000000270,20230218230000,0.058,0.001,0.029,0.0,0.0,0.0,1.0,1.72,50.0,4,0.0,0.0,589376
2023-02-19 00:00:00,00000000270,20230219000000,0.05,0.0,0.029,0.0,0.0,0.0,1.0,0.0,58.0,4,0.0,0.0,589376
2023-02-19 01:00:00,00000000270,20230219010000,0.052,0.001,0.029,0.0,0.0,0.0,1.0,1.92,55.77,4,0.0,0.0,589376
2023-02-19 02:00:00,00000000270,20230219020000,0.042,0.0,0.036,0.0,0.0,0.0,1.0,0.0,85.71,4,0.0,0.0,589376
2023-02-19 03:00:00,00000000270,20230219030000,0.052,0.0,0.029,0.0,0.0,0.0,1.0,0.0,55.77,4,0.0,0.0,589376
2023-02-19 04:00:00,00000000270,20230219040000,0.112,0.0,0.032,0.0,0.0,0.0,1.0,0.0,28.57,4,0.0,0.0,589376
2023-02-19 05:00:00,00000000270,20230219050000,0.067,0.0,0.027,0.0,0.0,0.0,1.0,0.0,40.3,4,0.0,0.0,589376
2023-02-19 06:00:00,00000000270,20230219060000,0.044,0.001,0.035,0.0,0.0,0.0,1.0,2.27,79.55,4,0.0,0.0,589376
2023-02-19 07:00:00,00000000270,20230219070000,0.071,0.0,0.036,0.0,0.0,0.0,1.0,0.0,50.7,4,0.0,0.0,589376
2023-02-19 08:00:00,00000000270,20230219080000,0.051,0.0,0.034,0.0,0.0,0.0,1.0,0.0,66.67,4,0.0,0.0,589376
2023-02-19 09:00:00,00000000270,20230219090000,0.0055,0.0015,0.001,0.0,0.0,0.0,1.0,27.27,18.18,4,0.0,0.0,589376
2023-02-19 10:00:00,00000000270,20230219100000,0.003333,0.002,0.0,0.0,0.0,0.0,1.0,60.01,0.0,4,0.0,0.0,589376
2023-02-19 11:00:00,00000000270,20230219110000,0.003334,0.002,0.0,0.0,0.0,0.0,1.0,59.99,0.0,4,0.0,0.0,589376
2023-02-19 12:00:00,00000000270,20230219120000,0.119833,0.0225,0.011,0.0,0.0,0.0,1.0,18.78,9.18,4,0.0,0.0,589376
2023-02-19 13:00:00,00000000270,20230219130000,0.059,0.0,0.021,0.0,0.0,0.0,1.0,0.0,35.59,4,0.0,0.0,589376
2023-02-19 14:00:00,00000000270,20230219140000,0.054,0.001,0.023,0.0,0.0,0.0,1.0,1.85,42.59,4,0.0,0.0,589376
2023-02-19 15:00:00,00000000270,20230219150000,0.054,0.001,0.025,0.0,0.0,0.0,1.0,1.85,46.3,4,0.0,0.0,589376
2023-02-19 16:00:00,00000000270,20230219160000,0.05,0.0,0.029,0.0,0.0,0.0,1.0,0.0,58.0,4,0.0,0.0,589376
2023-02-19 17:00:00,00000000270,20230219170000,0.04,0.001,0.028,0.0,0.0,0.0,1.0,2.5,70.0,4,0.0,0.0,589376
2023-02-19 18:00:00,00000000270,20230219180000,0.052,0.008,0.023,0.0,0.0,0.0,1.0,15.38,44.23,4,0.0,0.0,589376
2023-02-19 19:00:00,00000000270,20230219190000,0.05,0.002,0.03,0.0,0.0,0.0,1.0,4.0,60.0,4,0.0,0.0,589376
2023-02-19 20:00:00,00000000270,20230219200000,0.056,0.0,0.03,0.0,0.0,0.0,1.0,0.0,53.57,4,0.0,0.0,589376
2023-02-19 21:00:00,00000000270,20230219210000,0.058,0.001,0.031,0.0,0.0,0.0,1.0,1.72,53.45,4,0.0,0.0,589376
2023-02-19 22:00:00,00000000270,20230219220000,0.056,0.0,0.028,0.0,0.0,0.0,1.0,0.0,50.0,4,0.0,0.0,589376
2023-02-19 23:00:00,00000000270,20230219230000,0.05,0.001,0.031,0.0,0.0,0.0,1.0,2.0,62.0,4,0.0,0.0,589376
2023-02-20 00:00:00,00000000270,20230220000000,0.038,0.002,0.033,0.0,0.0,0.0,1.0,5.26,86.84,4,0.0,0.0,589376
2023-02-20 01:00:00,00000000270,20230220010000,0.048,0.0,0.034,0.0,0.0,0.0,1.0,0.0,70.83,4,0.0,0.0,589376
2023-02-20 02:00:00,00000000270,20230220020000,0.054,0.001,0.031,0.0,0.0,0.0,1.0,1.85,57.41,4,0.0,0.0,589376
2023-02-20 03:00:00,00000000270,20230220030000,0.051,0.0,0.031,0.0,0.0,0.0,1.0,0.0,60.78,4,0.0,0.0,589376
2023-02-20 04:00:00,00000000270,20230220040000,0.055,0.001,0.032,0.0,0.0,0.0,1.0,1.82,58.18,4,0.0,0.0,589376
2023-02-20 05:00:00,00000000270,20230220050000,0.055,0.001,0.032,0.0,0.0,0.0,1.0,1.82,58.18,4,0.0,0.0,589376
2023-02-20 06:00:00,00000000270,20230220060000,0.035,0.0,0.032,0.0,0.0,0.0,1.0,0.0,91.43,4,0.0,0.0,589376
2023-02-20 07:00:00,00000000270,20230220070000,0.175,0.119,0.029,0.0,0.0,0.0,1.0,68.0,16.57,4,0.0,0.0,589376
2023-02-20 08:00:00,00000000270,20230220080000,0.175,0.24,0.013,0.0,0.0,0.0,1.0,137.14,7.43,4,0.0,0.0,589376
2023-02-20 09:00:00,00000000270,20230220090000,0.069,0.001,0.033,0.0,0.0,0.0,1.0,1.45,47.83,4,0.0,0.0,589376
2023-02-20 10:00:00,00000000270,20230220100000,0.061,0.0,0.031,0.0,0.0,0.0,1.0,0.0,50.82,4,0.0,0.0,589376
2023-02-20 11:00:00,00000000270,20230220110000,0.311,0.001,0.03,0.0,0.0,0.0,1.0,0.32,9.65,4,0.0,0.0,589376
2023-02-20 12:00:00,00000000270,20230220120000,0.07,0.0,0.031,0.0,0.0,0.0,1.0,0.0,44.29,4,0.0,0.0,589376
2023-02-20 13:00:00,00000000270,20230220130000,0.067,0.077,0.021,0.0,0.0,0.0,1.0,114.93,31.34,4,0.0,0.0,589376
2023-02-20 14:00:00,00000000270,20230220140000,0.17,0.313,0.01,0.0,0.0,0.0,1.0,184.12,5.88,4,0.0,0.0,589376
2023-02-20 15:00:00,00000000270,20230220150000,0.08,0.025,0.028,0.0,0.0,0.0,1.0,31.25,35.0,4,0.0,0.0,589376
2023-02-20 16:00:00,00000000270,20230220160000,0.054,0.002,0.032,0.0,0.0,0.0,1.0,3.7,59.26,4,0.0,0.0,589376
2023-02-20 17:00:00,00000000270,20230220170000,0.054,0.0,0.031,0.0,0.0,0.0,1.0,0.0,57.41,4,0.0,0.0,589376
2023-02-20 18:00:00,00000000270,20230220180000,0.05,0.001,0.029,0.0,0.0,0.0,1.0,2.0,58.0,4,0.0,0.0,589376
2023-02-20 19:00:00,00000000270,20230220190000,0.049,0.0,0.03,0.0,0.0,0.0,1.0,0.0,61.22,4,0.0,0.0,589376
2023-02-20 20:00:00,00000000270,20230220200000,0.044,0.001,0.03,0.0,0.0,0.0,1.0,2.27,68.18,4,0.0,0.0,589376
2023-02-20 21:00:00,00000000270,20230220210000,0.058,0.001,0.028,0.0,0.0,0.0,1.0,1.72,48.28,4,0.0,0.0,589376
2023-02-20 22:00:00,00000000270,20230220220000,0.051,0.0,0.03,0.0,0.0,0.0,1.0,0.0,58.82,4,0.0,0.0,589376
2023-02-20 23:00:00,00000000270,20230220230000,0.051,0.0,0.03,0.0,0.0,0.0,1.0,0.0,58.82,4,0.0,0.0,589376
2023-02-21 00:00:00,00000000270,20230221000000,0.053,0.002,0.031,0.0,0.0,0.0,1.0,3.77,58.49,4,0.0,0.0,589376
2023-02-21 01:00:00,00000000270,20230221010000,0.051,0.001,0.032,0.0,0.0,0.0,1.0,1.96,62.75,4,0.0,0.0,589376
2023-02-21 02:00:00,00000000270,20230221020000,0.048,0.001,0.03,0.0,0.0,0.0,1.0,2.08,62.5,4,0.0,0.0,589376
2023-02-21 03:00:00,00000000270,20230221030000,0.041,0.001,0.032,0.0,0.0,0.0,1.0,2.44,78.05,4,0.0,0.0,589376
2023-02-21 04:00:00,00000000270,20230221040000,0.048,0.0,0.032,0.0,0.0,0.0,1.0,0.0,66.67,4,0.0,0.0,589376
2023-02-21 05:00:00,00000000270,20230221050000,0.053,0.001,0.031,0.0,0.0,0.0,1.0,1.89,58.49,4,0.0,0.0,589376
2023-02-21 06:00:00,00000000270,20230221060000,0.046,0.001,0.033,0.0,0.0,0.0,1.0,2.17,71.74,4,0.0,0.0,589376
2023-02-21 07:00:00,00000000270,20230221070000,0.066,0.0,0.037,0.0,0.0,0.0,1.0,0.0,56.06,4,0.0,0.0,589376
2023-02-21 08:00:00,00000000270,20230221080000,0.071,0.001,0.031,0.0,0.0,0.0,1.0,1.41,43.66,4,0.0,0.0,589376
2023-02-21 09:00:00,00000000270,20230221090000,0.497,0.001,0.03,0.0,0.0,0.0,1.0,0.2,6.04,4,0.0,0.0,589376
2023-02-21 10:00:00,00000000270,20230221100000,0.137,0.002,0.029,0.0,0.0,0.0,1.0,1.46,21.17,4,0.0,0.0,589376
2023-02-21 11:00:00,00000000270,20230221110000,0.046,0.001,0.034,0.0,0.0,0.0,1.0,2.17,73.91,4,0.0,0.0,589376
2023-02-21 12:00:00,00000000270,20230221120000,0.045,0.002,0.033,0.0,0.0,0.0,1.0,4.44,73.33,4,0.0,0.0,589376
2023-02-21 13:00:00,00000000270,20230221130000,0.058,0.001,0.03,0.0,0.0,0.0,1.0,1.72,51.72,4,0.0,0.0,589376
2023-02-21 14:00:00,00000000270,20230221140000,0.059,0.001,0.029,0.0,0.0,0.0,1.0,1.69,49.15,4,0.0,0.0,589376
2023-02-21 15:00:00,00000000270,20230221150000,0.054,0.001,0.03,0.0,0.0,0.0,1.0,1.85,55.56,4,0.0,0.0,589376
2023-02-21 16:00:00,00000000270,20230221160000,0.055,0.001,0.031,0.0,0.0,0.0,1.0,1.82,56.36,4,0.0,0.0,589376
2023-02-21 17:00:00,00000000270,20230221170000,0.055,0.0,0.031,0.0,0.0,0.0,1.0,0.0,56.36,4,0.0,0.0,589376
2023-02-21 18:00:00,00000000270,20230221180000,0.054,0.002,0.031,0.0,0.0,0.0,1.0,3.7,57.41,4,0.0,0.0,589376
2023-02-21 19:00:00,00000000270,20230221190000,0.055,0.002,0.03,0.0,0.0,0.0,1.0,3.64,54.55,4,0.0,0.0,589376
2023-02-21 20:00:00,00000000270,20230221200000,0.048,0.001,0.03,0.0,0.0,0.0,1.0,2.08,62.5,4,0.0,0.0,589376
2023-02-21 21:00:00,00000000270,20230221210000,0.052,0.0,0.032,0.0,0.0,0.0,1.0,0.0,61.54,4,0.0,0.0,589376
2023-02-21 22:00:00,00000000270,20230221220000,0.045,0.001,0.03,0.0,0.0,0.0,1.0,2.22,66.67,4,0.0,0.0,589376
2023-02-21 23:00:00,00000000270,20230221230000,0.054,0.001,0.032,0.0,0.0,0.0,1.0,1.85,59.26,4,0.0,0.0,589376
2023-02-22 00:00:00,00000000270,20230222000000,0.055,0.001,0.029,0.0,0.0,0.0,1.0,1.82,52.73,4,0.0,0.0,589376
2023-02-22 01:00:00,00000000270,20230222010000,0.055,0.001,0.028,0.0,0.0,0.0,1.0,1.82,50.91,4,0.0,0.0,589376
2023-02-22 02:00:00,00000000270,20230222020000,0.055,0.0,0.03,0.0,0.0,0.0,1.0,0.0,54.55,4,0.0,0.0,589376
2023-02-22 03:00:00,00000000270,20230222030000,0.053,0.001,0.032,0.0,0.0,0.0,1.0,1.89,60.38,4,0.0,0.0,589376
2023-02-22 04:00:00,00000000270,20230222040000,0.053,0.002,0.032,0.0,0.0,0.0,1.0,3.77,60.38,4,0.0,0.0,589376
2023-02-22 05:00:00,00000000270,20230222050000,0.042,0.001,0.034,0.0,0.0,0.0,1.0,2.38,80.95,4,0.0,0.0,589376
2023-02-22 06:00:00,00000000270,20230222060000,0.041,0.002,0.034,0.0,0.0,0.0,1.0,4.88,82.93,4,0.0,0.0,589376
2023-02-22 07:00:00,00000000270,20230222070000,0.068,0.001,0.037,0.0,0.0,0.0,1.0,1.47,54.41,4,0.0,0.0,589376
2023-02-22 08:00:00,00000000270,20230222080000,0.071,0.001,0.029,0.0,0.0,0.0,1.0,1.41,40.85,4,0.0,0.0,589376
2023-02-22 09:00:00,00000000270,20230222090000,0.063,0.001,0.029,0.0,0.0,0.0,1.0,1.59,46.03,4,0.0,0.0,589376
2023-02-22 10:00:00,00000000270,20230222100000,0.105,0.0,0.032,0.0,0.0,0.0,1.0,0.0,30.48,4,0.0,0.0,589376
2023-02-22 11:00:00,00000000270,20230222110000,0.087,0.002,0.027,0.0,0.0,0.0,1.0,2.3,31.03,4,0.0,0.0,589376
2023-02-22 12:00:00,00000000270,20230222120000,0.058,0.0,0.029,0.0,0.0,0.0,1.0,0.0,50.0,4,0.0,0.0,589376
2023-02-22 13:00:00,00000000270,20230222130000,0.069,0.001,0.033,0.0,0.0,0.0,1.0,1.45,47.83,4,0.0,0.0,589376
2023-02-22 14:00:00,00000000270,20230222140000,0.061,0.001,0.031,0.0,0.0,0.0,1.0,1.64,50.82,4,0.0,0.0,589376
2023-02-22 15:00:00,00000000270,20230222150000,0.063,0.001,0.027,0.0,0.0,0.0,1.0,1.59,42.86,4,0.0,0.0,589376
2023-02-22 16:00:00,00000000270,20230222160000,0.059,0.001,0.03,0.0,0.0,0.0,1.0,1.69,50.85,4,0.0,0.0,589376
2023-02-22 17:00:00,00000000270,20230222170000,0.054,0.002,0.03,0.0,0.0,0.0,1.0,3.7,55.56,4,0.0,0.0,589376
2023-02-22 18:00:00,00000000270,20230222180000,0.056,0.001,0.031,0.0,0.0,0.0,1.0,1.79,55.36,4,0.0,0.0,589376
2023-02-22 19:00:00,00000000270,20230222190000,0.048,0.001,0.03,0.0,0.0,0.0,1.0,2.08,62.5,4,0.0,0.0,589376
2023-02-22 20:00:00,00000000270,20230222200000,0.048,0.001,0.031,0.0,0.0,0.0,1.0,2.08,64.58,4,0.0,0.0,589376
2023-02-22 21:00:00,00000000270,20230222210000,0.051,0.001,0.031,0.0,0.0,0.0,1.0,1.96,60.78,4,0.0,0.0,589376
2023-02-22 22:00:00,00000000270,20230222220000,0.062,0.0,0.031,0.0,0.0,0.0,1.0,0.0,50.0,4,0.0,0.0,589376
2023-02-22 23:00:00,00000000270,20230222230000,0.053,0.002,0.03,0.0,0.0,0.0,1.0,3.77,56.6,4,0.0,0.0,589376
2023-02-23 00:00:00,00000000270,20230223000000,0.057,0.002,0.031,0.0,0.0,0.0,1.0,3.51,54.39,4,0.0,0.0,589376
2023-02-23 01:00:00,00000000270,20230223010000,0.057,0.001,0.031,0.0,0.0,0.0,1.0,1.75,54.39,4,0.0,0.0,589376
2023-02-23 02:00:00,00000000270,20230223020000,0.054,0.0,0.029,0.0,0.0,0.0,1.0,0.0,53.7,4,0.0,0.0,589376
2023-02-23 03:00:00,00000000270,20230223030000,0.056,0.001,0.031,0.0,0.0,0.0,1.0,1.79,55.36,4,0.0,0.0,589376
2023-02-23 04:00:00,00000000270,20230223040000,0.056,0.001,0.031,0.0,0.0,0.0,1.0,1.79,55.36,4,0.0,0.0,589376
2023-02-23 05:00:00,00000000270,20230223050000,0.044,0.001,0.031,0.0,0.0,0.0,1.0,2.27,70.45,4,0.0,0.0,589376
2023-02-23 06:00:00,00000000270,20230223060000,0.048,0.001,0.032,0.0,0.0,0.0,1.0,2.08,66.67,4,0.0,0.0,589376
2023-02-23 07:00:00,00000000270,20230223070000,0.067,0.002,0.038,0.0,0.0,0.0,1.0,2.99,56.72,4,0.0,0.0,589376
2023-02-23 08:00:00,00000000270,20230223080000,0.278,0.001,0.03,0.0,0.0,0.0,1.0,0.36,10.79,4,0.0,0.0,589376
2023-02-23 09:00:00,00000000270,20230223090000,1.356,0.001,0.029,0.0,0.0,0.0,1.0,0.07,2.14,4,0.0,0.0,589376
2023-02-23 10:00:00,00000000270,20230223100000,0.958,0.001,0.029,0.0,0.0,0.0,1.0,0.1,3.03,4,0.0,0.0,589376
2023-02-23 11:00:00,00000000270,20230223110000,0.058,0.001,0.031,0.0,0.0,0.0,1.0,1.72,53.45,4,0.0,0.0,589376
2023-02-23 12:00:00,00000000270,20230223120000,0.145,0.001,0.028,0.0,0.0,0.0,1.0,0.69,19.31,4,0.0,0.0,589376
2023-02-23 13:00:00,00000000270,20230223130000,0.071,0.021,0.025,0.0,0.0,0.0,1.0,29.58,35.21,4,0.0,0.0,589376
2023-02-23 14:00:00,00000000270,20230223140000,0.148,0.276,0.01,0.0,0.0,0.0,1.0,186.49,6.76,4,0.0,0.0,589376
2023-02-23 15:00:00,00000000270,20230223150000,0.098,0.138,0.02,0.0,0.0,0.0,1.0,140.82,20.41,4,0.0,0.0,589376
2023-02-23 16:00:00,00000000270,20230223160000,0.136,0.186,0.008,0.0,0.0,0.0,1.0,136.76,5.88,4,0.0,0.0,589376
2023-02-23 17:00:00,00000000270,20230223170000,0.057,0.001,0.03,0.0,0.0,0.0,1.0,1.75,52.63,4,0.0,0.0,589376
2023-02-23 18:00:00,00000000270,20230223180000,0.055,0.001,0.03,0.0,0.0,0.0,1.0,1.82,54.55,4,0.0,0.0,589376
2023-02-23 19:00:00,00000000270,20230223190000,0.061,0.001,0.031,0.0,0.0,0.0,1.0,1.64,50.82,4,0.0,0.0,589376
2023-02-23 20:00:00,00000000270,20230223200000,0.076,0.001,0.028,0.0,0.0,0.0,1.0,1.32,36.84,4,0.0,0.0,589376
2023-02-23 21:00:00,00000000270,20230223210000,0.052,0.002,0.03,0.0,0.0,0.0,1.0,3.85,57.69,4,0.0,0.0,589376
2023-02-23 22:00:00,00000000270,20230223220000,0.056,0.0,0.029,0.0,0.0,0.0,1.0,0.0,51.79,4,0.0,0.0,589376
2023-02-23 23:00:00,00000000270,20230223230000,0.053,0.001,0.03,0.0,0.0,0.0,1.0,1.89,56.6,4,0.0,0.0,589376
2023-02-24 00:00:00,00000000270,20230224000000,0.053,0.0,0.029,0.0,0.0,0.0,1.0,0.0,54.72,4,0.0,0.0,589376
2023-02-24 01:00:00,00000000270,20230224010000,0.057,0.001,0.027,0.0,0.0,0.0,1.0,1.75,47.37,4,0.0,0.0,589376
2023-02-24 02:00:00,00000000270,20230224020000,0.05,0.003,0.03,0.0,0.0,0.0,1.0,6.0,60.0,4,0.0,0.0,589376
2023-02-24 03:00:00,00000000270,20230224030000,0.05,0.001,0.031,0.0,0.0,0.0,1.0,2.0,62.0,4,0.0,0.0,589376
2023-02-24 04:00:00,00000000270,20230224040000,0.05,0.001,0.031,0.0,0.0,0.0,1.0,2.0,62.0,4,0.0,0.0,589376
2023-02-24 05:00:00,00000000270,20230224050000,0.055,0.001,0.03,0.0,0.0,0.0,1.0,1.82,54.55,4,0.0,0.0,589376
2023-02-24 06:00:00,00000000270,20230224060000,0.054,0.001,0.029,0.0,0.0,0.0,1.0,1.85,53.7,4,0.0,0.0,589376
2023-02-24 07:00:00,00000000270,20230224070000,0.062,0.0,0.032,0.0,0.0,0.0,1.0,0.0,51.61,4,0.0,0.0,589376
2023-02-24 08:00:00,00000000270,20230224080000,0.068,0.001,0.031,0.0,0.0,0.0,1.0,1.47,45.59,4,0.0,0.0,589376
2023-02-24 09:00:00,00000000270,20230224090000,0.062,0.002,0.033,0.0,0.0,0.0,1.0,3.23,53.23,4,0.0,0.0,589376
2023-02-24 10:00:00,00000000270,20230224100000,0.05,0.002,0.03,0.0,0.0,0.0,1.0,4.0,60.0,4,0.0,0.0,589376
2023-02-24 11:00:00,00000000270,20230224110000,0.043,0.001,0.031,0.0,0.0,0.0,1.0,2.33,72.09,4,0.0,0.0,589376
2023-02-24 12:00:00,00000000270,20230224120000,0.049,0.0,0.03,0.0,0.0,0.0,1.0,0.0,61.22,4,0.0,0.0,589376
2023-02-24 13:00:00,00000000270,20230224130000,0.13,0.001,0.03,0.0,0.0,0.0,1.0,0.77,23.08,4,0.0,0.0,589376
2023-02-24 14:00:00,00000000270,20230224140000,0.1,0.058,0.023,0.0,0.0,0.0,1.0,58.0,23.0,4,0.0,0.0,589376
2023-02-24 15:00:00,00000000270,20230224150000,0.142,0.216,0.01,0.0,0.0,0.0,1.0,152.11,7.04,4,0.0,0.0,589376
2023-02-24 16:00:00,00000000270,20230224160000,0.056,0.001,0.03,0.0,0.0,0.0,1.0,1.79,53.57,4,0.0,0.0,589376
2023-02-24 17:00:00,00000000270,20230224170000,0.056,0.001,0.031,0.0,0.0,0.0,1.0,1.79,55.36,4,0.0,0.0,589376
2023-02-24 18:00:00,00000000270,20230224180000,0.065,0.001,0.031,0.0,0.0,0.0,1.0,1.54,47.69,4,0.0,0.0,589376
2023-02-24 19:00:00,00000000270,20230224190000,0.586,0.001,0.029,0.0,0.0,0.0,1.0,0.17,4.95,4,0.0,0.0,589376
2023-02-24 20:00:00,00000000270,20230224200000,0.708,0.0,0.037,0.0,0.0,0.0,1.0,0.0,5.23,4,0.0,0.0,589376
2023-02-24 21:00:00,00000000270,20230224210000,0.056,0.001,0.033,0.0,0.0,0.0,1.0,1.79,58.93,4,0.0,0.0,589376
2023-02-24 22:00:00,00000000270,20230224220000,0.047,0.002,0.029,0.0,0.0,0.0,1.0,4.26,61.7,4,0.0,0.0,589376
2023-02-24 23:00:00,00000000270,20230224230000,0.058,0.001,0.028,0.0,0.0,0.0,1.0,1.72,48.28,4,0.0,0.0,589376
2023-02-25 00:00:00,00000000270,20230225000000,0.058,0.001,0.029,0.0,0.0,0.0,1.0,1.72,50.0,4,0.0,0.0,589376
2023-02-25 01:00:00,00000000270,20230225010000,0.054,0.001,0.03,0.0,0.0,0.0,1.0,1.85,55.56,4,0.0,0.0,589376
2023-02-25 02:00:00,00000000270,20230225020000,0.055,0.0,0.03,0.0,0.0,0.0,1.0,0.0,54.55,4,0.0,0.0,589376
2023-02-25 03:00:00,00000000270,20230225030000,0.055,0.001,0.031,0.0,0.0,0.0,1.0,1.82,56.36,4,0.0,0.0,589376
2023-02-25 04:00:00,00000000270,20230225040000,0.051,0.001,0.031,0.0,0.0,0.0,1.0,1.96,60.78,4,0.0,0.0,589376
2023-02-25 05:00:00,00000000270,20230225050000,0.05,0.002,0.033,0.0,0.0,0.0,1.0,4.0,66.0,4,0.0,0.0,589376
2023-02-25 06:00:00,00000000270,20230225060000,0.045,0.001,0.036,0.0,0.0,0.0,1.0,2.22,80.0,4,0.0,0.0,589376
2023-02-25 07:00:00,00000000270,20230225070000,0.054,0.002,0.036,0.0,0.0,0.0,1.0,3.7,66.67,4,0.0,0.0,589376
2023-02-25 08:00:00,00000000270,20230225080000,0.076,0.001,0.029,0.0,0.0,0.0,1.0,1.32,38.16,4,0.0,0.0,589376
2023-02-25 09:00:00,00000000270,20230225090000,0.072,0.001,0.032,0.0,0.0,0.0,1.0,1.39,44.44,4,0.0,0.0,589376
2023-02-25 10:00:00,00000000270,20230225100000,0.456,0.001,0.032,0.0,0.0,0.0,1.0,0.22,7.02,4,0.0,0.0,589376
2023-02-25 11:00:00,00000000270,20230225110000,0.054,0.001,0.03,0.0,0.0,0.0,1.0,1.85,55.56,4,0.0,0.0,589376
2023-02-25 12:00:00,00000000270,20230225120000,0.057,0.001,0.031,0.0,0.0,0.0,1.0,1.75,54.39,4,0.0,0.0,589376
2023-02-25 13:00:00,00000000270,20230225130000,0.052,0.0,0.031,0.0,0.0,0.0,1.0,0.0,59.62,4,0.0,0.0,589376
2023-02-25 14:00:00,00000000270,20230225140000,0.053,0.002,0.033,0.0,0.0,0.0,1.0,3.77,62.26,4,0.0,0.0,589376
2023-02-25 15:00:00,00000000270,20230225150000,0.155,0.002,0.03,0.0,0.0,0.0,1.0,1.29,19.35,4,0.0,0.0,589376
2023-02-25 16:00:00,00000000270,20230225160000,0.062,0.001,0.03,0.0,0.0,0.0,1.0,1.61,48.39,4,0.0,0.0,589376
2023-02-25 17:00:00,00000000270,20230225170000,0.055,0.0,0.03,0.0,0.0,0.0,1.0,0.0,54.55,4,0.0,0.0,589376
2023-02-25 18:00:00,00000000270,20230225180000,0.056,0.002,0.03,0.0,0.0,0.0,1.0,3.57,53.57,4,0.0,0.0,589376
2023-02-25 19:00:00,00000000270,20230225190000,0.069,0.002,0.027,0.0,0.0,0.0,1.0,2.9,39.13,4,0.0,0.0,589376
2023-02-25 20:00:00,00000000270,20230225200000,0.065,0.0,0.033,0.0,0.0,0.0,1.0,0.0,50.77,4,0.0,0.0,589376
2023-02-25 21:00:00,00000000270,20230225210000,0.079,0.001,0.033,0.0,0.0,0.0,1.0,1.27,41.77,4,0.0,0.0,589376
2023-02-25 22:00:00,00000000270,20230225220000,0.058,0.001,0.027,0.0,0.0,0.0,1.0,1.72,46.55,4,0.0,0.0,589376
2023-02-25 23:00:00,00000000270,20230225230000,0.052,0.002,0.031,0.0,0.0,0.0,1.0,3.85,59.62,4,0.0,0.0,589376
2023-02-26 00:00:00,00000000270,20230226000000,0.055,0.001,0.031,0.0,0.0,0.0,1.0,1.82,56.36,4,0.0,0.0,589376
2023-02-26 01:00:00,00000000270,20230226010000,0.052,0.001,0.031,0.0,0.0,0.0,1.0,1.92,59.62,4,0.0,0.0,589376
2023-02-26 02:00:00,00000000270,20230226020000,0.048,0.001,0.031,0.0,0.0,0.0,1.0,2.08,64.58,4,0.0,0.0,589376
2023-02-26 03:00:00,00000000270,20230226030000,0.054,0.001,0.032,0.0,0.0,0.0,1.0,1.85,59.26,4,0.0,0.0,589376
2023-02-26 04:00:00,00000000270,20230226040000,0.05,0.001,0.032,0.0,0.0,0.0,1.0,2.0,64.0,4,0.0,0.0,589376
2023-02-26 05:00:00,00000000270,20230226050000,0.051,0.002,0.03,0.0,0.0,0.0,1.0,3.92,58.82,4,0.0,0.0,589376
2023-02-26 06:00:00,00000000270,20230226060000,0.058,0.001,0.029,0.0,0.0,0.0,1.0,1.72,50.0,4,0.0,0.0,589376
2023-02-26 07:00:00,00000000270,20230226070000,0.072,0.001,0.037,0.0,0.0,0.0,1.0,1.39,51.39,4,0.0,0.0,589376
2023-02-26 08:00:00,00000000270,20230226080000,0.072,0.0,0.034,0.0,0.0,0.0,1.0,0.0,47.22,4,0.0,0.0,589376
2023-02-26 09:00:00,00000000270,20230226090000,0.064,0.002,0.034,0.0,0.0,0.0,1.0,3.12,53.12,4,0.0,0.0,589376
2023-02-26 10:00:00,00000000270,20230226100000,0.053,0.001,0.031,0.0,0.0,0.0,1.0,1.89,58.49,4,0.0,0.0,589376
2023-02-26 11:00:00,00000000270,20230226110000,0.061,0.001,0.028,0.0,0.0,0.0,1.0,1.64,45.9,4,0.0,0.0,589376
2023-02-26 12:00:00,00000000270,20230226120000,0.06,0.001,0.03,0.0,0.0,0.0,1.0,1.67,50.0,4,0.0,0.0,589376
2023-02-26 13:00:00,00000000270,20230226130000,0.545,0.001,0.033,0.0,0.0,0.0,1.0,0.18,6.06,4,0.0,0.0,589376
2023-02-26 14:00:00,00000000270,20230226140000,0.206,0.001,0.034,0.0,0.0,0.0,1.0,0.49,16.5,4,0.0,0.0,589376
2023-02-26 15:00:00,00000000270,20230226150000,0.059,0.001,0.029,0.0,0.0,0.0,1.0,1.69,49.15,4,0.0,0.0,589376
2023-02-26 16:00:00,00000000270,20230226160000,0.108,0.001,0.03,0.0,0.0,0.0,1.0,0.93,27.78,4,0.0,0.0,589376
2023-02-26 17:00:00,00000000270,20230226170000,0.112,0.002,0.027,0.0,0.0,0.0,1.0,1.79,24.11,4,0.0,0.0,589376
2023-02-26 18:00:00,00000000270,20230226180000,0.057,0.001,0.03,0.0,0.0,0.0,1.0,1.75,52.63,4,0.0,0.0,589376
2023-02-26 19:00:00,00000000270,20230226190000,0.063,0.001,0.026,0.0,0.0,0.0,1.0,1.59,41.27,4,0.0,0.0,589376
2023-02-26 20:00:00,00000000270,20230226200000,0.052,0.001,0.029,0.0,0.0,0.0,1.0,1.92,55.77,4,0.0,0.0,589376
2023-02-26 21:00:00,00000000270,20230226210000,0.051,0.001,0.031,0.0,0.0,0.0,1.0,1.96,60.78,4,0.0,0.0,589376
2023-02-26 22:00:00,00000000270,20230226220000,0.066,0.002,0.029,0.0,0.0,0.0,1.0,3.03,43.94,4,0.0,0.0,589376
2023-02-26 23:00:00,00000000270,20230226230000,0.052,0.0,0.033,0.0,0.0,0.0,1.0,0.0,63.46,4,0.0,0.0,589376
2023-02-27 00:00:00,00000000270,20230227000000,0.058,0.002,0.028,0.0,0.0,0.0,1.0,3.45,48.28,4,0.0,0.0,589376
2023-02-27 01:00:00,00000000270,20230227010000,0.056,0.001,0.032,0.0,0.0,0.0,1.0,1.79,57.14,4,0.0,0.0,589376
2023-02-27 02:00:00,00000000270,20230227020000,0.053,0.002,0.033,0.0,0.0,0.0,1.0,3.77,62.26,4,0.0,0.0,589376
2023-02-27 03:00:00,00000000270,20230227030000,0.061,0.001,0.026,0.0,0.0,0.0,1.0,1.64,42.62,4,0.0,0.0,589376
2023-02-27 04:00:00,00000000270,20230227040000,0.056,0.001,0.032,0.0,0.0,0.0,1.0,1.79,57.14,4,0.0,0.0,589376
2023-02-27 05:00:00,00000000270,20230227050000,0.057,0.002,0.033,0.0,0.0,0.0,1.0,3.51,57.89,4,0.0,0.0,589376
2023-02-27 06:00:00,00000000270,20230227060000,0.058,0.001,0.033,0.0,0.0,0.0,1.0,1.72,56.9,4,0.0,0.0,589376
2023-02-27 07:00:00,00000000270,20230227070000,0.085,0.002,0.032,0.0,0.0,0.0,1.0,2.35,37.65,4,0.0,0.0,589376
2023-02-27 08:00:00,00000000270,20230227080000,0.063,0.0,0.035,0.0,0.0,0.0,1.0,0.0,55.56,4,0.0,0.0,589376
2023-02-27 09:00:00,00000000270,20230227090000,0.055,0.001,0.033,0.0,0.0,0.0,1.0,1.82,60.0,4,0.0,0.0,589376
2023-02-27 10:00:00,00000000270,20230227100000,0.054,0.002,0.032,0.0,0.0,0.0,1.0,3.7,59.26,4,0.0,0.0,589376
2023-02-27 11:00:00,00000000270,20230227110000,0.063,0.001,0.027,0.0,0.0,0.0,1.0,1.59,42.86,4,0.0,0.0,589376
2023-02-27 12:00:00,00000000270,20230227120000,0.054,0.001,0.031,0.0,0.0,0.0,1.0,1.85,57.41,4,0.0,0.0,589376
2023-02-27 13:00:00,00000000270,20230227130000,0.053,0.001,0.03,0.0,0.0,0.0,1.0,1.89,56.6,4,0.0,0.0,589376
2023-02-27 14:00:00,00000000270,20230227140000,0.056,0.0,0.031,0.0,0.0,0.0,1.0,0.0,55.36,4,0.0,0.0,589376
2023-02-27 15:00:00,00000000270,20230227150000,0.056,0.002,0.031,0.0,0.0,0.0,1.0,3.57,55.36,4,0.0,0.0,589376
2023-02-27 16:00:00,00000000270,20230227160000,0.052,0.002,0.029,0.0,0.0,0.0,1.0,3.85,55.77,4,0.0,0.0,589376
2023-02-27 17:00:00,00000000270,20230227170000,0.056,0.0,0.031,0.0,0.0,0.0,1.0,0.0,55.36,4,0.0,0.0,589376
2023-02-27 18:00:00,00000000270,20230227180000,0.129,0.001,0.031,0.0,0.0,0.0,1.0,0.78,24.03,4,0.0,0.0,589376
2023-02-27 19:00:00,00000000270,20230227190000,0.386,0.002,0.029,0.0,0.0,0.0,1.0,0.52,7.51,4,0.0,0.0,589376
2023-02-27 20:00:00,00000000270,20230227200000,1.817,0.001,0.031,0.0,0.0,0.0,1.0,0.06,1.71,4,0.0,0.0,589376
2023-02-27 21:00:00,00000000270,20230227210000,0.25,0.001,0.031,0.0,0.0,0.0,1.0,0.4,12.4,4,0.0,0.0,589376
2023-02-27 22:00:00,00000000270,20230227220000,0.079,0.001,0.031,0.0,0.0,0.0,1.0,1.27,39.24,4,0.0,0.0,589376
2023-02-27 23:00:00,00000000270,20230227230000,0.063,0.0,0.027,0.0,0.0,0.0,1.0,0.0,42.86,4,0.0,0.0,589376
2023-02-28 00:00:00,00000000270,20230228000000,0.063,0.002,0.027,0.0,0.0,0.0,1.0,3.17,42.86,4,0.0,0.0,589376
2023-02-28 01:00:00,00000000270,20230228010000,0.054,0.002,0.032,0.0,0.0,0.0,1.0,3.7,59.26,4,0.0,0.0,589376
2023-02-28 02:00:00,00000000270,20230228020000,0.061,0.001,0.028,0.0,0.0,0.0,1.0,1.64,45.9,4,0.0,0.0,589376
2023-02-28 03:00:00,00000000270,20230228030000,0.056,0.002,0.031,0.0,0.0,0.0,1.0,3.57,55.36,4,0.0,0.0,589376
2023-02-28 04:00:00,00000000270,20230228040000,0.055,0.0,0.032,0.0,0.0,0.0,1.0,0.0,58.18,4,0.0,0.0,589376
2023-02-28 05:00:00,00000000270,20230228050000,0.06,0.001,0.028,0.0,0.0,0.0,1.0,1.67,46.67,4,0.0,0.0,589376
2023-02-28 06:00:00,00000000270,20230228060000,0.049,0.001,0.029,0.0,0.0,0.0,1.0,2.04,59.18,4,0.0,0.0,589376
2023-02-28 07:00:00,00000000270,20230228070000,0.058,0.001,0.034,0.0,0.0,0.0,1.0,1.72,58.62,4,0.0,0.0,589376
2023-02-28 08:00:00,00000000270,20230228080000,0.061,0.001,0.034,0.0,0.0,0.0,1.0,1.64,55.74,4,0.0,0.0,589376
2023-02-28 09:00:00,00000000270,20230228090000,0.062,0.001,0.031,0.0,0.0,0.0,1.0,1.61,50.0,4,0.0,0.0,589376
2023-02-28 10:00:00,00000000270,20230228100000,0.077,0.001,0.028,0.0,0.0,0.0,1.0,1.3,36.36,4,0.0,0.0,589376
2023-02-28 11:00:00,00000000270,20230228110000,1.64,0.001,0.028,0.0,0.0,0.0,1.0,0.06,1.71,4,0.0,0.0,589376
2023-02-28 12:00:00,00000000270,20230228120000,0.067,0.002,0.029,0.0,0.0,0.0,1.0,2.99,43.28,4,0.0,0.0,589376
2023-02-28 13:00:00,00000000270,20230228130000,0.056,0.001,0.031,0.0,0.0,0.0,1.0,1.79,55.36,4,0.0,0.0,589376
2023-02-28 14:00:00,00000000270,20230228140000,0.06,0.001,0.028,0.0,0.0,0.0,1.0,1.67,46.67,4,0.0,0.0,589376
2023-02-28 15:00:00,00000000270,20230228150000,0.065,0.001,0.029,0.0,0.0,0.0,1.0,1.54,44.62,4,0.0,0.0,589376
2023-02-28 16:00:00,00000000270,20230228160000,0.073,0.001,0.034,0.0,0.0,0.0,1.0,1.37,46.58,4,0.0,0.0,589376
2023-02-28 17:00:00,00000000270,20230228170000,0.058,0.001,0.031,0.0,0.0,0.0,1.0,1.72,53.45,4,0.0,0.0,589376
2023-02-28 18:00:00,00000000270,20230228180000,0.663,0.002,0.026,0.0,0.0,0.0,1.0,0.3,3.92,4,0.0,0.0,589376
2023-02-28 19:00:00,00000000270,20230228190000,1.237,0.0,0.032,0.0,0.0,0.0,1.0,0.0,2.59,4,0.0,0.0,589376
2023-02-28 20:00:00,00000000270,20230228200000,0.829,0.002,0.027,0.0,0.0,0.0,1.0,0.24,3.26,4,0.0,0.0,589376
2023-02-28 21:00:00,00000000270,20230228210000,0.06,0.001,0.029,0.0,0.0,0.0,1.0,1.67,48.33,4,0.0,0.0,589376
2023-02-28 22:00:00,00000000270,20230228220000,0.055,0.001,0.03,0.0,0.0,0.0,1.0,1.82,54.55,4,0.0,0.0,589376
2023-02-28 23:00:00,00000000270,20230228230000,0.058,0.001,0.027,0.0,0.0,0.0,1.0,1.72,46.55,4,0.0,0.0,589376
2023-03-01 00:00:00,00000000270,20230301000000,0.049,0.001,0.031,0.0,0.0,0.0,1.0,2.04,63.27,4,0.0,0.0,589376
2023-03-01 01:00:00,00000000270,20230301010000,0.049,0.001,0.031,0.0,0.0,0.0,1.0,2.04,63.27,4,0.0,0.0,589376
2023-03-01 02:00:00,00000000270,20230301020000,0.047,0.001,0.033,0.0,0.0,0.0,1.0,2.13,70.21,4,0.0,0.0,589376
2023-03-01 03:00:00,00000000270,20230301030000,0.055,0.002,0.032,0.0,0.0,0.0,1.0,3.64,58.18,4,0.0,0.0,589376
2023-03-01 04:00:00,00000000270,20230301040000,0.059,0.001,0.03,0.0,0.0,0.0,1.0,1.69,50.85,4,0.0,0.0,589376
2023-03-01 05:00:00,00000000270,20230301050000,0.057,0.001,0.028,0.0,0.0,0.0,1.0,1.75,49.12,4,0.0,0.0,589376
2023-03-01 06:00:00,00000000270,20230301060000,0.057,0.001,0.03,0.0,0.0,0.0,1.0,1.75,52.63,4,0.0,0.0,589376
2023-03-01 07:00:00,00000000270,20230301070000,0.067,0.001,0.033,0.0,0.0,0.0,1.0,1.49,49.25,4,0.0,0.0,589376
2023-03-01 08:00:00,00000000270,20230301080000,0.076,0.001,0.035,0.0,0.0,0.0,1.0,1.32,46.05,4,0.0,0.0,589376
2023-03-01 09:00:00,00000000270,20230301090000,0.062,0.002,0.031,0.0,0.0,0.0,1.0,3.23,50.0,4,0.0,0.0,589376
2023-03-01 10:00:00,00000000270,20230301100000,0.058,0.001,0.031,0.0,0.0,0.0,1.0,1.72,53.45,4,0.0,0.0,589376
2023-03-01 11:00:00,00000000270,20230301110000,0.048,0.001,0.032,0.0,0.0,0.0,1.0,2.08,66.67,4,0.0,0.0,589376
2023-03-01 12:00:00,00000000270,20230301120000,0.044,0.001,0.032,0.0,0.0,0.0,1.0,2.27,72.73,4,0.0,0.0,589376
2023-03-01 13:00:00,00000000270,20230301130000,0.054,0.0,0.03,0.0,0.0,0.0,1.0,0.0,55.56,4,0.0,0.0,589376
2023-03-01 14:00:00,00000000270,20230301140000,0.053,0.001,0.03,0.0,0.0,0.0,1.0,1.89,56.6,4,0.0,0.0,589376
2023-03-01 15:00:00,00000000270,20230301150000,0.055,0.003,0.031,0.0,0.0,0.0,1.0,5.45,56.36,4,0.0,0.0,589376
2023-03-01 16:00:00,00000000270,20230301160000,0.056,0.002,0.03,0.0,0.0,0.0,1.0,3.57,53.57,4,0.0,0.0,589376
2023-03-01 17:00:00,00000000270,20230301170000,0.057,0.002,0.032,0.0,0.0,0.0,1.0,3.51,56.14,4,0.0,0.0,589376
2023-03-01 18:00:00,00000000270,20230301180000,0.054,0.001,0.029,0.0,0.0,0.0,1.0,1.85,53.7,4,0.0,0.0,589376
2023-03-01 19:00:00,00000000270,20230301190000,0.048,0.0,0.03,0.0,0.0,0.0,1.0,0.0,62.5,4,0.0,0.0,589376
2023-03-01 20:00:00,00000000270,20230301200000,0.044,0.001,0.03,0.0,0.0,0.0,1.0,2.27,68.18,4,0.0,0.0,589376
2023-03-01 21:00:00,00000000270,20230301210000,0.152,0.001,0.034,0.0,0.0,0.0,1.0,0.66,22.37,4,0.0,0.0,589376
2023-03-01 22:00:00,00000000270,20230301220000,0.077,0.002,0.03,0.0,0.0,0.0,1.0,2.6,38.96,4,0.0,0.0,589376
2023-03-01 23:00:00,00000000270,20230301230000,0.056,0.001,0.03,0.0,0.0,0.0,1.0,1.79,53.57,4,0.0,0.0,589376
2023-03-02 00:00:00,00000000270,20230302000000,0.056,0.001,0.031,0.0,0.0,0.0,1.0,1.79,55.36,4,0.0,0.0,589376
2023-03-02 01:00:00,00000000270,20230302010000,0.056,0.001,0.03,0.0,0.0,0.0,1.0,1.79,53.57,4,0.0,0.0,589376
2023-03-02 02:00:00,00000000270,20230302020000,0.056,0.001,0.032,0.0,0.0,0.0,1.0,1.79,57.14,4,0.0,0.0,589376
2023-03-02 03:00:00,00000000270,20230302030000,0.053,0.001,0.03,0.0,0.0,0.0,1.0,1.89,56.6,4,0.0,0.0,589376
2023-03-02 04:00:00,00000000270,20230302040000,0.049,0.001,0.032,0.0,0.0,0.0,1.0,2.04,65.31,4,0.0,0.0,589376
2023-03-02 05:00:00,00000000270,20230302050000,0.045,0.001,0.033,0.0,0.0,0.0,1.0,2.22,73.33,4,0.0,0.0,589376
2023-03-02 06:00:00,00000000270,20230302060000,0.044,0.001,0.034,0.0,0.0,0.0,1.0,2.27,77.27,4,0.0,0.0,589376
2023-03-02 07:00:00,00000000270,20230302070000,0.059,0.001,0.035,0.0,0.0,0.0,1.0,1.69,59.32,4,0.0,0.0,589376
2023-03-02 08:00:00,00000000270,20230302080000,0.068,0.0,0.032,0.0,0.0,0.0,1.0,0.0,47.06,4,0.0,0.0,589376
2023-03-02 09:00:00,00000000270,20230302090000,0.059,0.002,0.032,0.0,0.0,0.0,1.0,3.39,54.24,4,0.0,0.0,589376
2023-03-02 10:00:00,00000000270,20230302100000,0.055,0.001,0.029,0.0,0.0,0.0,1.0,1.82,52.73,4,0.0,0.0,589376
2023-03-02 11:00:00,00000000270,20230302110000,0.054,0.002,0.03,0.0,0.0,0.0,1.0,3.7,55.56,4,0.0,0.0,589376
2023-03-02 12:00:00,00000000270,20230302120000,0.039,0.001,0.033,0.0,0.0,0.0,1.0,2.56,84.62,4,0.0,0.0,589376
2023-03-02 13:00:00,00000000270,20230302130000,0.037,0.001,0.033,0.0,0.0,0.0,1.0,2.7,89.19,4,0.0,0.0,589376
2023-03-02 14:00:00,00000000270,20230302140000,0.055,0.002,0.03,0.0,0.0,0.0,1.0,3.64,54.55,4,0.0,0.0,589376
2023-03-02 15:00:00,00000000270,20230302150000,0.055,0.002,0.029,0.0,0.0,0.0,1.0,3.64,52.73,4,0.0,0.0,589376
2023-03-02 16:00:00,00000000270,20230302160000,0.055,0.001,0.029,0.0,0.0,0.0,1.0,1.82,52.73,4,0.0,0.0,589376
2023-03-02 17:00:00,00000000270,20230302170000,0.047,0.001,0.032,0.0,0.0,0.0,1.0,2.13,68.09,4,0.0,0.0,589376
2023-03-02 18:00:00,00000000270,20230302180000,0.039,0.001,0.032,0.0,0.0,0.0,1.0,2.56,82.05,4,0.0,0.0,589376
2023-03-02 19:00:00,00000000270,20230302190000,0.045,0.0,0.029,0.0,0.0,0.0,1.0,0.0,64.44,4,0.0,0.0,589376
2023-03-02 20:00:00,00000000270,20230302200000,0.06,0.001,0.029,0.0,0.0,0.0,1.0,1.67,48.33,4,0.0,0.0,589376
2023-03-02 21:00:00,00000000270,20230302210000,0.069,0.001,0.032,0.0,0.0,0.0,1.0,1.45,46.38,4,0.0,0.0,589376
2023-03-02 22:00:00,00000000270,20230302220000,0.059,0.0,0.034,0.0,0.0,0.0,1.0,0.0,57.63,4,0.0,0.0,589376
2023-03-02 23:00:00,00000000270,20230302230000,0.141,0.001,0.026,0.0,0.0,0.0,1.0,0.71,18.44,4,0.0,0.0,589376
2023-03-03 00:00:00,00000000270,20230303000000,0.053,0.001,0.029,0.0,0.0,0.0,1.0,1.89,54.72,4,0.0,0.0,589376
2023-03-03 01:00:00,00000000270,20230303010000,0.047,0.002,0.032,0.0,0.0,0.0,1.0,4.26,68.09,4,0.0,0.0,589376
2023-03-03 02:00:00,00000000270,20230303020000,0.041,0.001,0.037,0.0,0.0,0.0,1.0,2.44,90.24,4,0.0,0.0,589376
2023-03-03 03:00:00,00000000270,20230303030000,0.056,0.002,0.031,0.0,0.0,0.0,1.0,3.57,55.36,4,0.0,0.0,589376
2023-03-03 04:00:00,00000000270,20230303040000,0.056,0.001,0.03,0.0,0.0,0.0,1.0,1.79,53.57,4,0.0,0.0,589376
2023-03-03 05:00:00,00000000270,20230303050000,0.047,0.001,0.035,0.0,0.0,0.0,1.0,2.13,74.47,4,0.0,0.0,589376
2023-03-03 06:00:00,00000000270,20230303060000,0.053,0.001,0.031,0.0,0.0,0.0,1.0,1.89,58.49,4,0.0,0.0,589376
2023-03-03 07:00:00,00000000270,20230303070000,0.068,0.001,0.037,0.0,0.0,0.0,1.0,1.47,54.41,4,0.0,0.0,589376
2023-03-03 08:00:00,00000000270,20230303080000,0.065,0.0,0.032,0.0,0.0,0.0,1.0,0.0,49.23,4,0.0,0.0,589376
2023-03-03 09:00:00,00000000270,20230303090000,0.95,0.002,0.031,0.0,0.0,0.0,1.0,0.21,3.26,4,0.0,0.0,589376
2023-03-03 10:00:00,00000000270,20230303100000,1.237,0.001,0.03,0.0,0.0,0.0,1.0,0.08,2.43,4,0.0,0.0,589376
2023-03-03 11:00:00,00000000270,20230303110000,0.063,0.001,0.031,0.0,0.0,0.0,1.0,1.59,49.21,4,0.0,0.0,589376
2023-03-03 12:00:00,00000000270,20230303120000,0.054,0.0,0.033,0.0,0.0,0.0,1.0,0.0,61.11,4,0.0,0.0,589376
2023-03-03 13:00:00,00000000270,20230303130000,0.416,0.001,0.032,0.0,0.0,0.0,1.0,0.24,7.69,4,0.0,0.0,589376
2023-03-03 14:00:00,00000000270,20230303140000,1.471,0.001,0.028,0.0,0.0,0.0,1.0,0.07,1.9,4,0.0,0.0,589376
2023-03-03 15:00:00,00000000270,20230303150000,0.054,0.001,0.029,0.0,0.0,0.0,1.0,1.85,53.7,4,0.0,0.0,589376
2023-03-03 16:00:00,00000000270,20230303160000,0.05,0.001,0.03,0.0,0.0,0.0,1.0,2.0,60.0,4,0.0,0.0,589376
2023-03-03 17:00:00,00000000270,20230303170000,0.05,0.001,0.03,0.0,0.0,0.0,1.0,2.0,60.0,4,0.0,0.0,589376
2023-03-03 18:00:00,00000000270,20230303180000,0.039,0.001,0.032,0.0,0.0,0.0,1.0,2.56,82.05,4,0.0,0.0,589376
2023-03-03 19:00:00,00000000270,20230303190000,0.052,0.0,0.028,0.0,0.0,0.0,1.0,0.0,53.85,4,0.0,0.0,589376
2023-03-03 20:00:00,00000000270,20230303200000,0.132,0.216,0.014,0.0,0.0,0.0,1.0,163.64,10.61,4,0.0,0.0,589376
2023-03-03 21:00:00,00000000270,20230303210000,0.081,0.037,0.025,0.0,0.0,0.0,1.0,45.68,30.86,4,0.0,0.0,589376
2023-03-03 22:00:00,00000000270,20230303220000,0.058,0.001,0.031,0.0,0.0,0.0,1.0,1.72,53.45,4,0.0,0.0,589376
2023-03-03 23:00:00,00000000270,20230303230000,0.039,0.0,0.031,0.0,0.0,0.0,1.0,0.0,79.49,4,0.0,0.0,589376
2023-03-04 00:00:00,00000000270,20230304000000,0.127,0.001,0.028,0.0,0.0,0.0,1.0,0.79,22.05,4,0.0,0.0,589376
2023-03-04 01:00:00,00000000270,20230304010000,0.067,0.0,0.031,0.0,0.0,0.0,1.0,0.0,46.27,4,0.0,0.0,589376
2023-03-04 02:00:00,00000000270,20230304020000,0.053,0.001,0.032,0.0,0.0,0.0,1.0,1.89,60.38,4,0.0,0.0,589376
2023-03-04 03:00:00,00000000270,20230304030000,0.054,0.0,0.029,0.0,0.0,0.0,1.0,0.0,53.7,4,0.0,0.0,589376
2023-03-04 04:00:00,00000000270,20230304040000,0.054,0.002,0.03,0.0,0.0,0.0,1.0,3.7,55.56,4,0.0,0.0,589376
2023-03-04 05:00:00,00000000270,20230304050000,0.03,0.0,0.038,0.0,0.0,0.0,1.0,0.0,126.67,4,0.0,0.0,589376
2023-03-04 06:00:00,00000000270,20230304060000,0.049,0.003,0.032,0.0,0.0,0.0,1.0,6.12,65.31,4,0.0,0.0,589376
2023-03-04 07:00:00,00000000270,20230304070000,0.072,0.0,0.035,0.0,0.0,0.0,1.0,0.0,48.61,4,0.0,0.0,589376
2023-03-04 08:00:00,00000000270,20230304080000,0.054,0.001,0.038,0.0,0.0,0.0,1.0,1.85,70.37,4,0.0,0.0,589376
2023-03-04 09:00:00,00000000270,20230304090000,0.183,0.001,0.029,0.0,0.0,0.0,1.0,0.55,15.85,4,0.0,0.0,589376
2023-03-04 10:00:00,00000000270,20230304100000,0.05,0.001,0.03,0.0,0.0,0.0,1.0,2.0,60.0,4,0.0,0.0,589376
2023-03-04 11:00:00,00000000270,20230304110000,0.038,0.0,0.036,0.0,0.0,0.0,1.0,0.0,94.74,4,0.0,0.0,589376
2023-03-04 12:00:00,00000000270,20230304120000,0.068,0.001,0.031,0.0,0.0,0.0,1.0,1.47,45.59,4,0.0,0.0,589376
2023-03-04 13:00:00,00000000270,20230304130000,0.062,0.001,0.029,0.0,0.0,0.0,1.0,1.61,46.77,4,0.0,0.0,589376
2023-03-04 14:00:00,00000000270,20230304140000,1.292,0.002,0.03,0.0,0.0,0.0,1.0,0.15,2.32,4,0.0,0.0,589376
2023-03-04 15:00:00,00000000270,20230304150000,1.837,0.0,0.031,0.0,0.0,0.0,1.0,0.0,1.69,4,0.0,0.0,589376
2023-03-04 16:00:00,00000000270,20230304160000,0.312,0.0,0.034,0.0,0.0,0.0,1.0,0.0,10.9,4,0.0,0.0,589376
2023-03-04 17:00:00,00000000270,20230304170000,0.051,0.001,0.03,0.0,0.0,0.0,1.0,1.96,58.82,4,0.0,0.0,589376
2023-03-04 18:00:00,00000000270,20230304180000,0.053,0.001,0.03,0.0,0.0,0.0,1.0,1.89,56.6,4,0.0,0.0,589376
2023-03-04 19:00:00,00000000270,20230304190000,0.051,0.0,0.028,0.0,0.0,0.0,1.0,0.0,54.9,4,0.0,0.0,589376
2023-03-04 20:00:00,00000000270,20230304200000,0.043,0.0,0.029,0.0,0.0,0.0,1.0,0.0,67.44,4,0.0,0.0,589376
2023-03-04 21:00:00,00000000270,20230304210000,0.047,0.001,0.031,0.0,0.0,0.0,1.0,2.13,65.96,4,0.0,0.0,589376
2023-03-04 22:00:00,00000000270,20230304220000,0.059,0.0,0.032,0.0,0.0,0.0,1.0,0.0,54.24,4,0.0,0.0,589376
2023-03-04 23:00:00,00000000270,20230304230000,0.049,0.0,0.029,0.0,0.0,0.0,1.0,0.0,59.18,4,0.0,0.0,589376
2023-03-05 00:00:00,00000000270,20230305000000,0.044,0.001,0.035,0.0,0.0,0.0,1.0,2.27,79.55,4,0.0,0.0,589376
2023-03-05 01:00:00,00000000270,20230305010000,0.043,0.0,0.031,0.0,0.0,0.0,1.0,0.0,72.09,4,0.0,0.0,589376
2023-03-05 02:00:00,00000000270,20230305020000,0.138,0.001,0.029,0.0,0.0,0.0,1.0,0.72,21.01,4,0.0,0.0,589376
2023-03-05 03:00:00,00000000270,20230305030000,0.06,0.0,0.029,0.0,0.0,0.0,1.0,0.0,48.33,4,0.0,0.0,589376
2023-03-05 04:00:00,00000000270,20230305040000,0.046,0.0,0.035,0.0,0.0,0.0,1.0,0.0,76.09,4,0.0,0.0,589376
2023-03-05 05:00:00,00000000270,20230305050000,0.053,0.001,0.03,0.0,0.0,0.0,1.0,1.89,56.6,4,0.0,0.0,589376
2023-03-05 06:00:00,00000000270,20230305060000,0.054,0.001,0.031,0.0,0.0,0.0,1.0,1.85,57.41,4,0.0,0.0,589376
2023-03-05 07:00:00,00000000270,20230305070000,0.067,0.001,0.036,0.0,0.0,0.0,1.0,1.49,53.73,4,0.0,0.0,589376
2023-03-05 08:00:00,00000000270,20230305080000,0.038,0.001,0.043,0.0,0.0,0.0,1.0,2.63,113.16,4,0.0,0.0,589376
2023-03-05 09:00:00,00000000270,20230305090000,0.063,0.001,0.033,0.0,0.0,0.0,1.0,1.59,52.38,4,0.0,0.0,589376
2023-03-05 10:00:00,00000000270,20230305100000,0.058,0.001,0.031,0.0,0.0,0.0,1.0,1.72,53.45,4,0.0,0.0,589376
2023-03-05 11:00:00,00000000270,20230305110000,0.055,0.001,0.029,0.0,0.0,0.0,1.0,1.82,52.73,4,0.0,0.0,589376
2023-03-05 12:00:00,00000000270,20230305120000,0.045,0.001,0.034,0.0,0.0,0.0,1.0,2.22,75.56,4,0.0,0.0,589376
2023-03-05 13:00:00,00000000270,20230305130000,0.058,0.0,0.031,0.0,0.0,0.0,1.0,0.0,53.45,4,0.0,0.0,589376
2023-03-05 14:00:00,00000000270,20230305140000,0.044,0.0,0.03,0.0,0.0,0.0,1.0,0.0,68.18,4,0.0,0.0,589376
2023-03-05 15:00:00,00000000270,20230305150000,0.049,0.001,0.029,0.0,0.0,0.0,1.0,2.04,59.18,4,0.0,0.0,589376
2023-03-05 16:00:00,00000000270,20230305160000,0.037,0.0,0.034,0.0,0.0,0.0,1.0,0.0,91.89,4,0.0,0.0,589376
2023-03-05 17:00:00,00000000270,20230305170000,0.054,0.002,0.03,0.0,0.0,0.0,1.0,3.7,55.56,4,0.0,0.0,589376
2023-03-05 18:00:00,00000000270,20230305180000,0.056,0.0,0.028,0.0,0.0,0.0,1.0,0.0,50.0,4,0.0,0.0,589376
2023-03-05 19:00:00,00000000270,20230305190000,0.048,0.0,0.035,0.0,0.0,0.0,1.0,0.0,72.92,4,0.0,0.0,589376
2023-03-05 20:00:00,00000000270,20230305200000,0.325,0.001,0.03,0.0,0.0,0.0,1.0,0.31,9.23,4,0.0,0.0,589376
2023-03-05 21:00:00,00000000270,20230305210000,0.717,0.0,0.031,0.0,0.0,0.0,1.0,0.0,4.32,4,0.0,0.0,589376
2023-03-05 22:00:00,00000000270,20230305220000,0.05,0.0,0.029,0.0,0.0,0.0,1.0,0.0,58.0,4,0.0,0.0,589376
2023-03-05 23:00:00,00000000270,20230305230000,0.041,0.001,0.034,0.0,0.0,0.0,1.0,2.44,82.93,4,0.0,0.0,589376
2023-03-06 00:00:00,00000000270,20230306000000,0.05,0.0,0.03,0.0,0.0,0.0,1.0,0.0,60.0,4,0.0,0.0,589376
2023-03-06 01:00:00,00000000270,20230306010000,0.055,0.002,0.031,0.0,0.0,0.0,1.0,3.64,56.36,4,0.0,0.0,589376
2023-03-06 02:00:00,00000000270,20230306020000,0.04,0.0,0.037,0.0,0.0,0.0,1.0,0.0,92.5,4,0.0,0.0,589376
2023-03-06 03:00:00,00000000270,20230306030000,0.091,0.001,0.032,0.0,0.0,0.0,1.0,1.1,35.16,4,0.0,0.0,589376
2023-03-06 04:00:00,00000000270,20230306040000,0.102,0.002,0.029,0.0,0.0,0.0,1.0,1.96,28.43,4,0.0,0.0,589376
2023-03-06 05:00:00,00000000270,20230306050000,0.042,0.0,0.036,0.0,0.0,0.0,1.0,0.0,85.71,4,0.0,0.0,589376
2023-03-06 06:00:00,00000000270,20230306060000,0.035,0.001,0.03,0.0,0.0,0.0,1.0,2.86,85.71,4,0.0,0.0,589376
2023-03-06 07:00:00,00000000270,20230306070000,0.069,0.0,0.034,0.0,0.0,0.0,1.0,0.0,49.28,4,0.0,0.0,589376
2023-03-06 08:00:00,00000000270,20230306080000,0.049,0.0,0.036,0.0,0.0,0.0,1.0,0.0,73.47,4,0.0,0.0,589376
2023-03-06 09:00:00,00000000270,20230306090000,0.063,0.002,0.032,0.0,0.0,0.0,1.0,3.17,50.79,4,0.0,0.0,589376
2023-03-06 10:00:00,00000000270,20230306100000,0.099,0.0,0.029,0.0,0.0,0.0,1.0,0.0,29.29,4,0.0,0.0,589376
2023-03-06 11:00:00,00000000270,20230306110000,0.045,0.0,0.034,0.0,0.0,0.0,1.0,0.0,75.56,4,0.0,0.0,589376
2023-03-06 12:00:00,00000000270,20230306120000,0.069,0.001,0.033,0.0,0.0,0.0,1.0,1.45,47.83,4,0.0,0.0,589376
2023-03-06 13:00:00,00000000270,20230306130000,0.178,0.082,0.026,0.0,0.0,0.0,1.0,46.07,14.61,4,0.0,0.0,589376
2023-03-06 14:00:00,00000000270,20230306140000,0.134,0.218,0.01,0.0,0.0,0.0,1.0,162.69,7.46,4,0.0,0.0,589376
2023-03-06 15:00:00,00000000270,20230306150000,0.054,0.001,0.03,0.0,0.0,0.0,1.0,1.85,55.56,4,0.0,0.0,589376
2023-03-06 16:00:00,00000000270,20230306160000,0.055,0.0,0.029,0.0,0.0,0.0,1.0,0.0,52.73,4,0.0,0.0,589376
2023-03-06 17:00:00,00000000270,20230306170000,0.048,0.001,0.033,0.0,0.0,0.0,1.0,2.08,68.75,4,0.0,0.0,589376
2023-03-06 18:00:00,00000000270,20230306180000,0.031,0.0,0.034,0.0,0.0,0.0,1.0,0.0,109.68,4,0.0,0.0,589376
2023-03-06 19:00:00,00000000270,20230306190000,0.05,0.001,0.029,0.0,0.0,0.0,1.0,2.0,58.0,4,0.0,0.0,589376
2023-03-06 20:00:00,00000000270,20230306200000,0.057,0.001,0.029,0.0,0.0,0.0,1.0,1.75,50.88,4,0.0,0.0,589376
2023-03-06 21:00:00,00000000270,20230306210000,0.052,0.0,0.031,0.0,0.0,0.0,1.0,0.0,59.62,4,0.0,0.0,589376
2023-03-06 22:00:00,00000000270,20230306220000,0.051,0.001,0.033,0.0,0.0,0.0,1.0,1.96,64.71,4,0.0,0.0,589376
2023-03-06 23:00:00,00000000270,20230306230000,0.048,0.0,0.032,0.0,0.0,0.0,1.0,0.0,66.67,4,0.0,0.0,589376
2023-03-07 00:00:00,00000000270,20230307000000,0.053,0.001,0.03,0.0,0.0,0.0,1.0,1.89,56.6,4,0.0,0.0,589376
2023-03-07 01:00:00,00000000270,20230307010000,0.05,0.0,0.03,0.0,0.0,0.0,1.0,0.0,60.0,4,0.0,0.0,589376
2023-03-07 02:00:00,00000000270,20230307020000,0.038,0.001,0.033,0.0,0.0,0.0,1.0,2.63,86.84,4,0.0,0.0,589376
2023-03-07 03:00:00,00000000270,20230307030000,0.049,0.0,0.031,0.0,0.0,0.0,1.0,0.0,63.27,4,0.0,0.0,589376
2023-03-07 04:00:00,00000000270,20230307040000,0.045,0.001,0.035,0.0,0.0,0.0,1.0,2.22,77.78,4,0.0,0.0,589376
2023-03-07 05:00:00,00000000270,20230307050000,0.126,0.001,0.032,0.0,0.0,0.0,1.0,0.79,25.4,4,0.0,0.0,589376
2023-03-07 06:00:00,00000000270,20230307060000,0.065,0.002,0.029,0.0,0.0,0.0,1.0,3.08,44.62,4,0.0,0.0,589376
2023-03-07 07:00:00,00000000270,20230307070000,0.067,0.0,0.034,0.0,0.0,0.0,1.0,0.0,50.75,4,0.0,0.0,589376
2023-03-07 08:00:00,00000000270,20230307080000,0.067,0.001,0.042,0.0,0.0,0.0,1.0,1.49,62.69,4,0.0,0.0,589376
2023-03-07 09:00:00,00000000270,20230307090000,0.151,0.266,0.013,0.0,0.0,0.0,1.0,176.16,8.61,4,0.0,0.0,589376
2023-03-07 10:00:00,00000000270,20230307100000,0.069,0.031,0.03,0.0,0.0,0.0,1.0,44.93,43.48,4,0.0,0.0,589376
2023-03-07 11:00:00,00000000270,20230307110000,0.039,0.001,0.032,0.0,0.0,0.0,1.0,2.56,82.05,4,0.0,0.0,589376
2023-03-07 12:00:00,00000000270,20230307120000,0.05,0.001,0.031,0.0,0.0,0.0,1.0,2.0,62.0,4,0.0,0.0,589376
2023-03-07 13:00:00,00000000270,20230307130000,0.056,0.001,0.03,0.0,0.0,0.0,1.0,1.79,53.57,4,0.0,0.0,589376
2023-03-07 14:00:00,00000000270,20230307140000,0.046,0.0,0.032,0.0,0.0,0.0,1.0,0.0,69.57,4,0.0,0.0,589376
2023-03-07 15:00:00,00000000270,20230307150000,0.052,0.001,0.033,0.0,0.0,0.0,1.0,1.92,63.46,4,0.0,0.0,589376
2023-03-07 16:00:00,00000000270,20230307160000,0.045,0.001,0.031,0.0,0.0,0.0,1.0,2.22,68.89,4,0.0,0.0,589376
2023-03-07 17:00:00,00000000270,20230307170000,0.041,0.001,0.031,0.0,0.0,0.0,1.0,2.44,75.61,4,0.0,0.0,589376
2023-03-07 18:00:00,00000000270,20230307180000,0.059,0.001,0.03,0.0,0.0,0.0,1.0,1.69,50.85,4,0.0,0.0,589376
2023-03-07 19:00:00,00000000270,20230307190000,0.064,0.001,0.032,0.0,0.0,0.0,1.0,1.56,50.0,4,0.0,0.0,589376
2023-03-07 20:00:00,00000000270,20230307200000,0.06,0.001,0.031,0.0,0.0,0.0,1.0,1.67,51.67,4,0.0,0.0,589376
2023-03-07 21:00:00,00000000270,20230307210000,0.061,0.0,0.03,0.0,0.0,0.0,1.0,0.0,49.18,4,0.0,0.0,589376
2023-03-07 22:00:00,00000000270,20230307220000,0.038,0.001,0.031,0.0,0.0,0.0,1.0,2.63,81.58,4,0.0,0.0,589376
2023-03-07 23:00:00,00000000270,20230307230000,0.046,0.0,0.031,0.0,0.0,0.0,1.0,0.0,67.39,4,0.0,0.0,589376
2023-03-08 00:00:00,00000000270,20230308000000,0.054,0.001,0.03,0.0,0.0,0.0,1.0,1.85,55.56,4,0.0,0.0,589376
2023-03-08 01:00:00,00000000270,20230308010000,0.052,0.0,0.03,0.0,0.0,0.0,1.0,0.0,57.69,4,0.0,0.0,589376
2023-03-08 02:00:00,00000000270,20230308020000,0.053,0.001,0.033,0.0,0.0,0.0,1.0,1.89,62.26,4,0.0,0.0,589376
2023-03-08 03:00:00,00000000270,20230308030000,0.045,0.001,0.035,0.0,0.0,0.0,1.0,2.22,77.78,4,0.0,0.0,589376
2023-03-08 04:00:00,00000000270,20230308040000,0.041,0.001,0.032,0.0,0.0,0.0,1.0,2.44,78.05,4,0.0,0.0,589376
2023-03-08 05:00:00,00000000270,20230308050000,0.048,0.001,0.031,0.0,0.0,0.0,1.0,2.08,64.58,4,0.0,0.0,589376
2023-03-08 06:00:00,00000000270,20230308060000,0.101,0.001,0.033,0.0,0.0,0.0,1.0,0.99,32.67,4,0.0,0.0,589376
2023-03-08 07:00:00,00000000270,20230308070000,0.136,0.001,0.035,0.0,0.0,0.0,1.0,0.74,25.74,4,0.0,0.0,589376
2023-03-08 08:00:00,00000000270,20230308080000,0.071,0.001,0.033,0.0,0.0,0.0,1.0,1.41,46.48,4,0.0,0.0,589376
2023-03-08 09:00:00,00000000270,20230308090000,0.045,0.001,0.031,0.0,0.0,0.0,1.0,2.22,68.89,4,0.0,0.0,589376
2023-03-08 10:00:00,00000000270,20230308100000,0.047,0.001,0.031,0.0,0.0,0.0,1.0,2.13,65.96,4,0.0,0.0,589376
2023-03-08 11:00:00,00000000270,20230308110000,0.055,0.0,0.029,0.0,0.0,0.0,1.0,0.0,52.73,4,0.0,0.0,589376
2023-03-08 12:00:00,00000000270,20230308120000,0.057,0.001,0.03,0.0,0.0,0.0,1.0,1.75,52.63,4,0.0,0.0,589376
2023-03-08 13:00:00,00000000270,20230308130000,0.052,0.001,0.032,0.0,0.0,0.0,1.0,1.92,61.54,4,0.0,0.0,589376
2023-03-08 14:00:00,00000000270,20230308140000,0.045,0.001,0.034,0.0,0.0,0.0,1.0,2.22,75.56,4,0.0,0.0,589376
2023-03-08 15:00:00,00000000270,20230308150000,0.058,0.001,0.031,0.0,0.0,0.0,1.0,1.72,53.45,4,0.0,0.0,589376
2023-03-08 16:00:00,00000000270,20230308160000,0.043,0.0,0.031,0.0,0.0,0.0,1.0,0.0,72.09,4,0.0,0.0,589376
2023-03-08 17:00:00,00000000270,20230308170000,0.045,0.001,0.032,0.0,0.0,0.0,1.0,2.22,71.11,4,0.0,0.0,589376
2023-03-08 18:00:00,00000000270,20230308180000,0.055,0.002,0.029,0.0,0.0,0.0,1.0,3.64,52.73,4,0.0,0.0,589376
2023-03-08 19:00:00,00000000270,20230308190000,0.067,0.001,0.028,0.0,0.0,0.0,1.0,1.49,41.79,4,0.0,0.0,589376
2023-03-08 20:00:00,00000000270,20230308200000,0.072,0.0,0.03,0.0,0.0,0.0,1.0,0.0,41.67,4,0.0,0.0,589376
2023-03-08 21:00:00,00000000270,20230308210000,0.053,0.001,0.029,0.0,0.0,0.0,1.0,1.89,54.72,4,0.0,0.0,589376
2023-03-08 22:00:00,00000000270,20230308220000,0.053,0.002,0.031,0.0,0.0,0.0,1.0,3.77,58.49,4,0.0,0.0,589376
2023-03-08 23:00:00,00000000270,20230308230000,0.043,0.001,0.031,0.0,0.0,0.0,1.0,2.33,72.09,4,0.0,0.0,589376
2023-03-09 00:00:00,00000000270,20230309000000,0.044,0.001,0.031,0.0,0.0,0.0,1.0,2.27,70.45,4,0.0,0.0,589376
2023-03-09 01:00:00,00000000270,20230309010000,0.055,0.001,0.031,0.0,0.0,0.0,1.0,1.82,56.36,4,0.0,0.0,589376
2023-03-09 02:00:00,00000000270,20230309020000,0.053,0.0,0.03,0.0,0.0,0.0,1.0,0.0,56.6,4,0.0,0.0,589376
2023-03-09 03:00:00,00000000270,20230309030000,0.056,0.001,0.031,0.0,0.0,0.0,1.0,1.79,55.36,4,0.0,0.0,589376
2023-03-09 04:00:00,00000000270,20230309040000,0.054,0.001,0.031,0.0,0.0,0.0,1.0,1.85,57.41,4,0.0,0.0,589376
2023-03-09 05:00:00,00000000270,20230309050000,0.053,0.002,0.032,0.0,0.0,0.0,1.0,3.77,60.38,4,0.0,0.0,589376
2023-03-09 06:00:00,00000000270,20230309060000,0.042,0.002,0.033,0.0,0.0,0.0,1.0,4.76,78.57,4,0.0,0.0,589376
2023-03-09 07:00:00,00000000270,20230309070000,0.048,0.001,0.037,0.0,0.0,0.0,1.0,2.08,77.08,4,0.0,0.0,589376
2023-03-09 08:00:00,00000000270,20230309080000,0.136,0.001,0.031,0.0,0.0,0.0,1.0,0.74,22.79,4,0.0,0.0,589376
2023-03-09 09:00:00,00000000270,20230309090000,0.094,0.002,0.025,0.0,0.0,0.0,1.0,2.13,26.6,4,0.0,0.0,589376
2023-03-09 10:00:00,00000000270,20230309100000,0.064,0.001,0.03,0.0,0.0,0.0,1.0,1.56,46.88,4,0.0,0.0,589376
2023-03-09 11:00:00,00000000270,20230309110000,0.053,0.001,0.031,0.0,0.0,0.0,1.0,1.89,58.49,4,0.0,0.0,589376
2023-03-09 12:00:00,00000000270,20230309120000,0.058,0.001,0.03,0.0,0.0,0.0,1.0,1.72,51.72,4,0.0,0.0,589376
2023-03-09 13:00:00,00000000270,20230309130000,0.053,0.002,0.032,0.0,0.0,0.0,1.0,3.77,60.38,4,0.0,0.0,589376
2023-03-09 14:00:00,00000000270,20230309140000,0.054,0.001,0.032,0.0,0.0,0.0,1.0,1.85,59.26,4,0.0,0.0,589376
2023-03-09 15:00:00,00000000270,20230309150000,0.047,0.001,0.032,0.0,0.0,0.0,1.0,2.13,68.09,4,0.0,0.0,589376
2023-03-09 16:00:00,00000000270,20230309160000,0.046,0.001,0.032,0.0,0.0,0.0,1.0,2.17,69.57,4,0.0,0.0,589376
2023-03-09 17:00:00,00000000270,20230309170000,0.053,0.001,0.031,0.0,0.0,0.0,1.0,1.89,58.49,4,0.0,0.0,589376
2023-03-09 18:00:00,00000000270,20230309180000,0.056,0.001,0.03,0.0,0.0,0.0,1.0,1.79,53.57,4,0.0,0.0,589376
2023-03-09 19:00:00,00000000270,20230309190000,0.055,0.001,0.03,0.0,0.0,0.0,1.0,1.82,54.55,4,0.0,0.0,589376
2023-03-09 20:00:00,00000000270,20230309200000,0.061,0.001,0.03,0.0,0.0,0.0,1.0,1.64,49.18,4,0.0,0.0,589376
2023-03-09 21:00:00,00000000270,20230309210000,0.066,0.001,0.033,0.0,0.0,0.0,1.0,1.52,50.0,4,0.0,0.0,589376
2023-03-09 22:00:00,00000000270,20230309220000,0.071,0.001,0.031,0.0,0.0,0.0,1.0,1.41,43.66,4,0.0,0.0,589376
2023-03-09 23:00:00,00000000270,20230309230000,0.044,0.001,0.032,0.0,0.0,0.0,1.0,2.27,72.73,4,0.0,0.0,589376
2023-03-10 00:00:00,00000000270,20230310000000,0.044,0.0,0.03,0.0,0.0,0.0,1.0,0.0,68.18,4,0.0,0.0,589376
2023-03-10 01:00:00,00000000270,20230310010000,0.053,0.001,0.032,0.0,0.0,0.0,1.0,1.89,60.38,4,0.0,0.0,589376
2023-03-10 02:00:00,00000000270,20230310020000,0.054,0.001,0.03,0.0,0.0,0.0,1.0,1.85,55.56,4,0.0,0.0,589376
2023-03-10 03:00:00,00000000270,20230310030000,0.055,0.002,0.032,0.0,0.0,0.0,1.0,3.64,58.18,4,0.0,0.0,589376
2023-03-10 04:00:00,00000000270,20230310040000,0.055,0.002,0.032,0.0,0.0,0.0,1.0,3.64,58.18,4,0.0,0.0,589376
2023-03-10 05:00:00,00000000270,20230310050000,0.056,0.001,0.031,0.0,0.0,0.0,1.0,1.79,55.36,4,0.0,0.0,589376
2023-03-10 06:00:00,00000000270,20230310060000,0.053,0.001,0.03,0.0,0.0,0.0,1.0,1.89,56.6,4,0.0,0.0,589376
2023-03-10 07:00:00,00000000270,20230310070000,0.061,0.0,0.034,0.0,0.0,0.0,1.0,0.0,55.74,4,0.0,0.0,589376
2023-03-10 08:00:00,00000000270,20230310080000,0.067,0.001,0.034,0.0,0.0,0.0,1.0,1.49,50.75,4,0.0,0.0,589376
2023-03-10 09:00:00,00000000270,20230310090000,0.056,0.001,0.032,0.0,0.0,0.0,1.0,1.79,57.14,4,0.0,0.0,589376
2023-03-10 10:00:00,00000000270,20230310100000,0.151,0.001,0.028,0.0,0.0,0.0,1.0,0.66,18.54,4,0.0,0.0,589376
2023-03-10 11:00:00,00000000270,20230310110000,0.063,0.001,0.029,0.0,0.0,0.0,1.0,1.59,46.03,4,0.0,0.0,589376
2023-03-10 12:00:00,00000000270,20230310120000,0.053,0.001,0.032,0.0,0.0,0.0,1.0,1.89,60.38,4,0.0,0.0,589376
2023-03-10 13:00:00,00000000270,20230310130000,0.051,0.001,0.032,0.0,0.0,0.0,1.0,1.96,62.75,4,0.0,0.0,589376
2023-03-10 14:00:00,00000000270,20230310140000,0.052,0.002,0.032,0.0,0.0,0.0,1.0,3.85,61.54,4,0.0,0.0,589376
2023-03-10 15:00:00,00000000270,20230310150000,0.058,0.002,0.03,0.0,0.0,0.0,1.0,3.45,51.72,4,0.0,0.0,589376
2023-03-10 16:00:00,00000000270,20230310160000,0.058,0.001,0.029,0.0,0.0,0.0,1.0,1.72,50.0,4,0.0,0.0,589376
2023-03-10 17:00:00,00000000270,20230310170000,0.054,0.001,0.029,0.0,0.0,0.0,1.0,1.85,53.7,4,0.0,0.0,589376
2023-03-10 18:00:00,00000000270,20230310180000,0.057,0.001,0.03,0.0,0.0,0.0,1.0,1.75,52.63,4,0.0,0.0,589376
2023-03-10 19:00:00,00000000270,20230310190000,0.055,0.001,0.03,0.0,0.0,0.0,1.0,1.82,54.55,4,0.0,0.0,589376
2023-03-10 20:00:00,00000000270,20230310200000,0.066,0.001,0.028,0.0,0.0,0.0,1.0,1.52,42.42,4,0.0,0.0,589376
2023-03-10 21:00:00,00000000270,20230310210000,0.067,0.001,0.03,0.0,0.0,0.0,1.0,1.49,44.78,4,0.0,0.0,589376
2023-03-10 22:00:00,00000000270,20230310220000,0.057,0.001,0.031,0.0,0.0,0.0,1.0,1.75,54.39,4,0.0,0.0,589376
2023-03-10 23:00:00,00000000270,20230310230000,0.055,0.001,0.029,0.0,0.0,0.0,1.0,1.82,52.73,4,0.0,0.0,589376
2023-03-11 00:00:00,00000000270,20230311000000,0.058,0.002,0.029,0.0,0.0,0.0,1.0,3.45,50.0,4,0.0,0.0,589376
2023-03-11 01:00:00,00000000270,20230311010000,0.046,0.0,0.031,0.0,0.0,0.0,1.0,0.0,67.39,4,0.0,0.0,589376
2023-03-11 02:00:00,00000000270,20230311020000,0.046,0.001,0.032,0.0,0.0,0.0,1.0,2.17,69.57,4,0.0,0.0,589376
2023-03-11 03:00:00,00000000270,20230311030000,0.096,0.04,0.016,0.0,0.0,0.0,1.0,41.67,16.67,4,0.0,0.0,589376
2023-03-11 04:00:00,00000000270,20230311040000,0.062,0.0,0.016,0.0,0.0,0.0,1.0,0.0,25.81,4,0.0,0.0,589376
2023-03-11 05:00:00,00000000270,20230311050000,0.033667,0.007333,0.007667,0.0,0.0,0.0,1.0,21.78,22.77,4,0.0,0.0,589376
2023-03-11 06:00:00,00000000270,20230311060000,0.066333,0.003667,0.021333,0.0,0.0,0.0,1.0,5.53,32.16,4,0.0,0.0,589376
2023-03-11 07:00:00,00000000270,20230311070000,0.065,0.001,0.032,0.0,0.0,0.0,1.0,1.54,49.23,4,0.0,0.0,589376
2023-03-11 08:00:00,00000000270,20230311080000,0.073,0.001,0.027,0.0,0.0,0.0,1.0,1.37,36.99,4,0.0,0.0,589376
2023-03-11 09:00:00,00000000270,20230311090000,0.06,0.001,0.031,0.0,0.0,0.0,1.0,1.67,51.67,4,0.0,0.0,589376
2023-03-11 10:00:00,00000000270,20230311100000,0.064,0.0,0.03,0.0,0.0,0.0,1.0,0.0,46.88,4,0.0,0.0,589376
2023-03-11 11:00:00,00000000270,20230311110000,0.039,0.001,0.023,0.0,0.0,0.0,1.0,2.56,58.97,4,0.0,0.0,589376
2023-03-11 12:00:00,00000000270,20230311120000,0.023,0.009,0.001,0.0,0.0,0.0,1.0,39.13,4.35,4,0.0,0.0,589376
2023-03-11 13:00:00,00000000270,20230311130000,0.147,0.002,0.025,0.0,0.0,0.0,1.0,1.36,17.01,4,0.0,0.0,589376
2023-03-11 14:00:00,00000000270,20230311140000,0.071,0.001,0.027,0.0,0.0,0.0,1.0,1.41,38.03,4,0.0,0.0,589376
2023-03-11 15:00:00,00000000270,20230311150000,0.058,0.0,0.027,0.0,0.0,0.0,1.0,0.0,46.55,4,0.0,0.0,589376
2023-03-11 16:00:00,00000000270,20230311160000,0.062,0.001,0.024,0.0,0.0,0.0,1.0,1.61,38.71,4,0.0,0.0,589376
2023-03-11 17:00:00,00000000270,20230311170000,0.064,0.001,0.029,0.0,0.0,0.0,1.0,1.56,45.31,4,0.0,0.0,589376
2023-03-11 18:00:00,00000000270,20230311180000,0.077,0.0,0.028,0.0,0.0,0.0,1.0,0.0,36.36,4,0.0,0.0,589376
2023-03-11 19:00:00,00000000270,20230311190000,0.051,0.001,0.028,0.0,0.0,0.0,1.0,1.96,54.9,4,0.0,0.0,589376
2023-03-11 20:00:00,00000000270,20230311200000,0.059,0.001,0.024,0.0,0.0,0.0,1.0,1.69,40.68,4,0.0,0.0,589376
2023-03-11 21:00:00,00000000270,20230311210000,0.061,0.0,0.031,0.0,0.0,0.0,1.0,0.0,50.82,4,0.0,0.0,589376
2023-03-11 22:00:00,00000000270,20230311220000,0.073,0.001,0.031,0.0,0.0,0.0,1.0,1.37,42.47,4,0.0,0.0,589376
2023-03-11 23:00:00,00000000270,20230311230000,0.058,0.0,0.027,0.0,0.0,0.0,1.0,0.0,46.55,4,0.0,0.0,589376
2023-03-12 00:00:00,00000000270,20230312000000,0.057,0.001,0.028,0.0,0.0,0.0,1.0,1.75,49.12,4,0.0,0.0,589376
2023-03-12 01:00:00,00000000270,20230312010000,0.058,0.001,0.031,0.0,0.0,0.0,1.0,1.72,53.45,4,0.0,0.0,589376
2023-03-12 02:00:00,00000000270,20230312020000,0.072,0.001,0.026,0.0,0.0,0.0,1.0,1.39,36.11,4,0.0,0.0,589376
2023-03-12 03:00:00,00000000270,20230312030000,0.057,0.0,0.029,0.0,0.0,0.0,1.0,0.0,50.88,4,0.0,0.0,589376
2023-03-12 04:00:00,00000000270,20230312040000,0.053,0.001,0.028,0.0,0.0,0.0,1.0,1.89,52.83,4,0.0,0.0,589376
2023-03-12 05:00:00,00000000270,20230312050000,0.054,0.001,0.029,0.0,0.0,0.0,1.0,1.85,53.7,4,0.0,0.0,589376
2023-03-12 06:00:00,00000000270,20230312060000,0.071,0.001,0.031,0.0,0.0,0.0,1.0,1.41,43.66,4,0.0,0.0,589376
2023-03-12 07:00:00,00000000270,20230312070000,0.169,0.0,0.033,0.0,0.0,0.0,1.0,0.0,19.53,4,0.0,0.0,589376
2023-03-12 08:00:00,00000000270,20230312080000,0.091,0.001,0.028,0.0,0.0,0.0,1.0,1.1,30.77,4,0.0,0.0,589376
2023-03-12 09:00:00,00000000270,20230312090000,0.057,0.0,0.03,0.0,0.0,0.0,1.0,0.0,52.63,4,0.0,0.0,589376
2023-03-12 10:00:00,00000000270,20230312100000,0.049,0.001,0.028,0.0,0.0,0.0,1.0,2.04,57.14,4,0.0,0.0,589376
2023-03-12 11:00:00,00000000270,20230312110000,0.046,0.0,0.029,0.0,0.0,0.0,1.0,0.0,63.04,4,0.0,0.0,589376
2023-03-12 12:00:00,00000000270,20230312120000,0.047,0.001,0.028,0.0,0.0,0.0,1.0,2.13,59.57,4,0.0,0.0,589376
2023-03-12 13:00:00,00000000270,20230312130000,0.056,0.0,0.03,0.0,0.0,0.0,1.0,0.0,53.57,4,0.0,0.0,589376
2023-03-12 14:00:00,00000000270,20230312140000,0.058,0.001,0.029,0.0,0.0,0.0,1.0,1.72,50.0,4,0.0,0.0,589376
2023-03-12 15:00:00,00000000270,20230312150000,0.053,0.001,0.029,0.0,0.0,0.0,1.0,1.89,54.72,4,0.0,0.0,589376
2023-03-12 16:00:00,00000000270,20230312160000,0.054,0.0,0.028,0.0,0.0,0.0,1.0,0.0,51.85,4,0.0,0.0,589376
2023-03-12 17:00:00,00000000270,20230312170000,0.054,0.001,0.027,0.0,0.0,0.0,1.0,1.85,50.0,4,0.0,0.0,589376
2023-03-12 18:00:00,00000000270,20230312180000,0.061,0.0,0.028,0.0,0.0,0.0,1.0,0.0,45.9,4,0.0,0.0,589376
2023-03-12 19:00:00,00000000270,20230312190000,0.062,0.003,0.024,0.0,0.0,0.0,1.0,4.84,38.71,4,0.0,0.0,589376
2023-03-12 20:00:00,00000000270,20230312200000,0.114,0.042,0.0,0.0,0.0,0.0,1.0,36.84,0.0,4,0.0,0.0,589376
2023-03-12 21:00:00,00000000270,20230312210000,0.122,0.026,0.01,0.0,0.0,0.0,1.0,21.31,8.2,4,0.0,0.0,589376
2023-03-12 22:00:00,00000000270,20230312220000,0.078,0.001,0.03,0.0,0.0,0.0,1.0,1.28,38.46,4,0.0,0.0,589376
2023-03-12 23:00:00,00000000270,20230312230000,0.065,0.0,0.031,0.0,0.0,0.0,1.0,0.0,47.69,4,0.0,0.0,589376
2023-03-13 00:00:00,00000000270,20230313000000,0.052,0.001,0.031,0.0,0.0,0.0,1.0,1.92,59.62,4,0.0,0.0,589376
2023-03-13 01:00:00,00000000270,20230313010000,0.044,0.001,0.032,0.0,0.0,0.0,1.0,2.27,72.73,4,0.0,0.0,589376
2023-03-13 02:00:00,00000000270,20230313020000,0.054,0.0,0.032,0.0,0.0,0.0,1.0,0.0,59.26,4,0.0,0.0,589376
2023-03-13 03:00:00,00000000270,20230313030000,0.143,0.001,0.03,0.0,0.0,0.0,1.0,0.7,20.98,4,0.0,0.0,589376
2023-03-13 04:00:00,00000000270,20230313040000,0.071,0.001,0.03,0.0,0.0,0.0,1.0,1.41,42.25,4,0.0,0.0,589376
2023-03-13 05:00:00,00000000270,20230313050000,0.083,0.025,0.023,0.0,0.0,0.0,1.0,30.12,27.71,4,0.0,0.0,589376
2023-03-13 06:00:00,00000000270,20230313060000,0.098,0.034,0.011,0.0,0.0,0.0,1.0,34.69,11.22,4,0.0,0.0,589376
2023-03-13 07:00:00,00000000270,20230313070000,0.075,0.049,0.034,0.0,0.0,0.0,1.0,65.33,45.33,4,0.0,0.0,589376
2023-03-13 08:00:00,00000000270,20230313080000,0.157,0.25,0.007,0.0,0.0,0.0,1.0,159.24,4.46,4,0.0,0.0,589376
2023-03-13 09:00:00,00000000270,20230313090000,0.139,0.268,0.012,0.0,0.0,0.0,1.0,192.81,8.63,4,0.0,0.0,589376
2023-03-13 10:00:00,00000000270,20230313100000,0.129,0.188,0.015,0.0,0.0,0.0,1.0,145.74,11.63,4,0.0,0.0,589376
2023-03-13 11:00:00,00000000270,20230313110000,0.056,0.001,0.03,0.0,0.0,0.0,1.0,1.79,53.57,4,0.0,0.0,589376
2023-03-13 12:00:00,00000000270,20230313120000,0.055,0.001,0.031,0.0,0.0,0.0,1.0,1.82,56.36,4,0.0,0.0,589376
2023-03-13 13:00:00,00000000270,20230313130000,0.049,0.001,0.034,0.0,0.0,0.0,1.0,2.04,69.39,4,0.0,0.0,589376
2023-03-13 14:00:00,00000000270,20230313140000,0.054,0.001,0.03,0.0,0.0,0.0,1.0,1.85,55.56,4,0.0,0.0,589376
2023-03-13 15:00:00,00000000270,20230313150000,0.05,0.001,0.032,0.0,0.0,0.0,1.0,2.0,64.0,4,0.0,0.0,589376
2023-03-13 16:00:00,00000000270,20230313160000,0.119,0.236,0.01,0.0,0.0,0.0,1.0,198.32,8.4,4,0.0,0.0,589376
2023-03-13 17:00:00,00000000270,20230313170000,0.068,0.053,0.03,0.0,0.0,0.0,1.0,77.94,44.12,4,0.0,0.0,589376
2023-03-13 18:00:00,00000000270,20230313180000,0.056,0.002,0.031,0.0,0.0,0.0,1.0,3.57,55.36,4,0.0,0.0,589376
2023-03-13 19:00:00,00000000270,20230313190000,0.059,0.001,0.03,0.0,0.0,0.0,1.0,1.69,50.85,4,0.0,0.0,589376
2023-03-13 20:00:00,00000000270,20230313200000,0.062,0.001,0.026,0.0,0.0,0.0,1.0,1.61,41.94,4,0.0,0.0,589376
2023-03-13 21:00:00,00000000270,20230313210000,0.059,0.001,0.03,0.0,0.0,0.0,1.0,1.69,50.85,4,0.0,0.0,589376
2023-03-13 22:00:00,00000000270,20230313220000,0.034,0.0,0.031,0.0,0.0,0.0,1.0,0.0,91.18,4,0.0,0.0,589376
2023-03-13 23:00:00,00000000270,20230313230000,0.132,0.001,0.028,0.0,0.0,0.0,1.0,0.76,21.21,4,0.0,0.0,589376
2023-03-14 00:00:00,00000000270,20230314000000,0.06,0.0,0.027,0.0,0.0,0.0,1.0,0.0,45.0,4,0.0,0.0,589376
2023-03-14 01:00:00,00000000270,20230314010000,0.057,0.001,0.027,0.0,0.0,0.0,1.0,1.75,47.37,4,0.0,0.0,589376
2023-03-14 02:00:00,00000000270,20230314020000,0.054,0.0,0.028,0.0,0.0,0.0,1.0,0.0,51.85,4,0.0,0.0,589376
2023-03-14 03:00:00,00000000270,20230314030000,0.041,0.0,0.032,0.0,0.0,0.0,1.0,0.0,78.05,4,0.0,0.0,589376
2023-03-14 04:00:00,00000000270,20230314040000,0.054,0.001,0.028,0.0,0.0,0.0,1.0,1.85,51.85,4,0.0,0.0,589376
2023-03-14 05:00:00,00000000270,20230314050000,0.053,0.0,0.027,0.0,0.0,0.0,1.0,0.0,50.94,4,0.0,0.0,589376
2023-03-14 06:00:00,00000000270,20230314060000,0.045,0.001,0.031,0.0,0.0,0.0,1.0,2.22,68.89,4,0.0,0.0,589376
2023-03-14 07:00:00,00000000270,20230314070000,0.055,0.001,0.037,0.0,0.0,0.0,1.0,1.82,67.27,4,0.0,0.0,589376
2023-03-14 08:00:00,00000000270,20230314080000,0.064,0.0,0.033,0.0,0.0,0.0,1.0,0.0,51.56,4,0.0,0.0,589376
2023-03-14 09:00:00,00000000270,20230314090000,0.055,0.0,0.027,0.0,0.0,0.0,1.0,0.0,49.09,4,0.0,0.0,589376
2023-03-14 10:00:00,00000000270,20230314100000,0.047,0.001,0.03,0.0,0.0,0.0,1.0,2.13,63.83,4,0.0,0.0,589376
2023-03-14 11:00:00,00000000270,20230314110000,0.051,0.0,0.028,0.0,0.0,0.0,1.0,0.0,54.9,4,0.0,0.0,589376
2023-03-14 12:00:00,00000000270,20230314120000,0.038,0.0,0.032,0.0,0.0,0.0,1.0,0.0,84.21,4,0.0,0.0,589376
2023-03-14 13:00:00,00000000270,20230314130000,0.029,0.001,0.033,0.0,0.0,0.0,1.0,3.45,113.79,4,0.0,0.0,589376
2023-03-14 14:00:00,00000000270,20230314140000,0.038,0.0,0.032,0.0,0.0,0.0,1.0,0.0,84.21,4,0.0,0.0,589376
2023-03-14 15:00:00,00000000270,20230314150000,0.043,0.0,0.032,0.0,0.0,0.0,1.0,0.0,74.42,4,0.0,0.0,589376
2023-03-14 16:00:00,00000000270,20230314160000,0.042,0.0,0.032,0.0,0.0,0.0,1.0,0.0,76.19,4,0.0,0.0,589376
2023-03-14 17:00:00,00000000270,20230314170000,0.044,0.001,0.032,0.0,0.0,0.0,1.0,2.27,72.73,4,0.0,0.0,589376
2023-03-14 18:00:00,00000000270,20230314180000,0.041,0.0,0.032,0.0,0.0,0.0,1.0,0.0,78.05,4,0.0,0.0,589376
2023-03-14 19:00:00,00000000270,20230314190000,0.041,0.0,0.03,0.0,0.0,0.0,1.0,0.0,73.17,4,0.0,0.0,589376
2023-03-14 20:00:00,00000000270,20230314200000,0.029,0.001,0.032,0.0,0.0,0.0,1.0,3.45,110.34,4,0.0,0.0,589376
2023-03-14 21:00:00,00000000270,20230314210000,0.037,0.0,0.03,0.0,0.0,0.0,1.0,0.0,81.08,4,0.0,0.0,589376
2023-03-14 22:00:00,00000000270,20230314220000,0.043,0.0,0.032,0.0,0.0,0.0,1.0,0.0,74.42,4,0.0,0.0,589376
2023-03-14 23:00:00,00000000270,20230314230000,0.042,0.001,0.032,0.0,0.0,0.0,1.0,2.38,76.19,4,0.0,0.0,589376
2023-03-15 00:00:00,00000000270,20230315000000,0.07,0.0,0.032,0.0,0.0,0.0,1.0,0.0,45.71,4,0.0,0.0,589376
2023-03-15 01:00:00,00000000270,20230315010000,0.111,0.0,0.03,0.0,0.0,0.0,1.0,0.0,27.03,4,0.0,0.0,589376
2023-03-15 02:00:00,00000000270,20230315020000,0.045,0.001,0.033,0.0,0.0,0.0,1.0,2.22,73.33,4,0.0,0.0,589376
2023-03-15 03:00:00,00000000270,20230315030000,0.036,0.0,0.033,0.0,0.0,0.0,1.0,0.0,91.67,4,0.0,0.0,589376
2023-03-15 04:00:00,00000000270,20230315040000,0.028,0.0,0.035,0.0,0.0,0.0,1.0,0.0,125.0,4,0.0,0.0,589376
2023-03-15 05:00:00,00000000270,20230315050000,0.043,0.001,0.033,0.0,0.0,0.0,1.0,2.33,76.74,4,0.0,0.0,589376
2023-03-15 06:00:00,00000000270,20230315060000,0.042,0.0,0.032,0.0,0.0,0.0,1.0,0.0,76.19,4,0.0,0.0,589376
2023-03-15 07:00:00,00000000270,20230315070000,0.043,0.0,0.033,0.0,0.0,0.0,1.0,0.0,76.74,4,0.0,0.0,589376
2023-03-15 08:00:00,00000000270,20230315080000,0.044,0.0,0.032,0.0,0.0,0.0,1.0,0.0,72.73,4,0.0,0.0,589376
2023-03-15 09:00:00,00000000270,20230315090000,0.037,0.001,0.032,0.0,0.0,0.0,1.0,2.7,86.49,4,0.0,0.0,589376
2023-03-15 10:00:00,00000000270,20230315100000,0.028,0.0,0.033,0.0,0.0,0.0,1.0,0.0,117.86,4,0.0,0.0,589376
2023-03-15 11:00:00,00000000270,20230315110000,0.04,0.0,0.033,0.0,0.0,0.0,1.0,0.0,82.5,4,0.0,0.0,589376
2023-03-15 12:00:00,00000000270,20230315120000,0.043,0.001,0.032,0.0,0.0,0.0,1.0,2.33,74.42,4,0.0,0.0,589376
2023-03-15 13:00:00,00000000270,20230315130000,0.04,0.0,0.031,0.0,0.0,0.0,1.0,0.0,77.5,4,0.0,0.0,589376
2023-03-15 14:00:00,00000000270,20230315140000,0.044,0.0,0.032,0.0,0.0,0.0,1.0,0.0,72.73,4,0.0,0.0,589376
2023-03-15 15:00:00,00000000270,20230315150000,0.041,0.001,0.032,0.0,0.0,0.0,1.0,2.44,78.05,4,0.0,0.0,589376
2023-03-15 16:00:00,00000000270,20230315160000,0.027,0.0,0.033,0.0,0.0,0.0,1.0,0.0,122.22,4,0.0,0.0,589376
2023-03-15 17:00:00,00000000270,20230315170000,0.047,0.0,0.029,0.0,0.0,0.0,1.0,0.0,61.7,4,0.0,0.0,589376
2023-03-15 18:00:00,00000000270,20230315180000,0.029,0.001,0.032,0.0,0.0,0.0,1.0,3.45,110.34,4,0.0,0.0,589376
2023-03-15 19:00:00,00000000270,20230315190000,0.043,0.0,0.03,0.0,0.0,0.0,1.0,0.0,69.77,4,0.0,0.0,589376
2023-03-15 20:00:00,00000000270,20230315200000,0.042,0.0,0.029,0.0,0.0,0.0,1.0,0.0,69.05,4,0.0,0.0,589376
2023-03-15 21:00:00,00000000270,20230315210000,0.043,0.001,0.031,0.0,0.0,0.0,1.0,2.33,72.09,4,0.0,0.0,589376
2023-03-15 22:00:00,00000000270,20230315220000,0.04,0.0,0.031,0.0,0.0,0.0,1.0,0.0,77.5,4,0.0,0.0,589376
2023-03-15 23:00:00,00000000270,20230315230000,0.022,0.0,0.032,0.0,0.0,0.0,1.0,0.0,145.45,4,0.0,0.0,589376
2023-03-16 00:00:00,00000000270,20230316000000,0.045,0.0,0.032,0.0,0.0,0.0,1.0,0.0,71.11,4,0.0,0.0,589376
2023-03-16 01:00:00,00000000270,20230316010000,0.128,0.001,0.031,0.0,0.0,0.0,1.0,0.78,24.22,4,0.0,0.0,589376
2023-03-16 02:00:00,00000000270,20230316020000,0.045,0.0,0.032,0.0,0.0,0.0,1.0,0.0,71.11,4,0.0,0.0,589376
2023-03-16 03:00:00,00000000270,20230316030000,0.036,0.0,0.034,0.0,0.0,0.0,1.0,0.0,94.44,4,0.0,0.0,589376
2023-03-16 04:00:00,00000000270,20230316040000,0.044,0.001,0.033,0.0,0.0,0.0,1.0,2.27,75.0,4,0.0,0.0,589376
2023-03-16 05:00:00,00000000270,20230316050000,0.043,0.0,0.032,0.0,0.0,0.0,1.0,0.0,74.42,4,0.0,0.0,589376
2023-03-16 06:00:00,00000000270,20230316060000,0.043,0.0,0.032,0.0,0.0,0.0,1.0,0.0,74.42,4,0.0,0.0,589376
2023-03-16 07:00:00,00000000270,20230316070000,0.043,0.001,0.033,0.0,0.0,0.0,1.0,2.33,76.74,4,0.0,0.0,589376
2023-03-16 08:00:00,00000000270,20230316080000,0.041,0.0,0.031,0.0,0.0,0.0,1.0,0.0,75.61,4,0.0,0.0,589376
2023-03-16 09:00:00,00000000270,20230316090000,0.037,0.0,0.033,0.0,0.0,0.0,1.0,0.0,89.19,4,0.0,0.0,589376
2023-03-16 10:00:00,00000000270,20230316100000,0.029,0.001,0.033,0.0,0.0,0.0,1.0,3.45,113.79,4,0.0,0.0,589376
2023-03-16 11:00:00,00000000270,20230316110000,0.041,0.0,0.031,0.0,0.0,0.0,1.0,0.0,75.61,4,0.0,0.0,589376
2023-03-16 12:00:00,00000000270,20230316120000,0.041,0.0,0.032,0.0,0.0,0.0,1.0,0.0,78.05,4,0.0,0.0,589376
2023-03-16 13:00:00,00000000270,20230316130000,0.042,0.0,0.031,0.0,0.0,0.0,1.0,0.0,73.81,4,0.0,0.0,589376
2023-03-16 14:00:00,00000000270,20230316140000,0.044,0.001,0.032,0.0,0.0,0.0,1.0,2.27,72.73,4,0.0,0.0,589376
2023-03-16 15:00:00,00000000270,20230316150000,0.04,0.0,0.032,0.0,0.0,0.0,1.0,0.0,80.0,4,0.0,0.0,589376
2023-03-16 16:00:00,00000000270,20230316160000,0.028,0.0,0.033,0.0,0.0,0.0,1.0,0.0,117.86,4,0.0,0.0,589376
2023-03-16 17:00:00,00000000270,20230316170000,0.038,0.001,0.033,0.0,0.0,0.0,1.0,2.63,86.84,4,0.0,0.0,589376
2023-03-16 18:00:00,00000000270,20230316180000,0.042,0.0,0.031,0.0,0.0,0.0,1.0,0.0,73.81,4,0.0,0.0,589376
2023-03-16 19:00:00,00000000270,20230316190000,0.053,0.01,0.029,0.0,0.0,0.0,1.0,18.87,54.72,4,0.0,0.0,589376
2023-03-16 20:00:00,00000000270,20230316200000,0.04,0.0,0.028,0.0,0.0,0.0,1.0,0.0,70.0,4,0.0,0.0,589376
2023-03-16 21:00:00,00000000270,20230316210000,0.039,0.001,0.03,0.0,0.0,0.0,1.0,2.56,76.92,4,0.0,0.0,589376
2023-03-16 22:00:00,00000000270,20230316220000,0.026,0.0,0.033,0.0,0.0,0.0,1.0,0.0,126.92,4,0.0,0.0,589376
2023-03-16 23:00:00,00000000270,20230316230000,0.04,0.0,0.033,0.0,0.0,0.0,1.0,0.0,82.5,4,0.0,0.0,589376
2023-03-17 00:00:00,00000000270,20230317000000,0.04,0.0,0.032,0.0,0.0,0.0,1.0,0.0,80.0,4,0.0,0.0,589376
2023-03-17 01:00:00,00000000270,20230317010000,0.041,0.001,0.032,0.0,0.0,0.0,1.0,2.44,78.05,4,0.0,0.0,589376
2023-03-17 02:00:00,00000000270,20230317020000,0.088,0.0,0.035,0.0,0.0,0.0,1.0,0.0,39.77,4,0.0,0.0,589376
2023-03-17 03:00:00,00000000270,20230317030000,0.074,0.0,0.029,0.0,0.0,0.0,1.0,0.0,39.19,4,0.0,0.0,589376
2023-03-17 04:00:00,00000000270,20230317040000,0.044,0.0,0.033,0.0,0.0,0.0,1.0,0.0,75.0,4,0.0,0.0,589376
2023-03-17 05:00:00,00000000270,20230317050000,0.042,0.001,0.033,0.0,0.0,0.0,1.0,2.38,78.57,4,0.0,0.0,589376
2023-03-17 06:00:00,00000000270,20230317060000,0.04,0.0,0.032,0.0,0.0,0.0,1.0,0.0,80.0,4,0.0,0.0,589376
2023-03-17 07:00:00,00000000270,20230317070000,0.033,0.0,0.032,0.0,0.0,0.0,1.0,0.0,96.97,4,0.0,0.0,589376
2023-03-17 08:00:00,00000000270,20230317080000,0.029,0.0,0.034,0.0,0.0,0.0,1.0,0.0,117.24,4,0.0,0.0,589376
2023-03-17 09:00:00,00000000270,20230317090000,0.037,0.001,0.031,0.0,0.0,0.0,1.0,2.7,83.78,4,0.0,0.0,589376
2023-03-17 10:00:00,00000000270,20230317100000,0.015333,0.0,0.010333,0.0,0.0,0.0,1.0,0.0,67.39,4,0.0,0.0,589376
2023-03-17 11:00:00,00000000270,20230317110000,0.000667,0.0,0.000667,0.0,0.0,0.0,1.0,0.0,100.0,4,0.0,0.0,589376
2023-03-17 12:00:00,00000000270,20230317120000,0.000667,0.0,0.000667,0.0,0.0,0.0,1.0,0.0,100.0,4,0.0,0.0,589376
2023-03-17 13:00:00,00000000270,20230317130000,0.053333,0.009,0.014333,0.0,0.0,0.0,1.0,16.88,26.87,4,0.0,0.0,589376
2023-03-17 14:00:00,00000000270,20230317140000,0.067,0.001,0.033,0.0,0.0,0.0,1.0,1.49,49.25,4,0.0,0.0,589376
2023-03-17 15:00:00,00000000270,20230317150000,0.046,0.001,0.035,0.0,0.0,0.0,1.0,2.17,76.09,4,0.0,0.0,589376
2023-03-17 16:00:00,00000000270,20230317160000,0.046,0.0,0.034,0.0,0.0,0.0,1.0,0.0,73.91,4,0.0,0.0,589376
2023-03-17 17:00:00,00000000270,20230317170000,0.044,0.001,0.034,0.0,0.0,0.0,1.0,2.27,77.27,4,0.0,0.0,589376
2023-03-17 18:00:00,00000000270,20230317180000,0.027,0.001,0.038,0.0,0.0,0.0,1.0,3.7,140.74,4,0.0,0.0,589376
2023-03-17 19:00:00,00000000270,20230317190000,0.04,0.001,0.035,0.0,0.0,0.0,1.0,2.5,87.5,4,0.0,0.0,589376
2023-03-17 20:00:00,00000000270,20230317200000,0.042,0.0,0.034,0.0,0.0,0.0,1.0,0.0,80.95,4,0.0,0.0,589376
2023-03-17 21:00:00,00000000270,20230317210000,0.041,0.0,0.035,0.0,0.0,0.0,1.0,0.0,85.37,4,0.0,0.0,589376
2023-03-17 22:00:00,00000000270,20230317220000,0.045,0.001,0.035,0.0,0.0,0.0,1.0,2.22,77.78,4,0.0,0.0,589376
2023-03-17 23:00:00,00000000270,20230317230000,0.03,0.0,0.035,0.0,0.0,0.0,1.0,0.0,116.67,4,0.0,0.0,589376
2023-03-18 00:00:00,00000000270,20230318000000,0.031,0.0,0.037,0.0,0.0,0.0,1.0,0.0,119.35,4,0.0,0.0,589376
2023-03-18 01:00:00,00000000270,20230318010000,0.043,0.0,0.035,0.0,0.0,0.0,1.0,0.0,81.4,4,0.0,0.0,589376
2023-03-18 02:00:00,00000000270,20230318020000,0.039,0.001,0.035,0.0,0.0,0.0,1.0,2.56,89.74,4,0.0,0.0,589376
2023-03-18 03:00:00,00000000270,20230318030000,0.044,0.0,0.037,0.0,0.0,0.0,1.0,0.0,84.09,4,0.0,0.0,589376
2023-03-18 04:00:00,00000000270,20230318040000,0.039,0.0,0.036,0.0,0.0,0.0,1.0,0.0,92.31,4,0.0,0.0,589376
2023-03-18 05:00:00,00000000270,20230318050000,0.024,0.0,0.039,0.0,0.0,0.0,1.0,0.0,162.5,4,0.0,0.0,589376
2023-03-18 06:00:00,00000000270,20230318060000,0.12,0.001,0.035,0.0,0.0,0.0,1.0,0.83,29.17,4,0.0,0.0,589376
2023-03-18 07:00:00,00000000270,20230318070000,0.06,0.0,0.034,0.0,0.0,0.0,1.0,0.0,56.67,4,0.0,0.0,589376
2023-03-18 08:00:00,00000000270,20230318080000,0.046,0.0,0.036,0.0,0.0,0.0,1.0,0.0,78.26,4,0.0,0.0,589376
2023-03-18 09:00:00,00000000270,20230318090000,0.042,0.001,0.036,0.0,0.0,0.0,1.0,2.38,85.71,4,0.0,0.0,589376
2023-03-18 10:00:00,00000000270,20230318100000,0.035,0.0,0.034,0.0,0.0,0.0,1.0,0.0,97.14,4,0.0,0.0,589376
2023-03-18 11:00:00,00000000270,20230318110000,0.044,0.0,0.036,0.0,0.0,0.0,1.0,0.0,81.82,4,0.0,0.0,589376
2023-03-18 12:00:00,00000000270,20230318120000,0.032,0.0,0.036,0.0,0.0,0.0,1.0,0.0,112.5,4,0.0,0.0,589376
2023-03-18 13:00:00,00000000270,20230318130000,0.042,0.001,0.034,0.0,0.0,0.0,1.0,2.38,80.95,4,0.0,0.0,589376
2023-03-18 14:00:00,00000000270,20230318140000,0.043,0.0,0.034,0.0,0.0,0.0,1.0,0.0,79.07,4,0.0,0.0,589376
2023-03-18 15:00:00,00000000270,20230318150000,0.045,0.0,0.033,0.0,0.0,0.0,1.0,0.0,73.33,4,0.0,0.0,589376
2023-03-18 16:00:00,00000000270,20230318160000,0.048,0.0,0.034,0.0,0.0,0.0,1.0,0.0,70.83,4,0.0,0.0,589376
2023-03-18 17:00:00,00000000270,20230318170000,0.046,0.001,0.035,0.0,0.0,0.0,1.0,2.17,76.09,4,0.0,0.0,589376
2023-03-18 18:00:00,00000000270,20230318180000,0.04,0.0,0.034,0.0,0.0,0.0,1.0,0.0,85.0,4,0.0,0.0,589376
2023-03-18 19:00:00,00000000270,20230318190000,0.032,0.0,0.035,0.0,0.0,0.0,1.0,0.0,109.38,4,0.0,0.0,589376
2023-03-18 20:00:00,00000000270,20230318200000,0.033,0.0,0.035,0.0,0.0,0.0,1.0,0.0,106.06,4,0.0,0.0,589376
2023-03-18 21:00:00,00000000270,20230318210000,0.037,0.001,0.033,0.0,0.0,0.0,1.0,2.7,89.19,4,0.0,0.0,589376
2023-03-18 22:00:00,00000000270,20230318220000,0.044,0.0,0.035,0.0,0.0,0.0,1.0,0.0,79.55,4,0.0,0.0,589376
2023-03-18 23:00:00,00000000270,20230318230000,0.038,0.0,0.035,0.0,0.0,0.0,1.0,0.0,92.11,4,0.0,0.0,589376
2023-03-19 00:00:00,00000000270,20230319000000,0.049,0.009,0.03,0.0,0.0,0.0,1.0,18.37,61.22,4,0.0,0.0,589376
2023-03-19 01:00:00,00000000270,20230319010000,0.053,0.001,0.037,0.0,0.0,0.0,1.0,1.89,69.81,4,0.0,0.0,589376
2023-03-19 02:00:00,00000000270,20230319020000,0.042,0.0,0.035,0.0,0.0,0.0,1.0,0.0,83.33,4,0.0,0.0,589376
2023-03-19 03:00:00,00000000270,20230319030000,0.034,0.0,0.038,0.0,0.0,0.0,1.0,0.0,111.76,4,0.0,0.0,589376
2023-03-19 04:00:00,00000000270,20230319040000,0.032,0.0,0.036,0.0,0.0,0.0,1.0,0.0,112.5,4,0.0,0.0,589376
2023-03-19 05:00:00,00000000270,20230319050000,0.045,0.001,0.037,0.0,0.0,0.0,1.0,2.22,82.22,4,0.0,0.0,589376
2023-03-19 06:00:00,00000000270,20230319060000,0.111,0.0,0.035,0.0,0.0,0.0,1.0,0.0,31.53,4,0.0,0.0,589376
2023-03-19 07:00:00,00000000270,20230319070000,0.069,0.0,0.034,0.0,0.0,0.0,1.0,0.0,49.28,4,0.0,0.0,589376
2023-03-19 08:00:00,00000000270,20230319080000,0.044,0.0,0.036,0.0,0.0,0.0,1.0,0.0,81.82,4,0.0,0.0,589376
2023-03-19 09:00:00,00000000270,20230319090000,0.022,0.001,0.037,0.0,0.0,0.0,1.0,4.55,168.18,4,0.0,0.0,589376
2023-03-19 10:00:00,00000000270,20230319100000,0.047,0.0,0.035,0.0,0.0,0.0,1.0,0.0,74.47,4,0.0,0.0,589376
2023-03-19 11:00:00,00000000270,20230319110000,0.039,0.0,0.034,0.0,0.0,0.0,1.0,0.0,87.18,4,0.0,0.0,589376
2023-03-19 12:00:00,00000000270,20230319120000,0.04,0.0,0.034,0.0,0.0,0.0,1.0,0.0,85.0,4,0.0,0.0,589376
2023-03-19 13:00:00,00000000270,20230319130000,0.044,0.0,0.036,0.0,0.0,0.0,1.0,0.0,81.82,4,0.0,0.0,589376
2023-03-19 14:00:00,00000000270,20230319140000,0.039,0.001,0.034,0.0,0.0,0.0,1.0,2.56,87.18,4,0.0,0.0,589376
2023-03-19 15:00:00,00000000270,20230319150000,0.041,0.0,0.035,0.0,0.0,0.0,1.0,0.0,85.37,4,0.0,0.0,589376
2023-03-19 16:00:00,00000000270,20230319160000,0.022,0.0,0.037,0.0,0.0,0.0,1.0,0.0,168.18,4,0.0,0.0,589376
2023-03-19 17:00:00,00000000270,20230319170000,0.043,0.0,0.036,0.0,0.0,0.0,1.0,0.0,83.72,4,0.0,0.0,589376
2023-03-19 18:00:00,00000000270,20230319180000,0.041,0.001,0.035,0.0,0.0,0.0,1.0,2.44,85.37,4,0.0,0.0,589376
2023-03-19 19:00:00,00000000270,20230319190000,0.022,0.0,0.034,0.0,0.0,0.0,1.0,0.0,154.55,4,0.0,0.0,589376
2023-03-19 20:00:00,00000000270,20230319200000,0.438,0.016,0.022,0.0,0.0,0.0,1.0,3.65,5.02,4,0.0,0.0,589376
2023-03-19 21:00:00,00000000270,20230319210000,0.716,0.05,0.0,0.0,0.0,0.0,1.0,6.98,0.0,4,0.0,0.0,589376
2023-03-19 22:00:00,00000000270,20230319220000,0.645,0.047,0.0,0.0,0.0,0.0,1.0,7.29,0.0,4,0.0,0.0,589376
2023-03-19 23:00:00,00000000270,20230319230000,0.058,0.009,0.031,0.0,0.0,0.0,1.0,15.52,53.45,4,0.0,0.0,589376
2023-03-20 00:00:00,00000000270,20230320000000,0.04,0.0,0.036,0.0,0.0,0.0,1.0,0.0,90.0,4,0.0,0.0,589376
2023-03-20 01:00:00,00000000270,20230320010000,0.044,0.001,0.035,0.0,0.0,0.0,1.0,2.27,79.55,4,0.0,0.0,589376
2023-03-20 02:00:00,00000000270,20230320020000,0.041,0.0,0.036,0.0,0.0,0.0,1.0,0.0,87.8,4,0.0,0.0,589376
2023-03-20 03:00:00,00000000270,20230320030000,0.045,0.0,0.037,0.0,0.0,0.0,1.0,0.0,82.22,4,0.0,0.0,589376
2023-03-20 04:00:00,00000000270,20230320040000,0.03,0.0,0.037,0.0,0.0,0.0,1.0,0.0,123.33,4,0.0,0.0,589376
2023-03-20 05:00:00,00000000270,20230320050000,0.041,0.002,0.037,0.0,0.0,0.0,1.0,4.88,90.24,4,0.0,0.0,589376
2023-03-20 06:00:00,00000000270,20230320060000,0.369,0.024,0.022,0.0,0.0,0.0,1.0,6.5,5.96,4,0.0,0.0,589376
2023-03-20 07:00:00,00000000270,20230320070000,0.649,0.0,0.035,0.0,0.0,0.0,1.0,0.0,5.39,4,0.0,0.0,589376
2023-03-20 08:00:00,00000000270,20230320080000,0.183,0.001,0.031,0.0,0.0,0.0,1.0,0.55,16.94,4,0.0,0.0,589376
2023-03-20 09:00:00,00000000270,20230320090000,0.047,0.0,0.034,0.0,0.0,0.0,1.0,0.0,72.34,4,0.0,0.0,589376
2023-03-20 10:00:00,00000000270,20230320100000,0.036,0.0,0.036,0.0,0.0,0.0,1.0,0.0,100.0,4,0.0,0.0,589376
2023-03-20 11:00:00,00000000270,20230320110000,0.03,0.0,0.035,0.0,0.0,0.0,1.0,0.0,116.67,4,0.0,0.0,589376
2023-03-20 12:00:00,00000000270,20230320120000,0.047,0.001,0.036,0.0,0.0,0.0,1.0,2.13,76.6,4,0.0,0.0,589376
2023-03-20 13:00:00,00000000270,20230320130000,0.044,0.0,0.035,0.0,0.0,0.0,1.0,0.0,79.55,4,0.0,0.0,589376
2023-03-20 14:00:00,00000000270,20230320140000,0.044,0.001,0.035,0.0,0.0,0.0,1.0,2.27,79.55,4,0.0,0.0,589376
2023-03-20 15:00:00,00000000270,20230320150000,0.042,0.0,0.036,0.0,0.0,0.0,1.0,0.0,85.71,4,0.0,0.0,589376
2023-03-20 16:00:00,00000000270,20230320160000,0.03,0.001,0.037,0.0,0.0,0.0,1.0,3.33,123.33,4,0.0,0.0,589376
2023-03-20 17:00:00,00000000270,20230320170000,0.043,0.001,0.037,0.0,0.0,0.0,1.0,2.33,86.05,4,0.0,0.0,589376
2023-03-20 18:00:00,00000000270,20230320180000,0.044,0.0,0.035,0.0,0.0,0.0,1.0,0.0,79.55,4,0.0,0.0,589376
2023-03-20 19:00:00,00000000270,20230320190000,0.046,0.001,0.034,0.0,0.0,0.0,1.0,2.17,73.91,4,0.0,0.0,589376
2023-03-20 20:00:00,00000000270,20230320200000,0.046,0.001,0.035,0.0,0.0,0.0,1.0,2.17,76.09,4,0.0,0.0,589376
2023-03-20 21:00:00,00000000270,20230320210000,0.03,0.001,0.034,0.0,0.0,0.0,1.0,3.33,113.33,4,0.0,0.0,589376
2023-03-20 22:00:00,00000000270,20230320220000,0.033,0.0,0.035,0.0,0.0,0.0,1.0,0.0,106.06,4,0.0,0.0,589376
2023-03-20 23:00:00,00000000270,20230320230000,0.047,0.001,0.036,0.0,0.0,0.0,1.0,2.13,76.6,4,0.0,0.0,589376
2023-03-21 00:00:00,00000000270,20230321000000,0.043,0.0,0.035,0.0,0.0,0.0,1.0,0.0,81.4,4,0.0,0.0,589376
2023-03-21 01:00:00,00000000270,20230321010000,0.043,0.0,0.035,0.0,0.0,0.0,1.0,0.0,81.4,4,0.0,0.0,589376
2023-03-21 02:00:00,00000000270,20230321020000,0.033,0.001,0.037,0.0,0.0,0.0,1.0,3.03,112.12,4,0.0,0.0,589376
2023-03-21 03:00:00,00000000270,20230321030000,0.034,0.001,0.037,0.0,0.0,0.0,1.0,2.94,108.82,4,0.0,0.0,589376
2023-03-21 04:00:00,00000000270,20230321040000,0.046,0.001,0.037,0.0,0.0,0.0,1.0,2.17,80.43,4,0.0,0.0,589376
2023-03-21 05:00:00,00000000270,20230321050000,0.044,0.0,0.035,0.0,0.0,0.0,1.0,0.0,79.55,4,0.0,0.0,589376
2023-03-21 06:00:00,00000000270,20230321060000,0.046,0.001,0.036,0.0,0.0,0.0,1.0,2.17,78.26,4,0.0,0.0,589376
2023-03-21 07:00:00,00000000270,20230321070000,0.13,0.001,0.034,0.0,0.0,0.0,1.0,0.77,26.15,4,0.0,0.0,589376
2023-03-21 08:00:00,00000000270,20230321080000,0.04,0.001,0.035,0.0,0.0,0.0,1.0,2.5,87.5,4,0.0,0.0,589376
2023-03-21 09:00:00,00000000270,20230321090000,0.042,0.0,0.036,0.0,0.0,0.0,1.0,0.0,85.71,4,0.0,0.0,589376
2023-03-21 10:00:00,00000000270,20230321100000,0.043,0.001,0.035,0.0,0.0,0.0,1.0,2.33,81.4,4,0.0,0.0,589376
2023-03-21 11:00:00,00000000270,20230321110000,0.047,0.001,0.036,0.0,0.0,0.0,1.0,2.13,76.6,4,0.0,0.0,589376
2023-03-21 12:00:00,00000000270,20230321120000,0.044,0.001,0.035,0.0,0.0,0.0,1.0,2.27,79.55,4,0.0,0.0,589376
2023-03-21 13:00:00,00000000270,20230321130000,0.038,0.0,0.037,0.0,0.0,0.0,1.0,0.0,97.37,4,0.0,0.0,589376
2023-03-21 14:00:00,00000000270,20230321140000,0.032,0.001,0.038,0.0,0.0,0.0,1.0,3.12,118.75,4,0.0,0.0,589376
2023-03-21 15:00:00,00000000270,20230321150000,0.048,0.001,0.036,0.0,0.0,0.0,1.0,2.08,75.0,4,0.0,0.0,589376
2023-03-21 16:00:00,00000000270,20230321160000,0.044,0.001,0.035,0.0,0.0,0.0,1.0,2.27,79.55,4,0.0,0.0,589376
2023-03-21 17:00:00,00000000270,20230321170000,0.045,0.0,0.036,0.0,0.0,0.0,1.0,0.0,80.0,4,0.0,0.0,589376
2023-03-21 18:00:00,00000000270,20230321180000,0.045,0.001,0.035,0.0,0.0,0.0,1.0,2.22,77.78,4,0.0,0.0,589376
2023-03-21 19:00:00,00000000270,20230321190000,0.027,0.001,0.035,0.0,0.0,0.0,1.0,3.7,129.63,4,0.0,0.0,589376
2023-03-21 20:00:00,00000000270,20230321200000,0.041,0.001,0.034,0.0,0.0,0.0,1.0,2.44,82.93,4,0.0,0.0,589376
2023-03-21 21:00:00,00000000270,20230321210000,0.046,0.0,0.034,0.0,0.0,0.0,1.0,0.0,73.91,4,0.0,0.0,589376
2023-03-21 22:00:00,00000000270,20230321220000,0.044,0.001,0.034,0.0,0.0,0.0,1.0,2.27,77.27,4,0.0,0.0,589376
2023-03-21 23:00:00,00000000270,20230321230000,0.042,0.0,0.035,0.0,0.0,0.0,1.0,0.0,83.33,4,0.0,0.0,589376
2023-03-22 00:00:00,00000000270,20230322000000,0.027,0.001,0.037,0.0,0.0,0.0,1.0,3.7,137.04,4,0.0,0.0,589376
2023-03-22 01:00:00,00000000270,20230322010000,0.044,0.001,0.035,0.0,0.0,0.0,1.0,2.27,79.55,4,0.0,0.0,589376
2023-03-22 02:00:00,00000000270,20230322020000,0.043,0.0,0.036,0.0,0.0,0.0,1.0,0.0,83.72,4,0.0,0.0,589376
2023-03-22 03:00:00,00000000270,20230322030000,0.047,0.001,0.036,0.0,0.0,0.0,1.0,2.13,76.6,4,0.0,0.0,589376
2023-03-22 04:00:00,00000000270,20230322040000,0.045,0.001,0.036,0.0,0.0,0.0,1.0,2.22,80.0,4,0.0,0.0,589376
2023-03-22 05:00:00,00000000270,20230322050000,0.025,0.001,0.037,0.0,0.0,0.0,1.0,4.0,148.0,4,0.0,0.0,589376
2023-03-22 06:00:00,00000000270,20230322060000,0.044,0.001,0.036,0.0,0.0,0.0,1.0,2.27,81.82,4,0.0,0.0,589376
2023-03-22 07:00:00,00000000270,20230322070000,0.046,0.0,0.036,0.0,0.0,0.0,1.0,0.0,78.26,4,0.0,0.0,589376
2023-03-22 08:00:00,00000000270,20230322080000,0.094,0.001,0.037,0.0,0.0,0.0,1.0,1.06,39.36,4,0.0,0.0,589376
2023-03-22 09:00:00,00000000270,20230322090000,0.075,0.001,0.031,0.0,0.0,0.0,1.0,1.33,41.33,4,0.0,0.0,589376
2023-03-22 10:00:00,00000000270,20230322100000,0.048,0.001,0.035,0.0,0.0,0.0,1.0,2.08,72.92,4,0.0,0.0,589376
2023-03-22 11:00:00,00000000270,20230322110000,0.042,0.0,0.035,0.0,0.0,0.0,1.0,0.0,83.33,4,0.0,0.0,589376
2023-03-22 12:00:00,00000000270,20230322120000,0.047,0.001,0.035,0.0,0.0,0.0,1.0,2.13,74.47,4,0.0,0.0,589376
2023-03-22 13:00:00,00000000270,20230322130000,0.044,0.001,0.036,0.0,0.0,0.0,1.0,2.27,81.82,4,0.0,0.0,589376
2023-03-22 14:00:00,00000000270,20230322140000,0.032,0.001,0.035,0.0,0.0,0.0,1.0,3.12,109.38,4,0.0,0.0,589376
2023-03-22 15:00:00,00000000270,20230322150000,0.037,0.0,0.037,0.0,0.0,0.0,1.0,0.0,100.0,4,0.0,0.0,589376
2023-03-22 16:00:00,00000000270,20230322160000,0.044,0.001,0.035,0.0,0.0,0.0,1.0,2.27,79.55,4,0.0,0.0,589376
2023-03-22 17:00:00,00000000270,20230322170000,0.044,0.001,0.035,0.0,0.0,0.0,1.0,2.27,79.55,4,0.0,0.0,589376
2023-03-22 18:00:00,00000000270,20230322180000,0.045,0.001,0.034,0.0,0.0,0.0,1.0,2.22,75.56,4,0.0,0.0,589376
2023-03-22 19:00:00,00000000270,20230322190000,0.045,0.0,0.034,0.0,0.0,0.0,1.0,0.0,75.56,4,0.0,0.0,589376
2023-03-22 20:00:00,00000000270,20230322200000,0.042,0.001,0.034,0.0,0.0,0.0,1.0,2.38,80.95,4,0.0,0.0,589376
2023-03-22 21:00:00,00000000270,20230322210000,0.031,0.0,0.035,0.0,0.0,0.0,1.0,0.0,112.9,4,0.0,0.0,589376
2023-03-22 22:00:00,00000000270,20230322220000,0.036,0.0,0.034,0.0,0.0,0.0,1.0,0.0,94.44,4,0.0,0.0,589376
2023-03-22 23:00:00,00000000270,20230322230000,0.046,0.001,0.034,0.0,0.0,0.0,1.0,2.17,73.91,4,0.0,0.0,589376
2023-03-23 00:00:00,00000000270,20230323000000,0.045,0.0,0.035,0.0,0.0,0.0,1.0,0.0,77.78,4,0.0,0.0,589376
2023-03-23 01:00:00,00000000270,20230323010000,0.045,0.001,0.035,0.0,0.0,0.0,1.0,2.22,77.78,4,0.0,0.0,589376
2023-03-23 02:00:00,00000000270,20230323020000,0.038,0.001,0.036,0.0,0.0,0.0,1.0,2.63,94.74,4,0.0,0.0,589376
2023-03-23 03:00:00,00000000270,20230323030000,0.03,0.001,0.038,0.0,0.0,0.0,1.0,3.33,126.67,4,0.0,0.0,589376
2023-03-23 04:00:00,00000000270,20230323040000,0.046,0.0,0.035,0.0,0.0,0.0,1.0,0.0,76.09,4,0.0,0.0,589376
2023-03-23 05:00:00,00000000270,20230323050000,0.044,0.001,0.035,0.0,0.0,0.0,1.0,2.27,79.55,4,0.0,0.0,589376
2023-03-23 06:00:00,00000000270,20230323060000,0.044,0.001,0.036,0.0,0.0,0.0,1.0,2.27,81.82,4,0.0,0.0,589376
2023-03-23 07:00:00,00000000270,20230323070000,0.046,0.001,0.036,0.0,0.0,0.0,1.0,2.17,78.26,4,0.0,0.0,589376
2023-03-23 08:00:00,00000000270,20230323080000,0.039,0.001,0.036,0.0,0.0,0.0,1.0,2.56,92.31,4,0.0,0.0,589376
2023-03-23 09:00:00,00000000270,20230323090000,0.027,0.0,0.036,0.0,0.0,0.0,1.0,0.0,133.33,4,0.0,0.0,589376
2023-03-23 10:00:00,00000000270,20230323100000,0.135,0.001,0.033,0.0,0.0,0.0,1.0,0.74,24.44,4,0.0,0.0,589376
2023-03-23 11:00:00,00000000270,20230323110000,0.049,0.001,0.034,0.0,0.0,0.0,1.0,2.04,69.39,4,0.0,0.0,589376
2023-03-23 12:00:00,00000000270,20230323120000,0.039,0.0,0.037,0.0,0.0,0.0,1.0,0.0,94.87,4,0.0,0.0,589376
2023-03-23 13:00:00,00000000270,20230323130000,0.04,0.001,0.035,0.0,0.0,0.0,1.0,2.5,87.5,4,0.0,0.0,589376
2023-03-23 14:00:00,00000000270,20230323140000,0.045,0.001,0.035,0.0,0.0,0.0,1.0,2.22,77.78,4,0.0,0.0,589376
2023-03-23 15:00:00,00000000270,20230323150000,0.047,0.001,0.036,0.0,0.0,0.0,1.0,2.13,76.6,4,0.0,0.0,589376
2023-03-23 16:00:00,00000000270,20230323160000,0.047,0.0,0.035,0.0,0.0,0.0,1.0,0.0,74.47,4,0.0,0.0,589376
2023-03-23 17:00:00,00000000270,20230323170000,0.045,0.001,0.035,0.0,0.0,0.0,1.0,2.22,77.78,4,0.0,0.0,589376
2023-03-23 18:00:00,00000000270,20230323180000,0.046,0.001,0.035,0.0,0.0,0.0,1.0,2.17,76.09,4,0.0,0.0,589376
2023-03-23 19:00:00,00000000270,20230323190000,0.036,0.001,0.035,0.0,0.0,0.0,1.0,2.78,97.22,4,0.0,0.0,589376
2023-03-23 20:00:00,00000000270,20230323200000,0.03,0.0,0.034,0.0,0.0,0.0,1.0,0.0,113.33,4,0.0,0.0,589376
2023-03-23 21:00:00,00000000270,20230323210000,0.045,0.0,0.034,0.0,0.0,0.0,1.0,0.0,75.56,4,0.0,0.0,589376
2023-03-23 22:00:00,00000000270,20230323220000,0.044,0.001,0.034,0.0,0.0,0.0,1.0,2.27,77.27,4,0.0,0.0,589376
2023-03-23 23:00:00,00000000270,20230323230000,0.046,0.001,0.035,0.0,0.0,0.0,1.0,2.17,76.09,4,0.0,0.0,589376
2023-03-24 00:00:00,00000000270,20230324000000,0.045,0.001,0.034,0.0,0.0,0.0,1.0,2.22,75.56,4,0.0,0.0,589376
2023-03-24 01:00:00,00000000270,20230324010000,0.042,0.0,0.035,0.0,0.0,0.0,1.0,0.0,83.33,4,0.0,0.0,589376
2023-03-24 02:00:00,00000000270,20230324020000,0.035,0.001,0.037,0.0,0.0,0.0,1.0,2.86,105.71,4,0.0,0.0,589376
2023-03-24 03:00:00,00000000270,20230324030000,0.038,0.001,0.037,0.0,0.0,0.0,1.0,2.63,97.37,4,0.0,0.0,589376
2023-03-24 04:00:00,00000000270,20230324040000,0.043,0.0,0.035,0.0,0.0,0.0,1.0,0.0,81.4,4,0.0,0.0,589376
2023-03-24 05:00:00,00000000270,20230324050000,0.046,0.001,0.035,0.0,0.0,0.0,1.0,2.17,76.09,4,0.0,0.0,589376
2023-03-24 06:00:00,00000000270,20230324060000,0.046,0.001,0.036,0.0,0.0,0.0,1.0,2.17,78.26,4,0.0,0.0,589376
2023-03-24 07:00:00,00000000270,20230324070000,0.044,0.001,0.035,0.0,0.0,0.0,1.0,2.27,79.55,4,0.0,0.0,589376
2023-03-24 08:00:00,00000000270,20230324080000,0.038,0.001,0.036,0.0,0.0,0.0,1.0,2.63,94.74,4,0.0,0.0,589376
2023-03-24 09:00:00,00000000270,20230324090000,0.031,0.0,0.038,0.0,0.0,0.0,1.0,0.0,122.58,4,0.0,0.0,589376
2023-03-24 10:00:00,00000000270,20230324100000,0.043,0.001,0.034,0.0,0.0,0.0,1.0,2.33,79.07,4,0.0,0.0,589376
2023-03-24 11:00:00,00000000270,20230324110000,0.119,0.001,0.036,0.0,0.0,0.0,1.0,0.84,30.25,4,0.0,0.0,589376
2023-03-24 12:00:00,00000000270,20230324120000,0.074,0.001,0.033,0.0,0.0,0.0,1.0,1.35,44.59,4,0.0,0.0,589376
2023-03-24 13:00:00,00000000270,20230324130000,0.05,0.0,0.036,0.0,0.0,0.0,1.0,0.0,72.0,4,0.0,0.0,589376
2023-03-24 14:00:00,00000000270,20230324140000,0.046,0.001,0.036,0.0,0.0,0.0,1.0,2.17,78.26,4,0.0,0.0,589376
2023-03-24 15:00:00,00000000270,20230324150000,0.044,0.001,0.036,0.0,0.0,0.0,1.0,2.27,81.82,4,0.0,0.0,589376
2023-03-24 16:00:00,00000000270,20230324160000,0.038,0.001,0.037,0.0,0.0,0.0,1.0,2.63,97.37,4,0.0,0.0,589376
2023-03-24 17:00:00,00000000270,20230324170000,0.042,0.001,0.037,0.0,0.0,0.0,1.0,2.38,88.1,4,0.0,0.0,589376
2023-03-24 18:00:00,00000000270,20230324180000,0.037,0.0,0.035,0.0,0.0,0.0,1.0,0.0,94.59,4,0.0,0.0,589376
2023-03-24 19:00:00,00000000270,20230324190000,0.047,0.001,0.034,0.0,0.0,0.0,1.0,2.13,72.34,4,0.0,0.0,589376
2023-03-24 20:00:00,00000000270,20230324200000,0.046,0.001,0.034,0.0,0.0,0.0,1.0,2.17,73.91,4,0.0,0.0,589376
2023-03-24 21:00:00,00000000270,20230324210000,0.058,0.003,0.034,0.0,0.0,0.0,1.0,5.17,58.62,4,0.0,0.0,589376
2023-03-24 22:00:00,00000000270,20230324220000,0.065,0.001,0.036,0.0,0.0,0.0,1.0,1.54,55.38,4,0.0,0.0,589376
2023-03-24 23:00:00,00000000270,20230324230000,0.048,0.001,0.035,0.0,0.0,0.0,1.0,2.08,72.92,4,0.0,0.0,589376
2023-03-25 00:00:00,00000000270,20230325000000,0.036,0.0,0.036,0.0,0.0,0.0,1.0,0.0,100.0,4,0.0,0.0,589376
2023-03-25 01:00:00,00000000270,20230325010000,0.039,0.001,0.035,0.0,0.0,0.0,1.0,2.56,89.74,4,0.0,0.0,589376
2023-03-25 02:00:00,00000000270,20230325020000,0.045,0.001,0.036,0.0,0.0,0.0,1.0,2.22,80.0,4,0.0,0.0,589376
2023-03-25 03:00:00,00000000270,20230325030000,0.047,0.0,0.035,0.0,0.0,0.0,1.0,0.0,74.47,4,0.0,0.0,589376
2023-03-25 04:00:00,00000000270,20230325040000,0.057,0.001,0.037,0.0,0.0,0.0,1.0,1.75,64.91,4,0.0,0.0,589376
2023-03-25 05:00:00,00000000270,20230325050000,0.16,0.001,0.037,0.0,0.0,0.0,1.0,0.62,23.12,4,0.0,0.0,589376
2023-03-25 06:00:00,00000000270,20230325060000,0.041,0.001,0.037,0.0,0.0,0.0,1.0,2.44,90.24,4,0.0,0.0,589376
2023-03-25 07:00:00,00000000270,20230325070000,0.035,0.001,0.039,0.0,0.0,0.0,1.0,2.86,111.43,4,0.0,0.0,589376
2023-03-25 08:00:00,00000000270,20230325080000,0.044,0.0,0.037,0.0,0.0,0.0,1.0,0.0,84.09,4,0.0,0.0,589376
2023-03-25 09:00:00,00000000270,20230325090000,0.121,0.001,0.036,0.0,0.0,0.0,1.0,0.83,29.75,4,0.0,0.0,589376
2023-03-25 10:00:00,00000000270,20230325100000,0.067,0.001,0.031,0.0,0.0,0.0,1.0,1.49,46.27,4,0.0,0.0,589376
2023-03-25 11:00:00,00000000270,20230325110000,0.05,0.001,0.036,0.0,0.0,0.0,1.0,2.0,72.0,4,0.0,0.0,589376
2023-03-25 12:00:00,00000000270,20230325120000,0.047,0.0,0.036,0.0,0.0,0.0,1.0,0.0,76.6,4,0.0,0.0,589376
2023-03-25 13:00:00,00000000270,20230325130000,0.044,0.001,0.035,0.0,0.0,0.0,1.0,2.27,79.55,4,0.0,0.0,589376
2023-03-25 14:00:00,00000000270,20230325140000,0.048,0.001,0.037,0.0,0.0,0.0,1.0,2.08,77.08,4,0.0,0.0,589376
2023-03-25 15:00:00,00000000270,20230325150000,0.047,0.001,0.036,0.0,0.0,0.0,1.0,2.13,76.6,4,0.0,0.0,589376
2023-03-25 16:00:00,00000000270,20230325160000,2.071,0.001,0.032,0.0,0.0,0.0,1.0,0.05,1.55,4,0.0,0.0,589376
2023-03-25 17:00:00,00000000270,20230325170000,2.092,0.0,0.033,0.0,0.0,0.0,1.0,0.0,1.58,4,0.0,0.0,589376
2023-03-25 18:00:00,00000000270,20230325180000,0.391,0.001,0.035,0.0,0.0,0.0,1.0,0.26,8.95,4,0.0,0.0,589376
2023-03-25 19:00:00,00000000270,20230325190000,0.043,0.001,0.035,0.0,0.0,0.0,1.0,2.33,81.4,4,0.0,0.0,589376
2023-03-25 20:00:00,00000000270,20230325200000,0.043,0.0,0.033,0.0,0.0,0.0,1.0,0.0,76.74,4,0.0,0.0,589376
2023-03-25 21:00:00,00000000270,20230325210000,0.043,0.001,0.034,0.0,0.0,0.0,1.0,2.33,79.07,4,0.0,0.0,589376
2023-03-25 22:00:00,00000000270,20230325220000,0.056,0.009,0.03,0.0,0.0,0.0,1.0,16.07,53.57,4,0.0,0.0,589376
2023-03-25 23:00:00,00000000270,20230325230000,0.316,0.0,0.034,0.0,0.0,0.0,1.0,0.0,10.76,4,0.0,0.0,589376
2023-03-26 00:00:00,00000000270,20230326000000,0.045,0.001,0.035,0.0,0.0,0.0,1.0,2.22,77.78,4,0.0,0.0,589376
2023-03-26 01:00:00,00000000270,20230326010000,0.047,0.001,0.036,0.0,0.0,0.0,1.0,2.13,76.6,4,0.0,0.0,589376
2023-03-26 02:00:00,00000000270,20230326020000,0.045,0.001,0.036,0.0,0.0,0.0,1.0,2.22,80.0,4,0.0,0.0,589376
2023-03-26 03:00:00,00000000270,20230326030000,0.034,0.001,0.037,0.0,0.0,0.0,1.0,2.94,108.82,4,0.0,0.0,589376
2023-03-26 04:00:00,00000000270,20230326040000,0.038,0.0,0.037,0.0,0.0,0.0,1.0,0.0,97.37,4,0.0,0.0,589376
2023-03-26 05:00:00,00000000270,20230326050000,0.05,0.001,0.037,0.0,0.0,0.0,1.0,2.0,74.0,4,0.0,0.0,589376
2023-03-26 06:00:00,00000000270,20230326060000,0.12,0.001,0.036,0.0,0.0,0.0,1.0,0.83,30.0,4,0.0,0.0,589376
2023-03-26 07:00:00,00000000270,20230326070000,0.077,0.001,0.034,0.0,0.0,0.0,1.0,1.3,44.16,4,0.0,0.0,589376
2023-03-26 08:00:00,00000000270,20230326080000,0.049,0.0,0.036,0.0,0.0,0.0,1.0,0.0,73.47,4,0.0,0.0,589376
2023-03-26 09:00:00,00000000270,20230326090000,0.055,0.001,0.038,0.0,0.0,0.0,1.0,1.82,69.09,4,0.0,0.0,589376
2023-03-26 10:00:00,00000000270,20230326100000,0.053,0.001,0.038,0.0,0.0,0.0,1.0,1.89,71.7,4,0.0,0.0,589376
2023-03-26 11:00:00,00000000270,20230326110000,0.05,0.001,0.036,0.0,0.0,0.0,1.0,2.0,72.0,4,0.0,0.0,589376
2023-03-26 12:00:00,00000000270,20230326120000,0.041,0.0,0.036,0.0,0.0,0.0,1.0,0.0,87.8,4,0.0,0.0,589376
2023-03-26 13:00:00,00000000270,20230326130000,0.045,0.001,0.036,0.0,0.0,0.0,1.0,2.22,80.0,4,0.0,0.0,589376
2023-03-26 14:00:00,00000000270,20230326140000,0.046,0.001,0.036,0.0,0.0,0.0,1.0,2.17,78.26,4,0.0,0.0,589376
2023-03-26 15:00:00,00000000270,20230326150000,0.042,0.001,0.037,0.0,0.0,0.0,1.0,2.38,88.1,4,0.0,0.0,589376
2023-03-26 16:00:00,00000000270,20230326160000,0.045,0.0,0.035,0.0,0.0,0.0,1.0,0.0,77.78,4,0.0,0.0,589376
2023-03-26 17:00:00,00000000270,20230326170000,0.045,0.001,0.036,0.0,0.0,0.0,1.0,2.22,80.0,4,0.0,0.0,589376
2023-03-26 18:00:00,00000000270,20230326180000,0.044,0.001,0.035,0.0,0.0,0.0,1.0,2.27,79.55,4,0.0,0.0,589376
2023-03-26 19:00:00,00000000270,20230326190000,0.046,0.001,0.034,0.0,0.0,0.0,1.0,2.17,73.91,4,0.0,0.0,589376
2023-03-26 20:00:00,00000000270,20230326200000,0.044,0.0,0.034,0.0,0.0,0.0,1.0,0.0,77.27,4,0.0,0.0,589376
2023-03-26 21:00:00,00000000270,20230326210000,0.055,0.009,0.029,0.0,0.0,0.0,1.0,16.36,52.73,4,0.0,0.0,589376
2023-03-26 22:00:00,00000000270,20230326220000,0.076,0.007,0.031,0.0,0.0,0.0,1.0,9.21,40.79,4,0.0,0.0,589376
2023-03-26 23:00:00,00000000270,20230326230000,0.047,0.001,0.036,0.0,0.0,0.0,1.0,2.13,76.6,4,0.0,0.0,589376
2023-03-27 00:00:00,00000000270,20230327000000,0.046,0.0,0.035,0.0,0.0,0.0,1.0,0.0,76.09,4,0.0,0.0,589376
2023-03-27 01:00:00,00000000270,20230327010000,0.087,0.001,0.036,0.0,0.0,0.0,1.0,1.15,41.38,4,0.0,0.0,589376
2023-03-27 02:00:00,00000000270,20230327020000,0.11,0.001,0.032,0.0,0.0,0.0,1.0,0.91,29.09,4,0.0,0.0,589376
2023-03-27 03:00:00,00000000270,20230327030000,0.049,0.001,0.035,0.0,0.0,0.0,1.0,2.04,71.43,4,0.0,0.0,589376
2023-03-27 04:00:00,00000000270,20230327040000,0.047,0.0,0.037,0.0,0.0,0.0,1.0,0.0,78.72,4,0.0,0.0,589376
2023-03-27 05:00:00,00000000270,20230327050000,0.056,0.001,0.038,0.0,0.0,0.0,1.0,1.79,67.86,4,0.0,0.0,589376
2023-03-27 06:00:00,00000000270,20230327060000,0.05,0.001,0.036,0.0,0.0,0.0,1.0,2.0,72.0,4,0.0,0.0,589376
2023-03-27 07:00:00,00000000270,20230327070000,0.048,0.001,0.037,0.0,0.0,0.0,1.0,2.08,77.08,4,0.0,0.0,589376
2023-03-27 08:00:00,00000000270,20230327080000,0.04,0.0,0.035,0.0,0.0,0.0,1.0,0.0,87.5,4,0.0,0.0,589376
2023-03-27 09:00:00,00000000270,20230327090000,0.043,0.001,0.037,0.0,0.0,0.0,1.0,2.33,86.05,4,0.0,0.0,589376
2023-03-27 10:00:00,00000000270,20230327100000,0.048,0.001,0.034,0.0,0.0,0.0,1.0,2.08,70.83,4,0.0,0.0,589376
2023-03-27 11:00:00,00000000270,20230327110000,0.042,0.001,0.037,0.0,0.0,0.0,1.0,2.38,88.1,4,0.0,0.0,589376
2023-03-27 12:00:00,00000000270,20230327120000,0.051,0.0,0.036,0.0,0.0,0.0,1.0,0.0,70.59,4,0.0,0.0,589376
2023-03-27 13:00:00,00000000270,20230327130000,0.044,0.001,0.036,0.0,0.0,0.0,1.0,2.27,81.82,4,0.0,0.0,589376
2023-03-27 14:00:00,00000000270,20230327140000,0.053,0.001,0.035,0.0,0.0,0.0,1.0,1.89,66.04,4,0.0,0.0,589376
2023-03-27 15:00:00,00000000270,20230327150000,0.047,0.001,0.036,0.0,0.0,0.0,1.0,2.13,76.6,4,0.0,0.0,589376
2023-03-27 16:00:00,00000000270,20230327160000,0.049,0.0,0.036,0.0,0.0,0.0,1.0,0.0,73.47,4,0.0,0.0,589376
2023-03-27 17:00:00,00000000270,20230327170000,0.049,0.001,0.035,0.0,0.0,0.0,1.0,2.04,71.43,4,0.0,0.0,589376
2023-03-27 18:00:00,00000000270,20230327180000,0.042,0.001,0.035,0.0,0.0,0.0,1.0,2.38,83.33,4,0.0,0.0,589376
2023-03-27 19:00:00,00000000270,20230327190000,0.049,0.001,0.035,0.0,0.0,0.0,1.0,2.04,71.43,4,0.0,0.0,589376
2023-03-27 20:00:00,00000000270,20230327200000,0.037,0.0,0.033,0.0,0.0,0.0,1.0,0.0,89.19,4,0.0,0.0,589376
2023-03-27 21:00:00,00000000270,20230327210000,0.135,0.001,0.033,0.0,0.0,0.0,1.0,0.74,24.44,4,0.0,0.0,589376
2023-03-27 22:00:00,00000000270,20230327220000,0.056,0.001,0.034,0.0,0.0,0.0,1.0,1.79,60.71,4,0.0,0.0,589376
2023-03-27 23:00:00,00000000270,20230327230000,0.045,0.001,0.034,0.0,0.0,0.0,1.0,2.22,75.56,4,0.0,0.0,589376
2023-03-28 00:00:00,00000000270,20230328000000,0.045,0.0,0.036,0.0,0.0,0.0,1.0,0.0,80.0,4,0.0,0.0,589376
2023-03-28 01:00:00,00000000270,20230328010000,0.046,0.001,0.035,0.0,0.0,0.0,1.0,2.17,76.09,4,0.0,0.0,589376
2023-03-28 02:00:00,00000000270,20230328020000,0.049,0.001,0.036,0.0,0.0,0.0,1.0,2.04,73.47,4,0.0,0.0,589376
2023-03-28 03:00:00,00000000270,20230328030000,0.047,0.001,0.036,0.0,0.0,0.0,1.0,2.13,76.6,4,0.0,0.0,589376
2023-03-28 04:00:00,00000000270,20230328040000,0.044,0.0,0.036,0.0,0.0,0.0,1.0,0.0,81.82,4,0.0,0.0,589376
2023-03-28 05:00:00,00000000270,20230328050000,0.046,0.001,0.036,0.0,0.0,0.0,1.0,2.17,78.26,4,0.0,0.0,589376
2023-03-28 06:00:00,00000000270,20230328060000,0.045,0.001,0.036,0.0,0.0,0.0,1.0,2.22,80.0,4,0.0,0.0,589376
2023-03-28 07:00:00,00000000270,20230328070000,0.049,0.001,0.037,0.0,0.0,0.0,1.0,2.04,75.51,4,0.0,0.0,589376
2023-03-28 08:00:00,00000000270,20230328080000,0.046,0.0,0.035,0.0,0.0,0.0,1.0,0.0,76.09,4,0.0,0.0,589376
2023-03-28 09:00:00,00000000270,20230328090000,0.048,0.001,0.037,0.0,0.0,0.0,1.0,2.08,77.08,4,0.0,0.0,589376
2023-03-28 10:00:00,00000000270,20230328100000,0.048,0.001,0.036,0.0,0.0,0.0,1.0,2.08,75.0,4,0.0,0.0,589376
2023-03-28 11:00:00,00000000270,20230328110000,0.041,0.0,0.035,0.0,0.0,0.0,1.0,0.0,85.37,4,0.0,0.0,589376
2023-03-28 12:00:00,00000000270,20230328120000,0.039,0.001,0.036,0.0,0.0,0.0,1.0,2.56,92.31,4,0.0,0.0,589376
2023-03-28 13:00:00,00000000270,20230328130000,0.043,0.001,0.035,0.0,0.0,0.0,1.0,2.33,81.4,4,0.0,0.0,589376
2023-03-28 14:00:00,00000000270,20230328140000,0.038,0.001,0.035,0.0,0.0,0.0,1.0,2.63,92.11,4,0.0,0.0,589376
2023-03-28 15:00:00,00000000270,20230328150000,0.045,0.001,0.036,0.0,0.0,0.0,1.0,2.22,80.0,4,0.0,0.0,589376
2023-03-28 16:00:00,00000000270,20230328160000,0.046,0.0,0.034,0.0,0.0,0.0,1.0,0.0,73.91,4,0.0,0.0,589376
2023-03-28 17:00:00,00000000270,20230328170000,0.045,0.001,0.034,0.0,0.0,0.0,1.0,2.22,75.56,4,0.0,0.0,589376
2023-03-28 18:00:00,00000000270,20230328180000,0.048,0.001,0.035,0.0,0.0,0.0,1.0,2.08,72.92,4,0.0,0.0,589376
2023-03-28 19:00:00,00000000270,20230328190000,0.047,0.001,0.034,0.0,0.0,0.0,1.0,2.13,72.34,4,0.0,0.0,589376
2023-03-28 20:00:00,00000000270,20230328200000,0.044,0.0,0.033,0.0,0.0,0.0,1.0,0.0,75.0,4,0.0,0.0,589376
2023-03-28 21:00:00,00000000270,20230328210000,0.04,0.001,0.034,0.0,0.0,0.0,1.0,2.5,85.0,4,0.0,0.0,589376
2023-03-28 22:00:00,00000000270,20230328220000,0.084,0.001,0.037,0.0,0.0,0.0,1.0,1.19,44.05,4,0.0,0.0,589376
2023-03-28 23:00:00,00000000270,20230328230000,0.097,0.001,0.031,0.0,0.0,0.0,1.0,1.03,31.96,4,0.0,0.0,589376
2023-03-29 00:00:00,00000000270,20230329000000,0.049,0.0,0.035,0.0,0.0,0.0,1.0,0.0,71.43,4,0.0,0.0,589376
2023-03-29 01:00:00,00000000270,20230329010000,0.045,0.001,0.036,0.0,0.0,0.0,1.0,2.22,80.0,4,0.0,0.0,589376
2023-03-29 02:00:00,00000000270,20230329020000,0.039,0.001,0.037,0.0,0.0,0.0,1.0,2.56,94.87,4,0.0,0.0,589376
2023-03-29 03:00:00,00000000270,20230329030000,0.042,0.001,0.037,0.0,0.0,0.0,1.0,2.38,88.1,4,0.0,0.0,589376
2023-03-29 04:00:00,00000000270,20230329040000,0.035,0.0,0.037,0.0,0.0,0.0,1.0,0.0,105.71,4,0.0,0.0,589376
2023-03-29 05:00:00,00000000270,20230329050000,0.046,0.001,0.035,0.0,0.0,0.0,1.0,2.17,76.09,4,0.0,0.0,589376
2023-03-29 06:00:00,00000000270,20230329060000,0.046,0.001,0.036,0.0,0.0,0.0,1.0,2.17,78.26,4,0.0,0.0,589376
2023-03-29 07:00:00,00000000270,20230329070000,0.047,0.001,0.037,0.0,0.0,0.0,1.0,2.13,78.72,4,0.0,0.0,589376
2023-03-29 08:00:00,00000000270,20230329080000,0.047,0.001,0.036,0.0,0.0,0.0,1.0,2.13,76.6,4,0.0,0.0,589376
2023-03-29 09:00:00,00000000270,20230329090000,0.045,0.001,0.036,0.0,0.0,0.0,1.0,2.22,80.0,4,0.0,0.0,589376
2023-03-29 10:00:00,00000000270,20230329100000,0.043,0.0,0.036,0.0,0.0,0.0,1.0,0.0,83.72,4,0.0,0.0,589376
2023-03-29 11:00:00,00000000270,20230329110000,0.031,0.001,0.037,0.0,0.0,0.0,1.0,3.23,119.35,4,0.0,0.0,589376
2023-03-29 12:00:00,00000000270,20230329120000,0.038,0.001,0.036,0.0,0.0,0.0,1.0,2.63,94.74,4,0.0,0.0,589376
2023-03-29 13:00:00,00000000270,20230329130000,0.046,0.001,0.036,0.0,0.0,0.0,1.0,2.17,78.26,4,0.0,0.0,589376
2023-03-29 14:00:00,00000000270,20230329140000,0.046,0.0,0.035,0.0,0.0,0.0,1.0,0.0,76.09,4,0.0,0.0,589376
2023-03-29 15:00:00,00000000270,20230329150000,0.046,0.001,0.036,0.0,0.0,0.0,1.0,2.17,78.26,4,0.0,0.0,589376
2023-03-29 16:00:00,00000000270,20230329160000,0.044,0.001,0.035,0.0,0.0,0.0,1.0,2.27,79.55,4,0.0,0.0,589376
2023-03-29 17:00:00,00000000270,20230329170000,0.043,0.001,0.035,0.0,0.0,0.0,1.0,2.33,81.4,4,0.0,0.0,589376
2023-03-29 18:00:00,00000000270,20230329180000,0.036,0.001,0.036,0.0,0.0,0.0,1.0,2.78,100.0,4,0.0,0.0,589376
2023-03-29 19:00:00,00000000270,20230329190000,0.035,0.0,0.036,0.0,0.0,0.0,1.0,0.0,102.86,4,0.0,0.0,589376
2023-03-29 20:00:00,00000000270,20230329200000,0.044,0.001,0.033,0.0,0.0,0.0,1.0,2.27,75.0,4,0.0,0.0,589376
2023-03-29 21:00:00,00000000270,20230329210000,0.044,0.0,0.033,0.0,0.0,0.0,1.0,0.0,75.0,4,0.0,0.0,589376
2023-03-29 22:00:00,00000000270,20230329220000,0.042,0.001,0.034,0.0,0.0,0.0,1.0,2.38,80.95,4,0.0,0.0,589376
2023-03-29 23:00:00,00000000270,20230329230000,0.044,0.0,0.035,0.0,0.0,0.0,1.0,0.0,79.55,4,0.0,0.0,589376
2023-03-30 00:00:00,00000000270,20230330000000,0.118,0.001,0.035,0.0,0.0,0.0,1.0,0.85,29.66,4,0.0,0.0,589376
2023-03-30 01:00:00,00000000270,20230330010000,0.054,0.001,0.034,0.0,0.0,0.0,1.0,1.85,62.96,4,0.0,0.0,589376
2023-03-30 02:00:00,00000000270,20230330020000,0.049,0.001,0.036,0.0,0.0,0.0,1.0,2.04,73.47,4,0.0,0.0,589376
2023-03-30 03:00:00,00000000270,20230330030000,0.046,0.0,0.036,0.0,0.0,0.0,1.0,0.0,78.26,4,0.0,0.0,589376
2023-03-30 04:00:00,00000000270,20230330040000,0.042,0.001,0.034,0.0,0.0,0.0,1.0,2.38,80.95,4,0.0,0.0,589376
2023-03-30 05:00:00,00000000270,20230330050000,0.046,0.001,0.036,0.0,0.0,0.0,1.0,2.17,78.26,4,0.0,0.0,589376
2023-03-30 06:00:00,00000000270,20230330060000,0.046,0.001,0.036,0.0,0.0,0.0,1.0,2.17,78.26,4,0.0,0.0,589376
2023-03-30 07:00:00,00000000270,20230330070000,0.037,0.001,0.038,0.0,0.0,0.0,1.0,2.7,102.7,4,0.0,0.0,589376
2023-03-30 08:00:00,00000000270,20230330080000,0.033,0.0,0.037,0.0,0.0,0.0,1.0,0.0,112.12,4,0.0,0.0,589376
2023-03-30 09:00:00,00000000270,20230330090000,0.044,0.001,0.035,0.0,0.0,0.0,1.0,2.27,79.55,4,0.0,0.0,589376
2023-03-30 10:00:00,00000000270,20230330100000,0.045,0.001,0.035,0.0,0.0,0.0,1.0,2.22,77.78,4,0.0,0.0,589376
2023-03-30 11:00:00,00000000270,20230330110000,0.046,0.001,0.035,0.0,0.0,0.0,1.0,2.17,76.09,4,0.0,0.0,589376
2023-03-30 12:00:00,00000000270,20230330120000,0.046,0.0,0.036,0.0,0.0,0.0,1.0,0.0,78.26,4,0.0,0.0,589376
2023-03-30 13:00:00,00000000270,20230330130000,0.03,0.001,0.037,0.0,0.0,0.0,1.0,3.33,123.33,4,0.0,0.0,589376
2023-03-30 14:00:00,00000000270,20230330140000,0.039,0.001,0.036,0.0,0.0,0.0,1.0,2.56,92.31,4,0.0,0.0,589376
2023-03-30 15:00:00,00000000270,20230330150000,0.044,0.001,0.035,0.0,0.0,0.0,1.0,2.27,79.55,4,0.0,0.0,589376
2023-03-30 16:00:00,00000000270,20230330160000,0.046,0.0,0.036,0.0,0.0,0.0,1.0,0.0,78.26,4,0.0,0.0,589376
2023-03-30 17:00:00,00000000270,20230330170000,0.047,0.001,0.036,0.0,0.0,0.0,1.0,2.13,76.6,4,0.0,0.0,589376
2023-03-30 18:00:00,00000000270,20230330180000,0.043,0.001,0.034,0.0,0.0,0.0,1.0,2.33,79.07,4,0.0,0.0,589376
2023-03-30 19:00:00,00000000270,20230330190000,0.034,0.001,0.035,0.0,0.0,0.0,1.0,2.94,102.94,4,0.0,0.0,589376
2023-03-30 20:00:00,00000000270,20230330200000,0.033,0.0,0.035,0.0,0.0,0.0,1.0,0.0,106.06,4,0.0,0.0,589376
2023-03-30 21:00:00,00000000270,20230330210000,0.044,0.001,0.033,0.0,0.0,0.0,1.0,2.27,75.0,4,0.0,0.0,589376
2023-03-30 22:00:00,00000000270,20230330220000,0.045,0.0,0.035,0.0,0.0,0.0,1.0,0.0,77.78,4,0.0,0.0,589376
2023-03-30 23:00:00,00000000270,20230330230000,0.046,0.001,0.034,0.0,0.0,0.0,1.0,2.17,73.91,4,0.0,0.0,589376
2023-03-31 00:00:00,00000000270,20230331000000,0.043,0.001,0.035,0.0,0.0,0.0,1.0,2.33,81.4,4,0.0,0.0,589376
2023-03-31 01:00:00,00000000270,20230331010000,0.069,0.0,0.038,0.0,0.0,0.0,1.0,0.0,55.07,4,0.0,0.0,589376
2023-03-31 02:00:00,00000000270,20230331020000,0.104,0.001,0.032,0.0,0.0,0.0,1.0,0.96,30.77,4,0.0,0.0,589376
2023-03-31 03:00:00,00000000270,20230331030000,0.047,0.001,0.036,0.0,0.0,0.0,1.0,2.13,76.6,4,0.0,0.0,589376
2023-03-31 04:00:00,00000000270,20230331040000,0.042,0.001,0.036,0.0,0.0,0.0,1.0,2.38,85.71,4,0.0,0.0,589376
2023-03-31 05:00:00,00000000270,20230331050000,0.037,0.0,0.036,0.0,0.0,0.0,1.0,0.0,97.3,4,0.0,0.0,589376
2023-03-31 06:00:00,00000000270,20230331060000,0.035,0.001,0.037,0.0,0.0,0.0,1.0,2.86,105.71,4,0.0,0.0,589376
2023-03-31 07:00:00,00000000270,20230331070000,0.046,0.001,0.037,0.0,0.0,0.0,1.0,2.17,80.43,4,0.0,0.0,589376
2023-03-31 08:00:00,00000000270,20230331080000,0.046,0.001,0.036,0.0,0.0,0.0,1.0,2.17,78.26,4,0.0,0.0,589376
2023-03-31 09:00:00,00000000270,20230331090000,0.044,0.0,0.035,0.0,0.0,0.0,1.0,0.0,79.55,4,0.0,0.0,589376
2023-03-31 10:00:00,00000000270,20230331100000,0.044,0.001,0.036,0.0,0.0,0.0,1.0,2.27,81.82,4,0.0,0.0,589376
2023-03-31 11:00:00,00000000270,20230331110000,0.046,0.001,0.036,0.0,0.0,0.0,1.0,2.17,78.26,4,0.0,0.0,589376
2023-03-31 12:00:00,00000000270,20230331120000,0.038,0.001,0.037,0.0,0.0,0.0,1.0,2.63,97.37,4,0.0,0.0,589376
2023-03-31 13:00:00,00000000270,20230331130000,0.034,0.0,0.037,0.0,0.0,0.0,1.0,0.0,108.82,4,0.0,0.0,589376
2023-03-31 14:00:00,00000000270,20230331140000,0.039,0.001,0.037,0.0,0.0,0.0,1.0,2.56,94.87,4,0.0,0.0,589376
2023-03-31 15:00:00,00000000270,20230331150000,0.047,0.001,0.036,0.0,0.0,0.0,1.0,2.13,76.6,4,0.0,0.0,589376
2023-03-31 16:00:00,00000000270,20230331160000,0.046,0.001,0.036,0.0,0.0,0.0,1.0,2.17,78.26,4,0.0,0.0,589376
2023-03-31 17:00:00,00000000270,20230331170000,0.043,0.0,0.036,0.0,0.0,0.0,1.0,0.0,83.72,4,0.0,0.0,589376
2023-03-31 18:00:00,00000000270,20230331180000,0.047,0.001,0.035,0.0,0.0,0.0,1.0,2.13,74.47,4,0.0,0.0,589376
2023-03-31 19:00:00,00000000270,20230331190000,0.046,0.001,0.035,0.0,0.0,0.0,1.0,2.17,76.09,4,0.0,0.0,589376
2023-03-31 20:00:00,00000000270,20230331200000,0.032,0.001,0.035,0.0,0.0,0.0,1.0,3.12,109.38,4,0.0,0.0,589376
2023-03-31 21:00:00,00000000270,20230331210000,0.034,0.0,0.035,0.0,0.0,0.0,1.0,0.0,102.94,4,0.0,0.0,589376
2023-03-31 22:00:00,00000000270,20230331220000,0.049,0.003,0.034,0.0,0.0,0.0,1.0,6.12,69.39,4,0.0,0.0,589376
2023-03-31 23:00:00,00000000270,20230331230000,0.061,0.01,0.031,0.0,0.0,0.0,1.0,16.39,50.82,4,0.0,0.0,589376
2023-04-01 00:00:00,00000000270,20230401000000,0.055,0.001,0.035,0.0,0.0,0.0,1.0,1.82,63.64,4,0.0,0.0,589376
2023-04-01 01:00:00,00000000270,20230401010000,0.045,0.0,0.035,0.0,0.0,0.0,1.0,0.0,77.78,4,0.0,0.0,589376
2023-04-01 02:00:00,00000000270,20230401020000,0.038,0.001,0.037,0.0,0.0,0.0,1.0,2.63,97.37,4,0.0,0.0,589376
2023-04-01 03:00:00,00000000270,20230401030000,0.126,0.001,0.035,0.0,0.0,0.0,1.0,0.79,27.78,4,0.0,0.0,589376
2023-04-01 04:00:00,00000000270,20230401040000,0.06,0.001,0.037,0.0,0.0,0.0,1.0,1.67,61.67,4,0.0,0.0,589376
2023-04-01 05:00:00,00000000270,20230401050000,0.063,0.0,0.036,0.0,0.0,0.0,1.0,0.0,57.14,4,0.0,0.0,589376
2023-04-01 06:00:00,00000000270,20230401060000,0.049,0.001,0.037,0.0,0.0,0.0,1.0,2.04,75.51,4,0.0,0.0,589376
2023-04-01 07:00:00,00000000270,20230401070000,0.048,0.001,0.037,0.0,0.0,0.0,1.0,2.08,77.08,4,0.0,0.0,589376
2023-04-01 08:00:00,00000000270,20230401080000,0.044,0.001,0.036,0.0,0.0,0.0,1.0,2.27,81.82,4,0.0,0.0,589376
2023-04-01 09:00:00,00000000270,20230401090000,0.048,0.0,0.041,0.0,0.0,0.0,1.0,0.0,85.42,4,0.0,0.0,589376
2023-04-01 10:00:00,00000000270,20230401100000,0.044,0.001,0.046,0.0,0.0,0.0,1.0,2.27,104.55,4,0.0,0.0,589376
2023-04-01 11:00:00,00000000270,20230401110000,0.049,0.001,0.048,0.0,0.0,0.0,1.0,2.04,97.96,4,0.0,0.0,589376
2023-04-01 12:00:00,00000000270,20230401120000,0.041,0.001,0.046,0.0,0.0,0.0,1.0,2.44,112.2,4,0.0,0.0,589376
2023-04-01 13:00:00,00000000270,20230401130000,0.045,0.0,0.047,0.0,0.0,0.0,1.0,0.0,104.44,4,0.0,0.0,589376
2023-04-01 14:00:00,00000000270,20230401140000,0.046,0.001,0.045,0.0,0.0,0.0,1.0,2.17,97.83,4,0.0,0.0,589376
2023-04-01 15:00:00,00000000270,20230401150000,0.048,0.001,0.047,0.0,0.0,0.0,1.0,2.08,97.92,4,0.0,0.0,589376
2023-04-01 16:00:00,00000000270,20230401160000,0.049,0.001,0.046,0.0,0.0,0.0,1.0,2.04,93.88,4,0.0,0.0,589376
2023-04-01 17:00:00,00000000270,20230401170000,0.042,0.0,0.044,0.0,0.0,0.0,1.0,0.0,104.76,4,0.0,0.0,589376
2023-04-01 18:00:00,00000000270,20230401180000,0.051,0.001,0.041,0.0,0.0,0.0,1.0,1.96,80.39,4,0.0,0.0,589376
2023-04-01 19:00:00,00000000270,20230401190000,0.164,0.011,0.029,0.0,0.0,0.0,1.0,6.71,17.68,4,0.0,0.0,589376
2023-04-01 20:00:00,00000000270,20230401200000,0.546,0.005,0.029,0.0,0.0,0.0,1.0,0.92,5.31,4,0.0,0.0,589376
2023-04-01 21:00:00,00000000270,20230401210000,0.477,0.0,0.034,0.0,0.0,0.0,1.0,0.0,7.13,4,0.0,0.0,589376
2023-04-01 22:00:00,00000000270,20230401220000,0.055,0.001,0.038,0.0,0.0,0.0,1.0,1.82,69.09,4,0.0,0.0,589376
2023-04-01 23:00:00,00000000270,20230401230000,0.138,0.001,0.034,0.0,0.0,0.0,1.0,0.72,24.64,4,0.0,0.0,589376
2023-04-02 00:00:00,00000000270,20230402000000,0.054,0.0,0.034,0.0,0.0,0.0,1.0,0.0,62.96,4,0.0,0.0,589376
2023-04-02 01:00:00,00000000270,20230402010000,0.05,0.001,0.035,0.0,0.0,0.0,1.0,2.0,70.0,4,0.0,0.0,589376
2023-04-02 02:00:00,00000000270,20230402020000,0.048,0.001,0.036,0.0,0.0,0.0,1.0,2.08,75.0,4,0.0,0.0,589376
2023-04-02 03:00:00,00000000270,20230402030000,0.047,0.001,0.035,0.0,0.0,0.0,1.0,2.13,74.47,4,0.0,0.0,589376
2023-04-02 04:00:00,00000000270,20230402040000,0.073,0.022,0.022,0.0,0.0,0.0,1.0,30.14,30.14,4,0.0,0.0,589376
2023-04-02 05:00:00,00000000270,20230402050000,0.086,0.031,0.018,0.0,0.0,0.0,1.0,36.05,20.93,4,0.0,0.0,589376
2023-04-02 06:00:00,00000000270,20230402060000,0.048,0.001,0.036,0.0,0.0,0.0,1.0,2.08,75.0,4,0.0,0.0,589376
2023-04-02 07:00:00,00000000270,20230402070000,0.048,0.0,0.038,0.0,0.0,0.0,1.0,0.0,79.17,4,0.0,0.0,589376
2023-04-02 08:00:00,00000000270,20230402080000,0.046,0.001,0.039,0.0,0.0,0.0,1.0,2.17,84.78,4,0.0,0.0,589376
2023-04-02 09:00:00,00000000270,20230402090000,0.037,0.001,0.037,0.0,0.0,0.0,1.0,2.7,100.0,4,0.0,0.0,589376
2023-04-02 10:00:00,00000000270,20230402100000,0.049,0.001,0.036,0.0,0.0,0.0,1.0,2.04,73.47,4,0.0,0.0,589376
2023-04-02 11:00:00,00000000270,20230402110000,0.285,0.0,0.032,0.0,0.0,0.0,1.0,0.0,11.23,4,0.0,0.0,589376
2023-04-02 12:00:00,00000000270,20230402120000,0.078,0.001,0.031,0.0,0.0,0.0,1.0,1.28,39.74,4,0.0,0.0,589376
2023-04-02 13:00:00,00000000270,20230402130000,0.084,0.001,0.029,0.0,0.0,0.0,1.0,1.19,34.52,4,0.0,0.0,589376
2023-04-02 14:00:00,00000000270,20230402140000,0.155,0.001,0.035,0.0,0.0,0.0,1.0,0.65,22.58,4,0.0,0.0,589376
2023-04-02 15:00:00,00000000270,20230402150000,2.045,0.0,0.025,0.0,0.0,0.0,1.0,0.0,1.22,4,0.0,0.0,589376
2023-04-02 16:00:00,00000000270,20230402160000,1.718,0.001,0.031,0.0,0.0,0.0,1.0,0.06,1.8,4,0.0,0.0,589376
2023-04-02 17:00:00,00000000270,20230402170000,0.298,0.001,0.035,0.0,0.0,0.0,1.0,0.34,11.74,4,0.0,0.0,589376
2023-04-02 18:00:00,00000000270,20230402180000,0.604,0.001,0.034,0.0,0.0,0.0,1.0,0.17,5.63,4,0.0,0.0,589376
2023-04-02 19:00:00,00000000270,20230402190000,1.178,0.003,0.03,0.0,0.0,0.0,1.0,0.25,2.55,4,0.0,0.0,589376
2023-04-02 20:00:00,00000000270,20230402200000,0.694,0.053,0.0,0.0,0.0,0.0,1.0,7.64,0.0,4,0.0,0.0,589376
2023-04-02 21:00:00,00000000270,20230402210000,0.477,0.025,0.017,0.0,0.0,0.0,1.0,5.24,3.56,4,0.0,0.0,589376
2023-04-02 22:00:00,00000000270,20230402220000,0.187,0.001,0.035,0.0,0.0,0.0,1.0,0.53,18.72,4,0.0,0.0,589376
2023-04-02 23:00:00,00000000270,20230402230000,0.057,0.001,0.037,0.0,0.0,0.0,1.0,1.75,64.91,4,0.0,0.0,589376
2023-04-03 00:00:00,00000000270,20230403000000,0.054,0.001,0.035,0.0,0.0,0.0,1.0,1.85,64.81,4,0.0,0.0,589376
2023-04-03 01:00:00,00000000270,20230403010000,0.058,0.0,0.035,0.0,0.0,0.0,1.0,0.0,60.34,4,0.0,0.0,589376
2023-04-03 02:00:00,00000000270,20230403020000,0.056,0.001,0.035,0.0,0.0,0.0,1.0,1.79,62.5,4,0.0,0.0,589376
2023-04-03 03:00:00,00000000270,20230403030000,0.059,0.001,0.036,0.0,0.0,0.0,1.0,1.69,61.02,4,0.0,0.0,589376
2023-04-03 04:00:00,00000000270,20230403040000,0.355,0.013,0.029,0.0,0.0,0.0,1.0,3.66,8.17,4,0.0,0.0,589376
2023-04-03 05:00:00,00000000270,20230403050000,0.66,0.032,0.018,0.0,0.0,0.0,1.0,4.85,2.73,4,0.0,0.0,589376
2023-04-03 06:00:00,00000000270,20230403060000,0.065,0.001,0.034,0.0,0.0,0.0,1.0,1.54,52.31,4,0.0,0.0,589376
2023-04-03 07:00:00,00000000270,20230403070000,0.052,0.0,0.036,0.0,0.0,0.0,1.0,0.0,69.23,4,0.0,0.0,589376
2023-04-03 08:00:00,00000000270,20230403080000,0.051,0.001,0.036,0.0,0.0,0.0,1.0,1.96,70.59,4,0.0,0.0,589376
2023-04-03 09:00:00,00000000270,20230403090000,0.045,0.001,0.035,0.0,0.0,0.0,1.0,2.22,77.78,4,0.0,0.0,589376
2023-04-03 10:00:00,00000000270,20230403100000,0.05,0.001,0.036,0.0,0.0,0.0,1.0,2.0,72.0,4,0.0,0.0,589376
2023-04-03 11:00:00,00000000270,20230403110000,0.05,0.0,0.036,0.0,0.0,0.0,1.0,0.0,72.0,4,0.0,0.0,589376
2023-04-03 12:00:00,00000000270,20230403120000,0.046,0.001,0.035,0.0,0.0,0.0,1.0,2.17,76.09,4,0.0,0.0,589376
2023-04-03 13:00:00,00000000270,20230403130000,0.049,0.001,0.037,0.0,0.0,0.0,1.0,2.04,75.51,4,0.0,0.0,589376
2023-04-03 14:00:00,00000000270,20230403140000,0.046,0.0,0.035,0.0,0.0,0.0,1.0,0.0,76.09,4,0.0,0.0,589376
2023-04-03 15:00:00,00000000270,20230403150000,0.05,0.001,0.036,0.0,0.0,0.0,1.0,2.0,72.0,4,0.0,0.0,589376
2023-04-03 16:00:00,00000000270,20230403160000,0.047,0.001,0.036,0.0,0.0,0.0,1.0,2.13,76.6,4,0.0,0.0,589376
2023-04-03 17:00:00,00000000270,20230403170000,0.047,0.001,0.035,0.0,0.0,0.0,1.0,2.13,74.47,4,0.0,0.0,589376
2023-04-03 18:00:00,00000000270,20230403180000,0.048,0.001,0.036,0.0,0.0,0.0,1.0,2.08,75.0,4,0.0,0.0,589376
2023-04-03 19:00:00,00000000270,20230403190000,0.045,0.0,0.034,0.0,0.0,0.0,1.0,0.0,75.56,4,0.0,0.0,589376
2023-04-03 20:00:00,00000000270,20230403200000,0.048,0.001,0.035,0.0,0.0,0.0,1.0,2.08,72.92,4,0.0,0.0,589376
2023-04-03 21:00:00,00000000270,20230403210000,0.043,0.001,0.034,0.0,0.0,0.0,1.0,2.33,79.07,4,0.0,0.0,589376
2023-04-03 22:00:00,00000000270,20230403220000,0.054,0.0,0.036,0.0,0.0,0.0,1.0,0.0,66.67,4,0.0,0.0,589376
2023-04-03 23:00:00,00000000270,20230403230000,0.138,0.001,0.032,0.0,0.0,0.0,1.0,0.72,23.19,4,0.0,0.0,589376
2023-04-04 00:00:00,00000000270,20230404000000,0.051,0.001,0.036,0.0,0.0,0.0,1.0,1.96,70.59,4,0.0,0.0,589376
2023-04-04 01:00:00,00000000270,20230404010000,0.048,0.001,0.036,0.0,0.0,0.0,1.0,2.08,75.0,4,0.0,0.0,589376
2023-04-04 02:00:00,00000000270,20230404020000,0.043,0.0,0.036,0.0,0.0,0.0,1.0,0.0,83.72,4,0.0,0.0,589376
2023-04-04 03:00:00,00000000270,20230404030000,0.045,0.001,0.037,0.0,0.0,0.0,1.0,2.22,82.22,4,0.0,0.0,589376
2023-04-04 04:00:00,00000000270,20230404040000,0.041,0.001,0.036,0.0,0.0,0.0,1.0,2.44,87.8,4,0.0,0.0,589376
2023-04-04 05:00:00,00000000270,20230404050000,0.041,0.001,0.037,0.0,0.0,0.0,1.0,2.44,90.24,4,0.0,0.0,589376
2023-04-04 06:00:00,00000000270,20230404060000,0.048,0.0,0.036,0.0,0.0,0.0,1.0,0.0,75.0,4,0.0,0.0,589376
2023-04-04 07:00:00,00000000270,20230404070000,0.047,0.001,0.036,0.0,0.0,0.0,1.0,2.13,76.6,4,0.0,0.0,589376
2023-04-04 08:00:00,00000000270,20230404080000,0.049,0.001,0.037,0.0,0.0,0.0,1.0,2.04,75.51,4,0.0,0.0,589376
2023-04-04 09:00:00,00000000270,20230404090000,0.044,0.001,0.036,0.0,0.0,0.0,1.0,2.27,81.82,4,0.0,0.0,589376
2023-04-04 10:00:00,00000000270,20230404100000,0.051,0.0,0.036,0.0,0.0,0.0,1.0,0.0,70.59,4,0.0,0.0,589376
2023-04-04 11:00:00,00000000270,20230404110000,0.046,0.001,0.036,0.0,0.0,0.0,1.0,2.17,78.26,4,0.0,0.0,589376
2023-04-04 12:00:00,00000000270,20230404120000,0.042,0.001,0.037,0.0,0.0,0.0,1.0,2.38,88.1,4,0.0,0.0,589376
2023-04-04 13:00:00,00000000270,20230404130000,0.041,0.001,0.036,0.0,0.0,0.0,1.0,2.44,87.8,4,0.0,0.0,589376
2023-04-04 14:00:00,00000000270,20230404140000,0.038,0.0,0.037,0.0,0.0,0.0,1.0,0.0,97.37,4,0.0,0.0,589376
2023-04-04 15:00:00,00000000270,20230404150000,0.048,0.001,0.035,0.0,0.0,0.0,1.0,2.08,72.92,4,0.0,0.0,589376
2023-04-04 16:00:00,00000000270,20230404160000,0.046,0.001,0.035,0.0,0.0,0.0,1.0,2.17,76.09,4,0.0,0.0,589376
2023-04-04 17:00:00,00000000270,20230404170000,0.048,0.0,0.035,0.0,0.0,0.0,1.0,0.0,72.92,4,0.0,0.0,589376
2023-04-04 18:00:00,00000000270,20230404180000,0.045,0.001,0.034,0.0,0.0,0.0,1.0,2.22,75.56,4,0.0,0.0,589376
2023-04-04 19:00:00,00000000270,20230404190000,0.049,0.001,0.035,0.0,0.0,0.0,1.0,2.04,71.43,4,0.0,0.0,589376
2023-04-04 20:00:00,00000000270,20230404200000,0.045,0.001,0.034,0.0,0.0,0.0,1.0,2.22,75.56,4,0.0,0.0,589376
2023-04-04 21:00:00,00000000270,20230404210000,0.039,0.0,0.035,0.0,0.0,0.0,1.0,0.0,89.74,4,0.0,0.0,589376
2023-04-04 22:00:00,00000000270,20230404220000,0.037,0.001,0.035,0.0,0.0,0.0,1.0,2.7,94.59,4,0.0,0.0,589376
2023-04-04 23:00:00,00000000270,20230404230000,0.04,0.001,0.036,0.0,0.0,0.0,1.0,2.5,90.0,4,0.0,0.0,589376
2023-04-05 00:00:00,00000000270,20230405000000,0.122,0.001,0.034,0.0,0.0,0.0,1.0,0.82,27.87,4,0.0,0.0,589376
2023-04-05 01:00:00,00000000270,20230405010000,0.068,0.0,0.033,0.0,0.0,0.0,1.0,0.0,48.53,4,0.0,0.0,589376
2023-04-05 02:00:00,00000000270,20230405020000,0.052,0.001,0.035,0.0,0.0,0.0,1.0,1.92,67.31,4,0.0,0.0,589376
2023-04-05 03:00:00,00000000270,20230405030000,0.043,0.001,0.036,0.0,0.0,0.0,1.0,2.33,83.72,4,0.0,0.0,589376
2023-04-05 04:00:00,00000000270,20230405040000,0.046,0.001,0.035,0.0,0.0,0.0,1.0,2.17,76.09,4,0.0,0.0,589376
2023-04-05 05:00:00,00000000270,20230405050000,0.048,0.0,0.037,0.0,0.0,0.0,1.0,0.0,77.08,4,0.0,0.0,589376
2023-04-05 06:00:00,00000000270,20230405060000,0.048,0.001,0.036,0.0,0.0,0.0,1.0,2.08,75.0,4,0.0,0.0,589376
2023-04-05 07:00:00,00000000270,20230405070000,0.041,0.001,0.036,0.0,0.0,0.0,1.0,2.44,87.8,4,0.0,0.0,589376
2023-04-05 08:00:00,00000000270,20230405080000,0.034,0.001,0.038,0.0,0.0,0.0,1.0,2.94,111.76,4,0.0,0.0,589376
2023-04-05 09:00:00,00000000270,20230405090000,0.041,0.0,0.036,0.0,0.0,0.0,1.0,0.0,87.8,4,0.0,0.0,589376
2023-04-05 10:00:00,00000000270,20230405100000,0.047,0.001,0.035,0.0,0.0,0.0,1.0,2.13,74.47,4,0.0,0.0,589376
2023-04-05 11:00:00,00000000270,20230405110000,0.044,0.001,0.036,0.0,0.0,0.0,1.0,2.27,81.82,4,0.0,0.0,589376
2023-04-05 12:00:00,00000000270,20230405120000,0.043,0.001,0.035,0.0,0.0,0.0,1.0,2.33,81.4,4,0.0,0.0,589376
2023-04-05 13:00:00,00000000270,20230405130000,0.046,0.0,0.035,0.0,0.0,0.0,1.0,0.0,76.09,4,0.0,0.0,589376
2023-04-05 14:00:00,00000000270,20230405140000,0.047,0.001,0.035,0.0,0.0,0.0,1.0,2.13,74.47,4,0.0,0.0,589376
2023-04-05 15:00:00,00000000270,20230405150000,0.043,0.001,0.035,0.0,0.0,0.0,1.0,2.33,81.4,4,0.0,0.0,589376
2023-04-05 16:00:00,00000000270,20230405160000,0.042,0.001,0.036,0.0,0.0,0.0,1.0,2.38,85.71,4,0.0,0.0,589376
2023-04-05 17:00:00,00000000270,20230405170000,0.036,0.001,0.037,0.0,0.0,0.0,1.0,2.78,102.78,4,0.0,0.0,589376
2023-04-05 18:00:00,00000000270,20230405180000,0.04,0.0,0.035,0.0,0.0,0.0,1.0,0.0,87.5,4,0.0,0.0,589376
2023-04-05 19:00:00,00000000270,20230405190000,0.045,0.001,0.034,0.0,0.0,0.0,1.0,2.22,75.56,4,0.0,0.0,589376
2023-04-05 20:00:00,00000000270,20230405200000,0.047,0.001,0.034,0.0,0.0,0.0,1.0,2.13,72.34,4,0.0,0.0,589376
2023-04-05 21:00:00,00000000270,20230405210000,0.046,0.001,0.034,0.0,0.0,0.0,1.0,2.17,73.91,4,0.0,0.0,589376
2023-04-05 22:00:00,00000000270,20230405220000,0.047,0.0,0.034,0.0,0.0,0.0,1.0,0.0,72.34,4,0.0,0.0,589376
2023-04-05 23:00:00,00000000270,20230405230000,0.03,0.001,0.036,0.0,0.0,0.0,1.0,3.33,120.0,4,0.0,0.0,589376
2023-04-06 00:00:00,00000000270,20230406000000,0.037,0.001,0.036,0.0,0.0,0.0,1.0,2.7,97.3,4,0.0,0.0,589376
2023-04-06 01:00:00,00000000270,20230406010000,0.048,0.001,0.035,0.0,0.0,0.0,1.0,2.08,72.92,4,0.0,0.0,589376
2023-04-06 02:00:00,00000000270,20230406020000,0.136,0.0,0.033,0.0,0.0,0.0,1.0,0.0,24.26,4,0.0,0.0,589376
2023-04-06 03:00:00,00000000270,20230406030000,0.047,0.001,0.036,0.0,0.0,0.0,1.0,2.13,76.6,4,0.0,0.0,589376
2023-04-06 04:00:00,00000000270,20230406040000,0.039,0.001,0.036,0.0,0.0,0.0,1.0,2.56,92.31,4,0.0,0.0,589376
2023-04-06 05:00:00,00000000270,20230406050000,0.042,0.001,0.036,0.0,0.0,0.0,1.0,2.38,85.71,4,0.0,0.0,589376
2023-04-06 06:00:00,00000000270,20230406060000,0.047,0.0,0.036,0.0,0.0,0.0,1.0,0.0,76.6,4,0.0,0.0,589376
2023-04-06 07:00:00,00000000270,20230406070000,0.047,0.001,0.037,0.0,0.0,0.0,1.0,2.13,78.72,4,0.0,0.0,589376
2023-04-06 08:00:00,00000000270,20230406080000,0.046,0.001,0.036,0.0,0.0,0.0,1.0,2.17,78.26,4,0.0,0.0,589376
2023-04-06 09:00:00,00000000270,20230406090000,0.047,0.001,0.035,0.0,0.0,0.0,1.0,2.13,74.47,4,0.0,0.0,589376
2023-04-06 10:00:00,00000000270,20230406100000,0.035,0.001,0.035,0.0,0.0,0.0,1.0,2.86,100.0,4,0.0,0.0,589376
2023-04-06 11:00:00,00000000270,20230406110000,0.031,0.0,0.036,0.0,0.0,0.0,1.0,0.0,116.13,4,0.0,0.0,589376
2023-04-06 12:00:00,00000000270,20230406120000,0.046,0.0,0.035,0.0,0.0,0.0,1.0,0.0,76.09,4,0.0,0.0,589376
2023-04-06 13:00:00,00000000270,20230406130000,0.046,0.001,0.035,0.0,0.0,0.0,1.0,2.17,76.09,4,0.0,0.0,589376
2023-04-06 14:00:00,00000000270,20230406140000,0.044,0.0,0.034,0.0,0.0,0.0,1.0,0.0,77.27,4,0.0,0.0,589376
2023-04-06 15:00:00,00000000270,20230406150000,0.045,0.001,0.035,0.0,0.0,0.0,1.0,2.22,77.78,4,0.0,0.0,589376
2023-04-06 16:00:00,00000000270,20230406160000,0.031,0.0,0.036,0.0,0.0,0.0,1.0,0.0,116.13,4,0.0,0.0,589376
2023-04-06 17:00:00,00000000270,20230406170000,0.047,0.009,0.033,0.0,0.0,0.0,1.0,19.15,70.21,4,0.0,0.0,589376
2023-04-06 18:00:00,00000000270,20230406180000,0.045,0.0,0.031,0.0,0.0,0.0,1.0,0.0,68.89,4,0.0,0.0,589376
2023-04-06 19:00:00,00000000270,20230406190000,0.041,0.0,0.031,0.0,0.0,0.0,1.0,0.0,75.61,4,0.0,0.0,589376
2023-04-06 20:00:00,00000000270,20230406200000,0.043,0.001,0.028,0.0,0.0,0.0,1.0,2.33,65.12,4,0.0,0.0,589376
2023-04-06 21:00:00,00000000270,20230406210000,0.043,0.0,0.03,0.0,0.0,0.0,1.0,0.0,69.77,4,0.0,0.0,589376
2023-04-06 22:00:00,00000000270,20230406220000,0.03,0.0,0.032,0.0,0.0,0.0,1.0,0.0,106.67,4,0.0,0.0,589376
2023-04-06 23:00:00,00000000270,20230406230000,0.032,0.0,0.027,0.0,0.0,0.0,1.0,0.0,84.38,4,0.0,0.0,589376
2023-04-07 00:00:00,00000000270,20230407000000,0.048,0.001,0.031,0.0,0.0,0.0,1.0,2.08,64.58,4,0.0,0.0,589376
2023-04-07 01:00:00,00000000270,20230407010000,0.042,0.0,0.036,0.0,0.0,0.0,1.0,0.0,85.71,4,0.0,0.0,589376
2023-04-07 02:00:00,00000000270,20230407020000,0.045,0.001,0.036,0.0,0.0,0.0,1.0,2.22,80.0,4,0.0,0.0,589376
2023-04-07 03:00:00,00000000270,20230407030000,0.124,0.001,0.035,0.0,0.0,0.0,1.0,0.81,28.23,4,0.0,0.0,589376
2023-04-07 04:00:00,00000000270,20230407040000,0.047,0.001,0.037,0.0,0.0,0.0,1.0,2.13,78.72,4,0.0,0.0,589376
2023-04-07 05:00:00,00000000270,20230407050000,0.044,0.001,0.035,0.0,0.0,0.0,1.0,2.27,79.55,4,0.0,0.0,589376
2023-04-07 06:00:00,00000000270,20230407060000,0.047,0.0,0.037,0.0,0.0,0.0,1.0,0.0,78.72,4,0.0,0.0,589376
2023-04-07 07:00:00,00000000270,20230407070000,0.046,0.001,0.036,0.0,0.0,0.0,1.0,2.17,78.26,4,0.0,0.0,589376
2023-04-07 08:00:00,00000000270,20230407080000,0.046,0.001,0.036,0.0,0.0,0.0,1.0,2.17,78.26,4,0.0,0.0,589376
2023-04-07 09:00:00,00000000270,20230407090000,0.045,0.001,0.036,0.0,0.0,0.0,1.0,2.22,80.0,4,0.0,0.0,589376
2023-04-07 10:00:00,00000000270,20230407100000,0.03,0.001,0.036,0.0,0.0,0.0,1.0,3.33,120.0,4,0.0,0.0,589376
2023-04-07 11:00:00,00000000270,20230407110000,0.038,0.0,0.035,0.0,0.0,0.0,1.0,0.0,92.11,4,0.0,0.0,589376
2023-04-07 12:00:00,00000000270,20230407120000,0.047,0.001,0.034,0.0,0.0,0.0,1.0,2.13,72.34,4,0.0,0.0,589376
2023-04-07 13:00:00,00000000270,20230407130000,0.045,0.001,0.034,0.0,0.0,0.0,1.0,2.22,75.56,4,0.0,0.0,589376
2023-04-07 14:00:00,00000000270,20230407140000,0.045,0.0,0.035,0.0,0.0,0.0,1.0,0.0,77.78,4,0.0,0.0,589376
2023-04-07 15:00:00,00000000270,20230407150000,0.041,0.001,0.036,0.0,0.0,0.0,1.0,2.44,87.8,4,0.0,0.0,589376
2023-04-07 16:00:00,00000000270,20230407160000,0.031,0.001,0.036,0.0,0.0,0.0,1.0,3.23,116.13,4,0.0,0.0,589376
2023-04-07 17:00:00,00000000270,20230407170000,0.044,0.001,0.036,0.0,0.0,0.0,1.0,2.27,81.82,4,0.0,0.0,589376
2023-04-07 18:00:00,00000000270,20230407180000,0.043,0.0,0.035,0.0,0.0,0.0,1.0,0.0,81.4,4,0.0,0.0,589376
2023-04-07 19:00:00,00000000270,20230407190000,0.048,0.001,0.035,0.0,0.0,0.0,1.0,2.08,72.92,4,0.0,0.0,589376
2023-04-07 20:00:00,00000000270,20230407200000,0.046,0.001,0.034,0.0,0.0,0.0,1.0,2.17,73.91,4,0.0,0.0,589376
2023-04-07 21:00:00,00000000270,20230407210000,0.037,0.0,0.034,0.0,0.0,0.0,1.0,0.0,91.89,4,0.0,0.0,589376
2023-04-07 22:00:00,00000000270,20230407220000,0.031,0.0,0.036,0.0,0.0,0.0,1.0,0.0,116.13,4,0.0,0.0,589376
2023-04-07 23:00:00,00000000270,20230407230000,0.042,0.001,0.034,0.0,0.0,0.0,1.0,2.38,80.95,4,0.0,0.0,589376
2023-04-08 00:00:00,00000000270,20230408000000,0.047,0.0,0.035,0.0,0.0,0.0,1.0,0.0,74.47,4,0.0,0.0,589376
2023-04-08 01:00:00,00000000270,20230408010000,0.046,0.001,0.035,0.0,0.0,0.0,1.0,2.17,76.09,4,0.0,0.0,589376
2023-04-08 02:00:00,00000000270,20230408020000,0.04,0.001,0.035,0.0,0.0,0.0,1.0,2.5,87.5,4,0.0,0.0,589376
2023-04-08 03:00:00,00000000270,20230408030000,0.03,0.0,0.037,0.0,0.0,0.0,1.0,0.0,123.33,4,0.0,0.0,589376
2023-04-08 04:00:00,00000000270,20230408040000,0.115,0.001,0.036,0.0,0.0,0.0,1.0,0.87,31.3,4,0.0,0.0,589376
2023-04-08 05:00:00,00000000270,20230408050000,0.074,0.001,0.033,0.0,0.0,0.0,1.0,1.35,44.59,4,0.0,0.0,589376
2023-04-08 06:00:00,00000000270,20230408060000,0.049,0.001,0.036,0.0,0.0,0.0,1.0,2.04,73.47,4,0.0,0.0,589376
2023-04-08 07:00:00,00000000270,20230408070000,0.047,0.001,0.037,0.0,0.0,0.0,1.0,2.13,78.72,4,0.0,0.0,589376
2023-04-08 08:00:00,00000000270,20230408080000,0.031,0.0,0.038,0.0,0.0,0.0,1.0,0.0,122.58,4,0.0,0.0,589376
2023-04-08 09:00:00,00000000270,20230408090000,0.04,0.001,0.037,0.0,0.0,0.0,1.0,2.5,92.5,4,0.0,0.0,589376
2023-04-08 10:00:00,00000000270,20230408100000,0.046,0.001,0.036,0.0,0.0,0.0,1.0,2.17,78.26,4,0.0,0.0,589376
2023-04-08 11:00:00,00000000270,20230408110000,0.046,0.001,0.035,0.0,0.0,0.0,1.0,2.17,76.09,4,0.0,0.0,589376
2023-04-08 12:00:00,00000000270,20230408120000,0.044,0.0,0.035,0.0,0.0,0.0,1.0,0.0,79.55,4,0.0,0.0,589376
2023-04-08 13:00:00,00000000270,20230408130000,0.043,0.001,0.037,0.0,0.0,0.0,1.0,2.33,86.05,4,0.0,0.0,589376
2023-04-08 14:00:00,00000000270,20230408140000,0.038,0.001,0.037,0.0,0.0,0.0,1.0,2.63,97.37,4,0.0,0.0,589376
2023-04-08 15:00:00,00000000270,20230408150000,0.039,0.001,0.036,0.0,0.0,0.0,1.0,2.56,92.31,4,0.0,0.0,589376
2023-04-08 16:00:00,00000000270,20230408160000,0.045,0.0,0.036,0.0,0.0,0.0,1.0,0.0,80.0,4,0.0,0.0,589376
2023-04-08 17:00:00,00000000270,20230408170000,0.047,0.001,0.035,0.0,0.0,0.0,1.0,2.13,74.47,4,0.0,0.0,589376
2023-04-08 18:00:00,00000000270,20230408180000,0.047,0.001,0.035,0.0,0.0,0.0,1.0,2.13,74.47,4,0.0,0.0,589376
2023-04-08 19:00:00,00000000270,20230408190000,0.033,0.001,0.036,0.0,0.0,0.0,1.0,3.03,109.09,4,0.0,0.0,589376
2023-04-08 20:00:00,00000000270,20230408200000,0.034,0.0,0.034,0.0,0.0,0.0,1.0,0.0,100.0,4,0.0,0.0,589376
2023-04-08 21:00:00,00000000270,20230408210000,0.046,0.001,0.033,0.0,0.0,0.0,1.0,2.17,71.74,4,0.0,0.0,589376
2023-04-08 22:00:00,00000000270,20230408220000,0.044,0.0,0.034,0.0,0.0,0.0,1.0,0.0,77.27,4,0.0,0.0,589376
2023-04-08 23:00:00,00000000270,20230408230000,0.045,0.0,0.034,0.0,0.0,0.0,1.0,0.0,75.56,4,0.0,0.0,589376
2023-04-09 00:00:00,00000000270,20230409000000,0.043,0.001,0.035,0.0,0.0,0.0,1.0,2.33,81.4,4,0.0,0.0,589376
2023-04-09 01:00:00,00000000270,20230409010000,0.033,0.0,0.036,0.0,0.0,0.0,1.0,0.0,109.09,4,0.0,0.0,589376
2023-04-09 02:00:00,00000000270,20230409020000,0.039,0.001,0.036,0.0,0.0,0.0,1.0,2.56,92.31,4,0.0,0.0,589376
2023-04-09 03:00:00,00000000270,20230409030000,0.046,0.001,0.035,0.0,0.0,0.0,1.0,2.17,76.09,4,0.0,0.0,589376
2023-04-09 04:00:00,00000000270,20230409040000,0.045,0.0,0.035,0.0,0.0,0.0,1.0,0.0,77.78,4,0.0,0.0,589376
2023-04-09 05:00:00,00000000270,20230409050000,0.048,0.001,0.036,0.0,0.0,0.0,1.0,2.08,75.0,4,0.0,0.0,589376
2023-04-09 06:00:00,00000000270,20230409060000,0.124,0.001,0.035,0.0,0.0,0.0,1.0,0.81,28.23,4,0.0,0.0,589376
2023-04-09 07:00:00,00000000270,20230409070000,0.044,0.001,0.038,0.0,0.0,0.0,1.0,2.27,86.36,4,0.0,0.0,589376
2023-04-09 08:00:00,00000000270,20230409080000,0.047,0.0,0.036,0.0,0.0,0.0,1.0,0.0,76.6,4,0.0,0.0,589376
2023-04-09 09:00:00,00000000270,20230409090000,0.048,0.001,0.036,0.0,0.0,0.0,1.0,2.08,75.0,4,0.0,0.0,589376
2023-04-09 10:00:00,00000000270,20230409100000,0.048,0.001,0.035,0.0,0.0,0.0,1.0,2.08,72.92,4,0.0,0.0,589376
2023-04-09 11:00:00,00000000270,20230409110000,0.046,0.001,0.036,0.0,0.0,0.0,1.0,2.17,78.26,4,0.0,0.0,589376
2023-04-09 12:00:00,00000000270,20230409120000,0.038,0.001,0.036,0.0,0.0,0.0,1.0,2.63,94.74,4,0.0,0.0,589376
2023-04-09 13:00:00,00000000270,20230409130000,0.032,0.0,0.037,0.0,0.0,0.0,1.0,0.0,115.62,4,0.0,0.0,589376
2023-04-09 14:00:00,00000000270,20230409140000,0.046,0.001,0.036,0.0,0.0,0.0,1.0,2.17,78.26,4,0.0,0.0,589376
2023-04-09 15:00:00,00000000270,20230409150000,0.047,0.001,0.036,0.0,0.0,0.0,1.0,2.13,76.6,4,0.0,0.0,589376
2023-04-09 16:00:00,00000000270,20230409160000,0.044,0.001,0.034,0.0,0.0,0.0,1.0,2.27,77.27,4,0.0,0.0,589376
2023-04-09 17:00:00,00000000270,20230409170000,0.047,0.0,0.035,0.0,0.0,0.0,1.0,0.0,74.47,4,0.0,0.0,589376
2023-04-09 18:00:00,00000000270,20230409180000,0.042,0.001,0.035,0.0,0.0,0.0,1.0,2.38,83.33,4,0.0,0.0,589376
2023-04-09 19:00:00,00000000270,20230409190000,0.03,0.001,0.035,0.0,0.0,0.0,1.0,3.33,116.67,4,0.0,0.0,589376
2023-04-09 20:00:00,00000000270,20230409200000,0.041,0.0,0.034,0.0,0.0,0.0,1.0,0.0,82.93,4,0.0,0.0,589376
2023-04-09 21:00:00,00000000270,20230409210000,0.044,0.001,0.033,0.0,0.0,0.0,1.0,2.27,75.0,4,0.0,0.0,589376
2023-04-09 22:00:00,00000000270,20230409220000,0.047,0.0,0.035,0.0,0.0,0.0,1.0,0.0,74.47,4,0.0,0.0,589376
2023-04-09 23:00:00,00000000270,20230409230000,0.046,0.001,0.034,0.0,0.0,0.0,1.0,2.17,73.91,4,0.0,0.0,589376
2023-04-10 00:00:00,00000000270,20230410000000,0.043,0.001,0.036,0.0,0.0,0.0,1.0,2.33,83.72,4,0.0,0.0,589376
2023-04-10 01:00:00,00000000270,20230410010000,0.03,0.001,0.038,0.0,0.0,0.0,1.0,3.33,126.67,4,0.0,0.0,589376
2023-04-10 02:00:00,00000000270,20230410020000,0.044,0.0,0.035,0.0,0.0,0.0,1.0,0.0,79.55,4,0.0,0.0,589376
2023-04-10 03:00:00,00000000270,20230410030000,0.046,0.001,0.036,0.0,0.0,0.0,1.0,2.17,78.26,4,0.0,0.0,589376
2023-04-10 04:00:00,00000000270,20230410040000,0.048,0.001,0.036,0.0,0.0,0.0,1.0,2.08,75.0,4,0.0,0.0,589376
2023-04-10 05:00:00,00000000270,20230410050000,0.046,0.001,0.036,0.0,0.0,0.0,1.0,2.17,78.26,4,0.0,0.0,589376
2023-04-10 06:00:00,00000000270,20230410060000,0.036,0.001,0.038,0.0,0.0,0.0,1.0,2.78,105.56,4,0.0,0.0,589376
2023-04-10 07:00:00,00000000270,20230410070000,0.101,0.0,0.036,0.0,0.0,0.0,1.0,0.0,35.64,4,0.0,0.0,589376
2023-04-10 08:00:00,00000000270,20230410080000,0.077,0.001,0.032,0.0,0.0,0.0,1.0,1.3,41.56,4,0.0,0.0,589376
2023-04-10 09:00:00,00000000270,20230410090000,0.05,0.001,0.036,0.0,0.0,0.0,1.0,2.0,72.0,4,0.0,0.0,589376
2023-04-10 10:00:00,00000000270,20230410100000,0.046,0.001,0.034,0.0,0.0,0.0,1.0,2.17,73.91,4,0.0,0.0,589376
2023-04-10 11:00:00,00000000270,20230410110000,0.038,0.0,0.037,0.0,0.0,0.0,1.0,0.0,97.37,4,0.0,0.0,589376
2023-04-10 12:00:00,00000000270,20230410120000,0.035,0.001,0.035,0.0,0.0,0.0,1.0,2.86,100.0,4,0.0,0.0,589376
2023-04-10 13:00:00,00000000270,20230410130000,0.043,0.001,0.035,0.0,0.0,0.0,1.0,2.33,81.4,4,0.0,0.0,589376
2023-04-10 14:00:00,00000000270,20230410140000,0.045,0.001,0.034,0.0,0.0,0.0,1.0,2.22,75.56,4,0.0,0.0,589376
2023-04-10 15:00:00,00000000270,20230410150000,0.046,0.0,0.034,0.0,0.0,0.0,1.0,0.0,73.91,4,0.0,0.0,589376
2023-04-10 16:00:00,00000000270,20230410160000,0.045,0.001,0.034,0.0,0.0,0.0,1.0,2.22,75.56,4,0.0,0.0,589376
2023-04-10 17:00:00,00000000270,20230410170000,0.042,0.001,0.035,0.0,0.0,0.0,1.0,2.38,83.33,4,0.0,0.0,589376
2023-04-10 18:00:00,00000000270,20230410180000,0.032,0.001,0.035,0.0,0.0,0.0,1.0,3.12,109.38,4,0.0,0.0,589376
2023-04-10 19:00:00,00000000270,20230410190000,0.04,0.001,0.034,0.0,0.0,0.0,1.0,2.5,85.0,4,0.0,0.0,589376
2023-04-10 20:00:00,00000000270,20230410200000,0.044,0.0,0.033,0.0,0.0,0.0,1.0,0.0,75.0,4,0.0,0.0,589376
2023-04-10 21:00:00,00000000270,20230410210000,0.044,0.0,0.034,0.0,0.0,0.0,1.0,0.0,77.27,4,0.0,0.0,589376
2023-04-10 22:00:00,00000000270,20230410220000,0.041,0.001,0.034,0.0,0.0,0.0,1.0,2.44,82.93,4,0.0,0.0,589376
2023-04-10 23:00:00,00000000270,20230410230000,0.044,0.0,0.035,0.0,0.0,0.0,1.0,0.0,79.55,4,0.0,0.0,589376
2023-04-11 00:00:00,00000000270,20230411000000,0.045,0.001,0.035,0.0,0.0,0.0,1.0,2.22,77.78,4,0.0,0.0,589376
2023-04-11 01:00:00,00000000270,20230411010000,0.034,0.001,0.036,0.0,0.0,0.0,1.0,2.94,105.88,4,0.0,0.0,589376
2023-04-11 02:00:00,00000000270,20230411020000,0.034,0.0,0.037,0.0,0.0,0.0,1.0,0.0,108.82,4,0.0,0.0,589376
2023-04-11 03:00:00,00000000270,20230411030000,0.047,0.001,0.035,0.0,0.0,0.0,1.0,2.13,74.47,4,0.0,0.0,589376
2023-04-11 04:00:00,00000000270,20230411040000,0.046,0.001,0.036,0.0,0.0,0.0,1.0,2.17,78.26,4,0.0,0.0,589376
2023-04-11 05:00:00,00000000270,20230411050000,0.047,0.001,0.035,0.0,0.0,0.0,1.0,2.13,74.47,4,0.0,0.0,589376
2023-04-11 06:00:00,00000000270,20230411060000,0.035,0.001,0.037,0.0,0.0,0.0,1.0,2.86,105.71,4,0.0,0.0,589376
2023-04-11 07:00:00,00000000270,20230411070000,0.033,0.0,0.036,0.0,0.0,0.0,1.0,0.0,109.09,4,0.0,0.0,589376
2023-04-11 08:00:00,00000000270,20230411080000,0.046,0.001,0.036,0.0,0.0,0.0,1.0,2.17,78.26,4,0.0,0.0,589376
2023-04-11 09:00:00,00000000270,20230411090000,0.12,0.001,0.034,0.0,0.0,0.0,1.0,0.83,28.33,4,0.0,0.0,589376
2023-04-11 10:00:00,00000000270,20230411100000,0.052,0.001,0.035,0.0,0.0,0.0,1.0,1.92,67.31,4,0.0,0.0,589376
2023-04-11 11:00:00,00000000270,20230411110000,0.048,0.0,0.035,0.0,0.0,0.0,1.0,0.0,72.92,4,0.0,0.0,589376
2023-04-11 12:00:00,00000000270,20230411120000,0.043,0.001,0.034,0.0,0.0,0.0,1.0,2.33,79.07,4,0.0,0.0,589376
2023-04-11 13:00:00,00000000270,20230411130000,0.048,0.001,0.035,0.0,0.0,0.0,1.0,2.08,72.92,4,0.0,0.0,589376
2023-04-11 14:00:00,00000000270,20230411140000,0.046,0.001,0.034,0.0,0.0,0.0,1.0,2.17,73.91,4,0.0,0.0,589376
2023-04-11 15:00:00,00000000270,20230411150000,0.043,0.001,0.036,0.0,0.0,0.0,1.0,2.33,83.72,4,0.0,0.0,589376
2023-04-11 16:00:00,00000000270,20230411160000,0.029,0.0,0.036,0.0,0.0,0.0,1.0,0.0,124.14,4,0.0,0.0,589376
2023-04-11 17:00:00,00000000270,20230411170000,0.043,0.001,0.035,0.0,0.0,0.0,1.0,2.33,81.4,4,0.0,0.0,589376
2023-04-11 18:00:00,00000000270,20230411180000,0.047,0.001,0.034,0.0,0.0,0.0,1.0,2.13,72.34,4,0.0,0.0,589376
2023-04-11 19:00:00,00000000270,20230411190000,0.046,0.0,0.034,0.0,0.0,0.0,1.0,0.0,73.91,4,0.0,0.0,589376
2023-04-11 20:00:00,00000000270,20230411200000,0.044,0.001,0.033,0.0,0.0,0.0,1.0,2.27,75.0,4,0.0,0.0,589376
2023-04-11 21:00:00,00000000270,20230411210000,0.033,0.0,0.034,0.0,0.0,0.0,1.0,0.0,103.03,4,0.0,0.0,589376
2023-04-11 22:00:00,00000000270,20230411220000,0.033,0.001,0.035,0.0,0.0,0.0,1.0,3.03,106.06,4,0.0,0.0,589376
2023-04-11 23:00:00,00000000270,20230411230000,0.046,0.0,0.034,0.0,0.0,0.0,1.0,0.0,73.91,4,0.0,0.0,589376
2023-04-12 00:00:00,00000000270,20230412000000,0.047,0.001,0.035,0.0,0.0,0.0,1.0,2.13,74.47,4,0.0,0.0,589376
2023-04-12 01:00:00,00000000270,20230412010000,0.046,0.001,0.035,0.0,0.0,0.0,1.0,2.17,76.09,4,0.0,0.0,589376
2023-04-12 02:00:00,00000000270,20230412020000,0.04,0.0,0.036,0.0,0.0,0.0,1.0,0.0,90.0,4,0.0,0.0,589376
2023-04-12 03:00:00,00000000270,20230412030000,0.029,0.001,0.038,0.0,0.0,0.0,1.0,3.45,131.03,4,0.0,0.0,589376
2023-04-12 04:00:00,00000000270,20230412040000,0.047,0.001,0.036,0.0,0.0,0.0,1.0,2.13,76.6,4,0.0,0.0,589376
2023-04-12 05:00:00,00000000270,20230412050000,0.047,0.001,0.035,0.0,0.0,0.0,1.0,2.13,74.47,4,0.0,0.0,589376
2023-04-12 06:00:00,00000000270,20230412060000,0.048,0.0,0.037,0.0,0.0,0.0,1.0,0.0,77.08,4,0.0,0.0,589376
2023-04-12 07:00:00,00000000270,20230412070000,0.04,0.001,0.035,0.0,0.0,0.0,1.0,2.5,87.5,4,0.0,0.0,589376
2023-04-12 08:00:00,00000000270,20230412080000,0.031,0.001,0.038,0.0,0.0,0.0,1.0,3.23,122.58,4,0.0,0.0,589376
2023-04-12 09:00:00,00000000270,20230412090000,0.043,0.001,0.036,0.0,0.0,0.0,1.0,2.33,83.72,4,0.0,0.0,589376
2023-04-12 10:00:00,00000000270,20230412100000,0.11,0.0,0.035,0.0,0.0,0.0,1.0,0.0,31.82,4,0.0,0.0,589376
2023-04-12 11:00:00,00000000270,20230412110000,0.076,0.001,0.031,0.0,0.0,0.0,1.0,1.32,40.79,4,0.0,0.0,589376
2023-04-12 12:00:00,00000000270,20230412120000,0.052,0.001,0.034,0.0,0.0,0.0,1.0,1.92,65.38,4,0.0,0.0,589376
2023-04-12 13:00:00,00000000270,20230412130000,0.043,0.001,0.036,0.0,0.0,0.0,1.0,2.33,83.72,4,0.0,0.0,589376
2023-04-12 14:00:00,00000000270,20230412140000,0.031,0.001,0.036,0.0,0.0,0.0,1.0,3.23,116.13,4,0.0,0.0,589376
2023-04-12 15:00:00,00000000270,20230412150000,0.042,0.0,0.035,0.0,0.0,0.0,1.0,0.0,83.33,4,0.0,0.0,589376
2023-04-12 16:00:00,00000000270,20230412160000,0.046,0.001,0.035,0.0,0.0,0.0,1.0,2.17,76.09,4,0.0,0.0,589376
2023-04-12 17:00:00,00000000270,20230412170000,0.047,0.001,0.034,0.0,0.0,0.0,1.0,2.13,72.34,4,0.0,0.0,589376
2023-04-12 18:00:00,00000000270,20230412180000,0.046,0.001,0.035,0.0,0.0,0.0,1.0,2.17,76.09,4,0.0,0.0,589376
2023-04-12 19:00:00,00000000270,20230412190000,0.045,0.0,0.034,0.0,0.0,0.0,1.0,0.0,75.56,4,0.0,0.0,589376
2023-04-12 20:00:00,00000000270,20230412200000,0.035,0.001,0.035,0.0,0.0,0.0,1.0,2.86,100.0,4,0.0,0.0,589376
2023-04-12 21:00:00,00000000270,20230412210000,0.035,0.001,0.035,0.0,0.0,0.0,1.0,2.86,100.0,4,0.0,0.0,589376
2023-04-12 22:00:00,00000000270,20230412220000,0.045,0.001,0.035,0.0,0.0,0.0,1.0,2.22,77.78,4,0.0,0.0,589376
2023-04-12 23:00:00,00000000270,20230412230000,0.045,0.0,0.034,0.0,0.0,0.0,1.0,0.0,75.56,4,0.0,0.0,589376
2023-04-13 00:00:00,00000000270,20230413000000,0.047,0.001,0.036,0.0,0.0,0.0,1.0,2.13,76.6,4,0.0,0.0,589376
2023-04-13 01:00:00,00000000270,20230413010000,0.047,0.001,0.036,0.0,0.0,0.0,1.0,2.13,76.6,4,0.0,0.0,589376
2023-04-13 02:00:00,00000000270,20230413020000,0.039,0.001,0.037,0.0,0.0,0.0,1.0,2.56,94.87,4,0.0,0.0,589376
2023-04-13 03:00:00,00000000270,20230413030000,0.029,0.0,0.037,0.0,0.0,0.0,1.0,0.0,127.59,4,0.0,0.0,589376
2023-04-13 04:00:00,00000000270,20230413040000,0.048,0.001,0.036,0.0,0.0,0.0,1.0,2.08,75.0,4,0.0,0.0,589376
2023-04-13 05:00:00,00000000270,20230413050000,0.047,0.001,0.036,0.0,0.0,0.0,1.0,2.13,76.6,4,0.0,0.0,589376
2023-04-13 06:00:00,00000000270,20230413060000,0.048,0.001,0.037,0.0,0.0,0.0,1.0,2.08,77.08,4,0.0,0.0,589376
2023-04-13 07:00:00,00000000270,20230413070000,0.046,0.0,0.037,0.0,0.0,0.0,1.0,0.0,80.43,4,0.0,0.0,589376
2023-04-13 08:00:00,00000000270,20230413080000,0.028,0.001,0.037,0.0,0.0,0.0,1.0,3.57,132.14,4,0.0,0.0,589376
2023-04-13 09:00:00,00000000270,20230413090000,0.041,0.001,0.036,0.0,0.0,0.0,1.0,2.44,87.8,4,0.0,0.0,589376
2023-04-13 10:00:00,00000000270,20230413100000,0.044,0.001,0.034,0.0,0.0,0.0,1.0,2.27,77.27,4,0.0,0.0,589376
2023-04-13 11:00:00,00000000270,20230413110000,0.047,0.0,0.035,0.0,0.0,0.0,1.0,0.0,74.47,4,0.0,0.0,589376
2023-04-13 12:00:00,00000000270,20230413120000,0.119,0.001,0.034,0.0,0.0,0.0,1.0,0.84,28.57,4,0.0,0.0,589376
2023-04-13 13:00:00,00000000270,20230413130000,0.053,0.001,0.035,0.0,0.0,0.0,1.0,1.89,66.04,4,0.0,0.0,589376
2023-04-13 14:00:00,00000000270,20230413140000,0.047,0.001,0.035,0.0,0.0,0.0,1.0,2.13,74.47,4,0.0,0.0,589376
2023-04-13 15:00:00,00000000270,20230413150000,0.047,0.0,0.036,0.0,0.0,0.0,1.0,0.0,76.6,4,0.0,0.0,589376
2023-04-13 16:00:00,00000000270,20230413160000,0.048,0.001,0.036,0.0,0.0,0.0,1.0,2.08,75.0,4,0.0,0.0,589376
2023-04-13 17:00:00,00000000270,20230413170000,0.044,0.001,0.034,0.0,0.0,0.0,1.0,2.27,77.27,4,0.0,0.0,589376
2023-04-13 18:00:00,00000000270,20230413180000,0.047,0.001,0.035,0.0,0.0,0.0,1.0,2.13,74.47,4,0.0,0.0,589376
2023-04-13 19:00:00,00000000270,20230413190000,0.048,0.0,0.035,0.0,0.0,0.0,1.0,0.0,72.92,4,0.0,0.0,589376
2023-04-13 20:00:00,00000000270,20230413200000,0.04,0.001,0.035,0.0,0.0,0.0,1.0,2.5,87.5,4,0.0,0.0,589376
2023-04-13 21:00:00,00000000270,20230413210000,0.032,0.001,0.035,0.0,0.0,0.0,1.0,3.12,109.38,4,0.0,0.0,589376
2023-04-13 22:00:00,00000000270,20230413220000,0.043,0.001,0.034,0.0,0.0,0.0,1.0,2.33,79.07,4,0.0,0.0,589376
2023-04-13 23:00:00,00000000270,20230413230000,0.047,0.0,0.036,0.0,0.0,0.0,1.0,0.0,76.6,4,0.0,0.0,589376
2023-04-14 00:00:00,00000000270,20230414000000,0.048,0.001,0.035,0.0,0.0,0.0,1.0,2.08,72.92,4,0.0,0.0,589376
2023-04-14 01:00:00,00000000270,20230414010000,0.044,0.001,0.034,0.0,0.0,0.0,1.0,2.27,77.27,4,0.0,0.0,589376
2023-04-14 02:00:00,00000000270,20230414020000,0.048,0.001,0.036,0.0,0.0,0.0,1.0,2.08,75.0,4,0.0,0.0,589376
2023-04-14 03:00:00,00000000270,20230414030000,0.038,0.001,0.038,0.0,0.0,0.0,1.0,2.63,100.0,4,0.0,0.0,589376
2023-04-14 04:00:00,00000000270,20230414040000,0.031,0.0,0.036,0.0,0.0,0.0,1.0,0.0,116.13,4,0.0,0.0,589376
2023-04-14 05:00:00,00000000270,20230414050000,0.049,0.001,0.036,0.0,0.0,0.0,1.0,2.04,73.47,4,0.0,0.0,589376
2023-04-14 06:00:00,00000000270,20230414060000,0.048,0.001,0.037,0.0,0.0,0.0,1.0,2.08,77.08,4,0.0,0.0,589376
2023-04-14 07:00:00,00000000270,20230414070000,0.047,0.001,0.037,0.0,0.0,0.0,1.0,2.13,78.72,4,0.0,0.0,589376
2023-04-14 08:00:00,00000000270,20230414080000,0.046,0.0,0.035,0.0,0.0,0.0,1.0,0.0,76.09,4,0.0,0.0,589376
2023-04-14 09:00:00,00000000270,20230414090000,0.045,0.001,0.037,0.0,0.0,0.0,1.0,2.22,82.22,4,0.0,0.0,589376
2023-04-14 10:00:00,00000000270,20230414100000,0.034,0.001,0.037,0.0,0.0,0.0,1.0,2.94,108.82,4,0.0,0.0,589376
2023-04-14 11:00:00,00000000270,20230414110000,0.038,0.0,0.037,0.0,0.0,0.0,1.0,0.0,97.37,4,0.0,0.0,589376
2023-04-14 12:00:00,00000000270,20230414120000,0.049,0.001,0.035,0.0,0.0,0.0,1.0,2.04,71.43,4,0.0,0.0,589376
2023-04-14 13:00:00,00000000270,20230414130000,0.103,0.001,0.035,0.0,0.0,0.0,1.0,0.97,33.98,4,0.0,0.0,589376
2023-04-14 14:00:00,00000000270,20230414140000,0.088,0.001,0.032,0.0,0.0,0.0,1.0,1.14,36.36,4,0.0,0.0,589376
2023-04-14 15:00:00,00000000270,20230414150000,0.05,0.001,0.035,0.0,0.0,0.0,1.0,2.0,70.0,4,0.0,0.0,589376
2023-04-14 16:00:00,00000000270,20230414160000,0.046,0.0,0.035,0.0,0.0,0.0,1.0,0.0,76.09,4,0.0,0.0,589376
2023-04-14 17:00:00,00000000270,20230414170000,0.049,0.001,0.036,0.0,0.0,0.0,1.0,2.04,73.47,4,0.0,0.0,589376
2023-04-14 18:00:00,00000000270,20230414180000,0.044,0.001,0.036,0.0,0.0,0.0,1.0,2.27,81.82,4,0.0,0.0,589376
2023-04-14 19:00:00,00000000270,20230414190000,0.038,0.0,0.035,0.0,0.0,0.0,1.0,0.0,92.11,4,0.0,0.0,589376
2023-04-14 20:00:00,00000000270,20230414200000,0.04,0.001,0.035,0.0,0.0,0.0,1.0,2.5,87.5,4,0.0,0.0,589376
2023-04-14 21:00:00,00000000270,20230414210000,0.042,0.001,0.034,0.0,0.0,0.0,1.0,2.38,80.95,4,0.0,0.0,589376
2023-04-14 22:00:00,00000000270,20230414220000,0.047,0.001,0.033,0.0,0.0,0.0,1.0,2.13,70.21,4,0.0,0.0,589376
2023-04-14 23:00:00,00000000270,20230414230000,0.051,0.0,0.036,0.0,0.0,0.0,1.0,0.0,70.59,4,0.0,0.0,589376
2023-04-15 00:00:00,00000000270,20230415000000,0.053,0.001,0.034,0.0,0.0,0.0,1.0,1.89,64.15,4,0.0,0.0,589376
2023-04-15 01:00:00,00000000270,20230415010000,0.058,0.001,0.036,0.0,0.0,0.0,1.0,1.72,62.07,4,0.0,0.0,589376
2023-04-15 02:00:00,00000000270,20230415020000,0.049,0.001,0.036,0.0,0.0,0.0,1.0,2.04,73.47,4,0.0,0.0,589376
2023-04-15 03:00:00,00000000270,20230415030000,0.045,0.0,0.035,0.0,0.0,0.0,1.0,0.0,77.78,4,0.0,0.0,589376
2023-04-15 04:00:00,00000000270,20230415040000,0.057,0.001,0.037,0.0,0.0,0.0,1.0,1.75,64.91,4,0.0,0.0,589376
2023-04-15 05:00:00,00000000270,20230415050000,0.049,0.001,0.036,0.0,0.0,0.0,1.0,2.04,73.47,4,0.0,0.0,589376
2023-04-15 06:00:00,00000000270,20230415060000,0.035,0.001,0.037,0.0,0.0,0.0,1.0,2.86,105.71,4,0.0,0.0,589376
2023-04-15 07:00:00,00000000270,20230415070000,0.042,0.0,0.038,0.0,0.0,0.0,1.0,0.0,90.48,4,0.0,0.0,589376
2023-04-15 08:00:00,00000000270,20230415080000,0.045,0.001,0.035,0.0,0.0,0.0,1.0,2.22,77.78,4,0.0,0.0,589376
2023-04-15 09:00:00,00000000270,20230415090000,0.121,0.001,0.036,0.0,0.0,0.0,1.0,0.83,29.75,4,0.0,0.0,589376
2023-04-15 10:00:00,00000000270,20230415100000,0.075,0.001,0.032,0.0,0.0,0.0,1.0,1.33,42.67,4,0.0,0.0,589376
2023-04-15 11:00:00,00000000270,20230415110000,0.498,0.0,0.034,0.0,0.0,0.0,1.0,0.0,6.83,4,0.0,0.0,589376
2023-04-15 12:00:00,00000000270,20230415120000,0.059,0.001,0.035,0.0,0.0,0.0,1.0,1.69,59.32,4,0.0,0.0,589376
2023-04-15 13:00:00,00000000270,20230415130000,0.053,0.001,0.034,0.0,0.0,0.0,1.0,1.89,64.15,4,0.0,0.0,589376
2023-04-15 14:00:00,00000000270,20230415140000,0.047,0.001,0.034,0.0,0.0,0.0,1.0,2.13,72.34,4,0.0,0.0,589376
2023-04-15 15:00:00,00000000270,20230415150000,0.049,0.0,0.035,0.0,0.0,0.0,1.0,0.0,71.43,4,0.0,0.0,589376
2023-04-15 16:00:00,00000000270,20230415160000,0.299,0.001,0.034,0.0,0.0,0.0,1.0,0.33,11.37,4,0.0,0.0,589376
2023-04-15 17:00:00,00000000270,20230415170000,0.329,0.001,0.034,0.0,0.0,0.0,1.0,0.3,10.33,4,0.0,0.0,589376
2023-04-15 18:00:00,00000000270,20230415180000,0.262,0.001,0.034,0.0,0.0,0.0,1.0,0.38,12.98,4,0.0,0.0,589376
2023-04-15 19:00:00,00000000270,20230415190000,0.038,0.0,0.035,0.0,0.0,0.0,1.0,0.0,92.11,4,0.0,0.0,589376
2023-04-15 20:00:00,00000000270,20230415200000,0.041,0.001,0.033,0.0,0.0,0.0,1.0,2.44,80.49,4,0.0,0.0,589376
2023-04-15 21:00:00,00000000270,20230415210000,0.047,0.001,0.033,0.0,0.0,0.0,1.0,2.13,70.21,4,0.0,0.0,589376
2023-04-15 22:00:00,00000000270,20230415220000,0.05,0.001,0.034,0.0,0.0,0.0,1.0,2.0,68.0,4,0.0,0.0,589376
2023-04-15 23:00:00,00000000270,20230415230000,0.047,0.0,0.034,0.0,0.0,0.0,1.0,0.0,72.34,4,0.0,0.0,589376
2023-04-16 00:00:00,00000000270,20230416000000,0.06,0.001,0.036,0.0,0.0,0.0,1.0,1.67,60.0,4,0.0,0.0,589376
2023-04-16 01:00:00,00000000270,20230416010000,0.049,0.001,0.035,0.0,0.0,0.0,1.0,2.04,71.43,4,0.0,0.0,589376
2023-04-16 02:00:00,00000000270,20230416020000,0.044,0.001,0.035,0.0,0.0,0.0,1.0,2.27,79.55,4,0.0,0.0,589376
2023-04-16 03:00:00,00000000270,20230416030000,0.048,0.0,0.036,0.0,0.0,0.0,1.0,0.0,75.0,4,0.0,0.0,589376
2023-04-16 04:00:00,00000000270,20230416040000,0.052,0.001,0.037,0.0,0.0,0.0,1.0,1.92,71.15,4,0.0,0.0,589376
2023-04-16 05:00:00,00000000270,20230416050000,0.092,0.001,0.036,0.0,0.0,0.0,1.0,1.09,39.13,4,0.0,0.0,589376
2023-04-16 06:00:00,00000000270,20230416060000,0.122,0.001,0.033,0.0,0.0,0.0,1.0,0.82,27.05,4,0.0,0.0,589376
2023-04-16 07:00:00,00000000270,20230416070000,0.049,0.0,0.036,0.0,0.0,0.0,1.0,0.0,73.47,4,0.0,0.0,589376
2023-04-16 08:00:00,00000000270,20230416080000,0.048,0.001,0.036,0.0,0.0,0.0,1.0,2.08,75.0,4,0.0,0.0,589376
2023-04-16 09:00:00,00000000270,20230416090000,0.039,0.001,0.036,0.0,0.0,0.0,1.0,2.56,92.31,4,0.0,0.0,589376
2023-04-16 10:00:00,00000000270,20230416100000,0.045,0.001,0.036,0.0,0.0,0.0,1.0,2.22,80.0,4,0.0,0.0,589376
2023-04-16 11:00:00,00000000270,20230416110000,0.057,0.0,0.035,0.0,0.0,0.0,1.0,0.0,61.4,4,0.0,0.0,589376
2023-04-16 12:00:00,00000000270,20230416120000,0.046,0.001,0.033,0.0,0.0,0.0,1.0,2.17,71.74,4,0.0,0.0,589376
2023-04-16 13:00:00,00000000270,20230416130000,0.046,0.001,0.034,0.0,0.0,0.0,1.0,2.17,73.91,4,0.0,0.0,589376
2023-04-16 14:00:00,00000000270,20230416140000,0.047,0.0,0.034,0.0,0.0,0.0,1.0,0.0,72.34,4,0.0,0.0,589376
2023-04-16 15:00:00,00000000270,20230416150000,0.049,0.001,0.036,0.0,0.0,0.0,1.0,2.04,73.47,4,0.0,0.0,589376
2023-04-16 16:00:00,00000000270,20230416160000,0.048,0.001,0.035,0.0,0.0,0.0,1.0,2.08,72.92,4,0.0,0.0,589376
2023-04-16 17:00:00,00000000270,20230416170000,0.05,0.001,0.036,0.0,0.0,0.0,1.0,2.0,72.0,4,0.0,0.0,589376
2023-04-16 18:00:00,00000000270,20230416180000,0.061,0.0,0.04,0.0,0.0,0.0,1.0,0.0,65.57,4,0.0,0.0,589376
2023-04-16 19:00:00,00000000270,20230416190000,0.045,0.001,0.034,0.0,0.0,0.0,1.0,2.22,75.56,4,0.0,0.0,589376
2023-04-16 20:00:00,00000000270,20230416200000,0.056,0.001,0.037,0.0,0.0,0.0,1.0,1.79,66.07,4,0.0,0.0,589376
2023-04-16 21:00:00,00000000270,20230416210000,0.045,0.001,0.034,0.0,0.0,0.0,1.0,2.22,75.56,4,0.0,0.0,589376
2023-04-16 22:00:00,00000000270,20230416220000,0.051,0.0,0.034,0.0,0.0,0.0,1.0,0.0,66.67,4,0.0,0.0,589376
2023-04-16 23:00:00,00000000270,20230416230000,0.058,0.002,0.035,0.0,0.0,0.0,1.0,3.45,60.34,4,0.0,0.0,589376
2023-04-17 00:00:00,00000000270,20230417000000,0.054,0.001,0.036,0.0,0.0,0.0,1.0,1.85,66.67,4,0.0,0.0,589376
2023-04-17 01:00:00,00000000270,20230417010000,0.142,0.0,0.033,0.0,0.0,0.0,1.0,0.0,23.24,4,0.0,0.0,589376
2023-04-17 02:00:00,00000000270,20230417020000,0.056,0.001,0.034,0.0,0.0,0.0,1.0,1.79,60.71,4,0.0,0.0,589376
2023-04-17 03:00:00,00000000270,20230417030000,0.051,0.001,0.036,0.0,0.0,0.0,1.0,1.96,70.59,4,0.0,0.0,589376
2023-04-17 04:00:00,00000000270,20230417040000,0.048,0.001,0.037,0.0,0.0,0.0,1.0,2.08,77.08,4,0.0,0.0,589376
2023-04-17 05:00:00,00000000270,20230417050000,0.055,0.0,0.037,0.0,0.0,0.0,1.0,0.0,67.27,4,0.0,0.0,589376
2023-04-17 06:00:00,00000000270,20230417060000,0.041,0.001,0.036,0.0,0.0,0.0,1.0,2.44,87.8,4,0.0,0.0,589376
2023-04-17 07:00:00,00000000270,20230417070000,0.051,0.001,0.037,0.0,0.0,0.0,1.0,1.96,72.55,4,0.0,0.0,589376
2023-04-17 08:00:00,00000000270,20230417080000,0.043,0.0,0.036,0.0,0.0,0.0,1.0,0.0,83.72,4,0.0,0.0,589376
2023-04-17 09:00:00,00000000270,20230417090000,0.048,0.001,0.035,0.0,0.0,0.0,1.0,2.08,72.92,4,0.0,0.0,589376
2023-04-17 10:00:00,00000000270,20230417100000,0.1,0.001,0.043,0.0,0.0,0.0,1.0,1.0,43.0,4,0.0,0.0,589376
2023-04-17 11:00:00,00000000270,20230417110000,0.049,0.001,0.034,0.0,0.0,0.0,1.0,2.04,69.39,4,0.0,0.0,589376
2023-04-17 12:00:00,00000000270,20230417120000,0.046,0.001,0.035,0.0,0.0,0.0,1.0,2.17,76.09,4,0.0,0.0,589376
2023-04-17 13:00:00,00000000270,20230417130000,0.05,0.0,0.035,0.0,0.0,0.0,1.0,0.0,70.0,4,0.0,0.0,589376
2023-04-17 14:00:00,00000000270,20230417140000,0.045,0.001,0.035,0.0,0.0,0.0,1.0,2.22,77.78,4,0.0,0.0,589376
2023-04-17 15:00:00,00000000270,20230417150000,0.045,0.001,0.035,0.0,0.0,0.0,1.0,2.22,77.78,4,0.0,0.0,589376
2023-04-17 16:00:00,00000000270,20230417160000,0.044,0.0,0.035,0.0,0.0,0.0,1.0,0.0,79.55,4,0.0,0.0,589376
2023-04-17 17:00:00,00000000270,20230417170000,0.048,0.001,0.035,0.0,0.0,0.0,1.0,2.08,72.92,4,0.0,0.0,589376
2023-04-17 18:00:00,00000000270,20230417180000,0.048,0.001,0.035,0.0,0.0,0.0,1.0,2.08,72.92,4,0.0,0.0,589376
2023-04-17 19:00:00,00000000270,20230417190000,0.388,0.001,0.033,0.0,0.0,0.0,1.0,0.26,8.51,4,0.0,0.0,589376
2023-04-17 20:00:00,00000000270,20230417200000,0.651,0.036,0.011,0.0,0.0,0.0,1.0,5.53,1.69,4,0.0,0.0,589376
2023-04-17 21:00:00,00000000270,20230417210000,0.277,0.001,0.033,0.0,0.0,0.0,1.0,0.36,11.91,4,0.0,0.0,589376
2023-04-17 22:00:00,00000000270,20230417220000,0.055,0.001,0.035,0.0,0.0,0.0,1.0,1.82,63.64,4,0.0,0.0,589376
2023-04-17 23:00:00,00000000270,20230417230000,0.044,0.0,0.034,0.0,0.0,0.0,1.0,0.0,77.27,4,0.0,0.0,589376
2023-04-18 00:00:00,00000000270,20230418000000,0.049,0.001,0.036,0.0,0.0,0.0,1.0,2.04,73.47,4,0.0,0.0,589376
2023-04-18 01:00:00,00000000270,20230418010000,0.045,0.001,0.035,0.0,0.0,0.0,1.0,2.22,77.78,4,0.0,0.0,589376
2023-04-18 02:00:00,00000000270,20230418020000,0.048,0.001,0.036,0.0,0.0,0.0,1.0,2.08,75.0,4,0.0,0.0,589376
2023-04-18 03:00:00,00000000270,20230418030000,0.142,0.014,0.027,0.0,0.0,0.0,1.0,9.86,19.01,4,0.0,0.0,589376
2023-04-18 04:00:00,00000000270,20230418040000,0.476,0.058,0.0,0.0,0.0,0.0,1.0,12.18,0.0,4,0.0,0.0,589376
2023-04-18 05:00:00,00000000270,20230418050000,0.084,0.033,0.019,0.0,0.0,0.0,1.0,39.29,22.62,4,0.0,0.0,589376
2023-04-18 06:00:00,00000000270,20230418060000,0.05,0.0,0.037,0.0,0.0,0.0,1.0,0.0,74.0,4,0.0,0.0,589376
2023-04-18 07:00:00,00000000270,20230418070000,0.045,0.001,0.036,0.0,0.0,0.0,1.0,2.22,80.0,4,0.0,0.0,589376
2023-04-18 08:00:00,00000000270,20230418080000,0.049,0.001,0.037,0.0,0.0,0.0,1.0,2.04,75.51,4,0.0,0.0,589376
2023-04-18 09:00:00,00000000270,20230418090000,0.048,0.0,0.036,0.0,0.0,0.0,1.0,0.0,75.0,4,0.0,0.0,589376
2023-04-18 10:00:00,00000000270,20230418100000,0.047,0.001,0.036,0.0,0.0,0.0,1.0,2.13,76.6,4,0.0,0.0,589376
2023-04-18 11:00:00,00000000270,20230418110000,0.044,0.001,0.035,0.0,0.0,0.0,1.0,2.27,79.55,4,0.0,0.0,589376
2023-04-18 12:00:00,00000000270,20230418120000,0.054,0.001,0.037,0.0,0.0,0.0,1.0,1.85,68.52,4,0.0,0.0,589376
2023-04-18 13:00:00,00000000270,20230418130000,0.044,0.0,0.034,0.0,0.0,0.0,1.0,0.0,77.27,4,0.0,0.0,589376
2023-04-18 14:00:00,00000000270,20230418140000,0.114,0.001,0.035,0.0,0.0,0.0,1.0,0.88,30.7,4,0.0,0.0,589376
2023-04-18 15:00:00,00000000270,20230418150000,0.085,0.001,0.031,0.0,0.0,0.0,1.0,1.18,36.47,4,0.0,0.0,589376
2023-04-18 16:00:00,00000000270,20230418160000,0.053,0.001,0.035,0.0,0.0,0.0,1.0,1.89,66.04,4,0.0,0.0,589376
2023-04-18 17:00:00,00000000270,20230418170000,0.046,0.0,0.034,0.0,0.0,0.0,1.0,0.0,73.91,4,0.0,0.0,589376
2023-04-18 18:00:00,00000000270,20230418180000,1.265,0.001,0.033,0.0,0.0,0.0,1.0,0.08,2.61,4,0.0,0.0,589376
2023-04-18 19:00:00,00000000270,20230418190000,2.16,0.012,0.025,0.0,0.0,0.0,1.0,0.56,1.16,4,0.0,0.0,589376
2023-04-18 20:00:00,00000000270,20230418200000,0.889,0.001,0.033,0.0,0.0,0.0,1.0,0.11,3.71,4,0.0,0.0,589376
2023-04-18 21:00:00,00000000270,20230418210000,0.047,0.0,0.033,0.0,0.0,0.0,1.0,0.0,70.21,4,0.0,0.0,589376
2023-04-18 22:00:00,00000000270,20230418220000,0.056,0.001,0.034,0.0,0.0,0.0,1.0,1.79,60.71,4,0.0,0.0,589376
2023-04-18 23:00:00,00000000270,20230418230000,0.058,0.001,0.036,0.0,0.0,0.0,1.0,1.72,62.07,4,0.0,0.0,589376
2023-04-19 00:00:00,00000000270,20230419000000,0.046,0.0,0.034,0.0,0.0,0.0,1.0,0.0,73.91,4,0.0,0.0,589376
2023-04-19 01:00:00,00000000270,20230419010000,0.05,0.001,0.036,0.0,0.0,0.0,1.0,2.0,72.0,4,0.0,0.0,589376
2023-04-19 02:00:00,00000000270,20230419020000,0.045,0.001,0.035,0.0,0.0,0.0,1.0,2.22,77.78,4,0.0,0.0,589376
2023-04-19 03:00:00,00000000270,20230419030000,0.051,0.001,0.037,0.0,0.0,0.0,1.0,1.96,72.55,4,0.0,0.0,589376
2023-04-19 04:00:00,00000000270,20230419040000,0.053,0.0,0.037,0.0,0.0,0.0,1.0,0.0,69.81,4,0.0,0.0,589376
2023-04-19 05:00:00,00000000270,20230419050000,0.057,0.001,0.037,0.0,0.0,0.0,1.0,1.75,64.91,4,0.0,0.0,589376
2023-04-19 06:00:00,00000000270,20230419060000,0.047,0.001,0.036,0.0,0.0,0.0,1.0,2.13,76.6,4,0.0,0.0,589376
2023-04-19 07:00:00,00000000270,20230419070000,0.048,0.001,0.037,0.0,0.0,0.0,1.0,2.08,77.08,4,0.0,0.0,589376
2023-04-19 08:00:00,00000000270,20230419080000,0.047,0.0,0.036,0.0,0.0,0.0,1.0,0.0,76.6,4,0.0,0.0,589376
2023-04-19 09:00:00,00000000270,20230419090000,0.142,0.001,0.033,0.0,0.0,0.0,1.0,0.7,23.24,4,0.0,0.0,589376
2023-04-19 10:00:00,00000000270,20230419100000,0.059,0.001,0.035,0.0,0.0,0.0,1.0,1.69,59.32,4,0.0,0.0,589376
2023-04-19 11:00:00,00000000270,20230419110000,0.049,0.001,0.034,0.0,0.0,0.0,1.0,2.04,69.39,4,0.0,0.0,589376
2023-04-19 12:00:00,00000000270,20230419120000,0.054,0.0,0.035,0.0,0.0,0.0,1.0,0.0,64.81,4,0.0,0.0,589376
2023-04-19 13:00:00,00000000270,20230419130000,0.048,0.001,0.034,0.0,0.0,0.0,1.0,2.08,70.83,4,0.0,0.0,589376
2023-04-19 14:00:00,00000000270,20230419140000,0.052,0.001,0.035,0.0,0.0,0.0,1.0,1.92,67.31,4,0.0,0.0,589376
2023-04-19 15:00:00,00000000270,20230419150000,0.047,0.0,0.034,0.0,0.0,0.0,1.0,0.0,72.34,4,0.0,0.0,589376
2023-04-19 16:00:00,00000000270,20230419160000,0.052,0.001,0.035,0.0,0.0,0.0,1.0,1.92,67.31,4,0.0,0.0,589376
2023-04-19 17:00:00,00000000270,20230419170000,0.055,0.001,0.033,0.0,0.0,0.0,1.0,1.82,60.0,4,0.0,0.0,589376
2023-04-19 18:00:00,00000000270,20230419180000,0.057,0.001,0.034,0.0,0.0,0.0,1.0,1.75,59.65,4,0.0,0.0,589376
2023-04-19 19:00:00,00000000270,20230419190000,0.052,0.0,0.033,0.0,0.0,0.0,1.0,0.0,63.46,4,0.0,0.0,589376
2023-04-19 20:00:00,00000000270,20230419200000,0.055,0.001,0.034,0.0,0.0,0.0,1.0,1.82,61.82,4,0.0,0.0,589376
2023-04-19 21:00:00,00000000270,20230419210000,0.049,0.001,0.032,0.0,0.0,0.0,1.0,2.04,65.31,4,0.0,0.0,589376
2023-04-19 22:00:00,00000000270,20230419220000,0.049,0.001,0.034,0.0,0.0,0.0,1.0,2.04,69.39,4,0.0,0.0,589376
2023-04-19 23:00:00,00000000270,20230419230000,0.047,0.0,0.034,0.0,0.0,0.0,1.0,0.0,72.34,4,0.0,0.0,589376
2023-04-20 00:00:00,00000000270,20230420000000,0.048,0.001,0.035,0.0,0.0,0.0,1.0,2.08,72.92,4,0.0,0.0,589376
2023-04-20 01:00:00,00000000270,20230420010000,0.045,0.001,0.034,0.0,0.0,0.0,1.0,2.22,75.56,4,0.0,0.0,589376
2023-04-20 02:00:00,00000000270,20230420020000,0.143,0.001,0.033,0.0,0.0,0.0,1.0,0.7,23.08,4,0.0,0.0,589376
2023-04-20 03:00:00,00000000270,20230420030000,0.055,0.0,0.035,0.0,0.0,0.0,1.0,0.0,63.64,4,0.0,0.0,589376
2023-04-20 04:00:00,00000000270,20230420040000,0.05,0.001,0.035,0.0,0.0,0.0,1.0,2.0,70.0,4,0.0,0.0,589376
2023-04-20 05:00:00,00000000270,20230420050000,0.044,0.001,0.035,0.0,0.0,0.0,1.0,2.27,79.55,4,0.0,0.0,589376
2023-04-20 06:00:00,00000000270,20230420060000,0.045,0.0,0.038,0.0,0.0,0.0,1.0,0.0,84.44,4,0.0,0.0,589376
2023-04-20 07:00:00,00000000270,20230420070000,0.046,0.001,0.037,0.0,0.0,0.0,1.0,2.17,80.43,4,0.0,0.0,589376
2023-04-20 08:00:00,00000000270,20230420080000,0.042,0.001,0.038,0.0,0.0,0.0,1.0,2.38,90.48,4,0.0,0.0,589376
2023-04-20 09:00:00,00000000270,20230420090000,0.043,0.001,0.036,0.0,0.0,0.0,1.0,2.33,83.72,4,0.0,0.0,589376
2023-04-20 10:00:00,00000000270,20230420100000,0.047,0.0,0.036,0.0,0.0,0.0,1.0,0.0,76.6,4,0.0,0.0,589376
2023-04-20 11:00:00,00000000270,20230420110000,0.04,0.001,0.034,0.0,0.0,0.0,1.0,2.5,85.0,4,0.0,0.0,589376
2023-04-20 12:00:00,00000000270,20230420120000,0.05,0.001,0.036,0.0,0.0,0.0,1.0,2.0,72.0,4,0.0,0.0,589376
2023-04-20 13:00:00,00000000270,20230420130000,0.046,0.0,0.035,0.0,0.0,0.0,1.0,0.0,76.09,4,0.0,0.0,589376
2023-04-20 14:00:00,00000000270,20230420140000,0.05,0.001,0.036,0.0,0.0,0.0,1.0,2.0,72.0,4,0.0,0.0,589376
2023-04-20 15:00:00,00000000270,20230420150000,0.046,0.001,0.035,0.0,0.0,0.0,1.0,2.17,76.09,4,0.0,0.0,589376
2023-04-20 16:00:00,00000000270,20230420160000,0.049,0.001,0.036,0.0,0.0,0.0,1.0,2.04,73.47,4,0.0,0.0,589376
2023-04-20 17:00:00,00000000270,20230420170000,0.047,0.0,0.035,0.0,0.0,0.0,1.0,0.0,74.47,4,0.0,0.0,589376
2023-04-20 18:00:00,00000000270,20230420180000,0.05,0.001,0.035,0.0,0.0,0.0,1.0,2.0,70.0,4,0.0,0.0,589376
2023-04-20 19:00:00,00000000270,20230420190000,0.045,0.001,0.034,0.0,0.0,0.0,1.0,2.22,75.56,4,0.0,0.0,589376
2023-04-20 20:00:00,00000000270,20230420200000,0.043,0.001,0.034,0.0,0.0,0.0,1.0,2.33,79.07,4,0.0,0.0,589376
2023-04-20 21:00:00,00000000270,20230420210000,0.044,0.0,0.033,0.0,0.0,0.0,1.0,0.0,75.0,4,0.0,0.0,589376
2023-04-20 22:00:00,00000000270,20230420220000,0.041,0.001,0.034,0.0,0.0,0.0,1.0,2.44,82.93,4,0.0,0.0,589376
2023-04-20 23:00:00,00000000270,20230420230000,0.041,0.001,0.034,0.0,0.0,0.0,1.0,2.44,82.93,4,0.0,0.0,589376
2023-04-21 00:00:00,00000000270,20230421000000,0.039,0.0,0.034,0.0,0.0,0.0,1.0,0.0,87.18,4,0.0,0.0,589376
2023-04-21 01:00:00,00000000270,20230421010000,0.051,0.001,0.036,0.0,0.0,0.0,1.0,1.96,70.59,4,0.0,0.0,589376
2023-04-21 02:00:00,00000000270,20230421020000,0.047,0.001,0.036,0.0,0.0,0.0,1.0,2.13,76.6,4,0.0,0.0,589376
2023-04-21 03:00:00,00000000270,20230421030000,0.122,0.001,0.037,0.0,0.0,0.0,1.0,0.82,30.33,4,0.0,0.0,589376
2023-04-21 04:00:00,00000000270,20230421040000,0.076,0.0,0.033,0.0,0.0,0.0,1.0,0.0,43.42,4,0.0,0.0,589376
2023-04-21 05:00:00,00000000270,20230421050000,0.053,0.001,0.037,0.0,0.0,0.0,1.0,1.89,69.81,4,0.0,0.0,589376
2023-04-21 06:00:00,00000000270,20230421060000,0.048,0.001,0.037,0.0,0.0,0.0,1.0,2.08,77.08,4,0.0,0.0,589376
2023-04-21 07:00:00,00000000270,20230421070000,0.048,0.0,0.037,0.0,0.0,0.0,1.0,0.0,77.08,4,0.0,0.0,589376
2023-04-21 08:00:00,00000000270,20230421080000,0.047,0.001,0.037,0.0,0.0,0.0,1.0,2.13,78.72,4,0.0,0.0,589376
2023-04-21 09:00:00,00000000270,20230421090000,0.041,0.001,0.036,0.0,0.0,0.0,1.0,2.44,87.8,4,0.0,0.0,589376
2023-04-21 10:00:00,00000000270,20230421100000,0.041,0.001,0.036,0.0,0.0,0.0,1.0,2.44,87.8,4,0.0,0.0,589376
2023-04-21 11:00:00,00000000270,20230421110000,0.04,0.0,0.037,0.0,0.0,0.0,1.0,0.0,92.5,4,0.0,0.0,589376
2023-04-21 12:00:00,00000000270,20230421120000,0.048,0.001,0.036,0.0,0.0,0.0,1.0,2.08,75.0,4,0.0,0.0,589376
2023-04-21 13:00:00,00000000270,20230421130000,0.047,0.001,0.036,0.0,0.0,0.0,1.0,2.13,76.6,4,0.0,0.0,589376
2023-04-21 14:00:00,00000000270,20230421140000,0.049,0.0,0.037,0.0,0.0,0.0,1.0,0.0,75.51,4,0.0,0.0,589376
2023-04-21 15:00:00,00000000270,20230421150000,0.046,0.001,0.037,0.0,0.0,0.0,1.0,2.17,80.43,4,0.0,0.0,589376
2023-04-21 16:00:00,00000000270,20230421160000,0.05,0.001,0.037,0.0,0.0,0.0,1.0,2.0,74.0,4,0.0,0.0,589376
2023-04-21 17:00:00,00000000270,20230421170000,0.046,0.0,0.036,0.0,0.0,0.0,1.0,0.0,78.26,4,0.0,0.0,589376
2023-04-21 18:00:00,00000000270,20230421180000,0.048,0.001,0.036,0.0,0.0,0.0,1.0,2.08,75.0,4,0.0,0.0,589376
2023-04-21 19:00:00,00000000270,20230421190000,0.049,0.001,0.036,0.0,0.0,0.0,1.0,2.04,73.47,4,0.0,0.0,589376
2023-04-21 20:00:00,00000000270,20230421200000,0.046,0.0,0.034,0.0,0.0,0.0,1.0,0.0,73.91,4,0.0,0.0,589376
2023-04-21 21:00:00,00000000270,20230421210000,0.048,0.001,0.034,0.0,0.0,0.0,1.0,2.08,70.83,4,0.0,0.0,589376
2023-04-21 22:00:00,00000000270,20230421220000,0.041,0.001,0.034,0.0,0.0,0.0,1.0,2.44,82.93,4,0.0,0.0,589376
2023-04-21 23:00:00,00000000270,20230421230000,0.05,0.001,0.035,0.0,0.0,0.0,1.0,2.0,70.0,4,0.0,0.0,589376
2023-04-22 00:00:00,00000000270,20230422000000,0.047,0.0,0.034,0.0,0.0,0.0,1.0,0.0,72.34,4,0.0,0.0,589376
2023-04-22 01:00:00,00000000270,20230422010000,0.048,0.001,0.036,0.0,0.0,0.0,1.0,2.08,75.0,4,0.0,0.0,589376
2023-04-22 02:00:00,00000000270,20230422020000,0.045,0.001,0.037,0.0,0.0,0.0,1.0,2.22,82.22,4,0.0,0.0,589376
2023-04-22 03:00:00,00000000270,20230422030000,0.04,0.001,0.037,0.0,0.0,0.0,1.0,2.5,92.5,4,0.0,0.0,589376
2023-04-22 04:00:00,00000000270,20230422040000,0.051,0.0,0.037,0.0,0.0,0.0,1.0,0.0,72.55,4,0.0,0.0,589376
2023-04-22 05:00:00,00000000270,20230422050000,0.129,0.001,0.034,0.0,0.0,0.0,1.0,0.78,26.36,4,0.0,0.0,589376
2023-04-22 06:00:00,00000000270,20230422060000,0.057,0.001,0.037,0.0,0.0,0.0,1.0,1.75,64.91,4,0.0,0.0,589376
2023-04-22 07:00:00,00000000270,20230422070000,0.048,0.001,0.038,0.0,0.0,0.0,1.0,2.08,79.17,4,0.0,0.0,589376
2023-04-22 08:00:00,00000000270,20230422080000,0.042,0.0,0.037,0.0,0.0,0.0,1.0,0.0,88.1,4,0.0,0.0,589376
2023-04-22 09:00:00,00000000270,20230422090000,0.051,0.001,0.036,0.0,0.0,0.0,1.0,1.96,70.59,4,0.0,0.0,589376
2023-04-22 10:00:00,00000000270,20230422100000,0.047,0.001,0.034,0.0,0.0,0.0,1.0,2.13,72.34,4,0.0,0.0,589376
2023-04-22 11:00:00,00000000270,20230422110000,0.048,0.0,0.035,0.0,0.0,0.0,1.0,0.0,72.92,4,0.0,0.0,589376
2023-04-22 12:00:00,00000000270,20230422120000,0.046,0.001,0.036,0.0,0.0,0.0,1.0,2.17,78.26,4,0.0,0.0,589376
2023-04-22 13:00:00,00000000270,20230422130000,0.049,0.001,0.035,0.0,0.0,0.0,1.0,2.04,71.43,4,0.0,0.0,589376
2023-04-22 14:00:00,00000000270,20230422140000,0.047,0.0,0.036,0.0,0.0,0.0,1.0,0.0,76.6,4,0.0,0.0,589376
2023-04-22 15:00:00,00000000270,20230422150000,0.048,0.001,0.036,0.0,0.0,0.0,1.0,2.08,75.0,4,0.0,0.0,589376
2023-04-22 16:00:00,00000000270,20230422160000,0.047,0.001,0.036,0.0,0.0,0.0,1.0,2.13,76.6,4,0.0,0.0,589376
2023-04-22 17:00:00,00000000270,20230422170000,0.047,0.001,0.036,0.0,0.0,0.0,1.0,2.13,76.6,4,0.0,0.0,589376
2023-04-22 18:00:00,00000000270,20230422180000,0.05,0.0,0.036,0.0,0.0,0.0,1.0,0.0,72.0,4,0.0,0.0,589376
2023-04-22 19:00:00,00000000270,20230422190000,0.047,0.001,0.035,0.0,0.0,0.0,1.0,2.13,74.47,4,0.0,0.0,589376
2023-04-22 20:00:00,00000000270,20230422200000,0.046,0.001,0.033,0.0,0.0,0.0,1.0,2.17,71.74,4,0.0,0.0,589376
2023-04-22 21:00:00,00000000270,20230422210000,0.042,0.0,0.035,0.0,0.0,0.0,1.0,0.0,83.33,4,0.0,0.0,589376
2023-04-22 22:00:00,00000000270,20230422220000,0.04,0.001,0.034,0.0,0.0,0.0,1.0,2.5,85.0,4,0.0,0.0,589376
2023-04-22 23:00:00,00000000270,20230422230000,0.043,0.001,0.036,0.0,0.0,0.0,1.0,2.33,83.72,4,0.0,0.0,589376
2023-04-23 00:00:00,00000000270,20230423000000,0.045,0.001,0.035,0.0,0.0,0.0,1.0,2.22,77.78,4,0.0,0.0,589376
2023-04-23 01:00:00,00000000270,20230423010000,0.044,0.0,0.036,0.0,0.0,0.0,1.0,0.0,81.82,4,0.0,0.0,589376
2023-04-23 02:00:00,00000000270,20230423020000,0.051,0.001,0.036,0.0,0.0,0.0,1.0,1.96,70.59,4,0.0,0.0,589376
2023-04-23 03:00:00,00000000270,20230423030000,0.047,0.001,0.036,0.0,0.0,0.0,1.0,2.13,76.6,4,0.0,0.0,589376
2023-04-23 04:00:00,00000000270,20230423040000,0.051,0.0,0.038,0.0,0.0,0.0,1.0,0.0,74.51,4,0.0,0.0,589376
2023-04-23 05:00:00,00000000270,20230423050000,0.048,0.001,0.035,0.0,0.0,0.0,1.0,2.08,72.92,4,0.0,0.0,589376
2023-04-23 06:00:00,00000000270,20230423060000,0.057,0.001,0.037,0.0,0.0,0.0,1.0,1.75,64.91,4,0.0,0.0,589376
2023-04-23 07:00:00,00000000270,20230423070000,0.135,0.001,0.035,0.0,0.0,0.0,1.0,0.74,25.93,4,0.0,0.0,589376
2023-04-23 08:00:00,00000000270,20230423080000,0.051,0.0,0.037,0.0,0.0,0.0,1.0,0.0,72.55,4,0.0,0.0,589376
2023-04-23 09:00:00,00000000270,20230423090000,0.048,0.001,0.036,0.0,0.0,0.0,1.0,2.08,75.0,4,0.0,0.0,589376
2023-04-23 10:00:00,00000000270,20230423100000,0.047,0.001,0.035,0.0,0.0,0.0,1.0,2.13,74.47,4,0.0,0.0,589376
2023-04-23 11:00:00,00000000270,20230423110000,0.047,0.0,0.037,0.0,0.0,0.0,1.0,0.0,78.72,4,0.0,0.0,589376
2023-04-23 12:00:00,00000000270,20230423120000,0.05,0.001,0.035,0.0,0.0,0.0,1.0,2.0,70.0,4,0.0,0.0,589376
2023-04-23 13:00:00,00000000270,20230423130000,0.046,0.001,0.037,0.0,0.0,0.0,1.0,2.17,80.43,4,0.0,0.0,589376
2023-04-23 14:00:00,00000000270,20230423140000,0.038,0.001,0.037,0.0,0.0,0.0,1.0,2.63,97.37,4,0.0,0.0,589376
2023-04-23 15:00:00,00000000270,20230423150000,0.043,0.0,0.037,0.0,0.0,0.0,1.0,0.0,86.05,4,0.0,0.0,589376
2023-04-23 16:00:00,00000000270,20230423160000,0.047,0.001,0.037,0.0,0.0,0.0,1.0,2.13,78.72,4,0.0,0.0,589376
2023-04-23 17:00:00,00000000270,20230423170000,0.047,0.0,0.036,0.0,0.0,0.0,1.0,0.0,76.6,4,0.0,0.0,589376
2023-04-23 18:00:00,00000000270,20230423180000,0.051,0.001,0.036,0.0,0.0,0.0,1.0,1.96,70.59,4,0.0,0.0,589376
2023-04-23 19:00:00,00000000270,20230423190000,0.045,0.001,0.035,0.0,0.0,0.0,1.0,2.22,77.78,4,0.0,0.0,589376
2023-04-23 20:00:00,00000000270,20230423200000,0.048,0.001,0.034,0.0,0.0,0.0,1.0,2.08,70.83,4,0.0,0.0,589376
2023-04-23 21:00:00,00000000270,20230423210000,0.047,0.0,0.034,0.0,0.0,0.0,1.0,0.0,72.34,4,0.0,0.0,589376
2023-04-23 22:00:00,00000000270,20230423220000,0.047,0.001,0.034,0.0,0.0,0.0,1.0,2.13,72.34,4,0.0,0.0,589376
2023-04-23 23:00:00,00000000270,20230423230000,0.05,0.001,0.035,0.0,0.0,0.0,1.0,2.0,70.0,4,0.0,0.0,589376
2023-04-24 00:00:00,00000000270,20230424000000,0.047,0.001,0.035,0.0,0.0,0.0,1.0,2.13,74.47,4,0.0,0.0,589376
2023-04-24 01:00:00,00000000270,20230424010000,0.05,0.0,0.037,0.0,0.0,0.0,1.0,0.0,74.0,4,0.0,0.0,589376
2023-04-24 02:00:00,00000000270,20230424020000,0.047,0.001,0.036,0.0,0.0,0.0,1.0,2.13,76.6,4,0.0,0.0,589376
2023-04-24 03:00:00,00000000270,20230424030000,0.049,0.001,0.037,0.0,0.0,0.0,1.0,2.04,75.51,4,0.0,0.0,589376
2023-04-24 04:00:00,00000000270,20230424040000,0.047,0.0,0.037,0.0,0.0,0.0,1.0,0.0,78.72,4,0.0,0.0,589376
2023-04-24 05:00:00,00000000270,20230424050000,0.042,0.001,0.037,0.0,0.0,0.0,1.0,2.38,88.1,4,0.0,0.0,589376
2023-04-24 06:00:00,00000000270,20230424060000,0.046,0.001,0.038,0.0,0.0,0.0,1.0,2.17,82.61,4,0.0,0.0,589376
2023-04-24 07:00:00,00000000270,20230424070000,0.046,0.001,0.036,0.0,0.0,0.0,1.0,2.17,78.26,4,0.0,0.0,589376
2023-04-24 08:00:00,00000000270,20230424080000,0.113,0.0,0.037,0.0,0.0,0.0,1.0,0.0,32.74,4,0.0,0.0,589376
2023-04-24 09:00:00,00000000270,20230424090000,0.068,0.001,0.033,0.0,0.0,0.0,1.0,1.47,48.53,4,0.0,0.0,589376
2023-04-24 10:00:00,00000000270,20230424100000,0.05,0.001,0.035,0.0,0.0,0.0,1.0,2.0,70.0,4,0.0,0.0,589376
2023-04-24 11:00:00,00000000270,20230424110000,0.047,0.001,0.035,0.0,0.0,0.0,1.0,2.13,74.47,4,0.0,0.0,589376
2023-04-24 12:00:00,00000000270,20230424120000,0.05,0.0,0.036,0.0,0.0,0.0,1.0,0.0,72.0,4,0.0,0.0,589376
2023-04-24 13:00:00,00000000270,20230424130000,0.044,0.001,0.036,0.0,0.0,0.0,1.0,2.27,81.82,4,0.0,0.0,589376
2023-04-24 14:00:00,00000000270,20230424140000,0.05,0.001,0.036,0.0,0.0,0.0,1.0,2.0,72.0,4,0.0,0.0,589376
2023-04-24 15:00:00,00000000270,20230424150000,0.047,0.0,0.035,0.0,0.0,0.0,1.0,0.0,74.47,4,0.0,0.0,589376
2023-04-24 16:00:00,00000000270,20230424160000,0.048,0.001,0.035,0.0,0.0,0.0,1.0,2.08,72.92,4,0.0,0.0,589376
2023-04-24 17:00:00,00000000270,20230424170000,0.05,0.001,0.036,0.0,0.0,0.0,1.0,2.0,72.0,4,0.0,0.0,589376
2023-04-24 18:00:00,00000000270,20230424180000,0.047,0.0,0.035,0.0,0.0,0.0,1.0,0.0,74.47,4,0.0,0.0,589376
2023-04-24 19:00:00,00000000270,20230424190000,0.048,0.001,0.035,0.0,0.0,0.0,1.0,2.08,72.92,4,0.0,0.0,589376
2023-04-24 20:00:00,00000000270,20230424200000,0.05,0.001,0.035,0.0,0.0,0.0,1.0,2.0,70.0,4,0.0,0.0,589376
2023-04-24 21:00:00,00000000270,20230424210000,0.044,0.0,0.034,0.0,0.0,0.0,1.0,0.0,77.27,4,0.0,0.0,589376
2023-04-24 22:00:00,00000000270,20230424220000,0.043,0.001,0.035,0.0,0.0,0.0,1.0,2.33,81.4,4,0.0,0.0,589376
2023-04-24 23:00:00,00000000270,20230424230000,0.041,0.001,0.035,0.0,0.0,0.0,1.0,2.44,85.37,4,0.0,0.0,589376
2023-04-25 00:00:00,00000000270,20230425000000,0.042,0.001,0.036,0.0,0.0,0.0,1.0,2.38,85.71,4,0.0,0.0,589376
2023-04-25 01:00:00,00000000270,20230425010000,0.048,0.0,0.036,0.0,0.0,0.0,1.0,0.0,75.0,4,0.0,0.0,589376
2023-04-25 02:00:00,00000000270,20230425020000,0.044,0.001,0.036,0.0,0.0,0.0,1.0,2.27,81.82,4,0.0,0.0,589376
2023-04-25 03:00:00,00000000270,20230425030000,0.049,0.001,0.035,0.0,0.0,0.0,1.0,2.04,71.43,4,0.0,0.0,589376
2023-04-25 04:00:00,00000000270,20230425040000,0.05,0.0,0.037,0.0,0.0,0.0,1.0,0.0,74.0,4,0.0,0.0,589376
2023-04-25 05:00:00,00000000270,20230425050000,0.046,0.001,0.036,0.0,0.0,0.0,1.0,2.17,78.26,4,0.0,0.0,589376
2023-04-25 06:00:00,00000000270,20230425060000,0.049,0.001,0.036,0.0,0.0,0.0,1.0,2.04,73.47,4,0.0,0.0,589376
2023-04-25 07:00:00,00000000270,20230425070000,0.05,0.0,0.037,0.0,0.0,0.0,1.0,0.0,74.0,4,0.0,0.0,589376
2023-04-25 08:00:00,00000000270,20230425080000,0.048,0.001,0.035,0.0,0.0,0.0,1.0,2.08,72.92,4,0.0,0.0,589376
2023-04-25 09:00:00,00000000270,20230425090000,0.048,0.001,0.036,0.0,0.0,0.0,1.0,2.08,75.0,4,0.0,0.0,589376
2023-04-25 10:00:00,00000000270,20230425100000,0.142,0.001,0.033,0.0,0.0,0.0,1.0,0.7,23.24,4,0.0,0.0,589376
2023-04-25 11:00:00,00000000270,20230425110000,0.052,0.0,0.035,0.0,0.0,0.0,1.0,0.0,67.31,4,0.0,0.0,589376
2023-04-25 12:00:00,00000000270,20230425120000,0.048,0.001,0.036,0.0,0.0,0.0,1.0,2.08,75.0,4,0.0,0.0,589376
2023-04-25 13:00:00,00000000270,20230425130000,0.05,0.001,0.037,0.0,0.0,0.0,1.0,2.0,74.0,4,0.0,0.0,589376
2023-04-25 14:00:00,00000000270,20230425140000,0.049,0.0,0.035,0.0,0.0,0.0,1.0,0.0,71.43,4,0.0,0.0,589376
2023-04-25 15:00:00,00000000270,20230425150000,0.048,0.001,0.036,0.0,0.0,0.0,1.0,2.08,75.0,4,0.0,0.0,589376
2023-04-25 16:00:00,00000000270,20230425160000,0.046,0.001,0.036,0.0,0.0,0.0,1.0,2.17,78.26,4,0.0,0.0,589376
2023-04-25 17:00:00,00000000270,20230425170000,0.053,0.0,0.036,0.0,0.0,0.0,1.0,0.0,67.92,4,0.0,0.0,589376
2023-04-25 18:00:00,00000000270,20230425180000,0.046,0.001,0.036,0.0,0.0,0.0,1.0,2.17,78.26,4,0.0,0.0,589376
2023-04-25 19:00:00,00000000270,20230425190000,0.048,0.001,0.035,0.0,0.0,0.0,1.0,2.08,72.92,4,0.0,0.0,589376
2023-04-25 20:00:00,00000000270,20230425200000,0.045,0.001,0.034,0.0,0.0,0.0,1.0,2.22,75.56,4,0.0,0.0,589376
2023-04-25 21:00:00,00000000270,20230425210000,0.05,0.0,0.035,0.0,0.0,0.0,1.0,0.0,70.0,4,0.0,0.0,589376
2023-04-25 22:00:00,00000000270,20230425220000,0.043,0.001,0.035,0.0,0.0,0.0,1.0,2.33,81.4,4,0.0,0.0,589376
2023-04-25 23:00:00,00000000270,20230425230000,0.052,0.0,0.034,0.0,0.0,0.0,1.0,0.0,65.38,4,0.0,0.0,589376
2023-04-26 00:00:00,00000000270,20230426000000,0.047,0.001,0.035,0.0,0.0,0.0,1.0,2.13,74.47,4,0.0,0.0,589376
2023-04-26 01:00:00,00000000270,20230426010000,0.046,0.001,0.037,0.0,0.0,0.0,1.0,2.17,80.43,4,0.0,0.0,589376
2023-04-26 02:00:00,00000000270,20230426020000,0.047,0.001,0.036,0.0,0.0,0.0,1.0,2.13,76.6,4,0.0,0.0,589376
2023-04-26 03:00:00,00000000270,20230426030000,0.046,0.0,0.036,0.0,0.0,0.0,1.0,0.0,78.26,4,0.0,0.0,589376
2023-04-26 04:00:00,00000000270,20230426040000,0.046,0.001,0.036,0.0,0.0,0.0,1.0,2.17,78.26,4,0.0,0.0,589376
2023-04-26 05:00:00,00000000270,20230426050000,0.048,0.001,0.036,0.0,0.0,0.0,1.0,2.08,75.0,4,0.0,0.0,589376
2023-04-26 06:00:00,00000000270,20230426060000,0.044,0.0,0.038,0.0,0.0,0.0,1.0,0.0,86.36,4,0.0,0.0,589376
2023-04-26 07:00:00,00000000270,20230426070000,0.048,0.001,0.036,0.0,0.0,0.0,1.0,2.08,75.0,4,0.0,0.0,589376
2023-04-26 08:00:00,00000000270,20230426080000,0.043,0.001,0.036,0.0,0.0,0.0,1.0,2.33,83.72,4,0.0,0.0,589376
2023-04-26 09:00:00,00000000270,20230426090000,0.056,0.0,0.034,0.0,0.0,0.0,1.0,0.0,60.71,4,0.0,0.0,589376
2023-04-26 10:00:00,00000000270,20230426100000,0.047,0.001,0.036,0.0,0.0,0.0,1.0,2.13,76.6,4,0.0,0.0,589376
2023-04-26 11:00:00,00000000270,20230426110000,0.113,0.001,0.036,0.0,0.0,0.0,1.0,0.88,31.86,4,0.0,0.0,589376
2023-04-26 12:00:00,00000000270,20230426120000,0.071,0.0,0.032,0.0,0.0,0.0,1.0,0.0,45.07,4,0.0,0.0,589376
2023-04-26 13:00:00,00000000270,20230426130000,0.047,0.001,0.035,0.0,0.0,0.0,1.0,2.13,74.47,4,0.0,0.0,589376
2023-04-26 14:00:00,00000000270,20230426140000,0.047,0.001,0.035,0.0,0.0,0.0,1.0,2.13,74.47,4,0.0,0.0,589376
2023-04-26 15:00:00,00000000270,20230426150000,0.051,0.0,0.035,0.0,0.0,0.0,1.0,0.0,68.63,4,0.0,0.0,589376
2023-04-26 16:00:00,00000000270,20230426160000,0.048,0.001,0.036,0.0,0.0,0.0,1.0,2.08,75.0,4,0.0,0.0,589376
2023-04-26 17:00:00,00000000270,20230426170000,0.049,0.001,0.036,0.0,0.0,0.0,1.0,2.04,73.47,4,0.0,0.0,589376
2023-04-26 18:00:00,00000000270,20230426180000,0.047,0.0,0.036,0.0,0.0,0.0,1.0,0.0,76.6,4,0.0,0.0,589376
2023-04-26 19:00:00,00000000270,20230426190000,0.048,0.001,0.035,0.0,0.0,0.0,1.0,2.08,72.92,4,0.0,0.0,589376
2023-04-26 20:00:00,00000000270,20230426200000,0.047,0.001,0.034,0.0,0.0,0.0,1.0,2.13,72.34,4,0.0,0.0,589376
2023-04-26 21:00:00,00000000270,20230426210000,0.051,0.0,0.034,0.0,0.0,0.0,1.0,0.0,66.67,4,0.0,0.0,589376
2023-04-26 22:00:00,00000000270,20230426220000,0.049,0.001,0.035,0.0,0.0,0.0,1.0,2.04,71.43,4,0.0,0.0,589376
2023-04-26 23:00:00,00000000270,20230426230000,0.047,0.001,0.035,0.0,0.0,0.0,1.0,2.13,74.47,4,0.0,0.0,589376
2023-04-27 00:00:00,00000000270,20230427000000,0.044,0.0,0.035,0.0,0.0,0.0,1.0,0.0,79.55,4,0.0,0.0,589376
2023-04-27 01:00:00,00000000270,20230427010000,0.048,0.001,0.036,0.0,0.0,0.0,1.0,2.08,75.0,4,0.0,0.0,589376
2023-04-27 02:00:00,00000000270,20230427020000,0.048,0.001,0.036,0.0,0.0,0.0,1.0,2.08,75.0,4,0.0,0.0,589376
2023-04-27 03:00:00,00000000270,20230427030000,0.051,0.0,0.037,0.0,0.0,0.0,1.0,0.0,72.55,4,0.0,0.0,589376
2023-04-27 04:00:00,00000000270,20230427040000,0.046,0.001,0.036,0.0,0.0,0.0,1.0,2.17,78.26,4,0.0,0.0,589376
2023-04-27 05:00:00,00000000270,20230427050000,0.047,0.001,0.036,0.0,0.0,0.0,1.0,2.13,76.6,4,0.0,0.0,589376
2023-04-27 06:00:00,00000000270,20230427060000,0.046,0.0,0.036,0.0,0.0,0.0,1.0,0.0,78.26,4,0.0,0.0,589376
2023-04-27 07:00:00,00000000270,20230427070000,0.05,0.001,0.037,0.0,0.0,0.0,1.0,2.0,74.0,4,0.0,0.0,589376
2023-04-27 08:00:00,00000000270,20230427080000,0.048,0.001,0.036,0.0,0.0,0.0,1.0,2.08,75.0,4,0.0,0.0,589376
2023-04-27 09:00:00,00000000270,20230427090000,0.046,0.0,0.035,0.0,0.0,0.0,1.0,0.0,76.09,4,0.0,0.0,589376
2023-04-27 10:00:00,00000000270,20230427100000,0.045,0.001,0.035,0.0,0.0,0.0,1.0,2.22,77.78,4,0.0,0.0,589376
2023-04-27 11:00:00,00000000270,20230427110000,0.05,0.001,0.035,0.0,0.0,0.0,1.0,2.0,70.0,4,0.0,0.0,589376
2023-04-27 12:00:00,00000000270,20230427120000,0.047,0.001,0.035,0.0,0.0,0.0,1.0,2.13,74.47,4,0.0,0.0,589376
2023-04-27 13:00:00,00000000270,20230427130000,0.138,0.0,0.031,0.0,0.0,0.0,1.0,0.0,22.46,4,0.0,0.0,589376
2023-04-27 14:00:00,00000000270,20230427140000,0.053,0.001,0.035,0.0,0.0,0.0,1.0,1.89,66.04,4,0.0,0.0,589376
2023-04-27 15:00:00,00000000270,20230427150000,0.049,0.001,0.035,0.0,0.0,0.0,1.0,2.04,71.43,4,0.0,0.0,589376
2023-04-27 16:00:00,00000000270,20230427160000,0.045,0.0,0.034,0.0,0.0,0.0,1.0,0.0,75.56,4,0.0,0.0,589376
2023-04-27 17:00:00,00000000270,20230427170000,0.044,0.001,0.035,0.0,0.0,0.0,1.0,2.27,79.55,4,0.0,0.0,589376
2023-04-27 18:00:00,00000000270,20230427180000,0.044,0.001,0.035,0.0,0.0,0.0,1.0,2.27,79.55,4,0.0,0.0,589376
2023-04-27 19:00:00,00000000270,20230427190000,0.042,0.0,0.034,0.0,0.0,0.0,1.0,0.0,80.95,4,0.0,0.0,589376
2023-04-27 20:00:00,00000000270,20230427200000,0.043,0.001,0.033,0.0,0.0,0.0,1.0,2.33,76.74,4,0.0,0.0,589376
2023-04-27 21:00:00,00000000270,20230427210000,0.05,0.001,0.034,0.0,0.0,0.0,1.0,2.0,68.0,4,0.0,0.0,589376
2023-04-27 22:00:00,00000000270,20230427220000,0.047,0.0,0.033,0.0,0.0,0.0,1.0,0.0,70.21,4,0.0,0.0,589376
2023-04-27 23:00:00,00000000270,20230427230000,0.047,0.001,0.034,0.0,0.0,0.0,1.0,2.13,72.34,4,0.0,0.0,589376
2023-04-28 00:00:00,00000000270,20230428000000,0.049,0.001,0.035,0.0,0.0,0.0,1.0,2.04,71.43,4,0.0,0.0,589376
2023-04-28 01:00:00,00000000270,20230428010000,0.042,0.001,0.035,0.0,0.0,0.0,1.0,2.38,83.33,4,0.0,0.0,589376
2023-04-28 02:00:00,00000000270,20230428020000,0.047,0.0,0.035,0.0,0.0,0.0,1.0,0.0,74.47,4,0.0,0.0,589376
2023-04-28 03:00:00,00000000270,20230428030000,0.048,0.001,0.037,0.0,0.0,0.0,1.0,2.08,77.08,4,0.0,0.0,589376
2023-04-28 04:00:00,00000000270,20230428040000,0.047,0.001,0.035,0.0,0.0,0.0,1.0,2.13,74.47,4,0.0,0.0,589376
2023-04-28 05:00:00,00000000270,20230428050000,0.049,0.0,0.036,0.0,0.0,0.0,1.0,0.0,73.47,4,0.0,0.0,589376
2023-04-28 06:00:00,00000000270,20230428060000,0.048,0.001,0.037,0.0,0.0,0.0,1.0,2.08,77.08,4,0.0,0.0,589376
2023-04-28 07:00:00,00000000270,20230428070000,0.048,0.001,0.035,0.0,0.0,0.0,1.0,2.08,72.92,4,0.0,0.0,589376
2023-04-28 08:00:00,00000000270,20230428080000,0.05,0.001,0.036,0.0,0.0,0.0,1.0,2.0,72.0,4,0.0,0.0,589376
2023-04-28 09:00:00,00000000270,20230428090000,0.045,0.0,0.035,0.0,0.0,0.0,1.0,0.0,77.78,4,0.0,0.0,589376
2023-04-28 10:00:00,00000000270,20230428100000,0.045,0.001,0.036,0.0,0.0,0.0,1.0,2.22,80.0,4,0.0,0.0,589376
2023-04-28 11:00:00,00000000270,20230428110000,0.046,0.001,0.035,0.0,0.0,0.0,1.0,2.17,76.09,4,0.0,0.0,589376
2023-04-28 12:00:00,00000000270,20230428120000,0.048,0.0,0.036,0.0,0.0,0.0,1.0,0.0,75.0,4,0.0,0.0,589376
2023-04-28 13:00:00,00000000270,20230428130000,0.043,0.001,0.035,0.0,0.0,0.0,1.0,2.33,81.4,4,0.0,0.0,589376
2023-04-28 14:00:00,00000000270,20230428140000,0.1,0.001,0.037,0.0,0.0,0.0,1.0,1.0,37.0,4,0.0,0.0,589376
2023-04-28 15:00:00,00000000270,20230428150000,0.074,0.0,0.031,0.0,0.0,0.0,1.0,0.0,41.89,4,0.0,0.0,589376
2023-04-28 16:00:00,00000000270,20230428160000,0.052,0.001,0.035,0.0,0.0,0.0,1.0,1.92,67.31,4,0.0,0.0,589376
2023-04-28 17:00:00,00000000270,20230428170000,0.046,0.001,0.035,0.0,0.0,0.0,1.0,2.17,76.09,4,0.0,0.0,589376
2023-04-28 18:00:00,00000000270,20230428180000,0.05,0.001,0.035,0.0,0.0,0.0,1.0,2.0,70.0,4,0.0,0.0,589376
2023-04-28 19:00:00,00000000270,20230428190000,0.047,0.0,0.035,0.0,0.0,0.0,1.0,0.0,74.47,4,0.0,0.0,589376
2023-04-28 20:00:00,00000000270,20230428200000,0.049,0.001,0.033,0.0,0.0,0.0,1.0,2.04,67.35,4,0.0,0.0,589376
2023-04-28 21:00:00,00000000270,20230428210000,0.059,0.011,0.026,0.0,0.0,0.0,1.0,18.64,44.07,4,0.0,0.0,589376
2023-04-28 22:00:00,00000000270,20230428220000,0.104,0.054,0.0,0.0,0.0,0.0,1.0,51.92,0.0,4,0.0,0.0,589376
2023-04-28 23:00:00,00000000270,20230428230000,0.072,0.01,0.029,0.0,0.0,0.0,1.0,13.89,40.28,4,0.0,0.0,589376
2023-04-29 00:00:00,00000000270,20230429000000,0.053,0.0,0.035,0.0,0.0,0.0,1.0,0.0,66.04,4,0.0,0.0,589376
2023-04-29 01:00:00,00000000270,20230429010000,0.046,0.001,0.035,0.0,0.0,0.0,1.0,2.17,76.09,4,0.0,0.0,589376
2023-04-29 02:00:00,00000000270,20230429020000,0.043,0.001,0.037,0.0,0.0,0.0,1.0,2.33,86.05,4,0.0,0.0,589376
2023-04-29 03:00:00,00000000270,20230429030000,0.041,0.0,0.036,0.0,0.0,0.0,1.0,0.0,87.8,4,0.0,0.0,589376
2023-04-29 04:00:00,00000000270,20230429040000,0.043,0.001,0.037,0.0,0.0,0.0,1.0,2.33,86.05,4,0.0,0.0,589376
2023-04-29 05:00:00,00000000270,20230429050000,0.047,0.001,0.035,0.0,0.0,0.0,1.0,2.13,74.47,4,0.0,0.0,589376
2023-04-29 06:00:00,00000000270,20230429060000,0.066,0.001,0.037,0.0,0.0,0.0,1.0,1.52,56.06,4,0.0,0.0,589376
2023-04-29 07:00:00,00000000270,20230429070000,0.053,0.0,0.036,0.0,0.0,0.0,1.0,0.0,67.92,4,0.0,0.0,589376
2023-04-29 08:00:00,00000000270,20230429080000,0.117,0.001,0.035,0.0,0.0,0.0,1.0,0.85,29.91,4,0.0,0.0,589376
2023-04-29 09:00:00,00000000270,20230429090000,0.08,0.001,0.032,0.0,0.0,0.0,1.0,1.25,40.0,4,0.0,0.0,589376
2023-04-29 10:00:00,00000000270,20230429100000,0.051,0.001,0.034,0.0,0.0,0.0,1.0,1.96,66.67,4,0.0,0.0,589376
2023-04-29 11:00:00,00000000270,20230429110000,0.05,0.0,0.036,0.0,0.0,0.0,1.0,0.0,72.0,4,0.0,0.0,589376
2023-04-29 12:00:00,00000000270,20230429120000,0.05,0.001,0.036,0.0,0.0,0.0,1.0,2.0,72.0,4,0.0,0.0,589376
2023-04-29 13:00:00,00000000270,20230429130000,0.046,0.001,0.035,0.0,0.0,0.0,1.0,2.17,76.09,4,0.0,0.0,589376
2023-04-29 14:00:00,00000000270,20230429140000,0.05,0.001,0.037,0.0,0.0,0.0,1.0,2.0,74.0,4,0.0,0.0,589376
2023-04-29 15:00:00,00000000270,20230429150000,0.048,0.0,0.036,0.0,0.0,0.0,1.0,0.0,75.0,4,0.0,0.0,589376
2023-04-29 16:00:00,00000000270,20230429160000,0.048,0.001,0.036,0.0,0.0,0.0,1.0,2.08,75.0,4,0.0,0.0,589376
2023-04-29 17:00:00,00000000270,20230429170000,0.049,0.001,0.036,0.0,0.0,0.0,1.0,2.04,73.47,4,0.0,0.0,589376
2023-04-29 18:00:00,00000000270,20230429180000,0.047,0.001,0.034,0.0,0.0,0.0,1.0,2.13,72.34,4,0.0,0.0,589376
2023-04-29 19:00:00,00000000270,20230429190000,0.049,0.0,0.036,0.0,0.0,0.0,1.0,0.0,73.47,4,0.0,0.0,589376
2023-04-29 20:00:00,00000000270,20230429200000,0.049,0.001,0.033,0.0,0.0,0.0,1.0,2.04,67.35,4,0.0,0.0,589376
2023-04-29 21:00:00,00000000270,20230429210000,0.046,0.001,0.034,0.0,0.0,0.0,1.0,2.17,73.91,4,0.0,0.0,589376
2023-04-29 22:00:00,00000000270,20230429220000,0.046,0.001,0.033,0.0,0.0,0.0,1.0,2.17,71.74,4,0.0,0.0,589376
2023-04-29 23:00:00,00000000270,20230429230000,0.055,0.0,0.037,0.0,0.0,0.0,1.0,0.0,67.27,4,0.0,0.0,589376
2023-04-30 00:00:00,00000000270,20230430000000,0.055,0.001,0.035,0.0,0.0,0.0,1.0,1.82,63.64,4,0.0,0.0,589376
2023-04-30 01:00:00,00000000270,20230430010000,0.058,0.001,0.036,0.0,0.0,0.0,1.0,1.72,62.07,4,0.0,0.0,589376
2023-04-30 02:00:00,00000000270,20230430020000,0.084,0.001,0.036,0.0,0.0,0.0,1.0,1.19,42.86,4,0.0,0.0,589376
2023-04-30 03:00:00,00000000270,20230430030000,0.116,0.001,0.032,0.0,0.0,0.0,1.0,0.86,27.59,4,0.0,0.0,589376
2023-04-30 04:00:00,00000000270,20230430040000,0.052,0.0,0.036,0.0,0.0,0.0,1.0,0.0,69.23,4,0.0,0.0,589376
2023-04-30 05:00:00,00000000270,20230430050000,0.051,0.001,0.036,0.0,0.0,0.0,1.0,1.96,70.59,4,0.0,0.0,589376
2023-04-30 06:00:00,00000000270,20230430060000,0.241,0.001,0.037,0.0,0.0,0.0,1.0,0.41,15.35,4,0.0,0.0,589376
2023-04-30 07:00:00,00000000270,20230430070000,0.046,0.001,0.037,0.0,0.0,0.0,1.0,2.17,80.43,4,0.0,0.0,589376
2023-04-30 08:00:00,00000000270,20230430080000,0.197,0.001,0.036,0.0,0.0,0.0,1.0,0.51,18.27,4,0.0,0.0,589376
2023-04-30 09:00:00,00000000270,20230430090000,0.063,0.0,0.041,0.0,0.0,0.0,1.0,0.0,65.08,4,0.0,0.0,589376
2023-04-30 10:00:00,00000000270,20230430100000,0.053,0.001,0.038,0.0,0.0,0.0,1.0,1.89,71.7,4,0.0,0.0,589376
2023-04-30 11:00:00,00000000270,20230430110000,0.052,0.001,0.036,0.0,0.0,0.0,1.0,1.92,69.23,4,0.0,0.0,589376
2023-04-30 12:00:00,00000000270,20230430120000,0.049,0.0,0.037,0.0,0.0,0.0,1.0,0.0,75.51,4,0.0,0.0,589376
2023-04-30 13:00:00,00000000270,20230430130000,0.048,0.001,0.037,0.0,0.0,0.0,1.0,2.08,77.08,4,0.0,0.0,589376
2023-04-30 14:00:00,00000000270,20230430140000,0.048,0.001,0.039,0.0,0.0,0.0,1.0,2.08,81.25,4,0.0,0.0,589376
2023-04-30 15:00:00,00000000270,20230430150000,0.052,0.0,0.037,0.0,0.0,0.0,1.0,0.0,71.15,4,0.0,0.0,589376
2023-04-30 16:00:00,00000000270,20230430160000,0.051,0.001,0.038,0.0,0.0,0.0,1.0,1.96,74.51,4,0.0,0.0,589376
2023-04-30 17:00:00,00000000270,20230430170000,0.053,0.0,0.038,0.0,0.0,0.0,1.0,0.0,71.7,4,0.0,0.0,589376
2023-04-30 18:00:00,00000000270,20230430180000,0.053,0.001,0.037,0.0,0.0,0.0,1.0,1.89,69.81,4,0.0,0.0,589376
2023-04-30 19:00:00,00000000270,20230430190000,0.052,0.001,0.037,0.0,0.0,0.0,1.0,1.92,71.15,4,0.0,0.0,589376
2023-04-30 20:00:00,00000000270,20230430200000,0.056,0.0,0.038,0.0,0.0,0.0,1.0,0.0,67.86,4,0.0,0.0,589376
2023-04-30 21:00:00,00000000270,20230430210000,0.158,0.001,0.037,0.0,0.0,0.0,1.0,0.63,23.42,4,0.0,0.0,589376
2023-04-30 22:00:00,00000000270,20230430220000,0.076,0.001,0.034,0.0,0.0,0.0,1.0,1.32,44.74,4,0.0,0.0,589376
2023-04-30 23:00:00,00000000270,20230430230000,0.053,0.0,0.035,0.0,0.0,0.0,1.0,0.0,66.04,4,0.0,0.0,589376
2023-05-01 00:00:00,00000000270,20230501000000,0.053,0.001,0.037,0.0,0.0,0.0,1.0,1.89,69.81,4,0.0,0.0,589376
2023-05-01 01:00:00,00000000270,20230501010000,0.05,0.001,0.037,0.0,0.0,0.0,1.0,2.0,74.0,4,0.0,0.0,589376
2023-05-01 02:00:00,00000000270,20230501020000,0.056,0.0,0.038,0.0,0.0,0.0,1.0,0.0,67.86,4,0.0,0.0,589376
2023-05-01 03:00:00,00000000270,20230501030000,0.052,0.001,0.037,0.0,0.0,0.0,1.0,1.92,71.15,4,0.0,0.0,589376
2023-05-01 04:00:00,00000000270,20230501040000,0.053,0.001,0.039,0.0,0.0,0.0,1.0,1.89,73.58,4,0.0,0.0,589376
2023-05-01 05:00:00,00000000270,20230501050000,0.048,0.001,0.038,0.0,0.0,0.0,1.0,2.08,79.17,4,0.0,0.0,589376
2023-05-01 06:00:00,00000000270,20230501060000,0.05,0.0,0.038,0.0,0.0,0.0,1.0,0.0,76.0,4,0.0,0.0,589376
2023-05-01 07:00:00,00000000270,20230501070000,0.047,0.001,0.038,0.0,0.0,0.0,1.0,2.13,80.85,4,0.0,0.0,589376
2023-05-01 08:00:00,00000000270,20230501080000,0.049,0.001,0.038,0.0,0.0,0.0,1.0,2.04,77.55,4,0.0,0.0,589376
2023-05-01 09:00:00,00000000270,20230501090000,0.051,0.001,0.037,0.0,0.0,0.0,1.0,1.96,72.55,4,0.0,0.0,589376
2023-05-01 10:00:00,00000000270,20230501100000,0.049,0.001,0.036,0.0,0.0,0.0,1.0,2.04,73.47,4,0.0,0.0,589376
2023-05-01 11:00:00,00000000270,20230501110000,0.048,0.0,0.036,0.0,0.0,0.0,1.0,0.0,75.0,4,0.0,0.0,589376
2023-05-01 12:00:00,00000000270,20230501120000,0.051,0.001,0.037,0.0,0.0,0.0,1.0,1.96,72.55,4,0.0,0.0,589376
2023-05-01 13:00:00,00000000270,20230501130000,0.049,0.001,0.036,0.0,0.0,0.0,1.0,2.04,73.47,4,0.0,0.0,589376
2023-05-01 14:00:00,00000000270,20230501140000,0.047,0.0,0.036,0.0,0.0,0.0,1.0,0.0,76.6,4,0.0,0.0,589376
2023-05-01 15:00:00,00000000270,20230501150000,0.05,0.001,0.037,0.0,0.0,0.0,1.0,2.0,74.0,4,0.0,0.0,589376
2023-05-01 16:00:00,00000000270,20230501160000,0.049,0.001,0.036,0.0,0.0,0.0,1.0,2.04,73.47,4,0.0,0.0,589376
2023-05-01 17:00:00,00000000270,20230501170000,0.131,0.001,0.036,0.0,0.0,0.0,1.0,0.76,27.48,4,0.0,0.0,589376
2023-05-01 18:00:00,00000000270,20230501180000,0.065,0.0,0.034,0.0,0.0,0.0,1.0,0.0,52.31,4,0.0,0.0,589376
2023-05-01 19:00:00,00000000270,20230501190000,0.051,0.001,0.034,0.0,0.0,0.0,1.0,1.96,66.67,4,0.0,0.0,589376
2023-05-01 20:00:00,00000000270,20230501200000,0.055,0.001,0.034,0.0,0.0,0.0,1.0,1.82,61.82,4,0.0,0.0,589376
2023-05-01 21:00:00,00000000270,20230501210000,0.049,0.001,0.033,0.0,0.0,0.0,1.0,2.04,67.35,4,0.0,0.0,589376
2023-05-01 22:00:00,00000000270,20230501220000,0.052,0.0,0.035,0.0,0.0,0.0,1.0,0.0,67.31,4,0.0,0.0,589376
2023-05-01 23:00:00,00000000270,20230501230000,0.05,0.001,0.035,0.0,0.0,0.0,1.0,2.0,70.0,4,0.0,0.0,589376
2023-05-02 00:00:00,00000000270,20230502000000,0.047,0.001,0.034,0.0,0.0,0.0,1.0,2.13,72.34,4,0.0,0.0,589376
2023-05-02 01:00:00,00000000270,20230502010000,0.05,0.001,0.036,0.0,0.0,0.0,1.0,2.0,72.0,4,0.0,0.0,589376
2023-05-02 02:00:00,00000000270,20230502020000,0.051,0.0,0.037,0.0,0.0,0.0,1.0,0.0,72.55,4,0.0,0.0,589376
2023-05-02 03:00:00,00000000270,20230502030000,0.046,0.001,0.036,0.0,0.0,0.0,1.0,2.17,78.26,4,0.0,0.0,589376
2023-05-02 04:00:00,00000000270,20230502040000,0.048,0.001,0.036,0.0,0.0,0.0,1.0,2.08,75.0,4,0.0,0.0,589376
2023-05-02 05:00:00,00000000270,20230502050000,0.049,0.001,0.037,0.0,0.0,0.0,1.0,2.04,75.51,4,0.0,0.0,589376
2023-05-02 06:00:00,00000000270,20230502060000,0.047,0.0,0.037,0.0,0.0,0.0,1.0,0.0,78.72,4,0.0,0.0,589376
2023-05-02 07:00:00,00000000270,20230502070000,0.044,0.001,0.037,0.0,0.0,0.0,1.0,2.27,84.09,4,0.0,0.0,589376
2023-05-02 08:00:00,00000000270,20230502080000,0.041,0.001,0.036,0.0,0.0,0.0,1.0,2.44,87.8,4,0.0,0.0,589376
2023-05-02 09:00:00,00000000270,20230502090000,0.046,0.001,0.037,0.0,0.0,0.0,1.0,2.17,80.43,4,0.0,0.0,589376
2023-05-02 10:00:00,00000000270,20230502100000,0.046,0.001,0.036,0.0,0.0,0.0,1.0,2.17,78.26,4,0.0,0.0,589376
2023-05-02 11:00:00,00000000270,20230502110000,0.041,0.0,0.036,0.0,0.0,0.0,1.0,0.0,87.8,4,0.0,0.0,589376
2023-05-02 12:00:00,00000000270,20230502120000,0.05,0.001,0.036,0.0,0.0,0.0,1.0,2.0,72.0,4,0.0,0.0,589376
2023-05-02 13:00:00,00000000270,20230502130000,0.05,0.001,0.037,0.0,0.0,0.0,1.0,2.0,74.0,4,0.0,0.0,589376
2023-05-02 14:00:00,00000000270,20230502140000,0.048,0.0,0.035,0.0,0.0,0.0,1.0,0.0,72.92,4,0.0,0.0,589376
2023-05-02 15:00:00,00000000270,20230502150000,0.05,0.001,0.036,0.0,0.0,0.0,1.0,2.0,72.0,4,0.0,0.0,589376
2023-05-02 16:00:00,00000000270,20230502160000,0.047,0.001,0.035,0.0,0.0,0.0,1.0,2.13,74.47,4,0.0,0.0,589376
2023-05-02 17:00:00,00000000270,20230502170000,0.051,0.001,0.036,0.0,0.0,0.0,1.0,1.96,70.59,4,0.0,0.0,589376
2023-05-02 18:00:00,00000000270,20230502180000,0.098,0.0,0.035,0.0,0.0,0.0,1.0,0.0,35.71,4,0.0,0.0,589376
2023-05-02 19:00:00,00000000270,20230502190000,0.096,0.001,0.032,0.0,0.0,0.0,1.0,1.04,33.33,4,0.0,0.0,589376
2023-05-02 20:00:00,00000000270,20230502200000,0.05,0.001,0.034,0.0,0.0,0.0,1.0,2.0,68.0,4,0.0,0.0,589376
2023-05-02 21:00:00,00000000270,20230502210000,0.047,0.001,0.033,0.0,0.0,0.0,1.0,2.13,70.21,4,0.0,0.0,589376
2023-05-02 22:00:00,00000000270,20230502220000,0.049,0.0,0.034,0.0,0.0,0.0,1.0,0.0,69.39,4,0.0,0.0,589376
2023-05-02 23:00:00,00000000270,20230502230000,0.05,0.001,0.034,0.0,0.0,0.0,1.0,2.0,68.0,4,0.0,0.0,589376
2023-05-03 00:00:00,00000000270,20230503000000,0.047,0.001,0.035,0.0,0.0,0.0,1.0,2.13,74.47,4,0.0,0.0,589376
2023-05-03 01:00:00,00000000270,20230503010000,0.047,0.001,0.036,0.0,0.0,0.0,1.0,2.13,76.6,4,0.0,0.0,589376
2023-05-03 02:00:00,00000000270,20230503020000,0.049,0.0,0.036,0.0,0.0,0.0,1.0,0.0,73.47,4,0.0,0.0,589376
2023-05-03 03:00:00,00000000270,20230503030000,0.046,0.001,0.035,0.0,0.0,0.0,1.0,2.17,76.09,4,0.0,0.0,589376
2023-05-03 04:00:00,00000000270,20230503040000,0.05,0.001,0.037,0.0,0.0,0.0,1.0,2.0,74.0,4,0.0,0.0,589376
2023-05-03 05:00:00,00000000270,20230503050000,0.049,0.001,0.036,0.0,0.0,0.0,1.0,2.04,73.47,4,0.0,0.0,589376
2023-05-03 06:00:00,00000000270,20230503060000,0.044,0.0,0.037,0.0,0.0,0.0,1.0,0.0,84.09,4,0.0,0.0,589376
2023-05-03 07:00:00,00000000270,20230503070000,0.044,0.001,0.037,0.0,0.0,0.0,1.0,2.27,84.09,4,0.0,0.0,589376
2023-05-03 08:00:00,00000000270,20230503080000,0.044,0.001,0.036,0.0,0.0,0.0,1.0,2.27,81.82,4,0.0,0.0,589376
2023-05-03 09:00:00,00000000270,20230503090000,0.044,0.001,0.035,0.0,0.0,0.0,1.0,2.27,79.55,4,0.0,0.0,589376
2023-05-03 10:00:00,00000000270,20230503100000,0.043,0.0,0.036,0.0,0.0,0.0,1.0,0.0,83.72,4,0.0,0.0,589376
2023-05-03 11:00:00,00000000270,20230503110000,0.048,0.001,0.035,0.0,0.0,0.0,1.0,2.08,72.92,4,0.0,0.0,589376
2023-05-03 12:00:00,00000000270,20230503120000,0.046,0.001,0.035,0.0,0.0,0.0,1.0,2.17,76.09,4,0.0,0.0,589376
2023-05-03 13:00:00,00000000270,20230503130000,0.049,0.001,0.035,0.0,0.0,0.0,1.0,2.04,71.43,4,0.0,0.0,589376
2023-05-03 14:00:00,00000000270,20230503140000,0.05,0.0,0.036,0.0,0.0,0.0,1.0,0.0,72.0,4,0.0,0.0,589376
2023-05-03 15:00:00,00000000270,20230503150000,0.046,0.001,0.035,0.0,0.0,0.0,1.0,2.17,76.09,4,0.0,0.0,589376
2023-05-03 16:00:00,00000000270,20230503160000,0.051,0.001,0.036,0.0,0.0,0.0,1.0,1.96,70.59,4,0.0,0.0,589376
2023-05-03 17:00:00,00000000270,20230503170000,0.046,0.001,0.035,0.0,0.0,0.0,1.0,2.17,76.09,4,0.0,0.0,589376
2023-05-03 18:00:00,00000000270,20230503180000,0.05,0.0,0.035,0.0,0.0,0.0,1.0,0.0,70.0,4,0.0,0.0,589376
2023-05-03 19:00:00,00000000270,20230503190000,0.045,0.001,0.035,0.0,0.0,0.0,1.0,2.22,77.78,4,0.0,0.0,589376
2023-05-03 20:00:00,00000000270,20230503200000,0.116,0.001,0.034,0.0,0.0,0.0,1.0,0.86,29.31,4,0.0,0.0,589376
2023-05-03 21:00:00,00000000270,20230503210000,0.058,0.0,0.031,0.0,0.0,0.0,1.0,0.0,53.45,4,0.0,0.0,589376
2023-05-03 22:00:00,00000000270,20230503220000,0.051,0.001,0.034,0.0,0.0,0.0,1.0,1.96,66.67,4,0.0,0.0,589376
2023-05-03 23:00:00,00000000270,20230503230000,0.047,0.001,0.034,0.0,0.0,0.0,1.0,2.13,72.34,4,0.0,0.0,589376
2023-05-04 00:00:00,00000000270,20230504000000,0.05,0.001,0.035,0.0,0.0,0.0,1.0,2.0,70.0,4,0.0,0.0,589376
2023-05-04 01:00:00,00000000270,20230504010000,0.047,0.0,0.034,0.0,0.0,0.0,1.0,0.0,72.34,4,0.0,0.0,589376
2023-05-04 02:00:00,00000000270,20230504020000,0.049,0.001,0.036,0.0,0.0,0.0,1.0,2.04,73.47,4,0.0,0.0,589376
2023-05-04 03:00:00,00000000270,20230504030000,0.048,0.001,0.035,0.0,0.0,0.0,1.0,2.08,72.92,4,0.0,0.0,589376
2023-05-04 04:00:00,00000000270,20230504040000,0.049,0.0,0.036,0.0,0.0,0.0,1.0,0.0,73.47,4,0.0,0.0,589376
2023-05-04 05:00:00,00000000270,20230504050000,0.049,0.001,0.036,0.0,0.0,0.0,1.0,2.04,73.47,4,0.0,0.0,589376
2023-05-04 06:00:00,00000000270,20230504060000,0.046,0.001,0.037,0.0,0.0,0.0,1.0,2.17,80.43,4,0.0,0.0,589376
2023-05-04 07:00:00,00000000270,20230504070000,0.051,0.001,0.036,0.0,0.0,0.0,1.0,1.96,70.59,4,0.0,0.0,589376
2023-05-04 08:00:00,00000000270,20230504080000,0.047,0.0,0.035,0.0,0.0,0.0,1.0,0.0,74.47,4,0.0,0.0,589376
2023-05-04 09:00:00,00000000270,20230504090000,0.05,0.001,0.036,0.0,0.0,0.0,1.0,2.0,72.0,4,0.0,0.0,589376
2023-05-04 10:00:00,00000000270,20230504100000,0.047,0.001,0.035,0.0,0.0,0.0,1.0,2.13,74.47,4,0.0,0.0,589376
2023-05-04 11:00:00,00000000270,20230504110000,0.047,0.001,0.035,0.0,0.0,0.0,1.0,2.13,74.47,4,0.0,0.0,589376
2023-05-04 12:00:00,00000000270,20230504120000,0.048,0.0,0.036,0.0,0.0,0.0,1.0,0.0,75.0,4,0.0,0.0,589376
2023-05-04 13:00:00,00000000270,20230504130000,0.048,0.001,0.035,0.0,0.0,0.0,1.0,2.08,72.92,4,0.0,0.0,589376
2023-05-04 14:00:00,00000000270,20230504140000,0.049,0.001,0.036,0.0,0.0,0.0,1.0,2.04,73.47,4,0.0,0.0,589376
2023-05-04 15:00:00,00000000270,20230504150000,0.048,0.0,0.036,0.0,0.0,0.0,1.0,0.0,75.0,4,0.0,0.0,589376
2023-05-04 16:00:00,00000000270,20230504160000,0.047,0.001,0.035,0.0,0.0,0.0,1.0,2.13,74.47,4,0.0,0.0,589376
2023-05-04 17:00:00,00000000270,20230504170000,0.052,0.001,0.035,0.0,0.0,0.0,1.0,1.92,67.31,4,0.0,0.0,589376
2023-05-04 18:00:00,00000000270,20230504180000,0.048,0.0,0.035,0.0,0.0,0.0,1.0,0.0,72.92,4,0.0,0.0,589376
2023-05-04 19:00:00,00000000270,20230504190000,0.047,0.001,0.035,0.0,0.0,0.0,1.0,2.13,74.47,4,0.0,0.0,589376
2023-05-04 20:00:00,00000000270,20230504200000,0.051,0.001,0.035,0.0,0.0,0.0,1.0,1.96,68.63,4,0.0,0.0,589376
2023-05-04 21:00:00,00000000270,20230504210000,0.047,0.001,0.033,0.0,0.0,0.0,1.0,2.13,70.21,4,0.0,0.0,589376
2023-05-04 22:00:00,00000000270,20230504220000,0.13,0.0,0.032,0.0,0.0,0.0,1.0,0.0,24.62,4,0.0,0.0,589376
2023-05-04 23:00:00,00000000270,20230504230000,0.053,0.001,0.035,0.0,0.0,0.0,1.0,1.89,66.04,4,0.0,0.0,589376
2023-05-05 00:00:00,00000000270,20230505000000,0.047,0.001,0.034,0.0,0.0,0.0,1.0,2.13,72.34,4,0.0,0.0,589376
2023-05-05 01:00:00,00000000270,20230505010000,0.048,0.0,0.035,0.0,0.0,0.0,1.0,0.0,72.92,4,0.0,0.0,589376
2023-05-05 02:00:00,00000000270,20230505020000,0.048,0.001,0.037,0.0,0.0,0.0,1.0,2.08,77.08,4,0.0,0.0,589376
2023-05-05 03:00:00,00000000270,20230505030000,0.047,0.001,0.035,0.0,0.0,0.0,1.0,2.13,74.47,4,0.0,0.0,589376
2023-05-05 04:00:00,00000000270,20230505040000,0.05,0.001,0.036,0.0,0.0,0.0,1.0,2.0,72.0,4,0.0,0.0,589376
2023-05-05 05:00:00,00000000270,20230505050000,0.047,0.0,0.036,0.0,0.0,0.0,1.0,0.0,76.6,4,0.0,0.0,589376
2023-05-05 06:00:00,00000000270,20230505060000,0.05,0.001,0.037,0.0,0.0,0.0,1.0,2.0,74.0,4,0.0,0.0,589376
2023-05-05 07:00:00,00000000270,20230505070000,0.045,0.001,0.036,0.0,0.0,0.0,1.0,2.22,80.0,4,0.0,0.0,589376
2023-05-05 08:00:00,00000000270,20230505080000,0.055,0.0,0.036,0.0,0.0,0.0,1.0,0.0,65.45,4,0.0,0.0,589376
2023-05-05 09:00:00,00000000270,20230505090000,0.046,0.001,0.034,0.0,0.0,0.0,1.0,2.17,73.91,4,0.0,0.0,589376
2023-05-05 10:00:00,00000000270,20230505100000,0.048,0.001,0.034,0.0,0.0,0.0,1.0,2.08,70.83,4,0.0,0.0,589376
2023-05-05 11:00:00,00000000270,20230505110000,0.046,0.0,0.035,0.0,0.0,0.0,1.0,0.0,76.09,4,0.0,0.0,589376
2023-05-05 12:00:00,00000000270,20230505120000,0.04,0.001,0.035,0.0,0.0,0.0,1.0,2.5,87.5,4,0.0,0.0,589376
2023-05-05 13:00:00,00000000270,20230505130000,0.045,0.001,0.036,0.0,0.0,0.0,1.0,2.22,80.0,4,0.0,0.0,589376
2023-05-05 14:00:00,00000000270,20230505140000,0.049,0.0,0.035,0.0,0.0,0.0,1.0,0.0,71.43,4,0.0,0.0,589376
2023-05-05 15:00:00,00000000270,20230505150000,0.048,0.001,0.034,0.0,0.0,0.0,1.0,2.08,70.83,4,0.0,0.0,589376
2023-05-05 16:00:00,00000000270,20230505160000,0.048,0.001,0.034,0.0,0.0,0.0,1.0,2.08,70.83,4,0.0,0.0,589376
2023-05-05 17:00:00,00000000270,20230505170000,0.051,0.0,0.034,0.0,0.0,0.0,1.0,0.0,66.67,4,0.0,0.0,589376
2023-05-05 18:00:00,00000000270,20230505180000,0.047,0.001,0.034,0.0,0.0,0.0,1.0,2.13,72.34,4,0.0,0.0,589376
2023-05-05 19:00:00,00000000270,20230505190000,0.046,0.001,0.033,0.0,0.0,0.0,1.0,2.17,71.74,4,0.0,0.0,589376
2023-05-05 20:00:00,00000000270,20230505200000,0.049,0.001,0.034,0.0,0.0,0.0,1.0,2.04,69.39,4,0.0,0.0,589376
2023-05-05 21:00:00,00000000270,20230505210000,0.047,0.0,0.033,0.0,0.0,0.0,1.0,0.0,70.21,4,0.0,0.0,589376
2023-05-05 22:00:00,00000000270,20230505220000,0.049,0.001,0.034,0.0,0.0,0.0,1.0,2.04,69.39,4,0.0,0.0,589376
2023-05-05 23:00:00,00000000270,20230505230000,0.067,0.001,0.034,0.0,0.0,0.0,1.0,1.49,50.75,4,0.0,0.0,589376
2023-05-06 00:00:00,00000000270,20230506000000,0.124,0.0,0.031,0.0,0.0,0.0,1.0,0.0,25.0,4,0.0,0.0,589376
2023-05-06 01:00:00,00000000270,20230506010000,0.049,0.001,0.035,0.0,0.0,0.0,1.0,2.04,71.43,4,0.0,0.0,589376
2023-05-06 02:00:00,00000000270,20230506020000,0.047,0.001,0.035,0.0,0.0,0.0,1.0,2.13,74.47,4,0.0,0.0,589376
2023-05-06 03:00:00,00000000270,20230506030000,0.048,0.001,0.037,0.0,0.0,0.0,1.0,2.08,77.08,4,0.0,0.0,589376
2023-05-06 04:00:00,00000000270,20230506040000,0.047,0.0,0.035,0.0,0.0,0.0,1.0,0.0,74.47,4,0.0,0.0,589376
2023-05-06 05:00:00,00000000270,20230506050000,0.049,0.001,0.037,0.0,0.0,0.0,1.0,2.04,75.51,4,0.0,0.0,589376
2023-05-06 06:00:00,00000000270,20230506060000,0.046,0.001,0.036,0.0,0.0,0.0,1.0,2.17,78.26,4,0.0,0.0,589376
2023-05-06 07:00:00,00000000270,20230506070000,0.05,0.0,0.037,0.0,0.0,0.0,1.0,0.0,74.0,4,0.0,0.0,589376
2023-05-06 08:00:00,00000000270,20230506080000,0.047,0.001,0.036,0.0,0.0,0.0,1.0,2.13,76.6,4,0.0,0.0,589376
2023-05-06 09:00:00,00000000270,20230506090000,0.049,0.001,0.035,0.0,0.0,0.0,1.0,2.04,71.43,4,0.0,0.0,589376
2023-05-06 10:00:00,00000000270,20230506100000,0.045,0.001,0.035,0.0,0.0,0.0,1.0,2.22,77.78,4,0.0,0.0,589376
2023-05-06 11:00:00,00000000270,20230506110000,0.048,0.0,0.035,0.0,0.0,0.0,1.0,0.0,72.92,4,0.0,0.0,589376
2023-05-06 12:00:00,00000000270,20230506120000,0.046,0.001,0.035,0.0,0.0,0.0,1.0,2.17,76.09,4,0.0,0.0,589376
2023-05-06 13:00:00,00000000270,20230506130000,0.047,0.001,0.034,0.0,0.0,0.0,1.0,2.13,72.34,4,0.0,0.0,589376
2023-05-06 14:00:00,00000000270,20230506140000,0.052,0.0,0.036,0.0,0.0,0.0,1.0,0.0,69.23,4,0.0,0.0,589376
2023-05-06 15:00:00,00000000270,20230506150000,0.045,0.001,0.036,0.0,0.0,0.0,1.0,2.22,80.0,4,0.0,0.0,589376
2023-05-06 16:00:00,00000000270,20230506160000,0.05,0.001,0.035,0.0,0.0,0.0,1.0,2.0,70.0,4,0.0,0.0,589376
2023-05-06 17:00:00,00000000270,20230506170000,0.049,0.001,0.036,0.0,0.0,0.0,1.0,2.04,73.47,4,0.0,0.0,589376
2023-05-06 18:00:00,00000000270,20230506180000,0.128,0.0,0.032,0.0,0.0,0.0,1.0,0.0,25.0,4,0.0,0.0,589376
2023-05-06 19:00:00,00000000270,20230506190000,0.298,0.001,0.033,0.0,0.0,0.0,1.0,0.34,11.07,4,0.0,0.0,589376
2023-05-06 20:00:00,00000000270,20230506200000,0.045,0.001,0.034,0.0,0.0,0.0,1.0,2.22,75.56,4,0.0,0.0,589376
2023-05-06 21:00:00,00000000270,20230506210000,0.196,0.0,0.033,0.0,0.0,0.0,1.0,0.0,16.84,4,0.0,0.0,589376
2023-05-06 22:00:00,00000000270,20230506220000,0.048,0.001,0.034,0.0,0.0,0.0,1.0,2.08,70.83,4,0.0,0.0,589376
2023-05-06 23:00:00,00000000270,20230506230000,0.059,0.001,0.035,0.0,0.0,0.0,1.0,1.69,59.32,4,0.0,0.0,589376
2023-05-07 00:00:00,00000000270,20230507000000,0.054,0.0,0.034,0.0,0.0,0.0,1.0,0.0,62.96,4,0.0,0.0,589376
2023-05-07 01:00:00,00000000270,20230507010000,0.053,0.001,0.036,0.0,0.0,0.0,1.0,1.89,67.92,4,0.0,0.0,589376
2023-05-07 02:00:00,00000000270,20230507020000,0.046,0.001,0.035,0.0,0.0,0.0,1.0,2.17,76.09,4,0.0,0.0,589376
2023-05-07 03:00:00,00000000270,20230507030000,0.053,0.001,0.036,0.0,0.0,0.0,1.0,1.89,67.92,4,0.0,0.0,589376
2023-05-07 04:00:00,00000000270,20230507040000,0.049,0.0,0.035,0.0,0.0,0.0,1.0,0.0,71.43,4,0.0,0.0,589376
2023-05-07 05:00:00,00000000270,20230507050000,0.064,0.008,0.033,0.0,0.0,0.0,1.0,12.5,51.56,4,0.0,0.0,589376
2023-05-07 06:00:00,00000000270,20230507060000,0.045,0.001,0.036,0.0,0.0,0.0,1.0,2.22,80.0,4,0.0,0.0,589376
2023-05-07 07:00:00,00000000270,20230507070000,0.058,0.0,0.037,0.0,0.0,0.0,1.0,0.0,63.79,4,0.0,0.0,589376
2023-05-07 08:00:00,00000000270,20230507080000,0.047,0.001,0.035,0.0,0.0,0.0,1.0,2.13,74.47,4,0.0,0.0,589376
2023-05-07 09:00:00,00000000270,20230507090000,0.054,0.001,0.036,0.0,0.0,0.0,1.0,1.85,66.67,4,0.0,0.0,589376
2023-05-07 10:00:00,00000000270,20230507100000,0.123,0.0,0.035,0.0,0.0,0.0,1.0,0.0,28.46,4,0.0,0.0,589376
2023-05-07 11:00:00,00000000270,20230507110000,0.084,0.001,0.031,0.0,0.0,0.0,1.0,1.19,36.9,4,0.0,0.0,589376
2023-05-07 12:00:00,00000000270,20230507120000,0.05,0.001,0.035,0.0,0.0,0.0,1.0,2.0,70.0,4,0.0,0.0,589376
2023-05-07 13:00:00,00000000270,20230507130000,0.05,0.001,0.035,0.0,0.0,0.0,1.0,2.0,70.0,4,0.0,0.0,589376
2023-05-07 14:00:00,00000000270,20230507140000,0.052,0.0,0.036,0.0,0.0,0.0,1.0,0.0,69.23,4,0.0,0.0,589376
2023-05-07 15:00:00,00000000270,20230507150000,0.049,0.001,0.035,0.0,0.0,0.0,1.0,2.04,71.43,4,0.0,0.0,589376
2023-05-07 16:00:00,00000000270,20230507160000,0.05,0.001,0.035,0.0,0.0,0.0,1.0,2.0,70.0,4,0.0,0.0,589376
2023-05-07 17:00:00,00000000270,20230507170000,0.049,0.0,0.035,0.0,0.0,0.0,1.0,0.0,71.43,4,0.0,0.0,589376
2023-05-07 18:00:00,00000000270,20230507180000,0.049,0.001,0.034,0.0,0.0,0.0,1.0,2.04,69.39,4,0.0,0.0,589376
2023-05-07 19:00:00,00000000270,20230507190000,0.052,0.001,0.035,0.0,0.0,0.0,1.0,1.92,67.31,4,0.0,0.0,589376
2023-05-07 20:00:00,00000000270,20230507200000,0.063,0.006,0.029,0.0,0.0,0.0,1.0,9.52,46.03,4,0.0,0.0,589376
2023-05-07 21:00:00,00000000270,20230507210000,0.127,0.026,0.016,0.0,0.0,0.0,1.0,20.47,12.6,4,0.0,0.0,589376
2023-05-07 22:00:00,00000000270,20230507220000,0.107,0.014,0.025,0.0,0.0,0.0,1.0,13.08,23.36,4,0.0,0.0,589376
2023-05-07 23:00:00,00000000270,20230507230000,0.06,0.001,0.035,0.0,0.0,0.0,1.0,1.67,58.33,4,0.0,0.0,589376
2023-05-08 00:00:00,00000000270,20230508000000,0.054,0.001,0.036,0.0,0.0,0.0,1.0,1.85,66.67,4,0.0,0.0,589376
2023-05-08 01:00:00,00000000270,20230508010000,0.048,0.001,0.034,0.0,0.0,0.0,1.0,2.08,70.83,4,0.0,0.0,589376
2023-05-08 02:00:00,00000000270,20230508020000,0.051,0.0,0.036,0.0,0.0,0.0,1.0,0.0,70.59,4,0.0,0.0,589376
2023-05-08 03:00:00,00000000270,20230508030000,0.094,0.001,0.036,0.0,0.0,0.0,1.0,1.06,38.3,4,0.0,0.0,589376
2023-05-08 04:00:00,00000000270,20230508040000,0.097,0.001,0.032,0.0,0.0,0.0,1.0,1.03,32.99,4,0.0,0.0,589376
2023-05-08 05:00:00,00000000270,20230508050000,0.055,0.001,0.037,0.0,0.0,0.0,1.0,1.82,67.27,4,0.0,0.0,589376
2023-05-08 06:00:00,00000000270,20230508060000,1.252,0.373,0.017,0.0,0.0,0.0,1.0,29.79,1.36,4,0.0,0.0,589376
2023-05-08 07:00:00,00000000270,20230508070000,0.151,0.35,0.012,0.0,0.0,0.0,1.0,231.79,7.95,4,0.0,0.0,589376
2023-05-08 08:00:00,00000000270,20230508080000,0.052,0.001,0.035,0.0,0.0,0.0,1.0,1.92,67.31,4,0.0,0.0,589376
2023-05-08 09:00:00,00000000270,20230508090000,0.045,0.0,0.034,0.0,0.0,0.0,1.0,0.0,75.56,4,0.0,0.0,589376
2023-05-08 10:00:00,00000000270,20230508100000,0.052,0.001,0.035,0.0,0.0,0.0,1.0,1.92,67.31,4,0.0,0.0,589376
2023-05-08 11:00:00,00000000270,20230508110000,0.045,0.001,0.034,0.0,0.0,0.0,1.0,2.22,75.56,4,0.0,0.0,589376
2023-05-08 12:00:00,00000000270,20230508120000,0.052,0.001,0.034,0.0,0.0,0.0,1.0,1.92,65.38,4,0.0,0.0,589376
2023-05-08 13:00:00,00000000270,20230508130000,0.048,0.0,0.034,0.0,0.0,0.0,1.0,0.0,70.83,4,0.0,0.0,589376
2023-05-08 14:00:00,00000000270,20230508140000,0.048,0.001,0.035,0.0,0.0,0.0,1.0,2.08,72.92,4,0.0,0.0,589376
2023-05-08 15:00:00,00000000270,20230508150000,2.165,0.178,0.025,0.0,0.0,0.0,1.0,8.22,1.15,4,0.0,0.0,589376
2023-05-08 16:00:00,00000000270,20230508160000,1.575,0.527,0.01,0.0,0.0,0.0,1.0,33.46,0.63,4,0.0,0.0,589376
2023-05-08 17:00:00,00000000270,20230508170000,0.363,0.233,0.018,0.0,0.0,0.0,1.0,64.19,4.96,4,0.0,0.0,589376
2023-05-08 18:00:00,00000000270,20230508180000,0.05,0.0,0.035,0.0,0.0,0.0,1.0,0.0,70.0,4,0.0,0.0,589376
2023-05-08 19:00:00,00000000270,20230508190000,0.05,0.001,0.035,0.0,0.0,0.0,1.0,2.0,70.0,4,0.0,0.0,589376
2023-05-08 20:00:00,00000000270,20230508200000,0.053,0.001,0.034,0.0,0.0,0.0,1.0,1.89,64.15,4,0.0,0.0,589376
2023-05-08 21:00:00,00000000270,20230508210000,0.131,0.0,0.031,0.0,0.0,0.0,1.0,0.0,23.66,4,0.0,0.0,589376
2023-05-08 22:00:00,00000000270,20230508220000,0.062,0.001,0.034,0.0,0.0,0.0,1.0,1.61,54.84,4,0.0,0.0,589376
2023-05-08 23:00:00,00000000270,20230508230000,0.051,0.001,0.033,0.0,0.0,0.0,1.0,1.96,64.71,4,0.0,0.0,589376
2023-05-09 00:00:00,00000000270,20230509000000,0.053,0.001,0.036,0.0,0.0,0.0,1.0,1.89,67.92,4,0.0,0.0,589376
2023-05-09 01:00:00,00000000270,20230509010000,0.05,0.0,0.034,0.0,0.0,0.0,1.0,0.0,68.0,4,0.0,0.0,589376
2023-05-09 02:00:00,00000000270,20230509020000,0.05,0.001,0.036,0.0,0.0,0.0,1.0,2.0,72.0,4,0.0,0.0,589376
2023-05-09 03:00:00,00000000270,20230509030000,0.049,0.001,0.036,0.0,0.0,0.0,1.0,2.04,73.47,4,0.0,0.0,589376
2023-05-09 04:00:00,00000000270,20230509040000,0.048,0.0,0.036,0.0,0.0,0.0,1.0,0.0,75.0,4,0.0,0.0,589376
2023-05-09 05:00:00,00000000270,20230509050000,0.048,0.001,0.036,0.0,0.0,0.0,1.0,2.08,75.0,4,0.0,0.0,589376
2023-05-09 06:00:00,00000000270,20230509060000,0.047,0.001,0.036,0.0,0.0,0.0,1.0,2.13,76.6,4,0.0,0.0,589376
2023-05-09 07:00:00,00000000270,20230509070000,0.046,0.001,0.037,0.0,0.0,0.0,1.0,2.17,80.43,4,0.0,0.0,589376
2023-05-09 08:00:00,00000000270,20230509080000,0.051,0.0,0.035,0.0,0.0,0.0,1.0,0.0,68.63,4,0.0,0.0,589376
2023-05-09 09:00:00,00000000270,20230509090000,0.047,0.001,0.036,0.0,0.0,0.0,1.0,2.13,76.6,4,0.0,0.0,589376
2023-05-09 10:00:00,00000000270,20230509100000,0.048,0.001,0.034,0.0,0.0,0.0,1.0,2.08,70.83,4,0.0,0.0,589376
2023-05-09 11:00:00,00000000270,20230509110000,0.047,0.0,0.036,0.0,0.0,0.0,1.0,0.0,76.6,4,0.0,0.0,589376
2023-05-09 12:00:00,00000000270,20230509120000,0.049,0.001,0.035,0.0,0.0,0.0,1.0,2.04,71.43,4,0.0,0.0,589376
2023-05-09 13:00:00,00000000270,20230509130000,0.046,0.001,0.036,0.0,0.0,0.0,1.0,2.17,78.26,4,0.0,0.0,589376
2023-05-09 14:00:00,00000000270,20230509140000,0.049,0.001,0.035,0.0,0.0,0.0,1.0,2.04,71.43,4,0.0,0.0,589376
2023-05-09 15:00:00,00000000270,20230509150000,0.044,0.0,0.035,0.0,0.0,0.0,1.0,0.0,79.55,4,0.0,0.0,589376
2023-05-09 16:00:00,00000000270,20230509160000,0.052,0.001,0.035,0.0,0.0,0.0,1.0,1.92,67.31,4,0.0,0.0,589376
2023-05-09 17:00:00,00000000270,20230509170000,0.046,0.001,0.035,0.0,0.0,0.0,1.0,2.17,76.09,4,0.0,0.0,589376
2023-05-09 18:00:00,00000000270,20230509180000,0.05,0.0,0.034,0.0,0.0,0.0,1.0,0.0,68.0,4,0.0,0.0,589376
2023-05-09 19:00:00,00000000270,20230509190000,0.049,0.001,0.035,0.0,0.0,0.0,1.0,2.04,71.43,4,0.0,0.0,589376
2023-05-09 20:00:00,00000000270,20230509200000,0.048,0.001,0.033,0.0,0.0,0.0,1.0,2.08,68.75,4,0.0,0.0,589376
2023-05-09 21:00:00,00000000270,20230509210000,0.049,0.0,0.034,0.0,0.0,0.0,1.0,0.0,69.39,4,0.0,0.0,589376
2023-05-09 22:00:00,00000000270,20230509220000,0.122,0.001,0.033,0.0,0.0,0.0,1.0,0.82,27.05,4,0.0,0.0,589376
2023-05-09 23:00:00,00000000270,20230509230000,0.081,0.001,0.031,0.0,0.0,0.0,1.0,1.23,38.27,4,0.0,0.0,589376
2023-05-10 00:00:00,00000000270,20230510000000,0.052,0.001,0.035,0.0,0.0,0.0,1.0,1.92,67.31,4,0.0,0.0,589376
2023-05-10 01:00:00,00000000270,20230510010000,0.049,0.0,0.035,0.0,0.0,0.0,1.0,0.0,71.43,4,0.0,0.0,589376
2023-05-10 02:00:00,00000000270,20230510020000,0.051,0.001,0.036,0.0,0.0,0.0,1.0,1.96,70.59,4,0.0,0.0,589376
2023-05-10 03:00:00,00000000270,20230510030000,0.05,0.001,0.035,0.0,0.0,0.0,1.0,2.0,70.0,4,0.0,0.0,589376
2023-05-10 04:00:00,00000000270,20230510040000,0.051,0.001,0.036,0.0,0.0,0.0,1.0,1.96,70.59,4,0.0,0.0,589376
2023-05-10 05:00:00,00000000270,20230510050000,0.048,0.0,0.037,0.0,0.0,0.0,1.0,0.0,77.08,4,0.0,0.0,589376
2023-05-10 06:00:00,00000000270,20230510060000,0.039,0.001,0.036,0.0,0.0,0.0,1.0,2.56,92.31,4,0.0,0.0,589376
2023-05-10 07:00:00,00000000270,20230510070000,0.044,0.001,0.038,0.0,0.0,0.0,1.0,2.27,86.36,4,0.0,0.0,589376
2023-05-10 08:00:00,00000000270,20230510080000,0.045,0.001,0.036,0.0,0.0,0.0,1.0,2.22,80.0,4,0.0,0.0,589376
2023-05-10 09:00:00,00000000270,20230510090000,0.048,0.0,0.034,0.0,0.0,0.0,1.0,0.0,70.83,4,0.0,0.0,589376
2023-05-10 10:00:00,00000000270,20230510100000,0.05,0.001,0.034,0.0,0.0,0.0,1.0,2.0,68.0,4,0.0,0.0,589376
2023-05-10 11:00:00,00000000270,20230510110000,0.05,0.001,0.035,0.0,0.0,0.0,1.0,2.0,70.0,4,0.0,0.0,589376
2023-05-10 12:00:00,00000000270,20230510120000,0.049,0.001,0.034,0.0,0.0,0.0,1.0,2.04,69.39,4,0.0,0.0,589376
2023-05-10 13:00:00,00000000270,20230510130000,0.049,0.0,0.035,0.0,0.0,0.0,1.0,0.0,71.43,4,0.0,0.0,589376
2023-05-10 14:00:00,00000000270,20230510140000,0.051,0.001,0.035,0.0,0.0,0.0,1.0,1.96,68.63,4,0.0,0.0,589376
2023-05-10 15:00:00,00000000270,20230510150000,0.046,0.001,0.035,0.0,0.0,0.0,1.0,2.17,76.09,4,0.0,0.0,589376
2023-05-10 16:00:00,00000000270,20230510160000,0.051,0.001,0.035,0.0,0.0,0.0,1.0,1.96,68.63,4,0.0,0.0,589376
2023-05-10 17:00:00,00000000270,20230510170000,0.047,0.0,0.035,0.0,0.0,0.0,1.0,0.0,74.47,4,0.0,0.0,589376
2023-05-10 18:00:00,00000000270,20230510180000,0.046,0.001,0.036,0.0,0.0,0.0,1.0,2.17,78.26,4,0.0,0.0,589376
2023-05-10 19:00:00,00000000270,20230510190000,0.042,0.001,0.035,0.0,0.0,0.0,1.0,2.38,83.33,4,0.0,0.0,589376
2023-05-10 20:00:00,00000000270,20230510200000,0.044,0.001,0.034,0.0,0.0,0.0,1.0,2.27,77.27,4,0.0,0.0,589376
2023-05-10 21:00:00,00000000270,20230510210000,0.043,0.0,0.034,0.0,0.0,0.0,1.0,0.0,79.07,4,0.0,0.0,589376
2023-05-10 22:00:00,00000000270,20230510220000,0.048,0.001,0.034,0.0,0.0,0.0,1.0,2.08,70.83,4,0.0,0.0,589376
2023-05-10 23:00:00,00000000270,20230510230000,0.048,0.001,0.033,0.0,0.0,0.0,1.0,2.08,68.75,4,0.0,0.0,589376
2023-05-11 00:00:00,00000000270,20230511000000,0.128,0.001,0.034,0.0,0.0,0.0,1.0,0.78,26.56,4,0.0,0.0,589376
2023-05-11 01:00:00,00000000270,20230511010000,0.057,0.0,0.034,0.0,0.0,0.0,1.0,0.0,59.65,4,0.0,0.0,589376
2023-05-11 02:00:00,00000000270,20230511020000,0.049,0.001,0.035,0.0,0.0,0.0,1.0,2.04,71.43,4,0.0,0.0,589376
2023-05-11 03:00:00,00000000270,20230511030000,0.05,0.001,0.036,0.0,0.0,0.0,1.0,2.0,72.0,4,0.0,0.0,589376
2023-05-11 04:00:00,00000000270,20230511040000,0.051,0.001,0.036,0.0,0.0,0.0,1.0,1.96,70.59,4,0.0,0.0,589376
2023-05-11 05:00:00,00000000270,20230511050000,0.05,0.0,0.035,0.0,0.0,0.0,1.0,0.0,70.0,4,0.0,0.0,589376
2023-05-11 06:00:00,00000000270,20230511060000,0.048,0.001,0.036,0.0,0.0,0.0,1.0,2.08,75.0,4,0.0,0.0,589376
2023-05-11 07:00:00,00000000270,20230511070000,0.051,0.001,0.037,0.0,0.0,0.0,1.0,1.96,72.55,4,0.0,0.0,589376
2023-05-11 08:00:00,00000000270,20230511080000,0.05,0.001,0.035,0.0,0.0,0.0,1.0,2.0,70.0,4,0.0,0.0,589376
2023-05-11 09:00:00,00000000270,20230511090000,0.048,0.0,0.036,0.0,0.0,0.0,1.0,0.0,75.0,4,0.0,0.0,589376
2023-05-11 10:00:00,00000000270,20230511100000,0.045,0.001,0.035,0.0,0.0,0.0,1.0,2.22,77.78,4,0.0,0.0,589376
2023-05-11 11:00:00,00000000270,20230511110000,0.048,0.001,0.035,0.0,0.0,0.0,1.0,2.08,72.92,4,0.0,0.0,589376
2023-05-11 12:00:00,00000000270,20230511120000,0.051,0.001,0.035,0.0,0.0,0.0,1.0,1.96,68.63,4,0.0,0.0,589376
2023-05-11 13:00:00,00000000270,20230511130000,0.049,0.0,0.035,0.0,0.0,0.0,1.0,0.0,71.43,4,0.0,0.0,589376
2023-05-11 14:00:00,00000000270,20230511140000,0.044,0.001,0.035,0.0,0.0,0.0,1.0,2.27,79.55,4,0.0,0.0,589376
2023-05-11 15:00:00,00000000270,20230511150000,0.05,0.001,0.035,0.0,0.0,0.0,1.0,2.0,70.0,4,0.0,0.0,589376
2023-05-11 16:00:00,00000000270,20230511160000,0.045,0.001,0.033,0.0,0.0,0.0,1.0,2.22,73.33,4,0.0,0.0,589376
2023-05-11 17:00:00,00000000270,20230511170000,0.047,0.0,0.035,0.0,0.0,0.0,1.0,0.0,74.47,4,0.0,0.0,589376
2023-05-11 18:00:00,00000000270,20230511180000,0.046,0.001,0.035,0.0,0.0,0.0,1.0,2.17,76.09,4,0.0,0.0,589376
2023-05-11 19:00:00,00000000270,20230511190000,0.036,0.001,0.034,0.0,0.0,0.0,1.0,2.78,94.44,4,0.0,0.0,589376
2023-05-11 20:00:00,00000000270,20230511200000,0.047,0.001,0.034,0.0,0.0,0.0,1.0,2.13,72.34,4,0.0,0.0,589376
2023-05-11 21:00:00,00000000270,20230511210000,0.042,0.0,0.034,0.0,0.0,0.0,1.0,0.0,80.95,4,0.0,0.0,589376
2023-05-11 22:00:00,00000000270,20230511220000,0.048,0.001,0.033,0.0,0.0,0.0,1.0,2.08,68.75,4,0.0,0.0,589376
2023-05-11 23:00:00,00000000270,20230511230000,0.048,0.001,0.034,0.0,0.0,0.0,1.0,2.08,70.83,4,0.0,0.0,589376
2023-05-12 00:00:00,00000000270,20230512000000,0.05,0.001,0.035,0.0,0.0,0.0,1.0,2.0,70.0,4,0.0,0.0,589376
2023-05-12 01:00:00,00000000270,20230512010000,0.073,0.0,0.035,0.0,0.0,0.0,1.0,0.0,47.95,4,0.0,0.0,589376
2023-05-12 02:00:00,00000000270,20230512020000,0.127,0.001,0.033,0.0,0.0,0.0,1.0,0.79,25.98,4,0.0,0.0,589376
2023-05-12 03:00:00,00000000270,20230512030000,0.052,0.001,0.034,0.0,0.0,0.0,1.0,1.92,65.38,4,0.0,0.0,589376
2023-05-12 04:00:00,00000000270,20230512040000,0.047,0.001,0.037,0.0,0.0,0.0,1.0,2.13,78.72,4,0.0,0.0,589376
2023-05-12 05:00:00,00000000270,20230512050000,0.042,0.001,0.037,0.0,0.0,0.0,1.0,2.38,88.1,4,0.0,0.0,589376
2023-05-12 06:00:00,00000000270,20230512060000,0.045,0.0,0.037,0.0,0.0,0.0,1.0,0.0,82.22,4,0.0,0.0,589376
2023-05-12 07:00:00,00000000270,20230512070000,0.04,0.001,0.036,0.0,0.0,0.0,1.0,2.5,90.0,4,0.0,0.0,589376
2023-05-12 08:00:00,00000000270,20230512080000,0.048,0.001,0.035,0.0,0.0,0.0,1.0,2.08,72.92,4,0.0,0.0,589376
2023-05-12 09:00:00,00000000270,20230512090000,0.05,0.0,0.035,0.0,0.0,0.0,1.0,0.0,70.0,4,0.0,0.0,589376
2023-05-12 10:00:00,00000000270,20230512100000,0.05,0.001,0.034,0.0,0.0,0.0,1.0,2.0,68.0,4,0.0,0.0,589376
2023-05-12 11:00:00,00000000270,20230512110000,0.049,0.001,0.035,0.0,0.0,0.0,1.0,2.04,71.43,4,0.0,0.0,589376
2023-05-12 12:00:00,00000000270,20230512120000,0.046,0.001,0.034,0.0,0.0,0.0,1.0,2.17,73.91,4,0.0,0.0,589376
2023-05-12 13:00:00,00000000270,20230512130000,0.048,0.001,0.034,0.0,0.0,0.0,1.0,2.08,70.83,4,0.0,0.0,589376
2023-05-12 14:00:00,00000000270,20230512140000,0.047,0.0,0.035,0.0,0.0,0.0,1.0,0.0,74.47,4,0.0,0.0,589376
2023-05-12 15:00:00,00000000270,20230512150000,0.041,0.001,0.035,0.0,0.0,0.0,1.0,2.44,85.37,4,0.0,0.0,589376
2023-05-12 16:00:00,00000000270,20230512160000,0.046,0.001,0.034,0.0,0.0,0.0,1.0,2.17,73.91,4,0.0,0.0,589376
2023-05-12 17:00:00,00000000270,20230512170000,0.044,0.001,0.035,0.0,0.0,0.0,1.0,2.27,79.55,4,0.0,0.0,589376
2023-05-12 18:00:00,00000000270,20230512180000,0.044,0.0,0.035,0.0,0.0,0.0,1.0,0.0,79.55,4,0.0,0.0,589376
2023-05-12 19:00:00,00000000270,20230512190000,0.044,0.001,0.034,0.0,0.0,0.0,1.0,2.27,77.27,4,0.0,0.0,589376
2023-05-12 20:00:00,00000000270,20230512200000,0.049,0.001,0.033,0.0,0.0,0.0,1.0,2.04,67.35,4,0.0,0.0,589376
2023-05-12 21:00:00,00000000270,20230512210000,0.047,0.001,0.033,0.0,0.0,0.0,1.0,2.13,70.21,4,0.0,0.0,589376
2023-05-12 22:00:00,00000000270,20230512220000,0.056,0.0,0.035,0.0,0.0,0.0,1.0,0.0,62.5,4,0.0,0.0,589376
2023-05-12 23:00:00,00000000270,20230512230000,0.064,0.001,0.036,0.0,0.0,0.0,1.0,1.56,56.25,4,0.0,0.0,589376
2023-05-13 00:00:00,00000000270,20230513000000,0.049,0.001,0.033,0.0,0.0,0.0,1.0,2.04,67.35,4,0.0,0.0,589376
2023-05-13 01:00:00,00000000270,20230513010000,0.05,0.001,0.035,0.0,0.0,0.0,1.0,2.0,70.0,4,0.0,0.0,589376
2023-05-13 02:00:00,00000000270,20230513020000,0.041,0.001,0.036,0.0,0.0,0.0,1.0,2.44,87.8,4,0.0,0.0,589376
2023-05-13 03:00:00,00000000270,20230513030000,0.119,0.0,0.036,0.0,0.0,0.0,1.0,0.0,30.25,4,0.0,0.0,589376
2023-05-13 04:00:00,00000000270,20230513040000,0.068,0.001,0.033,0.0,0.0,0.0,1.0,1.47,48.53,4,0.0,0.0,589376
2023-05-13 05:00:00,00000000270,20230513050000,0.049,0.001,0.036,0.0,0.0,0.0,1.0,2.04,73.47,4,0.0,0.0,589376
2023-05-13 06:00:00,00000000270,20230513060000,0.052,0.001,0.036,0.0,0.0,0.0,1.0,1.92,69.23,4,0.0,0.0,589376
2023-05-13 07:00:00,00000000270,20230513070000,0.225,0.0,0.035,0.0,0.0,0.0,1.0,0.0,15.56,4,0.0,0.0,589376
2023-05-13 08:00:00,00000000270,20230513080000,0.052,0.001,0.036,0.0,0.0,0.0,1.0,1.92,69.23,4,0.0,0.0,589376
2023-05-13 09:00:00,00000000270,20230513090000,0.069,0.003,0.034,0.0,0.0,0.0,1.0,4.35,49.28,4,0.0,0.0,589376
2023-05-13 10:00:00,00000000270,20230513100000,0.213,0.004,0.034,0.0,0.0,0.0,1.0,1.88,15.96,4,0.0,0.0,589376
2023-05-13 11:00:00,00000000270,20230513110000,0.28,0.002,0.04,0.0,0.0,0.0,1.0,0.71,14.29,4,0.0,0.0,589376
2023-05-13 12:00:00,00000000270,20230513120000,0.431,0.001,0.047,0.0,0.0,0.0,1.0,0.23,10.9,4,0.0,0.0,589376
2023-05-13 13:00:00,00000000270,20230513130000,0.217,0.001,0.038,0.0,0.0,0.0,1.0,0.46,17.51,4,0.0,0.0,589376
2023-05-13 14:00:00,00000000270,20230513140000,0.048,0.001,0.037,0.0,0.0,0.0,1.0,2.08,77.08,4,0.0,0.0,589376
2023-05-13 15:00:00,00000000270,20230513150000,0.051,0.001,0.036,0.0,0.0,0.0,1.0,1.96,70.59,4,0.0,0.0,589376
2023-05-13 16:00:00,00000000270,20230513160000,0.045,0.001,0.036,0.0,0.0,0.0,1.0,2.22,80.0,4,0.0,0.0,589376
2023-05-13 17:00:00,00000000270,20230513170000,0.049,0.0,0.036,0.0,0.0,0.0,1.0,0.0,73.47,4,0.0,0.0,589376
2023-05-13 18:00:00,00000000270,20230513180000,0.048,0.001,0.035,0.0,0.0,0.0,1.0,2.08,72.92,4,0.0,0.0,589376
2023-05-13 19:00:00,00000000270,20230513190000,0.049,0.001,0.035,0.0,0.0,0.0,1.0,2.04,71.43,4,0.0,0.0,589376
2023-05-13 20:00:00,00000000270,20230513200000,0.053,0.001,0.033,0.0,0.0,0.0,1.0,1.89,62.26,4,0.0,0.0,589376
2023-05-13 21:00:00,00000000270,20230513210000,0.141,0.0,0.031,0.0,0.0,0.0,1.0,0.0,21.99,4,0.0,0.0,589376
2023-05-13 22:00:00,00000000270,20230513220000,0.057,0.001,0.033,0.0,0.0,0.0,1.0,1.75,57.89,4,0.0,0.0,589376
2023-05-13 23:00:00,00000000270,20230513230000,0.19,0.001,0.036,0.0,0.0,0.0,1.0,0.53,18.95,4,0.0,0.0,589376
2023-05-14 00:00:00,00000000270,20230514000000,0.439,0.001,0.036,0.0,0.0,0.0,1.0,0.23,8.2,4,0.0,0.0,589376
2023-05-14 01:00:00,00000000270,20230514010000,0.047,0.0,0.036,0.0,0.0,0.0,1.0,0.0,76.6,4,0.0,0.0,589376
2023-05-14 02:00:00,00000000270,20230514020000,0.043,0.001,0.036,0.0,0.0,0.0,1.0,2.33,83.72,4,0.0,0.0,589376
2023-05-14 03:00:00,00000000270,20230514030000,0.05,0.001,0.036,0.0,0.0,0.0,1.0,2.0,72.0,4,0.0,0.0,589376
2023-05-14 04:00:00,00000000270,20230514040000,0.049,0.001,0.036,0.0,0.0,0.0,1.0,2.04,73.47,4,0.0,0.0,589376
2023-05-14 05:00:00,00000000270,20230514050000,0.05,0.001,0.035,0.0,0.0,0.0,1.0,2.0,70.0,4,0.0,0.0,589376
2023-05-14 06:00:00,00000000270,20230514060000,0.06,0.0,0.036,0.0,0.0,0.0,1.0,0.0,60.0,4,0.0,0.0,589376
2023-05-14 07:00:00,00000000270,20230514070000,0.051,0.001,0.037,0.0,0.0,0.0,1.0,1.96,72.55,4,0.0,0.0,589376
2023-05-14 08:00:00,00000000270,20230514080000,0.049,0.001,0.037,0.0,0.0,0.0,1.0,2.04,75.51,4,0.0,0.0,589376
2023-05-14 09:00:00,00000000270,20230514090000,0.053,0.001,0.035,0.0,0.0,0.0,1.0,1.89,66.04,4,0.0,0.0,589376
2023-05-14 10:00:00,00000000270,20230514100000,0.048,0.0,0.035,0.0,0.0,0.0,1.0,0.0,72.92,4,0.0,0.0,589376
2023-05-14 11:00:00,00000000270,20230514110000,0.048,0.001,0.035,0.0,0.0,0.0,1.0,2.08,72.92,4,0.0,0.0,589376
2023-05-14 12:00:00,00000000270,20230514120000,0.049,0.001,0.036,0.0,0.0,0.0,1.0,2.04,73.47,4,0.0,0.0,589376
2023-05-14 13:00:00,00000000270,20230514130000,0.047,0.001,0.036,0.0,0.0,0.0,1.0,2.13,76.6,4,0.0,0.0,589376
2023-05-14 14:00:00,00000000270,20230514140000,0.048,0.001,0.035,0.0,0.0,0.0,1.0,2.08,72.92,4,0.0,0.0,589376
2023-05-14 15:00:00,00000000270,20230514150000,0.135,0.0,0.035,0.0,0.0,0.0,1.0,0.0,25.93,4,0.0,0.0,589376
2023-05-14 16:00:00,00000000270,20230514160000,0.052,0.001,0.036,0.0,0.0,0.0,1.0,1.92,69.23,4,0.0,0.0,589376
2023-05-14 17:00:00,00000000270,20230514170000,0.044,0.001,0.035,0.0,0.0,0.0,1.0,2.27,79.55,4,0.0,0.0,589376
2023-05-14 18:00:00,00000000270,20230514180000,0.049,0.0,0.036,0.0,0.0,0.0,1.0,0.0,73.47,4,0.0,0.0,589376
2023-05-14 19:00:00,00000000270,20230514190000,0.05,0.001,0.035,0.0,0.0,0.0,1.0,2.0,70.0,4,0.0,0.0,589376
2023-05-14 20:00:00,00000000270,20230514200000,0.048,0.001,0.034,0.0,0.0,0.0,1.0,2.08,70.83,4,0.0,0.0,589376
2023-05-14 21:00:00,00000000270,20230514210000,0.058,0.001,0.037,0.0,0.0,0.0,1.0,1.72,63.79,4,0.0,0.0,589376
2023-05-14 22:00:00,00000000270,20230514220000,0.054,0.0,0.035,0.0,0.0,0.0,1.0,0.0,64.81,4,0.0,0.0,589376
2023-05-14 23:00:00,00000000270,20230514230000,0.343,0.001,0.036,0.0,0.0,0.0,1.0,0.29,10.5,4,0.0,0.0,589376
2023-05-15 00:00:00,00000000270,20230515000000,0.054,0.001,0.035,0.0,0.0,0.0,1.0,1.85,64.81,4,0.0,0.0,589376
2023-05-15 01:00:00,00000000270,20230515010000,0.058,0.001,0.035,0.0,0.0,0.0,1.0,1.72,60.34,4,0.0,0.0,589376
2023-05-15 02:00:00,00000000270,20230515020000,0.051,0.0,0.036,0.0,0.0,0.0,1.0,0.0,70.59,4,0.0,0.0,589376
2023-05-15 03:00:00,00000000270,20230515030000,0.045,0.001,0.036,0.0,0.0,0.0,1.0,2.22,80.0,4,0.0,0.0,589376
2023-05-15 04:00:00,00000000270,20230515040000,0.039,0.001,0.037,0.0,0.0,0.0,1.0,2.56,94.87,4,0.0,0.0,589376
2023-05-15 05:00:00,00000000270,20230515050000,0.048,0.001,0.039,0.0,0.0,0.0,1.0,2.08,81.25,4,0.0,0.0,589376
2023-05-15 06:00:00,00000000270,20230515060000,0.054,0.001,0.037,0.0,0.0,0.0,1.0,1.85,68.52,4,0.0,0.0,589376
2023-05-15 07:00:00,00000000270,20230515070000,0.046,0.0,0.038,0.0,0.0,0.0,1.0,0.0,82.61,4,0.0,0.0,589376
2023-05-15 08:00:00,00000000270,20230515080000,0.047,0.001,0.035,0.0,0.0,0.0,1.0,2.13,74.47,4,0.0,0.0,589376
2023-05-15 09:00:00,00000000270,20230515090000,0.135,0.001,0.034,0.0,0.0,0.0,1.0,0.74,25.19,4,0.0,0.0,589376
2023-05-15 10:00:00,00000000270,20230515100000,0.072,0.001,0.032,0.0,0.0,0.0,1.0,1.39,44.44,4,0.0,0.0,589376
2023-05-15 11:00:00,00000000270,20230515110000,0.05,0.0,0.034,0.0,0.0,0.0,1.0,0.0,68.0,4,0.0,0.0,589376
2023-05-15 12:00:00,00000000270,20230515120000,0.047,0.001,0.036,0.0,0.0,0.0,1.0,2.13,76.6,4,0.0,0.0,589376
2023-05-15 13:00:00,00000000270,20230515130000,0.044,0.001,0.034,0.0,0.0,0.0,1.0,2.27,77.27,4,0.0,0.0,589376
2023-05-15 14:00:00,00000000270,20230515140000,0.049,0.001,0.036,0.0,0.0,0.0,1.0,2.04,73.47,4,0.0,0.0,589376
2023-05-15 15:00:00,00000000270,20230515150000,0.047,0.0,0.035,0.0,0.0,0.0,1.0,0.0,74.47,4,0.0,0.0,589376
2023-05-15 16:00:00,00000000270,20230515160000,0.048,0.001,0.036,0.0,0.0,0.0,1.0,2.08,75.0,4,0.0,0.0,589376
2023-05-15 17:00:00,00000000270,20230515170000,0.06,0.001,0.034,0.0,0.0,0.0,1.0,1.67,56.67,4,0.0,0.0,589376
2023-05-15 18:00:00,00000000270,20230515180000,0.057,0.0,0.033,0.0,0.0,0.0,1.0,0.0,57.89,4,0.0,0.0,589376
2023-05-15 19:00:00,00000000270,20230515190000,0.056,0.001,0.034,0.0,0.0,0.0,1.0,1.79,60.71,4,0.0,0.0,589376
2023-05-15 20:00:00,00000000270,20230515200000,0.05,0.001,0.033,0.0,0.0,0.0,1.0,2.0,66.0,4,0.0,0.0,589376
2023-05-15 21:00:00,00000000270,20230515210000,0.05,0.001,0.033,0.0,0.0,0.0,1.0,2.0,66.0,4,0.0,0.0,589376
2023-05-15 22:00:00,00000000270,20230515220000,0.049,0.0,0.034,0.0,0.0,0.0,1.0,0.0,69.39,4,0.0,0.0,589376
2023-05-15 23:00:00,00000000270,20230515230000,0.048,0.001,0.034,0.0,0.0,0.0,1.0,2.08,70.83,4,0.0,0.0,589376
2023-05-16 00:00:00,00000000270,20230516000000,0.051,0.001,0.034,0.0,0.0,0.0,1.0,1.96,66.67,4,0.0,0.0,589376
2023-05-16 01:00:00,00000000270,20230516010000,0.12,0.001,0.035,0.0,0.0,0.0,1.0,0.83,29.17,4,0.0,0.0,589376
2023-05-16 02:00:00,00000000270,20230516020000,0.084,0.0,0.032,0.0,0.0,0.0,1.0,0.0,38.1,4,0.0,0.0,589376
2023-05-16 03:00:00,00000000270,20230516030000,0.046,0.001,0.035,0.0,0.0,0.0,1.0,2.17,76.09,4,0.0,0.0,589376
2023-05-16 04:00:00,00000000270,20230516040000,0.053,0.001,0.036,0.0,0.0,0.0,1.0,1.89,67.92,4,0.0,0.0,589376
2023-05-16 05:00:00,00000000270,20230516050000,0.047,0.0,0.036,0.0,0.0,0.0,1.0,0.0,76.6,4,0.0,0.0,589376
2023-05-16 06:00:00,00000000270,20230516060000,0.052,0.001,0.037,0.0,0.0,0.0,1.0,1.92,71.15,4,0.0,0.0,589376
2023-05-16 07:00:00,00000000270,20230516070000,0.049,0.001,0.035,0.0,0.0,0.0,1.0,2.04,71.43,4,0.0,0.0,589376
2023-05-16 08:00:00,00000000270,20230516080000,0.052,0.001,0.036,0.0,0.0,0.0,1.0,1.92,69.23,4,0.0,0.0,589376
2023-05-16 09:00:00,00000000270,20230516090000,0.048,0.0,0.036,0.0,0.0,0.0,1.0,0.0,75.0,4,0.0,0.0,589376
2023-05-16 10:00:00,00000000270,20230516100000,0.05,0.001,0.035,0.0,0.0,0.0,1.0,2.0,70.0,4,0.0,0.0,589376
2023-05-16 11:00:00,00000000270,20230516110000,0.049,0.001,0.035,0.0,0.0,0.0,1.0,2.04,71.43,4,0.0,0.0,589376
2023-05-16 12:00:00,00000000270,20230516120000,0.048,0.0,0.035,0.0,0.0,0.0,1.0,0.0,72.92,4,0.0,0.0,589376
2023-05-16 13:00:00,00000000270,20230516130000,0.052,0.001,0.036,0.0,0.0,0.0,1.0,1.92,69.23,4,0.0,0.0,589376
2023-05-16 14:00:00,00000000270,20230516140000,0.05,0.001,0.035,0.0,0.0,0.0,1.0,2.0,70.0,4,0.0,0.0,589376
2023-05-16 15:00:00,00000000270,20230516150000,0.049,0.0,0.035,0.0,0.0,0.0,1.0,0.0,71.43,4,0.0,0.0,589376
2023-05-16 16:00:00,00000000270,20230516160000,0.052,0.001,0.036,0.0,0.0,0.0,1.0,1.92,69.23,4,0.0,0.0,589376
2023-05-16 17:00:00,00000000270,20230516170000,0.049,0.001,0.035,0.0,0.0,0.0,1.0,2.04,71.43,4,0.0,0.0,589376
2023-05-16 18:00:00,00000000270,20230516180000,0.047,0.001,0.034,0.0,0.0,0.0,1.0,2.13,72.34,4,0.0,0.0,589376
2023-05-16 19:00:00,00000000270,20230516190000,0.052,0.0,0.036,0.0,0.0,0.0,1.0,0.0,69.23,4,0.0,0.0,589376
2023-05-16 20:00:00,00000000270,20230516200000,0.047,0.001,0.034,0.0,0.0,0.0,1.0,2.13,72.34,4,0.0,0.0,589376
2023-05-16 21:00:00,00000000270,20230516210000,0.049,0.001,0.033,0.0,0.0,0.0,1.0,2.04,67.35,4,0.0,0.0,589376
2023-05-16 22:00:00,00000000270,20230516220000,0.048,0.0,0.035,0.0,0.0,0.0,1.0,0.0,72.92,4,0.0,0.0,589376
2023-05-16 23:00:00,00000000270,20230516230000,0.051,0.001,0.034,0.0,0.0,0.0,1.0,1.96,66.67,4,0.0,0.0,589376
2023-05-17 00:00:00,00000000270,20230517000000,0.046,0.001,0.035,0.0,0.0,0.0,1.0,2.17,76.09,4,0.0,0.0,589376
2023-05-17 01:00:00,00000000270,20230517010000,0.047,0.0,0.035,0.0,0.0,0.0,1.0,0.0,74.47,4,0.0,0.0,589376
2023-05-17 02:00:00,00000000270,20230517020000,0.052,0.001,0.036,0.0,0.0,0.0,1.0,1.92,69.23,4,0.0,0.0,589376
2023-05-17 03:00:00,00000000270,20230517030000,0.127,0.001,0.035,0.0,0.0,0.0,1.0,0.79,27.56,4,0.0,0.0,589376
2023-05-17 04:00:00,00000000270,20230517040000,0.054,0.0,0.034,0.0,0.0,0.0,1.0,0.0,62.96,4,0.0,0.0,589376
2023-05-17 05:00:00,00000000270,20230517050000,0.049,0.001,0.036,0.0,0.0,0.0,1.0,2.04,73.47,4,0.0,0.0,589376
2023-05-17 06:00:00,00000000270,20230517060000,0.048,0.001,0.038,0.0,0.0,0.0,1.0,2.08,79.17,4,0.0,0.0,589376
2023-05-17 07:00:00,00000000270,20230517070000,0.05,0.0,0.035,0.0,0.0,0.0,1.0,0.0,70.0,4,0.0,0.0,589376
2023-05-17 08:00:00,00000000270,20230517080000,0.047,0.001,0.036,0.0,0.0,0.0,1.0,2.13,76.6,4,0.0,0.0,589376
2023-05-17 09:00:00,00000000270,20230517090000,0.048,0.001,0.035,0.0,0.0,0.0,1.0,2.08,72.92,4,0.0,0.0,589376
2023-05-17 10:00:00,00000000270,20230517100000,0.051,0.0,0.034,0.0,0.0,0.0,1.0,0.0,66.67,4,0.0,0.0,589376
2023-05-17 11:00:00,00000000270,20230517110000,0.051,0.001,0.035,0.0,0.0,0.0,1.0,1.96,68.63,4,0.0,0.0,589376
2023-05-17 12:00:00,00000000270,20230517120000,0.048,0.001,0.034,0.0,0.0,0.0,1.0,2.08,70.83,4,0.0,0.0,589376
2023-05-17 13:00:00,00000000270,20230517130000,0.051,0.0,0.037,0.0,0.0,0.0,1.0,0.0,72.55,4,0.0,0.0,589376
2023-05-17 14:00:00,00000000270,20230517140000,0.048,0.001,0.036,0.0,0.0,0.0,1.0,2.08,75.0,4,0.0,0.0,589376
2023-05-17 15:00:00,00000000270,20230517150000,0.047,0.001,0.035,0.0,0.0,0.0,1.0,2.13,74.47,4,0.0,0.0,589376
2023-05-17 16:00:00,00000000270,20230517160000,0.046,0.0,0.035,0.0,0.0,0.0,1.0,0.0,76.09,4,0.0,0.0,589376
2023-05-17 17:00:00,00000000270,20230517170000,0.052,0.001,0.034,0.0,0.0,0.0,1.0,1.92,65.38,4,0.0,0.0,589376
2023-05-17 18:00:00,00000000270,20230517180000,0.053,0.001,0.035,0.0,0.0,0.0,1.0,1.89,66.04,4,0.0,0.0,589376
2023-05-17 19:00:00,00000000270,20230517190000,0.044,0.0,0.035,0.0,0.0,0.0,1.0,0.0,79.55,4,0.0,0.0,589376
2023-05-17 20:00:00,00000000270,20230517200000,0.048,0.001,0.034,0.0,0.0,0.0,1.0,2.08,70.83,4,0.0,0.0,589376
2023-05-17 21:00:00,00000000270,20230517210000,0.042,0.001,0.034,0.0,0.0,0.0,1.0,2.38,80.95,4,0.0,0.0,589376
2023-05-17 22:00:00,00000000270,20230517220000,0.046,0.0,0.034,0.0,0.0,0.0,1.0,0.0,73.91,4,0.0,0.0,589376
2023-05-17 23:00:00,00000000270,20230517230000,0.048,0.001,0.035,0.0,0.0,0.0,1.0,2.08,72.92,4,0.0,0.0,589376
2023-05-18 00:00:00,00000000270,20230518000000,0.043,0.001,0.035,0.0,0.0,0.0,1.0,2.33,81.4,4,0.0,0.0,589376
2023-05-18 01:00:00,00000000270,20230518010000,0.046,0.0,0.035,0.0,0.0,0.0,1.0,0.0,76.09,4,0.0,0.0,589376
2023-05-18 02:00:00,00000000270,20230518020000,0.047,0.001,0.036,0.0,0.0,0.0,1.0,2.13,76.6,4,0.0,0.0,589376
2023-05-18 03:00:00,00000000270,20230518030000,0.045,0.001,0.036,0.0,0.0,0.0,1.0,2.22,80.0,4,0.0,0.0,589376
2023-05-18 04:00:00,00000000270,20230518040000,0.068,0.0,0.036,0.0,0.0,0.0,1.0,0.0,52.94,4,0.0,0.0,589376
2023-05-18 05:00:00,00000000270,20230518050000,0.127,0.001,0.032,0.0,0.0,0.0,1.0,0.79,25.2,4,0.0,0.0,589376
2023-05-18 06:00:00,00000000270,20230518060000,0.047,0.001,0.036,0.0,0.0,0.0,1.0,2.13,76.6,4,0.0,0.0,589376
2023-05-18 07:00:00,00000000270,20230518070000,0.046,0.0,0.035,0.0,0.0,0.0,1.0,0.0,76.09,4,0.0,0.0,589376
2023-05-18 08:00:00,00000000270,20230518080000,0.047,0.001,0.036,0.0,0.0,0.0,1.0,2.13,76.6,4,0.0,0.0,589376
2023-05-18 09:00:00,00000000270,20230518090000,0.048,0.001,0.035,0.0,0.0,0.0,1.0,2.08,72.92,4,0.0,0.0,589376
2023-05-18 10:00:00,00000000270,20230518100000,0.047,0.0,0.035,0.0,0.0,0.0,1.0,0.0,74.47,4,0.0,0.0,589376
2023-05-18 11:00:00,00000000270,20230518110000,0.048,0.001,0.035,0.0,0.0,0.0,1.0,2.08,72.92,4,0.0,0.0,589376
2023-05-18 12:00:00,00000000270,20230518120000,0.045,0.001,0.036,0.0,0.0,0.0,1.0,2.22,80.0,4,0.0,0.0,589376
2023-05-18 13:00:00,00000000270,20230518130000,0.047,0.0,0.035,0.0,0.0,0.0,1.0,0.0,74.47,4,0.0,0.0,589376
2023-05-18 14:00:00,00000000270,20230518140000,0.045,0.001,0.036,0.0,0.0,0.0,1.0,2.22,80.0,4,0.0,0.0,589376
2023-05-18 15:00:00,00000000270,20230518150000,0.048,0.0,0.035,0.0,0.0,0.0,1.0,0.0,72.92,4,0.0,0.0,589376
2023-05-18 16:00:00,00000000270,20230518160000,0.045,0.001,0.034,0.0,0.0,0.0,1.0,2.22,75.56,4,0.0,0.0,589376
2023-05-18 17:00:00,00000000270,20230518170000,0.046,0.001,0.035,0.0,0.0,0.0,1.0,2.17,76.09,4,0.0,0.0,589376
2023-05-18 18:00:00,00000000270,20230518180000,0.045,0.0,0.034,0.0,0.0,0.0,1.0,0.0,75.56,4,0.0,0.0,589376
2023-05-18 19:00:00,00000000270,20230518190000,0.08,0.001,0.04,0.0,0.0,0.0,1.0,1.25,50.0,4,0.0,0.0,589376
2023-05-18 20:00:00,00000000270,20230518200000,0.093,0.001,0.041,0.0,0.0,0.0,1.0,1.08,44.09,4,0.0,0.0,589376
2023-05-18 21:00:00,00000000270,20230518210000,0.081,0.0,0.036,0.0,0.0,0.0,1.0,0.0,44.44,4,0.0,0.0,589376
2023-05-18 22:00:00,00000000270,20230518220000,0.133,0.001,0.031,0.0,0.0,0.0,1.0,0.75,23.31,4,0.0,0.0,589376
2023-05-18 23:00:00,00000000270,20230518230000,0.048,0.001,0.034,0.0,0.0,0.0,1.0,2.08,70.83,4,0.0,0.0,589376
2023-05-19 00:00:00,00000000270,20230519000000,0.047,0.0,0.035,0.0,0.0,0.0,1.0,0.0,74.47,4,0.0,0.0,589376
2023-05-19 01:00:00,00000000270,20230519010000,0.042,0.001,0.036,0.0,0.0,0.0,1.0,2.38,85.71,4,0.0,0.0,589376
2023-05-19 02:00:00,00000000270,20230519020000,0.046,0.001,0.035,0.0,0.0,0.0,1.0,2.17,76.09,4,0.0,0.0,589376
2023-05-19 03:00:00,00000000270,20230519030000,0.05,0.0,0.036,0.0,0.0,0.0,1.0,0.0,72.0,4,0.0,0.0,589376
2023-05-19 04:00:00,00000000270,20230519040000,0.048,0.001,0.036,0.0,0.0,0.0,1.0,2.08,75.0,4,0.0,0.0,589376
2023-05-19 05:00:00,00000000270,20230519050000,0.07,0.001,0.039,0.0,0.0,0.0,1.0,1.43,55.71,4,0.0,0.0,589376
2023-05-19 06:00:00,00000000270,20230519060000,0.058,0.001,0.037,0.0,0.0,0.0,1.0,1.72,63.79,4,0.0,0.0,589376
2023-05-19 07:00:00,00000000270,20230519070000,0.052,0.0,0.037,0.0,0.0,0.0,1.0,0.0,71.15,4,0.0,0.0,589376
2023-05-19 08:00:00,00000000270,20230519080000,0.046,0.001,0.036,0.0,0.0,0.0,1.0,2.17,78.26,4,0.0,0.0,589376
2023-05-19 09:00:00,00000000270,20230519090000,0.047,0.0,0.034,0.0,0.0,0.0,1.0,0.0,72.34,4,0.0,0.0,589376
2023-05-19 10:00:00,00000000270,20230519100000,0.048,0.001,0.035,0.0,0.0,0.0,1.0,2.08,72.92,4,0.0,0.0,589376
2023-05-19 11:00:00,00000000270,20230519110000,0.049,0.001,0.035,0.0,0.0,0.0,1.0,2.04,71.43,4,0.0,0.0,589376
2023-05-19 12:00:00,00000000270,20230519120000,0.043,0.001,0.035,0.0,0.0,0.0,1.0,2.33,81.4,4,0.0,0.0,589376
2023-05-19 13:00:00,00000000270,20230519130000,0.047,0.0,0.035,0.0,0.0,0.0,1.0,0.0,74.47,4,0.0,0.0,589376
2023-05-19 14:00:00,00000000270,20230519140000,0.043,0.001,0.034,0.0,0.0,0.0,1.0,2.33,79.07,4,0.0,0.0,589376
2023-05-19 15:00:00,00000000270,20230519150000,0.127,0.001,0.034,0.0,0.0,0.0,1.0,0.79,26.77,4,0.0,0.0,589376
2023-05-19 16:00:00,00000000270,20230519160000,0.072,0.0,0.032,0.0,0.0,0.0,1.0,0.0,44.44,4,0.0,0.0,589376
2023-05-19 17:00:00,00000000270,20230519170000,0.047,0.001,0.034,0.0,0.0,0.0,1.0,2.13,72.34,4,0.0,0.0,589376
2023-05-19 18:00:00,00000000270,20230519180000,0.051,0.001,0.034,0.0,0.0,0.0,1.0,1.96,66.67,4,0.0,0.0,589376
2023-05-19 19:00:00,00000000270,20230519190000,0.054,0.0,0.033,0.0,0.0,0.0,1.0,0.0,61.11,4,0.0,0.0,589376
2023-05-19 20:00:00,00000000270,20230519200000,0.049,0.001,0.033,0.0,0.0,0.0,1.0,2.04,67.35,4,0.0,0.0,589376
2023-05-19 21:00:00,00000000270,20230519210000,0.397,0.001,0.039,0.0,0.0,0.0,1.0,0.25,9.82,4,0.0,0.0,589376
2023-05-19 22:00:00,00000000270,20230519220000,0.08,0.0,0.041,0.0,0.0,0.0,1.0,0.0,51.25,4,0.0,0.0,589376
2023-05-19 23:00:00,00000000270,20230519230000,0.051,0.001,0.034,0.0,0.0,0.0,1.0,1.96,66.67,4,0.0,0.0,589376
2023-05-20 00:00:00,00000000270,20230520000000,0.042,0.001,0.035,0.0,0.0,0.0,1.0,2.38,83.33,4,0.0,0.0,589376
2023-05-20 01:00:00,00000000270,20230520010000,0.047,0.0,0.035,0.0,0.0,0.0,1.0,0.0,74.47,4,0.0,0.0,589376
2023-05-20 02:00:00,00000000270,20230520020000,0.042,0.001,0.035,0.0,0.0,0.0,1.0,2.38,83.33,4,0.0,0.0,589376
2023-05-20 03:00:00,00000000270,20230520030000,0.044,0.001,0.035,0.0,0.0,0.0,1.0,2.27,79.55,4,0.0,0.0,589376
2023-05-20 04:00:00,00000000270,20230520040000,0.047,0.0,0.035,0.0,0.0,0.0,1.0,0.0,74.47,4,0.0,0.0,589376
2023-05-20 05:00:00,00000000270,20230520050000,0.047,0.001,0.037,0.0,0.0,0.0,1.0,2.13,78.72,4,0.0,0.0,589376
2023-05-20 06:00:00,00000000270,20230520060000,0.044,0.001,0.036,0.0,0.0,0.0,1.0,2.27,81.82,4,0.0,0.0,589376
2023-05-20 07:00:00,00000000270,20230520070000,0.047,0.0,0.035,0.0,0.0,0.0,1.0,0.0,74.47,4,0.0,0.0,589376
2023-05-20 08:00:00,00000000270,20230520080000,0.125,0.001,0.035,0.0,0.0,0.0,1.0,0.8,28.0,4,0.0,0.0,589376
2023-05-20 09:00:00,00000000270,20230520090000,0.084,0.001,0.031,0.0,0.0,0.0,1.0,1.19,36.9,4,0.0,0.0,589376
2023-05-20 10:00:00,00000000270,20230520100000,0.041,0.0,0.035,0.0,0.0,0.0,1.0,0.0,85.37,4,0.0,0.0,589376
2023-05-20 11:00:00,00000000270,20230520110000,0.053,0.001,0.033,0.0,0.0,0.0,1.0,1.89,62.26,4,0.0,0.0,589376
2023-05-20 12:00:00,00000000270,20230520120000,0.049,0.001,0.035,0.0,0.0,0.0,1.0,2.04,71.43,4,0.0,0.0,589376
2023-05-20 13:00:00,00000000270,20230520130000,0.055,0.001,0.034,0.0,0.0,0.0,1.0,1.82,61.82,4,0.0,0.0,589376
2023-05-20 14:00:00,00000000270,20230520140000,0.046,0.0,0.035,0.0,0.0,0.0,1.0,0.0,76.09,4,0.0,0.0,589376
2023-05-20 15:00:00,00000000270,20230520150000,0.045,0.001,0.036,0.0,0.0,0.0,1.0,2.22,80.0,4,0.0,0.0,589376
2023-05-20 16:00:00,00000000270,20230520160000,0.044,0.0,0.035,0.0,0.0,0.0,1.0,0.0,79.55,4,0.0,0.0,589376
2023-05-20 17:00:00,00000000270,20230520170000,0.045,0.001,0.035,0.0,0.0,0.0,1.0,2.22,77.78,4,0.0,0.0,589376
2023-05-20 18:00:00,00000000270,20230520180000,0.046,0.001,0.035,0.0,0.0,0.0,1.0,2.17,76.09,4,0.0,0.0,589376
2023-05-20 19:00:00,00000000270,20230520190000,0.045,0.0,0.034,0.0,0.0,0.0,1.0,0.0,75.56,4,0.0,0.0,589376
2023-05-20 20:00:00,00000000270,20230520200000,0.045,0.001,0.033,0.0,0.0,0.0,1.0,2.22,73.33,4,0.0,0.0,589376
2023-05-20 21:00:00,00000000270,20230520210000,0.061,0.001,0.035,0.0,0.0,0.0,1.0,1.64,57.38,4,0.0,0.0,589376
2023-05-20 22:00:00,00000000270,20230520220000,0.067,0.0,0.034,0.0,0.0,0.0,1.0,0.0,50.75,4,0.0,0.0,589376
2023-05-20 23:00:00,00000000270,20230520230000,0.05,0.001,0.033,0.0,0.0,0.0,1.0,2.0,66.0,4,0.0,0.0,589376
2023-05-21 00:00:00,00000000270,20230521000000,0.05,0.001,0.034,0.0,0.0,0.0,1.0,2.0,68.0,4,0.0,0.0,589376
2023-05-21 01:00:00,00000000270,20230521010000,0.136,0.0,0.033,0.0,0.0,0.0,1.0,0.0,24.26,4,0.0,0.0,589376
2023-05-21 02:00:00,00000000270,20230521020000,0.06,0.001,0.033,0.0,0.0,0.0,1.0,1.67,55.0,4,0.0,0.0,589376
2023-05-21 03:00:00,00000000270,20230521030000,0.052,0.0,0.037,0.0,0.0,0.0,1.0,0.0,71.15,4,0.0,0.0,589376
2023-05-21 04:00:00,00000000270,20230521040000,0.05,0.001,0.035,0.0,0.0,0.0,1.0,2.0,70.0,4,0.0,0.0,589376
2023-05-21 05:00:00,00000000270,20230521050000,0.046,0.001,0.036,0.0,0.0,0.0,1.0,2.17,78.26,4,0.0,0.0,589376
2023-05-21 06:00:00,00000000270,20230521060000,0.051,0.0,0.037,0.0,0.0,0.0,1.0,0.0,72.55,4,0.0,0.0,589376
2023-05-21 07:00:00,00000000270,20230521070000,0.05,0.001,0.036,0.0,0.0,0.0,1.0,2.0,72.0,4,0.0,0.0,589376
2023-05-21 08:00:00,00000000270,20230521080000,0.048,0.001,0.036,0.0,0.0,0.0,1.0,2.08,75.0,4,0.0,0.0,589376
2023-05-21 09:00:00,00000000270,20230521090000,0.049,0.0,0.035,0.0,0.0,0.0,1.0,0.0,71.43,4,0.0,0.0,589376
2023-05-21 10:00:00,00000000270,20230521100000,0.053,0.001,0.036,0.0,0.0,0.0,1.0,1.89,67.92,4,0.0,0.0,589376
2023-05-21 11:00:00,00000000270,20230521110000,0.043,0.0,0.035,0.0,0.0,0.0,1.0,0.0,81.4,4,0.0,0.0,589376
2023-05-21 12:00:00,00000000270,20230521120000,0.045,0.001,0.035,0.0,0.0,0.0,1.0,2.22,77.78,4,0.0,0.0,589376
2023-05-21 13:00:00,00000000270,20230521130000,0.046,0.001,0.035,0.0,0.0,0.0,1.0,2.17,76.09,4,0.0,0.0,589376
2023-05-21 14:00:00,00000000270,20230521140000,0.046,0.0,0.036,0.0,0.0,0.0,1.0,0.0,78.26,4,0.0,0.0,589376
2023-05-21 15:00:00,00000000270,20230521150000,0.041,0.001,0.036,0.0,0.0,0.0,1.0,2.44,87.8,4,0.0,0.0,589376
2023-05-21 16:00:00,00000000270,20230521160000,0.047,0.001,0.036,0.0,0.0,0.0,1.0,2.13,76.6,4,0.0,0.0,589376
2023-05-21 17:00:00,00000000270,20230521170000,0.134,0.0,0.033,0.0,0.0,0.0,1.0,0.0,24.63,4,0.0,0.0,589376
2023-05-21 18:00:00,00000000270,20230521180000,0.073,0.001,0.032,0.0,0.0,0.0,1.0,1.37,43.84,4,0.0,0.0,589376
2023-05-21 19:00:00,00000000270,20230521190000,0.051,0.0,0.033,0.0,0.0,0.0,1.0,0.0,64.71,4,0.0,0.0,589376
2023-05-21 20:00:00,00000000270,20230521200000,0.069,0.001,0.034,0.0,0.0,0.0,1.0,1.45,49.28,4,0.0,0.0,589376
2023-05-21 21:00:00,00000000270,20230521210000,0.084,0.023,0.02,0.0,0.0,0.0,1.0,27.38,23.81,4,0.0,0.0,589376
2023-05-21 22:00:00,00000000270,20230521220000,0.08,0.03,0.013,0.0,0.0,0.0,1.0,37.5,16.25,4,0.0,0.0,589376
2023-05-21 23:00:00,00000000270,20230521230000,0.089,0.027,0.015,0.0,0.0,0.0,1.0,30.34,16.85,4,0.0,0.0,589376
2023-05-22 00:00:00,00000000270,20230522000000,0.072,0.0,0.04,0.0,0.0,0.0,1.0,0.0,55.56,4,0.0,0.0,589376
2023-05-22 01:00:00,00000000270,20230522010000,0.046,0.001,0.035,0.0,0.0,0.0,1.0,2.17,76.09,4,0.0,0.0,589376
2023-05-22 02:00:00,00000000270,20230522020000,0.045,0.0,0.036,0.0,0.0,0.0,1.0,0.0,80.0,4,0.0,0.0,589376
2023-05-22 03:00:00,00000000270,20230522030000,0.049,0.001,0.037,0.0,0.0,0.0,1.0,2.04,75.51,4,0.0,0.0,589376
2023-05-22 04:00:00,00000000270,20230522040000,0.048,0.001,0.037,0.0,0.0,0.0,1.0,2.08,77.08,4,0.0,0.0,589376
2023-05-22 05:00:00,00000000270,20230522050000,0.051,0.0,0.037,0.0,0.0,0.0,1.0,0.0,72.55,4,0.0,0.0,589376
2023-05-22 06:00:00,00000000270,20230522060000,0.047,0.001,0.037,0.0,0.0,0.0,1.0,2.13,78.72,4,0.0,0.0,589376
2023-05-22 07:00:00,00000000270,20230522070000,0.049,0.001,0.037,0.0,0.0,0.0,1.0,2.04,75.51,4,0.0,0.0,589376
2023-05-22 08:00:00,00000000270,20230522080000,0.064,0.0,0.037,0.0,0.0,0.0,1.0,0.0,57.81,4,0.0,0.0,589376
2023-05-22 09:00:00,00000000270,20230522090000,0.14,0.001,0.032,0.0,0.0,0.0,1.0,0.71,22.86,4,0.0,0.0,589376
2023-05-22 10:00:00,00000000270,20230522100000,0.06,0.0,0.034,0.0,0.0,0.0,1.0,0.0,56.67,4,0.0,0.0,589376
2023-05-22 11:00:00,00000000270,20230522110000,0.046,0.001,0.035,0.0,0.0,0.0,1.0,2.17,76.09,4,0.0,0.0,589376
2023-05-22 12:00:00,00000000270,20230522120000,0.045,0.001,0.035,0.0,0.0,0.0,1.0,2.22,77.78,4,0.0,0.0,589376
2023-05-22 13:00:00,00000000270,20230522130000,0.043,0.0,0.035,0.0,0.0,0.0,1.0,0.0,81.4,4,0.0,0.0,589376
2023-05-22 14:00:00,00000000270,20230522140000,0.047,0.001,0.035,0.0,0.0,0.0,1.0,2.13,74.47,4,0.0,0.0,589376
2023-05-22 15:00:00,00000000270,20230522150000,0.053,0.0,0.036,0.0,0.0,0.0,1.0,0.0,67.92,4,0.0,0.0,589376
2023-05-22 16:00:00,00000000270,20230522160000,0.07,0.001,0.033,0.0,0.0,0.0,1.0,1.43,47.14,4,0.0,0.0,589376
2023-05-22 17:00:00,00000000270,20230522170000,0.06,0.001,0.033,0.0,0.0,0.0,1.0,1.67,55.0,4,0.0,0.0,589376
2023-05-22 18:00:00,00000000270,20230522180000,0.057,0.0,0.032,0.0,0.0,0.0,1.0,0.0,56.14,4,0.0,0.0,589376
2023-05-22 19:00:00,00000000270,20230522190000,0.056,0.001,0.034,0.0,0.0,0.0,1.0,1.79,60.71,4,0.0,0.0,589376
2023-05-22 20:00:00,00000000270,20230522200000,0.085,0.002,0.018,0.0,0.0,0.0,1.0,2.35,21.18,4,0.0,0.0,589376
2023-05-22 21:00:00,00000000270,20230522210000,0.085,0.001,0.028,0.0,0.0,0.0,1.0,1.18,32.94,4,0.0,0.0,589376
2023-05-22 22:00:00,00000000270,20230522220000,0.168,0.002,0.027,0.0,0.0,0.0,1.0,1.19,16.07,4,0.0,0.0,589376
2023-05-22 23:00:00,00000000270,20230522230000,0.334,0.001,0.03,0.0,0.0,0.0,1.0,0.3,8.98,4,0.0,0.0,589376
2023-05-23 00:00:00,00000000270,20230523000000,0.135,0.001,0.034,0.0,0.0,0.0,1.0,0.74,25.19,4,0.0,0.0,589376
2023-05-23 01:00:00,00000000270,20230523010000,0.074,0.001,0.028,0.0,0.0,0.0,1.0,1.35,37.84,4,0.0,0.0,589376
2023-05-23 02:00:00,00000000270,20230523020000,0.084,0.002,0.028,0.0,0.0,0.0,1.0,2.38,33.33,4,0.0,0.0,589376
2023-05-23 03:00:00,00000000270,20230523030000,0.08,0.001,0.026,0.0,0.0,0.0,1.0,1.25,32.5,4,0.0,0.0,589376
2023-05-23 04:00:00,00000000270,20230523040000,0.072,0.002,0.027,0.0,0.0,0.0,1.0,2.78,37.5,4,0.0,0.0,589376
2023-05-23 05:00:00,00000000270,20230523050000,0.066,0.001,0.027,0.0,0.0,0.0,1.0,1.52,40.91,4,0.0,0.0,589376
2023-05-23 06:00:00,00000000270,20230523060000,0.064,0.0,0.027,0.0,0.0,0.0,1.0,0.0,42.19,4,0.0,0.0,589376
2023-05-23 07:00:00,00000000270,20230523070000,0.06,0.001,0.033,0.0,0.0,0.0,1.0,1.67,55.0,4,0.0,0.0,589376
2023-05-23 08:00:00,00000000270,20230523080000,0.065,0.002,0.027,0.0,0.0,0.0,1.0,3.08,41.54,4,0.0,0.0,589376
2023-05-23 09:00:00,00000000270,20230523090000,0.066,0.001,0.027,0.0,0.0,0.0,1.0,1.52,40.91,4,0.0,0.0,589376
2023-05-23 10:00:00,00000000270,20230523100000,0.056,0.002,0.032,0.0,0.0,0.0,1.0,3.57,57.14,4,0.0,0.0,589376
2023-05-23 11:00:00,00000000270,20230523110000,0.062,0.001,0.026,0.0,0.0,0.0,1.0,1.61,41.94,4,0.0,0.0,589376
2023-05-23 12:00:00,00000000270,20230523120000,0.064,0.0,0.027,0.0,0.0,0.0,1.0,0.0,42.19,4,0.0,0.0,589376
2023-05-23 13:00:00,00000000270,20230523130000,0.056,0.002,0.032,0.0,0.0,0.0,1.0,3.57,57.14,4,0.0,0.0,589376
2023-05-23 14:00:00,00000000270,20230523140000,0.066,0.001,0.027,0.0,0.0,0.0,1.0,1.52,40.91,4,0.0,0.0,589376
2023-05-23 15:00:00,00000000270,20230523150000,0.057,0.002,0.032,0.0,0.0,0.0,1.0,3.51,56.14,4,0.0,0.0,589376
2023-05-23 16:00:00,00000000270,20230523160000,0.063,0.0,0.026,0.0,0.0,0.0,1.0,0.0,41.27,4,0.0,0.0,589376
2023-05-23 17:00:00,00000000270,20230523170000,0.054,0.002,0.03,0.0,0.0,0.0,1.0,3.7,55.56,4,0.0,0.0,589376
2023-05-23 18:00:00,00000000270,20230523180000,0.152,0.0,0.028,0.0,0.0,0.0,1.0,0.0,18.42,4,0.0,0.0,589376
2023-05-23 19:00:00,00000000270,20230523190000,0.081,0.002,0.034,0.0,0.0,0.0,1.0,2.47,41.98,4,0.0,0.0,589376
2023-05-23 20:00:00,00000000270,20230523200000,0.075,0.001,0.036,0.0,0.0,0.0,1.0,1.33,48.0,4,0.0,0.0,589376
2023-05-23 21:00:00,00000000270,20230523210000,0.123,0.001,0.026,0.0,0.0,0.0,1.0,0.81,21.14,4,0.0,0.0,589376
2023-05-23 22:00:00,00000000270,20230523220000,0.141,0.0,0.031,0.0,0.0,0.0,1.0,0.0,21.99,4,0.0,0.0,589376
2023-05-23 23:00:00,00000000270,20230523230000,0.111,0.001,0.036,0.0,0.0,0.0,1.0,0.9,32.43,4,0.0,0.0,589376
2023-05-24 00:00:00,00000000270,20230524000000,0.155,0.002,0.024,0.0,0.0,0.0,1.0,1.29,15.48,4,0.0,0.0,589376
2023-05-24 01:00:00,00000000270,20230524010000,0.084,0.001,0.028,0.0,0.0,0.0,1.0,1.19,33.33,4,0.0,0.0,589376
2023-05-24 02:00:00,00000000270,20230524020000,0.079,0.002,0.024,0.0,0.0,0.0,1.0,2.53,30.38,4,0.0,0.0,589376
2023-05-24 03:00:00,00000000270,20230524030000,0.067,0.001,0.027,0.0,0.0,0.0,1.0,1.49,40.3,4,0.0,0.0,589376
2023-05-24 04:00:00,00000000270,20230524040000,0.062,0.001,0.029,0.0,0.0,0.0,1.0,1.61,46.77,4,0.0,0.0,589376
2023-05-24 05:00:00,00000000270,20230524050000,0.061,0.001,0.028,0.0,0.0,0.0,1.0,1.64,45.9,4,0.0,0.0,589376
2023-05-24 06:00:00,00000000270,20230524060000,0.077,0.003,0.025,0.0,0.0,0.0,1.0,3.9,32.47,4,0.0,0.0,589376
2023-05-24 07:00:00,00000000270,20230524070000,0.064,0.001,0.028,0.0,0.0,0.0,1.0,1.56,43.75,4,0.0,0.0,589376
2023-05-24 08:00:00,00000000270,20230524080000,0.063,0.001,0.03,0.0,0.0,0.0,1.0,1.59,47.62,4,0.0,0.0,589376
2023-05-24 09:00:00,00000000270,20230524090000,0.062,0.0,0.028,0.0,0.0,0.0,1.0,0.0,45.16,4,0.0,0.0,589376
2023-05-24 10:00:00,00000000270,20230524100000,0.059,0.001,0.027,0.0,0.0,0.0,1.0,1.69,45.76,4,0.0,0.0,589376
2023-05-24 11:00:00,00000000270,20230524110000,0.066,0.002,0.027,0.0,0.0,0.0,1.0,3.03,40.91,4,0.0,0.0,589376
2023-05-24 12:00:00,00000000270,20230524120000,0.069,0.002,0.026,0.0,0.0,0.0,1.0,2.9,37.68,4,0.0,0.0,589376
2023-05-24 13:00:00,00000000270,20230524130000,0.06,0.001,0.028,0.0,0.0,0.0,1.0,1.67,46.67,4,0.0,0.0,589376
2023-05-24 14:00:00,00000000270,20230524140000,0.061,0.001,0.028,0.0,0.0,0.0,1.0,1.64,45.9,4,0.0,0.0,589376
2023-05-24 15:00:00,00000000270,20230524150000,0.058,0.0,0.027,0.0,0.0,0.0,1.0,0.0,46.55,4,0.0,0.0,589376
2023-05-24 16:00:00,00000000270,20230524160000,0.061,0.001,0.027,0.0,0.0,0.0,1.0,1.64,44.26,4,0.0,0.0,589376
2023-05-24 17:00:00,00000000270,20230524170000,0.07,0.002,0.025,0.0,0.0,0.0,1.0,2.86,35.71,4,0.0,0.0,589376
2023-05-24 18:00:00,00000000270,20230524180000,0.073,0.002,0.025,0.0,0.0,0.0,1.0,2.74,34.25,4,0.0,0.0,589376
2023-05-24 19:00:00,00000000270,20230524190000,0.08,0.001,0.034,0.0,0.0,0.0,1.0,1.25,42.5,4,0.0,0.0,589376
2023-05-24 20:00:00,00000000270,20230524200000,0.224,0.001,0.043,0.0,0.0,0.0,1.0,0.45,19.2,4,0.0,0.0,589376
2023-05-24 21:00:00,00000000270,20230524210000,0.179,0.0,0.037,0.0,0.0,0.0,1.0,0.0,20.67,4,0.0,0.0,589376
2023-05-24 22:00:00,00000000270,20230524220000,0.135,0.001,0.036,0.0,0.0,0.0,1.0,0.74,26.67,4,0.0,0.0,589376
2023-05-24 23:00:00,00000000270,20230524230000,0.131,0.001,0.034,0.0,0.0,0.0,1.0,0.76,25.95,4,0.0,0.0,589376
2023-05-25 00:00:00,00000000270,20230525000000,0.065,0.001,0.029,0.0,0.0,0.0,1.0,1.54,44.62,4,0.0,0.0,589376
2023-05-25 01:00:00,00000000270,20230525010000,0.132,0.001,0.034,0.0,0.0,0.0,1.0,0.76,25.76,4,0.0,0.0,589376
2023-05-25 02:00:00,00000000270,20230525020000,0.12,0.001,0.026,0.0,0.0,0.0,1.0,0.83,21.67,4,0.0,0.0,589376
2023-05-25 03:00:00,00000000270,20230525030000,0.065,0.001,0.027,0.0,0.0,0.0,1.0,1.54,41.54,4,0.0,0.0,589376
2023-05-25 04:00:00,00000000270,20230525040000,0.071,0.001,0.024,0.0,0.0,0.0,1.0,1.41,33.8,4,0.0,0.0,589376
2023-05-25 05:00:00,00000000270,20230525050000,0.058,0.001,0.029,0.0,0.0,0.0,1.0,1.72,50.0,4,0.0,0.0,589376
2023-05-25 06:00:00,00000000270,20230525060000,0.062,0.001,0.029,0.0,0.0,0.0,1.0,1.61,46.77,4,0.0,0.0,589376
2023-05-25 07:00:00,00000000270,20230525070000,0.061,0.0,0.028,0.0,0.0,0.0,1.0,0.0,45.9,4,0.0,0.0,589376
2023-05-25 08:00:00,00000000270,20230525080000,0.073,0.001,0.032,0.0,0.0,0.0,1.0,1.37,43.84,4,0.0,0.0,589376
2023-05-25 09:00:00,00000000270,20230525090000,0.089,0.001,0.035,0.0,0.0,0.0,1.0,1.12,39.33,4,0.0,0.0,589376
2023-05-25 10:00:00,00000000270,20230525100000,0.094,0.001,0.033,0.0,0.0,0.0,1.0,1.06,35.11,4,0.0,0.0,589376
2023-05-25 11:00:00,00000000270,20230525110000,0.085,0.0,0.038,0.0,0.0,0.0,1.0,0.0,44.71,4,0.0,0.0,589376
2023-05-25 12:00:00,00000000270,20230525120000,0.083,0.001,0.037,0.0,0.0,0.0,1.0,1.2,44.58,4,0.0,0.0,589376
2023-05-25 13:00:00,00000000270,20230525130000,0.082,0.001,0.037,0.0,0.0,0.0,1.0,1.22,45.12,4,0.0,0.0,589376
2023-05-25 14:00:00,00000000270,20230525140000,0.078,0.0,0.036,0.0,0.0,0.0,1.0,0.0,46.15,4,0.0,0.0,589376
2023-05-25 15:00:00,00000000270,20230525150000,0.087,0.001,0.035,0.0,0.0,0.0,1.0,1.15,40.23,4,0.0,0.0,589376
2023-05-25 16:00:00,00000000270,20230525160000,0.092,0.001,0.032,0.0,0.0,0.0,1.0,1.09,34.78,4,0.0,0.0,589376
2023-05-25 17:00:00,00000000270,20230525170000,0.083,0.0,0.036,0.0,0.0,0.0,1.0,0.0,43.37,4,0.0,0.0,589376
2023-05-25 18:00:00,00000000270,20230525180000,0.079,0.001,0.036,0.0,0.0,0.0,1.0,1.27,45.57,4,0.0,0.0,589376
2023-05-25 19:00:00,00000000270,20230525190000,0.083,0.001,0.037,0.0,0.0,0.0,1.0,1.2,44.58,4,0.0,0.0,589376
2023-05-25 20:00:00,00000000270,20230525200000,0.08,0.0,0.029,0.0,0.0,0.0,1.0,0.0,36.25,4,0.0,0.0,589376
2023-05-25 21:00:00,00000000270,20230525210000,0.077,0.001,0.024,0.0,0.0,0.0,1.0,1.3,31.17,4,0.0,0.0,589376
2023-05-25 22:00:00,00000000270,20230525220000,0.11,0.001,0.028,0.0,0.0,0.0,1.0,0.91,25.45,4,0.0,0.0,589376
2023-05-25 23:00:00,00000000270,20230525230000,0.081,0.0,0.027,0.0,0.0,0.0,1.0,0.0,33.33,4,0.0,0.0,589376
2023-05-26 00:00:00,00000000270,20230526000000,0.105,0.001,0.038,0.0,0.0,0.0,1.0,0.95,36.19,4,0.0,0.0,589376
2023-05-26 01:00:00,00000000270,20230526010000,0.087,0.001,0.028,0.0,0.0,0.0,1.0,1.15,32.18,4,0.0,0.0,589376
2023-05-26 02:00:00,00000000270,20230526020000,0.068,0.002,0.029,0.0,0.0,0.0,1.0,2.94,42.65,4,0.0,0.0,589376
2023-05-26 03:00:00,00000000270,20230526030000,0.142,0.001,0.029,0.0,0.0,0.0,1.0,0.7,20.42,4,0.0,0.0,589376
2023-05-26 04:00:00,00000000270,20230526040000,0.077,0.001,0.028,0.0,0.0,0.0,1.0,1.3,36.36,4,0.0,0.0,589376
2023-05-26 05:00:00,00000000270,20230526050000,0.07,0.003,0.028,0.0,0.0,0.0,1.0,4.29,40.0,4,0.0,0.0,589376
2023-05-26 06:00:00,00000000270,20230526060000,0.079,0.003,0.024,0.0,0.0,0.0,1.0,3.8,30.38,4,0.0,0.0,589376
2023-05-26 07:00:00,00000000270,20230526070000,0.063,0.002,0.029,0.0,0.0,0.0,1.0,3.17,46.03,4,0.0,0.0,589376
2023-05-26 08:00:00,00000000270,20230526080000,0.066,0.0,0.028,0.0,0.0,0.0,1.0,0.0,42.42,4,0.0,0.0,589376
2023-05-26 09:00:00,00000000270,20230526090000,0.06,0.001,0.028,0.0,0.0,0.0,1.0,1.67,46.67,4,0.0,0.0,589376
2023-05-26 10:00:00,00000000270,20230526100000,0.061,0.0,0.028,0.0,0.0,0.0,1.0,0.0,45.9,4,0.0,0.0,589376
2023-05-26 11:00:00,00000000270,20230526110000,0.07,0.001,0.024,0.0,0.0,0.0,1.0,1.43,34.29,4,0.0,0.0,589376
2023-05-26 12:00:00,00000000270,20230526120000,0.059,0.002,0.026,0.0,0.0,0.0,1.0,3.39,44.07,4,0.0,0.0,589376
2023-05-26 13:00:00,00000000270,20230526130000,0.059,0.001,0.029,0.0,0.0,0.0,1.0,1.69,49.15,4,0.0,0.0,589376
2023-05-26 14:00:00,00000000270,20230526140000,0.059,0.002,0.029,0.0,0.0,0.0,1.0,3.39,49.15,4,0.0,0.0,589376
2023-05-26 15:00:00,00000000270,20230526150000,0.058,0.002,0.029,0.0,0.0,0.0,1.0,3.45,50.0,4,0.0,0.0,589376
2023-05-26 16:00:00,00000000270,20230526160000,0.065,0.002,0.025,0.0,0.0,0.0,1.0,3.08,38.46,4,0.0,0.0,589376
2023-05-26 17:00:00,00000000270,20230526170000,0.071,0.0,0.023,0.0,0.0,0.0,1.0,0.0,32.39,4,0.0,0.0,589376
2023-05-26 18:00:00,00000000270,20230526180000,0.07,0.001,0.027,0.0,0.0,0.0,1.0,1.43,38.57,4,0.0,0.0,589376
2023-05-26 19:00:00,00000000270,20230526190000,0.203,0.001,0.039,0.0,0.0,0.0,1.0,0.49,19.21,4,0.0,0.0,589376
2023-05-26 20:00:00,00000000270,20230526200000,0.228,0.0,0.034,0.0,0.0,0.0,1.0,0.0,14.91,4,0.0,0.0,589376
2023-05-26 21:00:00,00000000270,20230526210000,0.129,0.009,0.02,0.0,0.0,0.0,1.0,6.98,15.5,4,0.0,0.0,589376
2023-05-26 22:00:00,00000000270,20230526220000,0.109,0.001,0.031,0.0,0.0,0.0,1.0,0.92,28.44,4,0.0,0.0,589376
2023-05-26 23:00:00,00000000270,20230526230000,0.074,0.001,0.027,0.0,0.0,0.0,1.0,1.35,36.49,4,0.0,0.0,589376
2023-05-27 00:00:00,00000000270,20230527000000,0.114,0.0,0.026,0.0,0.0,0.0,1.0,0.0,22.81,4,0.0,0.0,589376
2023-05-27 01:00:00,00000000270,20230527010000,0.081,0.001,0.028,0.0,0.0,0.0,1.0,1.23,34.57,4,0.0,0.0,589376
2023-05-27 02:00:00,00000000270,20230527020000,0.086,0.003,0.024,0.0,0.0,0.0,1.0,3.49,27.91,4,0.0,0.0,589376
2023-05-27 03:00:00,00000000270,20230527030000,0.068,0.001,0.029,0.0,0.0,0.0,1.0,1.47,42.65,4,0.0,0.0,589376
2023-05-27 04:00:00,00000000270,20230527040000,0.066,0.002,0.03,0.0,0.0,0.0,1.0,3.03,45.45,4,0.0,0.0,589376
2023-05-27 05:00:00,00000000270,20230527050000,0.057,0.002,0.03,0.0,0.0,0.0,1.0,3.51,52.63,4,0.0,0.0,589376
2023-05-27 06:00:00,00000000270,20230527060000,0.075,0.003,0.028,0.0,0.0,0.0,1.0,4.0,37.33,4,0.0,0.0,589376
2023-05-27 07:00:00,00000000270,20230527070000,0.078,0.002,0.025,0.0,0.0,0.0,1.0,2.56,32.05,4,0.0,0.0,589376
2023-05-27 08:00:00,00000000270,20230527080000,0.067,0.001,0.028,0.0,0.0,0.0,1.0,1.49,41.79,4,0.0,0.0,589376
2023-05-27 09:00:00,00000000270,20230527090000,0.07,0.0,0.027,0.0,0.0,0.0,1.0,0.0,38.57,4,0.0,0.0,589376
2023-05-27 10:00:00,00000000270,20230527100000,0.154,0.001,0.027,0.0,0.0,0.0,1.0,0.65,17.53,4,0.0,0.0,589376
2023-05-27 11:00:00,00000000270,20230527110000,0.089,0.002,0.024,0.0,0.0,0.0,1.0,2.25,26.97,4,0.0,0.0,589376
2023-05-27 12:00:00,00000000270,20230527120000,0.075,0.001,0.023,0.0,0.0,0.0,1.0,1.33,30.67,4,0.0,0.0,589376
2023-05-27 13:00:00,00000000270,20230527130000,0.074,0.001,0.027,0.0,0.0,0.0,1.0,1.35,36.49,4,0.0,0.0,589376
2023-05-27 14:00:00,00000000270,20230527140000,0.071,0.0,0.026,0.0,0.0,0.0,1.0,0.0,36.62,4,0.0,0.0,589376
2023-05-27 15:00:00,00000000270,20230527150000,0.071,0.001,0.028,0.0,0.0,0.0,1.0,1.41,39.44,4,0.0,0.0,589376
2023-05-27 16:00:00,00000000270,20230527160000,0.068,0.001,0.023,0.0,0.0,0.0,1.0,1.47,33.82,4,0.0,0.0,589376
2023-05-27 17:00:00,00000000270,20230527170000,0.073,0.001,0.024,0.0,0.0,0.0,1.0,1.37,32.88,4,0.0,0.0,589376
2023-05-27 18:00:00,00000000270,20230527180000,0.061,0.002,0.027,0.0,0.0,0.0,1.0,3.28,44.26,4,0.0,0.0,589376
2023-05-27 19:00:00,00000000270,20230527190000,0.065,0.001,0.027,0.0,0.0,0.0,1.0,1.54,41.54,4,0.0,0.0,589376
2023-05-27 20:00:00,00000000270,20230527200000,0.072,0.002,0.026,0.0,0.0,0.0,1.0,2.78,36.11,4,0.0,0.0,589376
2023-05-27 21:00:00,00000000270,20230527210000,0.126,0.0,0.029,0.0,0.0,0.0,1.0,0.0,23.02,4,0.0,0.0,589376
2023-05-27 22:00:00,00000000270,20230527220000,0.108,0.001,0.031,0.0,0.0,0.0,1.0,0.93,28.7,4,0.0,0.0,589376
2023-05-27 23:00:00,00000000270,20230527230000,0.093,0.001,0.03,0.0,0.0,0.0,1.0,1.08,32.26,4,0.0,0.0,589376
2023-05-28 00:00:00,00000000270,20230528000000,0.11,0.0,0.036,0.0,0.0,0.0,1.0,0.0,32.73,4,0.0,0.0,589376
2023-05-28 01:00:00,00000000270,20230528010000,0.177,0.003,0.025,0.0,0.0,0.0,1.0,1.69,14.12,4,0.0,0.0,589376
2023-05-28 02:00:00,00000000270,20230528020000,0.095,0.001,0.026,0.0,0.0,0.0,1.0,1.05,27.37,4,0.0,0.0,589376
2023-05-28 03:00:00,00000000270,20230528030000,0.077,0.0,0.027,0.0,0.0,0.0,1.0,0.0,35.06,4,0.0,0.0,589376
2023-05-28 04:00:00,00000000270,20230528040000,0.074,0.001,0.028,0.0,0.0,0.0,1.0,1.35,37.84,4,0.0,0.0,589376
2023-05-28 05:00:00,00000000270,20230528050000,0.07,0.001,0.023,0.0,0.0,0.0,1.0,1.43,32.86,4,0.0,0.0,589376
2023-05-28 06:00:00,00000000270,20230528060000,0.064,0.0,0.025,0.0,0.0,0.0,1.0,0.0,39.06,4,0.0,0.0,589376
2023-05-28 07:00:00,00000000270,20230528070000,0.076,0.001,0.028,0.0,0.0,0.0,1.0,1.32,36.84,4,0.0,0.0,589376
2023-05-28 08:00:00,00000000270,20230528080000,0.074,0.0,0.025,0.0,0.0,0.0,1.0,0.0,33.78,4,0.0,0.0,589376
2023-05-28 09:00:00,00000000270,20230528090000,0.069,0.001,0.029,0.0,0.0,0.0,1.0,1.45,42.03,4,0.0,0.0,589376
2023-05-28 10:00:00,00000000270,20230528100000,0.092,0.001,0.03,0.0,0.0,0.0,1.0,1.09,32.61,4,0.0,0.0,589376
2023-05-28 11:00:00,00000000270,20230528110000,0.142,0.0,0.042,0.0,0.0,0.0,1.0,0.0,29.58,4,0.0,0.0,589376
2023-05-28 12:00:00,00000000270,20230528120000,0.066,0.001,0.043,0.0,0.0,0.0,1.0,1.52,65.15,4,0.0,0.0,589376
2023-05-28 13:00:00,00000000270,20230528130000,0.073,0.022,0.037,0.0,0.0,0.0,1.0,30.14,50.68,4,0.0,0.0,589376
2023-05-28 14:00:00,00000000270,20230528140000,0.141,0.218,0.01,0.0,0.0,0.0,1.0,154.61,7.09,4,0.0,0.0,589376
2023-05-28 15:00:00,00000000270,20230528150000,0.192,0.11,0.027,0.0,0.0,0.0,1.0,57.29,14.06,4,0.0,0.0,589376
2023-05-28 16:00:00,00000000270,20230528160000,0.136,0.16,0.017,0.0,0.0,0.0,1.0,117.65,12.5,4,0.0,0.0,589376
2023-05-28 17:00:00,00000000270,20230528170000,0.06,0.0,0.033,0.0,0.0,0.0,1.0,0.0,55.0,4,0.0,0.0,589376
2023-05-28 18:00:00,00000000270,20230528180000,0.062,0.001,0.034,0.0,0.0,0.0,1.0,1.61,54.84,4,0.0,0.0,589376
2023-05-28 19:00:00,00000000270,20230528190000,0.052,0.0,0.034,0.0,0.0,0.0,1.0,0.0,65.38,4,0.0,0.0,589376
2023-05-28 20:00:00,00000000270,20230528200000,0.234,0.001,0.035,0.0,0.0,0.0,1.0,0.43,14.96,4,0.0,0.0,589376
2023-05-28 21:00:00,00000000270,20230528210000,0.054,0.001,0.035,0.0,0.0,0.0,1.0,1.85,64.81,4,0.0,0.0,589376
2023-05-28 22:00:00,00000000270,20230528220000,0.257,0.0,0.037,0.0,0.0,0.0,1.0,0.0,14.4,4,0.0,0.0,589376
2023-05-28 23:00:00,00000000270,20230528230000,0.088,0.034,0.016,0.0,0.0,0.0,1.0,38.64,18.18,4,0.0,0.0,589376
2023-05-29 00:00:00,00000000270,20230529000000,0.094,0.046,0.007,0.0,0.0,0.0,1.0,48.94,7.45,4,0.0,0.0,589376
2023-05-29 01:00:00,00000000270,20230529010000,0.055,0.001,0.036,0.0,0.0,0.0,1.0,1.82,65.45,4,0.0,0.0,589376
2023-05-29 02:00:00,00000000270,20230529020000,0.045,0.0,0.035,0.0,0.0,0.0,1.0,0.0,77.78,4,0.0,0.0,589376
2023-05-29 03:00:00,00000000270,20230529030000,0.05,0.001,0.037,0.0,0.0,0.0,1.0,2.0,74.0,4,0.0,0.0,589376
2023-05-29 04:00:00,00000000270,20230529040000,0.049,0.0,0.036,0.0,0.0,0.0,1.0,0.0,73.47,4,0.0,0.0,589376
2023-05-29 05:00:00,00000000270,20230529050000,0.147,0.001,0.038,0.0,0.0,0.0,1.0,0.68,25.85,4,0.0,0.0,589376
2023-05-29 06:00:00,00000000270,20230529060000,0.111,0.0,0.033,0.0,0.0,0.0,1.0,0.0,29.73,4,0.0,0.0,589376
2023-05-29 07:00:00,00000000270,20230529070000,0.049,0.001,0.036,0.0,0.0,0.0,1.0,2.04,73.47,4,0.0,0.0,589376
2023-05-29 08:00:00,00000000270,20230529080000,0.06,0.001,0.035,0.0,0.0,0.0,1.0,1.67,58.33,4,0.0,0.0,589376
2023-05-29 09:00:00,00000000270,20230529090000,0.063,0.001,0.034,0.0,0.0,0.0,1.0,1.59,53.97,4,0.0,0.0,589376
2023-05-29 10:00:00,00000000270,20230529100000,0.104,0.152,0.016,0.0,0.0,0.0,1.0,146.15,15.38,4,0.0,0.0,589376
2023-05-29 11:00:00,00000000270,20230529110000,0.055,0.0,0.035,0.0,0.0,0.0,1.0,0.0,63.64,4,0.0,0.0,589376
2023-05-29 12:00:00,00000000270,20230529120000,0.05,0.001,0.035,0.0,0.0,0.0,1.0,2.0,70.0,4,0.0,0.0,589376
2023-05-29 13:00:00,00000000270,20230529130000,0.049,0.0,0.034,0.0,0.0,0.0,1.0,0.0,69.39,4,0.0,0.0,589376
2023-05-29 14:00:00,00000000270,20230529140000,0.063,0.001,0.033,0.0,0.0,0.0,1.0,1.59,52.38,4,0.0,0.0,589376
2023-05-29 15:00:00,00000000270,20230529150000,0.054,0.001,0.032,0.0,0.0,0.0,1.0,1.85,59.26,4,0.0,0.0,589376
2023-05-29 16:00:00,00000000270,20230529160000,0.064,0.0,0.033,0.0,0.0,0.0,1.0,0.0,51.56,4,0.0,0.0,589376
2023-05-29 17:00:00,00000000270,20230529170000,0.046,0.001,0.034,0.0,0.0,0.0,1.0,2.17,73.91,4,0.0,0.0,589376
2023-05-29 18:00:00,00000000270,20230529180000,0.114,0.0,0.034,0.0,0.0,0.0,1.0,0.0,29.82,4,0.0,0.0,589376
2023-05-29 19:00:00,00000000270,20230529190000,0.11,0.001,0.03,0.0,0.0,0.0,1.0,0.91,27.27,4,0.0,0.0,589376
2023-05-29 20:00:00,00000000270,20230529200000,0.055,0.0,0.033,0.0,0.0,0.0,1.0,0.0,60.0,4,0.0,0.0,589376
2023-05-29 21:00:00,00000000270,20230529210000,0.053,0.001,0.033,0.0,0.0,0.0,1.0,1.89,62.26,4,0.0,0.0,589376
2023-05-29 22:00:00,00000000270,20230529220000,0.043,0.001,0.033,0.0,0.0,0.0,1.0,2.33,76.74,4,0.0,0.0,589376
2023-05-29 23:00:00,00000000270,20230529230000,0.053,0.0,0.034,0.0,0.0,0.0,1.0,0.0,64.15,4,0.0,0.0,589376
2023-05-30 00:00:00,00000000270,20230530000000,0.057,0.001,0.033,0.0,0.0,0.0,1.0,1.75,57.89,4,0.0,0.0,589376
2023-05-30 01:00:00,00000000270,20230530010000,0.055,0.0,0.035,0.0,0.0,0.0,1.0,0.0,63.64,4,0.0,0.0,589376
2023-05-30 02:00:00,00000000270,20230530020000,0.051,0.001,0.035,0.0,0.0,0.0,1.0,1.96,68.63,4,0.0,0.0,589376
2023-05-30 03:00:00,00000000270,20230530030000,0.046,0.0,0.036,0.0,0.0,0.0,1.0,0.0,78.26,4,0.0,0.0,589376
2023-05-30 04:00:00,00000000270,20230530040000,0.05,0.001,0.036,0.0,0.0,0.0,1.0,2.0,72.0,4,0.0,0.0,589376
2023-05-30 05:00:00,00000000270,20230530050000,0.043,0.001,0.036,0.0,0.0,0.0,1.0,2.33,83.72,4,0.0,0.0,589376
2023-05-30 06:00:00,00000000270,20230530060000,0.048,0.0,0.037,0.0,0.0,0.0,1.0,0.0,77.08,4,0.0,0.0,589376
2023-05-30 07:00:00,00000000270,20230530070000,0.046,0.001,0.036,0.0,0.0,0.0,1.0,2.17,78.26,4,0.0,0.0,589376
2023-05-30 08:00:00,00000000270,20230530080000,0.046,0.0,0.035,0.0,0.0,0.0,1.0,0.0,76.09,4,0.0,0.0,589376
2023-05-30 09:00:00,00000000270,20230530090000,0.05,0.001,0.036,0.0,0.0,0.0,1.0,2.0,72.0,4,0.0,0.0,589376
2023-05-30 10:00:00,00000000270,20230530100000,0.055,0.0,0.033,0.0,0.0,0.0,1.0,0.0,60.0,4,0.0,0.0,589376
2023-05-30 11:00:00,00000000270,20230530110000,0.051,0.001,0.036,0.0,0.0,0.0,1.0,1.96,70.59,4,0.0,0.0,589376
2023-05-30 12:00:00,00000000270,20230530120000,0.049,0.001,0.033,0.0,0.0,0.0,1.0,2.04,67.35,4,0.0,0.0,589376
2023-05-30 13:00:00,00000000270,20230530130000,0.049,0.0,0.037,0.0,0.0,0.0,1.0,0.0,75.51,4,0.0,0.0,589376
2023-05-30 14:00:00,00000000270,20230530140000,0.041,0.001,0.035,0.0,0.0,0.0,1.0,2.44,85.37,4,0.0,0.0,589376
2023-05-30 15:00:00,00000000270,20230530150000,0.048,0.0,0.036,0.0,0.0,0.0,1.0,0.0,75.0,4,0.0,0.0,589376
2023-05-30 16:00:00,00000000270,20230530160000,0.043,0.001,0.034,0.0,0.0,0.0,1.0,2.33,79.07,4,0.0,0.0,589376
2023-05-30 17:00:00,00000000270,20230530170000,0.048,0.0,0.036,0.0,0.0,0.0,1.0,0.0,75.0,4,0.0,0.0,589376
2023-05-30 18:00:00,00000000270,20230530180000,0.049,0.001,0.033,0.0,0.0,0.0,1.0,2.04,67.35,4,0.0,0.0,589376
2023-05-30 19:00:00,00000000270,20230530190000,0.057,0.001,0.035,0.0,0.0,0.0,1.0,1.75,61.4,4,0.0,0.0,589376
2023-05-30 20:00:00,00000000270,20230530200000,0.048,0.0,0.033,0.0,0.0,0.0,1.0,0.0,68.75,4,0.0,0.0,589376
2023-05-30 21:00:00,00000000270,20230530210000,0.053,0.001,0.034,0.0,0.0,0.0,1.0,1.89,64.15,4,0.0,0.0,589376
2023-05-30 22:00:00,00000000270,20230530220000,0.044,0.0,0.033,0.0,0.0,0.0,1.0,0.0,75.0,4,0.0,0.0,589376
2023-05-30 23:00:00,00000000270,20230530230000,0.048,0.001,0.035,0.0,0.0,0.0,1.0,2.08,72.92,4,0.0,0.0,589376
2023-05-31 00:00:00,00000000270,20230531000000,0.044,0.0,0.034,0.0,0.0,0.0,1.0,0.0,77.27,4,0.0,0.0,589376
2023-05-31 01:00:00,00000000270,20230531010000,0.045,0.001,0.036,0.0,0.0,0.0,1.0,2.22,80.0,4,0.0,0.0,589376
2023-05-31 02:00:00,00000000270,20230531020000,0.044,0.0,0.035,0.0,0.0,0.0,1.0,0.0,79.55,4,0.0,0.0,589376
2023-05-31 03:00:00,00000000270,20230531030000,0.043,0.001,0.036,0.0,0.0,0.0,1.0,2.33,83.72,4,0.0,0.0,589376
2023-05-31 04:00:00,00000000270,20230531040000,0.054,0.001,0.035,0.0,0.0,0.0,1.0,1.85,64.81,4,0.0,0.0,589376
2023-05-31 05:00:00,00000000270,20230531050000,0.046,0.0,0.035,0.0,0.0,0.0,1.0,0.0,76.09,4,0.0,0.0,589376
2023-05-31 06:00:00,00000000270,20230531060000,0.054,0.001,0.036,0.0,0.0,0.0,1.0,1.85,66.67,4,0.0,0.0,589376
2023-05-31 07:00:00,00000000270,20230531070000,0.051,0.0,0.034,0.0,0.0,0.0,1.0,0.0,66.67,4,0.0,0.0,589376
2023-05-31 08:00:00,00000000270,20230531080000,0.049,0.001,0.036,0.0,0.0,0.0,1.0,2.04,73.47,4,0.0,0.0,589376
2023-05-31 09:00:00,00000000270,20230531090000,0.044,0.0,0.035,0.0,0.0,0.0,1.0,0.0,79.55,4,0.0,0.0,589376
2023-05-31 10:00:00,00000000270,20230531100000,0.043,0.001,0.036,0.0,0.0,0.0,1.0,2.33,83.72,4,0.0,0.0,589376
2023-05-31 11:00:00,00000000270,20230531110000,0.041,0.001,0.035,0.0,0.0,0.0,1.0,2.44,85.37,4,0.0,0.0,589376
2023-05-31 12:00:00,00000000270,20230531120000,0.047,0.0,0.035,0.0,0.0,0.0,1.0,0.0,74.47,4,0.0,0.0,589376
2023-05-31 13:00:00,00000000270,20230531130000,0.046,0.001,0.035,0.0,0.0,0.0,1.0,2.17,76.09,4,0.0,0.0,589376
2023-05-31 14:00:00,00000000270,20230531140000,0.055,0.0,0.034,0.0,0.0,0.0,1.0,0.0,61.82,4,0.0,0.0,589376
2023-05-31 15:00:00,00000000270,20230531150000,0.05,0.001,0.035,0.0,0.0,0.0,1.0,2.0,70.0,4,0.0,0.0,589376
2023-05-31 16:00:00,00000000270,20230531160000,0.055,0.0,0.033,0.0,0.0,0.0,1.0,0.0,60.0,4,0.0,0.0,589376
2023-05-31 17:00:00,00000000270,20230531170000,0.048,0.001,0.034,0.0,0.0,0.0,1.0,2.08,70.83,4,0.0,0.0,589376
2023-05-31 18:00:00,00000000270,20230531180000,0.047,0.0,0.034,0.0,0.0,0.0,1.0,0.0,72.34,4,0.0,0.0,589376
2023-05-31 19:00:00,00000000270,20230531190000,0.061,0.001,0.033,0.0,0.0,0.0,1.0,1.64,54.1,4,0.0,0.0,589376
2023-05-31 20:00:00,00000000270,20230531200000,0.137,0.0,0.031,0.0,0.0,0.0,1.0,0.0,22.63,4,0.0,0.0,589376
2023-05-31 21:00:00,00000000270,20230531210000,0.057,0.001,0.032,0.0,0.0,0.0,1.0,1.75,56.14,4,0.0,0.0,589376
2023-05-31 22:00:00,00000000270,20230531220000,0.049,0.001,0.034,0.0,0.0,0.0,1.0,2.04,69.39,4,0.0,0.0,589376
2023-05-31 23:00:00,00000000270,20230531230000,0.04,0.0,0.033,0.0,0.0,0.0,1.0,0.0,82.5,4,0.0,0.0,589376
2023-06-01 00:00:00,00000000270,20230601000000,0.05,0.001,0.035,0.0,0.0,0.0,1.0,2.0,70.0,4,0.0,0.0,589376
2023-06-01 01:00:00,00000000270,20230601010000,0.043,0.0,0.035,0.0,0.0,0.0,1.0,0.0,81.4,4,0.0,0.0,589376
2023-06-01 02:00:00,00000000270,20230601020000,0.055,0.001,0.034,0.0,0.0,0.0,1.0,1.82,61.82,4,0.0,0.0,589376
2023-06-01 03:00:00,00000000270,20230601030000,0.054,0.001,0.035,0.0,0.0,0.0,1.0,1.85,64.81,4,0.0,0.0,589376
2023-06-01 04:00:00,00000000270,20230601040000,0.051,0.0,0.034,0.0,0.0,0.0,1.0,0.0,66.67,4,0.0,0.0,589376
2023-06-01 05:00:00,00000000270,20230601050000,0.049,0.001,0.036,0.0,0.0,0.0,1.0,2.04,73.47,4,0.0,0.0,589376
2023-06-01 06:00:00,00000000270,20230601060000,0.048,0.0,0.036,0.0,0.0,0.0,1.0,0.0,75.0,4,0.0,0.0,589376
2023-06-01 07:00:00,00000000270,20230601070000,0.044,0.001,0.037,0.0,0.0,0.0,1.0,2.27,84.09,4,0.0,0.0,589376
2023-06-01 08:00:00,00000000270,20230601080000,0.044,0.0,0.035,0.0,0.0,0.0,1.0,0.0,79.55,4,0.0,0.0,589376
2023-06-01 09:00:00,00000000270,20230601090000,0.047,0.001,0.035,0.0,0.0,0.0,1.0,2.13,74.47,4,0.0,0.0,589376
2023-06-01 10:00:00,00000000270,20230601100000,0.043,0.001,0.035,0.0,0.0,0.0,1.0,2.33,81.4,4,0.0,0.0,589376
2023-06-01 11:00:00,00000000270,20230601110000,0.046,0.0,0.034,0.0,0.0,0.0,1.0,0.0,73.91,4,0.0,0.0,589376
2023-06-01 12:00:00,00000000270,20230601120000,0.056,0.001,0.035,0.0,0.0,0.0,1.0,1.79,62.5,4,0.0,0.0,589376
2023-06-01 13:00:00,00000000270,20230601130000,0.054,0.0,0.033,0.0,0.0,0.0,1.0,0.0,61.11,4,0.0,0.0,589376
2023-06-01 14:00:00,00000000270,20230601140000,0.05,0.001,0.035,0.0,0.0,0.0,1.0,2.0,70.0,4,0.0,0.0,589376
2023-06-01 15:00:00,00000000270,20230601150000,0.041,0.0,0.034,0.0,0.0,0.0,1.0,0.0,82.93,4,0.0,0.0,589376
2023-06-01 16:00:00,00000000270,20230601160000,0.048,0.001,0.035,0.0,0.0,0.0,1.0,2.08,72.92,4,0.0,0.0,589376
2023-06-01 17:00:00,00000000270,20230601170000,0.046,0.001,0.034,0.0,0.0,0.0,1.0,2.17,73.91,4,0.0,0.0,589376
2023-06-01 18:00:00,00000000270,20230601180000,0.045,0.0,0.035,0.0,0.0,0.0,1.0,0.0,77.78,4,0.0,0.0,589376
2023-06-01 19:00:00,00000000270,20230601190000,0.055,0.001,0.034,0.0,0.0,0.0,1.0,1.82,61.82,4,0.0,0.0,589376
2023-06-01 20:00:00,00000000270,20230601200000,0.051,0.0,0.033,0.0,0.0,0.0,1.0,0.0,64.71,4,0.0,0.0,589376
2023-06-01 21:00:00,00000000270,20230601210000,0.057,0.001,0.033,0.0,0.0,0.0,1.0,1.75,57.89,4,0.0,0.0,589376
2023-06-01 22:00:00,00000000270,20230601220000,0.043,0.001,0.033,0.0,0.0,0.0,1.0,2.33,76.74,4,0.0,0.0,589376
2023-06-01 23:00:00,00000000270,20230601230000,0.044,0.0,0.034,0.0,0.0,0.0,1.0,0.0,77.27,4,0.0,0.0,589376
2023-06-02 00:00:00,00000000270,20230602000000,0.049,0.001,0.035,0.0,0.0,0.0,1.0,2.04,71.43,4,0.0,0.0,589376
2023-06-02 01:00:00,00000000270,20230602010000,0.042,0.0,0.034,0.0,0.0,0.0,1.0,0.0,80.95,4,0.0,0.0,589376
2023-06-02 02:00:00,00000000270,20230602020000,0.047,0.001,0.036,0.0,0.0,0.0,1.0,2.13,76.6,4,0.0,0.0,589376
2023-06-02 03:00:00,00000000270,20230602030000,0.054,0.0,0.035,0.0,0.0,0.0,1.0,0.0,64.81,4,0.0,0.0,589376
2023-06-02 04:00:00,00000000270,20230602040000,0.051,0.001,0.034,0.0,0.0,0.0,1.0,1.96,66.67,4,0.0,0.0,589376
2023-06-02 05:00:00,00000000270,20230602050000,0.054,0.001,0.035,0.0,0.0,0.0,1.0,1.85,64.81,4,0.0,0.0,589376
2023-06-02 06:00:00,00000000270,20230602060000,0.05,0.0,0.037,0.0,0.0,0.0,1.0,0.0,74.0,4,0.0,0.0,589376
2023-06-02 07:00:00,00000000270,20230602070000,0.048,0.001,0.036,0.0,0.0,0.0,1.0,2.08,75.0,4,0.0,0.0,589376
2023-06-02 08:00:00,00000000270,20230602080000,0.042,0.0,0.035,0.0,0.0,0.0,1.0,0.0,83.33,4,0.0,0.0,589376
2023-06-02 09:00:00,00000000270,20230602090000,0.048,0.001,0.035,0.0,0.0,0.0,1.0,2.08,72.92,4,0.0,0.0,589376
2023-06-02 10:00:00,00000000270,20230602100000,0.047,0.0,0.035,0.0,0.0,0.0,1.0,0.0,74.47,4,0.0,0.0,589376
2023-06-02 11:00:00,00000000270,20230602110000,0.042,0.001,0.035,0.0,0.0,0.0,1.0,2.38,83.33,4,0.0,0.0,589376
2023-06-02 12:00:00,00000000270,20230602120000,0.049,0.001,0.036,0.0,0.0,0.0,1.0,2.04,73.47,4,0.0,0.0,589376
2023-06-02 13:00:00,00000000270,20230602130000,0.061,0.0,0.033,0.0,0.0,0.0,1.0,0.0,54.1,4,0.0,0.0,589376
2023-06-02 14:00:00,00000000270,20230602140000,0.053,0.001,0.035,0.0,0.0,0.0,1.0,1.89,66.04,4,0.0,0.0,589376
2023-06-02 15:00:00,00000000270,20230602150000,0.05,0.0,0.035,0.0,0.0,0.0,1.0,0.0,70.0,4,0.0,0.0,589376
2023-06-02 16:00:00,00000000270,20230602160000,0.043,0.001,0.034,0.0,0.0,0.0,1.0,2.33,79.07,4,0.0,0.0,589376
2023-06-02 17:00:00,00000000270,20230602170000,0.049,0.0,0.036,0.0,0.0,0.0,1.0,0.0,73.47,4,0.0,0.0,589376
2023-06-02 18:00:00,00000000270,20230602180000,0.044,0.001,0.033,0.0,0.0,0.0,1.0,2.27,75.0,4,0.0,0.0,589376
2023-06-02 19:00:00,00000000270,20230602190000,0.266,0.001,0.033,0.0,0.0,0.0,1.0,0.38,12.41,4,0.0,0.0,589376
2023-06-02 20:00:00,00000000270,20230602200000,0.091,0.0,0.035,0.0,0.0,0.0,1.0,0.0,38.46,4,0.0,0.0,589376
2023-06-02 21:00:00,00000000270,20230602210000,0.089,0.001,0.037,0.0,0.0,0.0,1.0,1.12,41.57,4,0.0,0.0,589376
2023-06-02 22:00:00,00000000270,20230602220000,0.056,0.0,0.034,0.0,0.0,0.0,1.0,0.0,60.71,4,0.0,0.0,589376
2023-06-02 23:00:00,00000000270,20230602230000,0.048,0.001,0.034,0.0,0.0,0.0,1.0,2.08,70.83,4,0.0,0.0,589376
2023-06-03 00:00:00,00000000270,20230603000000,0.048,0.0,0.035,0.0,0.0,0.0,1.0,0.0,72.92,4,0.0,0.0,589376
2023-06-03 01:00:00,00000000270,20230603010000,0.045,0.001,0.034,0.0,0.0,0.0,1.0,2.22,75.56,4,0.0,0.0,589376
2023-06-03 02:00:00,00000000270,20230603020000,0.047,0.001,0.037,0.0,0.0,0.0,1.0,2.13,78.72,4,0.0,0.0,589376
2023-06-03 03:00:00,00000000270,20230603030000,0.055,0.0,0.034,0.0,0.0,0.0,1.0,0.0,61.82,4,0.0,0.0,589376
2023-06-03 04:00:00,00000000270,20230603040000,0.053,0.001,0.035,0.0,0.0,0.0,1.0,1.89,66.04,4,0.0,0.0,589376
2023-06-03 05:00:00,00000000270,20230603050000,0.057,0.0,0.036,0.0,0.0,0.0,1.0,0.0,63.16,4,0.0,0.0,589376
2023-06-03 06:00:00,00000000270,20230603060000,0.048,0.001,0.035,0.0,0.0,0.0,1.0,2.08,72.92,4,0.0,0.0,589376
2023-06-03 07:00:00,00000000270,20230603070000,0.05,0.0,0.037,0.0,0.0,0.0,1.0,0.0,74.0,4,0.0,0.0,589376
2023-06-03 08:00:00,00000000270,20230603080000,0.046,0.001,0.035,0.0,0.0,0.0,1.0,2.17,76.09,4,0.0,0.0,589376
2023-06-03 09:00:00,00000000270,20230603090000,0.066,0.0,0.035,0.0,0.0,0.0,1.0,0.0,53.03,4,0.0,0.0,589376
2023-06-03 10:00:00,00000000270,20230603100000,0.133,0.001,0.032,0.0,0.0,0.0,1.0,0.75,24.06,4,0.0,0.0,589376
2023-06-03 11:00:00,00000000270,20230603110000,0.057,0.001,0.032,0.0,0.0,0.0,1.0,1.75,56.14,4,0.0,0.0,589376
2023-06-03 12:00:00,00000000270,20230603120000,0.05,0.0,0.035,0.0,0.0,0.0,1.0,0.0,70.0,4,0.0,0.0,589376
2023-06-03 13:00:00,00000000270,20230603130000,0.042,0.001,0.033,0.0,0.0,0.0,1.0,2.38,78.57,4,0.0,0.0,589376
2023-06-03 14:00:00,00000000270,20230603140000,0.058,0.0,0.035,0.0,0.0,0.0,1.0,0.0,60.34,4,0.0,0.0,589376
2023-06-03 15:00:00,00000000270,20230603150000,0.075,0.001,0.03,0.0,0.0,0.0,1.0,1.33,40.0,4,0.0,0.0,589376
2023-06-03 16:00:00,00000000270,20230603160000,0.067,0.0,0.026,0.0,0.0,0.0,1.0,0.0,38.81,4,0.0,0.0,589376
2023-06-03 17:00:00,00000000270,20230603170000,0.066,0.001,0.028,0.0,0.0,0.0,1.0,1.52,42.42,4,0.0,0.0,589376
2023-06-03 18:00:00,00000000270,20230603180000,0.055,0.001,0.029,0.0,0.0,0.0,1.0,1.82,52.73,4,0.0,0.0,589376
2023-06-03 19:00:00,00000000270,20230603190000,0.051,0.0,0.034,0.0,0.0,0.0,1.0,0.0,66.67,4,0.0,0.0,589376
2023-06-03 20:00:00,00000000270,20230603200000,0.062,0.013,0.025,0.0,0.0,0.0,1.0,20.97,40.32,4,0.0,0.0,589376
2023-06-03 21:00:00,00000000270,20230603210000,0.049,0.001,0.032,0.0,0.0,0.0,1.0,2.04,65.31,4,0.0,0.0,589376
2023-06-03 22:00:00,00000000270,20230603220000,0.045,0.0,0.034,0.0,0.0,0.0,1.0,0.0,75.56,4,0.0,0.0,589376
2023-06-03 23:00:00,00000000270,20230603230000,0.062,0.001,0.034,0.0,0.0,0.0,1.0,1.61,54.84,4,0.0,0.0,589376
2023-06-04 00:00:00,00000000270,20230604000000,0.19,0.001,0.034,0.0,0.0,0.0,1.0,0.53,17.89,4,0.0,0.0,589376
2023-06-04 01:00:00,00000000270,20230604010000,0.083,0.0,0.033,0.0,0.0,0.0,1.0,0.0,39.76,4,0.0,0.0,589376
2023-06-04 02:00:00,00000000270,20230604020000,0.061,0.001,0.033,0.0,0.0,0.0,1.0,1.64,54.1,4,0.0,0.0,589376
2023-06-04 03:00:00,00000000270,20230604030000,0.044,0.0,0.036,0.0,0.0,0.0,1.0,0.0,81.82,4,0.0,0.0,589376
2023-06-04 04:00:00,00000000270,20230604040000,0.051,0.001,0.035,0.0,0.0,0.0,1.0,1.96,68.63,4,0.0,0.0,589376
2023-06-04 05:00:00,00000000270,20230604050000,0.044,0.001,0.036,0.0,0.0,0.0,1.0,2.27,81.82,4,0.0,0.0,589376
2023-06-04 06:00:00,00000000270,20230604060000,0.055,0.0,0.037,0.0,0.0,0.0,1.0,0.0,67.27,4,0.0,0.0,589376
2023-06-04 07:00:00,00000000270,20230604070000,0.062,0.001,0.035,0.0,0.0,0.0,1.0,1.61,56.45,4,0.0,0.0,589376
2023-06-04 08:00:00,00000000270,20230604080000,0.054,0.0,0.036,0.0,0.0,0.0,1.0,0.0,66.67,4,0.0,0.0,589376
2023-06-04 09:00:00,00000000270,20230604090000,0.053,0.001,0.034,0.0,0.0,0.0,1.0,1.89,64.15,4,0.0,0.0,589376
2023-06-04 10:00:00,00000000270,20230604100000,0.062,0.0,0.035,0.0,0.0,0.0,1.0,0.0,56.45,4,0.0,0.0,589376
2023-06-04 11:00:00,00000000270,20230604110000,0.044,0.001,0.034,0.0,0.0,0.0,1.0,2.27,77.27,4,0.0,0.0,589376
2023-06-04 12:00:00,00000000270,20230604120000,0.051,0.0,0.035,0.0,0.0,0.0,1.0,0.0,68.63,4,0.0,0.0,589376
2023-06-04 13:00:00,00000000270,20230604130000,0.04,0.001,0.035,0.0,0.0,0.0,1.0,2.5,87.5,4,0.0,0.0,589376
2023-06-04 14:00:00,00000000270,20230604140000,0.056,0.001,0.034,0.0,0.0,0.0,1.0,1.79,60.71,4,0.0,0.0,589376
2023-06-04 15:00:00,00000000270,20230604150000,0.134,0.0,0.033,0.0,0.0,0.0,1.0,0.0,24.63,4,0.0,0.0,589376
2023-06-04 16:00:00,00000000270,20230604160000,0.073,0.001,0.032,0.0,0.0,0.0,1.0,1.37,43.84,4,0.0,0.0,589376
2023-06-04 17:00:00,00000000270,20230604170000,0.063,0.0,0.033,0.0,0.0,0.0,1.0,0.0,52.38,4,0.0,0.0,589376
2023-06-04 18:00:00,00000000270,20230604180000,0.055,0.001,0.033,0.0,0.0,0.0,1.0,1.82,60.0,4,0.0,0.0,589376
2023-06-04 19:00:00,00000000270,20230604190000,0.055,0.0,0.035,0.0,0.0,0.0,1.0,0.0,63.64,4,0.0,0.0,589376
2023-06-04 20:00:00,00000000270,20230604200000,0.046,0.001,0.034,0.0,0.0,0.0,1.0,2.17,73.91,4,0.0,0.0,589376
2023-06-04 21:00:00,00000000270,20230604210000,0.07,0.02,0.023,0.0,0.0,0.0,1.0,28.57,32.86,4,0.0,0.0,589376
2023-06-04 22:00:00,00000000270,20230604220000,0.061,0.012,0.026,0.0,0.0,0.0,1.0,19.67,42.62,4,0.0,0.0,589376
2023-06-04 23:00:00,00000000270,20230604230000,0.067,0.001,0.035,0.0,0.0,0.0,1.0,1.49,52.24,4,0.0,0.0,589376
2023-06-05 00:00:00,00000000270,20230605000000,0.065,0.001,0.034,0.0,0.0,0.0,1.0,1.54,52.31,4,0.0,0.0,589376
2023-06-05 01:00:00,00000000270,20230605010000,0.055,0.0,0.034,0.0,0.0,0.0,1.0,0.0,61.82,4,0.0,0.0,589376
2023-06-05 02:00:00,00000000270,20230605020000,0.051,0.001,0.036,0.0,0.0,0.0,1.0,1.96,70.59,4,0.0,0.0,589376
2023-06-05 03:00:00,00000000270,20230605030000,0.047,0.0,0.036,0.0,0.0,0.0,1.0,0.0,76.6,4,0.0,0.0,589376
2023-06-05 04:00:00,00000000270,20230605040000,0.05,0.001,0.036,0.0,0.0,0.0,1.0,2.0,72.0,4,0.0,0.0,589376
2023-06-05 05:00:00,00000000270,20230605050000,0.13,0.0,0.039,0.0,0.0,0.0,1.0,0.0,30.0,4,0.0,0.0,589376
2023-06-05 06:00:00,00000000270,20230605060000,0.088,0.001,0.031,0.0,0.0,0.0,1.0,1.14,35.23,4,0.0,0.0,589376
2023-06-05 07:00:00,00000000270,20230605070000,0.046,0.0,0.037,0.0,0.0,0.0,1.0,0.0,80.43,4,0.0,0.0,589376
2023-06-05 08:00:00,00000000270,20230605080000,0.056,0.001,0.034,0.0,0.0,0.0,1.0,1.79,60.71,4,0.0,0.0,589376
2023-06-05 09:00:00,00000000270,20230605090000,0.059,0.001,0.034,0.0,0.0,0.0,1.0,1.69,57.63,4,0.0,0.0,589376
2023-06-05 10:00:00,00000000270,20230605100000,0.052,0.0,0.034,0.0,0.0,0.0,1.0,0.0,65.38,4,0.0,0.0,589376
2023-06-05 11:00:00,00000000270,20230605110000,0.072,0.001,0.039,0.0,0.0,0.0,1.0,1.39,54.17,4,0.0,0.0,589376
2023-06-05 12:00:00,00000000270,20230605120000,0.588,0.288,0.021,0.0,0.0,0.0,1.0,48.98,3.57,4,0.0,0.0,589376
2023-06-05 13:00:00,00000000270,20230605130000,0.136,0.124,0.018,0.0,0.0,0.0,1.0,91.18,13.24,4,0.0,0.0,589376
2023-06-05 14:00:00,00000000270,20230605140000,0.07,0.0,0.025,0.0,0.0,0.0,1.0,0.0,35.71,4,0.0,0.0,589376
2023-06-05 15:00:00,00000000270,20230605150000,0.075,0.001,0.025,0.0,0.0,0.0,1.0,1.33,33.33,4,0.0,0.0,589376
2023-06-05 16:00:00,00000000270,20230605160000,0.075,0.0,0.026,0.0,0.0,0.0,1.0,0.0,34.67,4,0.0,0.0,589376
2023-06-05 17:00:00,00000000270,20230605170000,0.076,0.001,0.033,0.0,0.0,0.0,1.0,1.32,43.42,4,0.0,0.0,589376
2023-06-05 18:00:00,00000000270,20230605180000,0.15,0.0,0.031,0.0,0.0,0.0,1.0,0.0,20.67,4,0.0,0.0,589376
2023-06-05 19:00:00,00000000270,20230605190000,0.085,0.001,0.03,0.0,0.0,0.0,1.0,1.18,35.29,4,0.0,0.0,589376
2023-06-05 20:00:00,00000000270,20230605200000,0.076,0.0,0.031,0.0,0.0,0.0,1.0,0.0,40.79,4,0.0,0.0,589376
2023-06-05 21:00:00,00000000270,20230605210000,0.054,0.001,0.031,0.0,0.0,0.0,1.0,1.85,57.41,4,0.0,0.0,589376
2023-06-05 22:00:00,00000000270,20230605220000,0.057,0.0,0.034,0.0,0.0,0.0,1.0,0.0,59.65,4,0.0,0.0,589376
2023-06-05 23:00:00,00000000270,20230605230000,0.063,0.001,0.031,0.0,0.0,0.0,1.0,1.59,49.21,4,0.0,0.0,589376
2023-06-06 00:00:00,00000000270,20230606000000,0.066,0.001,0.034,0.0,0.0,0.0,1.0,1.52,51.52,4,0.0,0.0,589376
2023-06-06 01:00:00,00000000270,20230606010000,0.05,0.0,0.034,0.0,0.0,0.0,1.0,0.0,68.0,4,0.0,0.0,589376
2023-06-06 02:00:00,00000000270,20230606020000,0.054,0.001,0.036,0.0,0.0,0.0,1.0,1.85,66.67,4,0.0,0.0,589376
2023-06-06 03:00:00,00000000270,20230606030000,0.05,0.0,0.035,0.0,0.0,0.0,1.0,0.0,70.0,4,0.0,0.0,589376
2023-06-06 04:00:00,00000000270,20230606040000,0.049,0.001,0.035,0.0,0.0,0.0,1.0,2.04,71.43,4,0.0,0.0,589376
2023-06-06 05:00:00,00000000270,20230606050000,0.061,0.0,0.036,0.0,0.0,0.0,1.0,0.0,59.02,4,0.0,0.0,589376
2023-06-06 06:00:00,00000000270,20230606060000,0.059,0.001,0.035,0.0,0.0,0.0,1.0,1.69,59.32,4,0.0,0.0,589376
2023-06-06 07:00:00,00000000270,20230606070000,0.056,0.001,0.035,0.0,0.0,0.0,1.0,1.79,62.5,4,0.0,0.0,589376
2023-06-06 08:00:00,00000000270,20230606080000,0.053,0.0,0.036,0.0,0.0,0.0,1.0,0.0,67.92,4,0.0,0.0,589376
2023-06-06 09:00:00,00000000270,20230606090000,0.047,0.001,0.035,0.0,0.0,0.0,1.0,2.13,74.47,4,0.0,0.0,589376
2023-06-06 10:00:00,00000000270,20230606100000,0.045,0.0,0.036,0.0,0.0,0.0,1.0,0.0,80.0,4,0.0,0.0,589376
2023-06-06 11:00:00,00000000270,20230606110000,0.052,0.001,0.036,0.0,0.0,0.0,1.0,1.92,69.23,4,0.0,0.0,589376
2023-06-06 12:00:00,00000000270,20230606120000,0.053,0.0,0.034,0.0,0.0,0.0,1.0,0.0,64.15,4,0.0,0.0,589376
2023-06-06 13:00:00,00000000270,20230606130000,0.063,0.001,0.035,0.0,0.0,0.0,1.0,1.59,55.56,4,0.0,0.0,589376
2023-06-06 14:00:00,00000000270,20230606140000,0.051,0.001,0.033,0.0,0.0,0.0,1.0,1.96,64.71,4,0.0,0.0,589376
2023-06-06 15:00:00,00000000270,20230606150000,0.051,0.0,0.035,0.0,0.0,0.0,1.0,0.0,68.63,4,0.0,0.0,589376
2023-06-06 16:00:00,00000000270,20230606160000,0.047,0.001,0.033,0.0,0.0,0.0,1.0,2.13,70.21,4,0.0,0.0,589376
2023-06-06 17:00:00,00000000270,20230606170000,0.051,0.0,0.036,0.0,0.0,0.0,1.0,0.0,70.59,4,0.0,0.0,589376
2023-06-06 18:00:00,00000000270,20230606180000,0.045,0.001,0.033,0.0,0.0,0.0,1.0,2.22,73.33,4,0.0,0.0,589376
2023-06-06 19:00:00,00000000270,20230606190000,0.053,0.0,0.036,0.0,0.0,0.0,1.0,0.0,67.92,4,0.0,0.0,589376
2023-06-06 20:00:00,00000000270,20230606200000,0.052,0.001,0.032,0.0,0.0,0.0,1.0,1.92,61.54,4,0.0,0.0,589376
2023-06-06 21:00:00,00000000270,20230606210000,0.059,0.001,0.034,0.0,0.0,0.0,1.0,1.69,57.63,4,0.0,0.0,589376
2023-06-06 22:00:00,00000000270,20230606220000,0.051,0.0,0.032,0.0,0.0,0.0,1.0,0.0,62.75,4,0.0,0.0,589376
2023-06-06 23:00:00,00000000270,20230606230000,0.054,0.001,0.035,0.0,0.0,0.0,1.0,1.85,64.81,4,0.0,0.0,589376
2023-06-07 00:00:00,00000000270,20230607000000,0.045,0.0,0.033,0.0,0.0,0.0,1.0,0.0,73.33,4,0.0,0.0,589376
2023-06-07 01:00:00,00000000270,20230607010000,0.048,0.001,0.036,0.0,0.0,0.0,1.0,2.08,75.0,4,0.0,0.0,589376
2023-06-07 02:00:00,00000000270,20230607020000,0.048,0.0,0.035,0.0,0.0,0.0,1.0,0.0,72.92,4,0.0,0.0,589376
2023-06-07 03:00:00,00000000270,20230607030000,0.047,0.001,0.036,0.0,0.0,0.0,1.0,2.13,76.6,4,0.0,0.0,589376
2023-06-07 04:00:00,00000000270,20230607040000,0.057,0.0,0.036,0.0,0.0,0.0,1.0,0.0,63.16,4,0.0,0.0,589376
2023-06-07 05:00:00,00000000270,20230607050000,0.05,0.001,0.034,0.0,0.0,0.0,1.0,2.0,68.0,4,0.0,0.0,589376
2023-06-07 06:00:00,00000000270,20230607060000,0.057,0.001,0.037,0.0,0.0,0.0,1.0,1.75,64.91,4,0.0,0.0,589376
2023-06-07 07:00:00,00000000270,20230607070000,0.057,0.0,0.035,0.0,0.0,0.0,1.0,0.0,61.4,4,0.0,0.0,589376
2023-06-07 08:00:00,00000000270,20230607080000,0.046,0.001,0.035,0.0,0.0,0.0,1.0,2.17,76.09,4,0.0,0.0,589376
2023-06-07 09:00:00,00000000270,20230607090000,0.048,0.0,0.037,0.0,0.0,0.0,1.0,0.0,77.08,4,0.0,0.0,589376
2023-06-07 10:00:00,00000000270,20230607100000,0.044,0.001,0.035,0.0,0.0,0.0,1.0,2.27,79.55,4,0.0,0.0,589376
2023-06-07 11:00:00,00000000270,20230607110000,0.05,0.0,0.035,0.0,0.0,0.0,1.0,0.0,70.0,4,0.0,0.0,589376
2023-06-07 12:00:00,00000000270,20230607120000,0.046,0.001,0.034,0.0,0.0,0.0,1.0,2.17,73.91,4,0.0,0.0,589376
2023-06-07 13:00:00,00000000270,20230607130000,0.056,0.001,0.035,0.0,0.0,0.0,1.0,1.79,62.5,4,0.0,0.0,589376
2023-06-07 14:00:00,00000000270,20230607140000,0.055,0.0,0.033,0.0,0.0,0.0,1.0,0.0,60.0,4,0.0,0.0,589376
2023-06-07 15:00:00,00000000270,20230607150000,0.057,0.001,0.034,0.0,0.0,0.0,1.0,1.75,59.65,4,0.0,0.0,589376
2023-06-07 16:00:00,00000000270,20230607160000,0.046,0.0,0.034,0.0,0.0,0.0,1.0,0.0,73.91,4,0.0,0.0,589376
2023-06-07 17:00:00,00000000270,20230607170000,0.052,0.001,0.035,0.0,0.0,0.0,1.0,1.92,67.31,4,0.0,0.0,589376
2023-06-07 18:00:00,00000000270,20230607180000,0.045,0.0,0.034,0.0,0.0,0.0,1.0,0.0,75.56,4,0.0,0.0,589376
2023-06-07 19:00:00,00000000270,20230607190000,0.176,0.001,0.036,0.0,0.0,0.0,1.0,0.57,20.45,4,0.0,0.0,589376
2023-06-07 20:00:00,00000000270,20230607200000,0.1,0.0,0.028,0.0,0.0,0.0,1.0,0.0,28.0,4,0.0,0.0,589376
2023-06-07 21:00:00,00000000270,20230607210000,0.051,0.001,0.033,0.0,0.0,0.0,1.0,1.96,64.71,4,0.0,0.0,589376
2023-06-07 22:00:00,00000000270,20230607220000,0.061,0.0,0.032,0.0,0.0,0.0,1.0,0.0,52.46,4,0.0,0.0,589376
2023-06-07 23:00:00,00000000270,20230607230000,0.057,0.001,0.033,0.0,0.0,0.0,1.0,1.75,57.89,4,0.0,0.0,589376
2023-06-08 00:00:00,00000000270,20230608000000,0.061,0.0,0.034,0.0,0.0,0.0,1.0,0.0,55.74,4,0.0,0.0,589376
2023-06-08 01:00:00,00000000270,20230608010000,0.044,0.001,0.035,0.0,0.0,0.0,1.0,2.27,79.55,4,0.0,0.0,589376
2023-06-08 02:00:00,00000000270,20230608020000,0.049,0.001,0.035,0.0,0.0,0.0,1.0,2.04,71.43,4,0.0,0.0,589376
2023-06-08 03:00:00,00000000270,20230608030000,0.048,0.0,0.036,0.0,0.0,0.0,1.0,0.0,75.0,4,0.0,0.0,589376
2023-06-08 04:00:00,00000000270,20230608040000,0.056,0.001,0.035,0.0,0.0,0.0,1.0,1.79,62.5,4,0.0,0.0,589376
2023-06-08 05:00:00,00000000270,20230608050000,0.058,0.0,0.035,0.0,0.0,0.0,1.0,0.0,60.34,4,0.0,0.0,589376
2023-06-08 06:00:00,00000000270,20230608060000,0.055,0.001,0.035,0.0,0.0,0.0,1.0,1.82,63.64,4,0.0,0.0,589376
2023-06-08 07:00:00,00000000270,20230608070000,0.051,0.0,0.037,0.0,0.0,0.0,1.0,0.0,72.55,4,0.0,0.0,589376
2023-06-08 08:00:00,00000000270,20230608080000,0.147,0.001,0.033,0.0,0.0,0.0,1.0,0.68,22.45,4,0.0,0.0,589376
2023-06-08 09:00:00,00000000270,20230608090000,0.076,0.0,0.033,0.0,0.0,0.0,1.0,0.0,43.42,4,0.0,0.0,589376
2023-06-08 10:00:00,00000000270,20230608100000,0.05,0.001,0.034,0.0,0.0,0.0,1.0,2.0,68.0,4,0.0,0.0,589376
2023-06-08 11:00:00,00000000270,20230608110000,0.046,0.001,0.036,0.0,0.0,0.0,1.0,2.17,78.26,4,0.0,0.0,589376
2023-06-08 12:00:00,00000000270,20230608120000,0.046,0.0,0.035,0.0,0.0,0.0,1.0,0.0,76.09,4,0.0,0.0,589376
2023-06-08 13:00:00,00000000270,20230608130000,0.064,0.001,0.035,0.0,0.0,0.0,1.0,1.56,54.69,4,0.0,0.0,589376
2023-06-08 14:00:00,00000000270,20230608140000,0.053,0.0,0.033,0.0,0.0,0.0,1.0,0.0,62.26,4,0.0,0.0,589376
2023-06-08 15:00:00,00000000270,20230608150000,0.052,0.001,0.036,0.0,0.0,0.0,1.0,1.92,69.23,4,0.0,0.0,589376
2023-06-08 16:00:00,00000000270,20230608160000,0.043,0.0,0.035,0.0,0.0,0.0,1.0,0.0,81.4,4,0.0,0.0,589376
2023-06-08 17:00:00,00000000270,20230608170000,0.054,0.001,0.034,0.0,0.0,0.0,1.0,1.85,62.96,4,0.0,0.0,589376
2023-06-08 18:00:00,00000000270,20230608180000,0.057,0.0,0.034,0.0,0.0,0.0,1.0,0.0,59.65,4,0.0,0.0,589376
2023-06-08 19:00:00,00000000270,20230608190000,0.055,0.001,0.032,0.0,0.0,0.0,1.0,1.82,58.18,4,0.0,0.0,589376
2023-06-08 20:00:00,00000000270,20230608200000,0.051,0.001,0.035,0.0,0.0,0.0,1.0,1.96,68.63,4,0.0,0.0,589376
2023-06-08 21:00:00,00000000270,20230608210000,0.045,0.0,0.033,0.0,0.0,0.0,1.0,0.0,73.33,4,0.0,0.0,589376
2023-06-08 22:00:00,00000000270,20230608220000,0.047,0.001,0.034,0.0,0.0,0.0,1.0,2.13,72.34,4,0.0,0.0,589376
2023-06-08 23:00:00,00000000270,20230608230000,0.044,0.0,0.035,0.0,0.0,0.0,1.0,0.0,79.55,4,0.0,0.0,589376
2023-06-09 00:00:00,00000000270,20230609000000,0.062,0.001,0.031,0.0,0.0,0.0,1.0,1.61,50.0,4,0.0,0.0,589376
2023-06-09 01:00:00,00000000270,20230609010000,0.057,0.0,0.036,0.0,0.0,0.0,1.0,0.0,63.16,4,0.0,0.0,589376
2023-06-09 02:00:00,00000000270,20230609020000,0.047,0.001,0.034,0.0,0.0,0.0,1.0,2.13,72.34,4,0.0,0.0,589376
2023-06-09 03:00:00,00000000270,20230609030000,0.052,0.0,0.036,0.0,0.0,0.0,1.0,0.0,69.23,4,0.0,0.0,589376
2023-06-09 04:00:00,00000000270,20230609040000,0.042,0.001,0.036,0.0,0.0,0.0,1.0,2.38,85.71,4,0.0,0.0,589376
2023-06-09 05:00:00,00000000270,20230609050000,0.05,0.0,0.037,0.0,0.0,0.0,1.0,0.0,74.0,4,0.0,0.0,589376
2023-06-09 06:00:00,00000000270,20230609060000,0.049,0.001,0.035,0.0,0.0,0.0,1.0,2.04,71.43,4,0.0,0.0,589376
2023-06-09 07:00:00,00000000270,20230609070000,0.057,0.001,0.036,0.0,0.0,0.0,1.0,1.75,63.16,4,0.0,0.0,589376
2023-06-09 08:00:00,00000000270,20230609080000,0.056,0.0,0.034,0.0,0.0,0.0,1.0,0.0,60.71,4,0.0,0.0,589376
2023-06-09 09:00:00,00000000270,20230609090000,0.05,0.001,0.035,0.0,0.0,0.0,1.0,2.0,70.0,4,0.0,0.0,589376
2023-06-09 10:00:00,00000000270,20230609100000,0.044,0.0,0.035,0.0,0.0,0.0,1.0,0.0,79.55,4,0.0,0.0,589376
2023-06-09 11:00:00,00000000270,20230609110000,0.046,0.001,0.034,0.0,0.0,0.0,1.0,2.17,73.91,4,0.0,0.0,589376
2023-06-09 12:00:00,00000000270,20230609120000,0.05,0.0,0.036,0.0,0.0,0.0,1.0,0.0,72.0,4,0.0,0.0,589376
2023-06-09 13:00:00,00000000270,20230609130000,0.049,0.001,0.034,0.0,0.0,0.0,1.0,2.04,69.39,4,0.0,0.0,589376
2023-06-09 14:00:00,00000000270,20230609140000,0.059,0.001,0.034,0.0,0.0,0.0,1.0,1.69,57.63,4,0.0,0.0,589376
2023-06-09 15:00:00,00000000270,20230609150000,0.054,0.0,0.034,0.0,0.0,0.0,1.0,0.0,62.96,4,0.0,0.0,589376
2023-06-09 16:00:00,00000000270,20230609160000,0.044,0.0,0.034,0.0,0.0,0.0,1.0,0.0,77.27,4,0.0,0.0,589376
2023-06-09 17:00:00,00000000270,20230609170000,0.053,0.001,0.035,0.0,0.0,0.0,1.0,1.89,66.04,4,0.0,0.0,589376
2023-06-09 18:00:00,00000000270,20230609180000,0.045,0.001,0.034,0.0,0.0,0.0,1.0,2.22,75.56,4,0.0,0.0,589376
2023-06-09 19:00:00,00000000270,20230609190000,0.046,0.0,0.034,0.0,0.0,0.0,1.0,0.0,73.91,4,0.0,0.0,589376
2023-06-09 20:00:00,00000000270,20230609200000,0.06,0.001,0.033,0.0,0.0,0.0,1.0,1.67,55.0,4,0.0,0.0,589376
2023-06-09 21:00:00,00000000270,20230609210000,0.053,0.0,0.032,0.0,0.0,0.0,1.0,0.0,60.38,4,0.0,0.0,589376
2023-06-09 22:00:00,00000000270,20230609220000,0.053,0.001,0.032,0.0,0.0,0.0,1.0,1.89,60.38,4,0.0,0.0,589376
2023-06-09 23:00:00,00000000270,20230609230000,0.05,0.0,0.035,0.0,0.0,0.0,1.0,0.0,70.0,4,0.0,0.0,589376
2023-06-10 00:00:00,00000000270,20230610000000,0.043,0.001,0.033,0.0,0.0,0.0,1.0,2.33,76.74,4,0.0,0.0,589376
2023-06-10 01:00:00,00000000270,20230610010000,0.048,0.0,0.036,0.0,0.0,0.0,1.0,0.0,75.0,4,0.0,0.0,589376
2023-06-10 02:00:00,00000000270,20230610020000,0.049,0.001,0.034,0.0,0.0,0.0,1.0,2.04,69.39,4,0.0,0.0,589376
2023-06-10 03:00:00,00000000270,20230610030000,0.055,0.001,0.035,0.0,0.0,0.0,1.0,1.82,63.64,4,0.0,0.0,589376
2023-06-10 04:00:00,00000000270,20230610040000,0.054,0.0,0.034,0.0,0.0,0.0,1.0,0.0,62.96,4,0.0,0.0,589376
2023-06-10 05:00:00,00000000270,20230610050000,0.056,0.001,0.035,0.0,0.0,0.0,1.0,1.79,62.5,4,0.0,0.0,589376
2023-06-10 06:00:00,00000000270,20230610060000,0.048,0.0,0.036,0.0,0.0,0.0,1.0,0.0,75.0,4,0.0,0.0,589376
2023-06-10 07:00:00,00000000270,20230610070000,0.045,0.001,0.035,0.0,0.0,0.0,1.0,2.22,77.78,4,0.0,0.0,589376
2023-06-10 08:00:00,00000000270,20230610080000,0.049,0.0,0.036,0.0,0.0,0.0,1.0,0.0,73.47,4,0.0,0.0,589376
2023-06-10 09:00:00,00000000270,20230610090000,0.168,0.001,0.034,0.0,0.0,0.0,1.0,0.6,20.24,4,0.0,0.0,589376
2023-06-10 10:00:00,00000000270,20230610100000,0.086,0.0,0.031,0.0,0.0,0.0,1.0,0.0,36.05,4,0.0,0.0,589376
2023-06-10 11:00:00,00000000270,20230610110000,0.052,0.001,0.032,0.0,0.0,0.0,1.0,1.92,61.54,4,0.0,0.0,589376
2023-06-10 12:00:00,00000000270,20230610120000,0.057,0.001,0.034,0.0,0.0,0.0,1.0,1.75,59.65,4,0.0,0.0,589376
2023-06-10 13:00:00,00000000270,20230610130000,0.057,0.0,0.033,0.0,0.0,0.0,1.0,0.0,57.89,4,0.0,0.0,589376
2023-06-10 14:00:00,00000000270,20230610140000,0.059,0.0,0.032,0.0,0.0,0.0,1.0,0.0,54.24,4,0.0,0.0,589376
2023-06-10 15:00:00,00000000270,20230610150000,0.067,0.001,0.035,0.0,0.0,0.0,1.0,1.49,52.24,4,0.0,0.0,589376
2023-06-10 16:00:00,00000000270,20230610160000,0.055,0.001,0.034,0.0,0.0,0.0,1.0,1.82,61.82,4,0.0,0.0,589376
2023-06-10 17:00:00,00000000270,20230610170000,0.053,0.0,0.033,0.0,0.0,0.0,1.0,0.0,62.26,4,0.0,0.0,589376
2023-06-10 18:00:00,00000000270,20230610180000,0.06,0.001,0.033,0.0,0.0,0.0,1.0,1.67,55.0,4,0.0,0.0,589376
2023-06-10 19:00:00,00000000270,20230610190000,0.061,0.0,0.032,0.0,0.0,0.0,1.0,0.0,52.46,4,0.0,0.0,589376
2023-06-10 20:00:00,00000000270,20230610200000,0.065,0.001,0.033,0.0,0.0,0.0,1.0,1.54,50.77,4,0.0,0.0,589376
2023-06-10 21:00:00,00000000270,20230610210000,0.053,0.0,0.034,0.0,0.0,0.0,1.0,0.0,64.15,4,0.0,0.0,589376
2023-06-10 22:00:00,00000000270,20230610220000,0.198,0.055,0.0,0.0,0.0,0.0,1.0,27.78,0.0,4,0.0,0.0,589376
2023-06-10 23:00:00,00000000270,20230610230000,0.089,0.008,0.028,0.0,0.0,0.0,1.0,8.99,31.46,4,0.0,0.0,589376
2023-06-11 00:00:00,00000000270,20230611000000,0.052,0.0,0.033,0.0,0.0,0.0,1.0,0.0,63.46,4,0.0,0.0,589376
2023-06-11 01:00:00,00000000270,20230611010000,0.066,0.001,0.033,0.0,0.0,0.0,1.0,1.52,50.0,4,0.0,0.0,589376
2023-06-11 02:00:00,00000000270,20230611020000,0.045,0.0,0.036,0.0,0.0,0.0,1.0,0.0,80.0,4,0.0,0.0,589376
2023-06-11 03:00:00,00000000270,20230611030000,0.064,0.001,0.033,0.0,0.0,0.0,1.0,1.56,51.56,4,0.0,0.0,589376
2023-06-11 04:00:00,00000000270,20230611040000,0.055,0.0,0.034,0.0,0.0,0.0,1.0,0.0,61.82,4,0.0,0.0,589376
2023-06-11 05:00:00,00000000270,20230611050000,0.047,0.001,0.037,0.0,0.0,0.0,1.0,2.13,78.72,4,0.0,0.0,589376
2023-06-11 06:00:00,00000000270,20230611060000,0.272,0.0,0.034,0.0,0.0,0.0,1.0,0.0,12.5,4,0.0,0.0,589376
2023-06-11 07:00:00,00000000270,20230611070000,0.056,0.001,0.035,0.0,0.0,0.0,1.0,1.79,62.5,4,0.0,0.0,589376
2023-06-11 08:00:00,00000000270,20230611080000,0.046,0.0,0.037,0.0,0.0,0.0,1.0,0.0,80.43,4,0.0,0.0,589376
2023-06-11 09:00:00,00000000270,20230611090000,0.047,0.001,0.034,0.0,0.0,0.0,1.0,2.13,72.34,4,0.0,0.0,589376
2023-06-11 10:00:00,00000000270,20230611100000,0.132,0.0,0.033,0.0,0.0,0.0,1.0,0.0,25.0,4,0.0,0.0,589376
2023-06-11 11:00:00,00000000270,20230611110000,0.115,0.001,0.03,0.0,0.0,0.0,1.0,0.87,26.09,4,0.0,0.0,589376
2023-06-11 12:00:00,00000000270,20230611120000,0.085,0.0,0.033,0.0,0.0,0.0,1.0,0.0,38.82,4,0.0,0.0,589376
2023-06-11 13:00:00,00000000270,20230611130000,0.067,0.001,0.033,0.0,0.0,0.0,1.0,1.49,49.25,4,0.0,0.0,589376
2023-06-11 14:00:00,00000000270,20230611140000,0.074,0.001,0.032,0.0,0.0,0.0,1.0,1.35,43.24,4,0.0,0.0,589376
2023-06-11 15:00:00,00000000270,20230611150000,0.063,0.0,0.033,0.0,0.0,0.0,1.0,0.0,52.38,4,0.0,0.0,589376
2023-06-11 16:00:00,00000000270,20230611160000,0.055,0.001,0.034,0.0,0.0,0.0,1.0,1.82,61.82,4,0.0,0.0,589376
2023-06-11 17:00:00,00000000270,20230611170000,0.067,0.0,0.032,0.0,0.0,0.0,1.0,0.0,47.76,4,0.0,0.0,589376
2023-06-11 18:00:00,00000000270,20230611180000,0.064,0.001,0.034,0.0,0.0,0.0,1.0,1.56,53.12,4,0.0,0.0,589376
2023-06-11 19:00:00,00000000270,20230611190000,0.049,0.0,0.034,0.0,0.0,0.0,1.0,0.0,69.39,4,0.0,0.0,589376
2023-06-11 20:00:00,00000000270,20230611200000,0.064,0.001,0.031,0.0,0.0,0.0,1.0,1.56,48.44,4,0.0,0.0,589376
2023-06-11 21:00:00,00000000270,20230611210000,0.098,0.025,0.021,0.0,0.0,0.0,1.0,25.51,21.43,4,0.0,0.0,589376
2023-06-11 22:00:00,00000000270,20230611220000,0.199,0.054,0.0,0.0,0.0,0.0,1.0,27.14,0.0,4,0.0,0.0,589376
2023-06-11 23:00:00,00000000270,20230611230000,0.326,0.054,0.002,0.0,0.0,0.0,1.0,16.56,0.61,4,0.0,0.0,589376
2023-06-12 00:00:00,00000000270,20230612000000,0.083,0.0,0.033,0.0,0.0,0.0,1.0,0.0,39.76,4,0.0,0.0,589376
2023-06-12 01:00:00,00000000270,20230612010000,0.079,0.001,0.031,0.0,0.0,0.0,1.0,1.27,39.24,4,0.0,0.0,589376
2023-06-12 02:00:00,00000000270,20230612020000,0.067,0.001,0.034,0.0,0.0,0.0,1.0,1.49,50.75,4,0.0,0.0,589376
2023-06-12 03:00:00,00000000270,20230612030000,0.074,0.0,0.033,0.0,0.0,0.0,1.0,0.0,44.59,4,0.0,0.0,589376
2023-06-12 04:00:00,00000000270,20230612040000,0.055,0.001,0.036,0.0,0.0,0.0,1.0,1.82,65.45,4,0.0,0.0,589376
2023-06-12 05:00:00,00000000270,20230612050000,0.086,0.0,0.034,0.0,0.0,0.0,1.0,0.0,39.53,4,0.0,0.0,589376
2023-06-12 06:00:00,00000000270,20230612060000,0.06,0.001,0.036,0.0,0.0,0.0,1.0,1.67,60.0,4,0.0,0.0,589376
2023-06-12 07:00:00,00000000270,20230612070000,0.057,0.0,0.034,0.0,0.0,0.0,1.0,0.0,59.65,4,0.0,0.0,589376
2023-06-12 08:00:00,00000000270,20230612080000,0.152,0.001,0.034,0.0,0.0,0.0,1.0,0.66,22.37,4,0.0,0.0,589376
2023-06-12 09:00:00,00000000270,20230612090000,0.108,0.0,0.029,0.0,0.0,0.0,1.0,0.0,26.85,4,0.0,0.0,589376
2023-06-12 10:00:00,00000000270,20230612100000,0.064,0.001,0.031,0.0,0.0,0.0,1.0,1.56,48.44,4,0.0,0.0,589376
2023-06-12 11:00:00,00000000270,20230612110000,0.069,0.0,0.03,0.0,0.0,0.0,1.0,0.0,43.48,4,0.0,0.0,589376
2023-06-12 12:00:00,00000000270,20230612120000,0.049,0.001,0.034,0.0,0.0,0.0,1.0,2.04,69.39,4,0.0,0.0,589376
2023-06-12 13:00:00,00000000270,20230612130000,0.07,0.0,0.032,0.0,0.0,0.0,1.0,0.0,45.71,4,0.0,0.0,589376
2023-06-12 14:00:00,00000000270,20230612140000,0.081,0.001,0.029,0.0,0.0,0.0,1.0,1.23,35.8,4,0.0,0.0,589376
2023-06-12 15:00:00,00000000270,20230612150000,0.066,0.0,0.029,0.0,0.0,0.0,1.0,0.0,43.94,4,0.0,0.0,589376
2023-06-12 16:00:00,00000000270,20230612160000,0.09,0.001,0.028,0.0,0.0,0.0,1.0,1.11,31.11,4,0.0,0.0,589376
2023-06-12 17:00:00,00000000270,20230612170000,0.082,0.001,0.031,0.0,0.0,0.0,1.0,1.22,37.8,4,0.0,0.0,589376
2023-06-12 18:00:00,00000000270,20230612180000,0.129,0.0,0.032,0.0,0.0,0.0,1.0,0.0,24.81,4,0.0,0.0,589376
2023-06-12 19:00:00,00000000270,20230612190000,0.118,0.0,0.029,0.0,0.0,0.0,1.0,0.0,24.58,4,0.0,0.0,589376
2023-06-12 20:00:00,00000000270,20230612200000,0.078,0.001,0.03,0.0,0.0,0.0,1.0,1.28,38.46,4,0.0,0.0,589376
2023-06-12 21:00:00,00000000270,20230612210000,0.087,0.001,0.03,0.0,0.0,0.0,1.0,1.15,34.48,4,0.0,0.0,589376
2023-06-12 22:00:00,00000000270,20230612220000,0.062,0.0,0.033,0.0,0.0,0.0,1.0,0.0,53.23,4,0.0,0.0,589376
2023-06-12 23:00:00,00000000270,20230612230000,0.065,0.001,0.032,0.0,0.0,0.0,1.0,1.54,49.23,4,0.0,0.0,589376
2023-06-13 00:00:00,00000000270,20230613000000,0.064,0.0,0.032,0.0,0.0,0.0,1.0,0.0,50.0,4,0.0,0.0,589376
2023-06-13 01:00:00,00000000270,20230613010000,0.052,0.001,0.034,0.0,0.0,0.0,1.0,1.92,65.38,4,0.0,0.0,589376
2023-06-13 02:00:00,00000000270,20230613020000,0.071,0.0,0.034,0.0,0.0,0.0,1.0,0.0,47.89,4,0.0,0.0,589376
2023-06-13 03:00:00,00000000270,20230613030000,0.055,0.001,0.034,0.0,0.0,0.0,1.0,1.82,61.82,4,0.0,0.0,589376
2023-06-13 04:00:00,00000000270,20230613040000,0.048,0.0,0.035,0.0,0.0,0.0,1.0,0.0,72.92,4,0.0,0.0,589376
2023-06-13 05:00:00,00000000270,20230613050000,0.07,0.001,0.034,0.0,0.0,0.0,1.0,1.43,48.57,4,0.0,0.0,589376
2023-06-13 06:00:00,00000000270,20230613060000,0.14,0.0,0.035,0.0,0.0,0.0,1.0,0.0,25.0,4,0.0,0.0,589376
2023-06-13 07:00:00,00000000270,20230613070000,0.079,0.001,0.032,0.0,0.0,0.0,1.0,1.27,40.51,4,0.0,0.0,589376
2023-06-13 08:00:00,00000000270,20230613080000,0.06,0.0,0.034,0.0,0.0,0.0,1.0,0.0,56.67,4,0.0,0.0,589376
2023-06-13 09:00:00,00000000270,20230613090000,0.048,0.001,0.036,0.0,0.0,0.0,1.0,2.08,75.0,4,0.0,0.0,589376
2023-06-13 10:00:00,00000000270,20230613100000,0.056,0.0,0.033,0.0,0.0,0.0,1.0,0.0,58.93,4,0.0,0.0,589376
2023-06-13 11:00:00,00000000270,20230613110000,0.06,0.001,0.033,0.0,0.0,0.0,1.0,1.67,55.0,4,0.0,0.0,589376
2023-06-13 12:00:00,00000000270,20230613120000,0.05,0.0,0.037,0.0,0.0,0.0,1.0,0.0,74.0,4,0.0,0.0,589376
2023-06-13 13:00:00,00000000270,20230613130000,0.048,0.001,0.035,0.0,0.0,0.0,1.0,2.08,72.92,4,0.0,0.0,589376
2023-06-13 14:00:00,00000000270,20230613140000,0.05,0.0,0.033,0.0,0.0,0.0,1.0,0.0,66.0,4,0.0,0.0,589376
2023-06-13 15:00:00,00000000270,20230613150000,0.063,0.001,0.033,0.0,0.0,0.0,1.0,1.59,52.38,4,0.0,0.0,589376
2023-06-13 16:00:00,00000000270,20230613160000,0.056,0.0,0.035,0.0,0.0,0.0,1.0,0.0,62.5,4,0.0,0.0,589376
2023-06-13 17:00:00,00000000270,20230613170000,0.047,0.001,0.033,0.0,0.0,0.0,1.0,2.13,70.21,4,0.0,0.0,589376
2023-06-13 18:00:00,00000000270,20230613180000,0.045,0.0,0.034,0.0,0.0,0.0,1.0,0.0,75.56,4,0.0,0.0,589376
2023-06-13 19:00:00,00000000270,20230613190000,0.055,0.001,0.034,0.0,0.0,0.0,1.0,1.82,61.82,4,0.0,0.0,589376
2023-06-13 20:00:00,00000000270,20230613200000,0.062,0.001,0.033,0.0,0.0,0.0,1.0,1.61,53.23,4,0.0,0.0,589376
2023-06-13 21:00:00,00000000270,20230613210000,0.056,0.0,0.032,0.0,0.0,0.0,1.0,0.0,57.14,4,0.0,0.0,589376
2023-06-13 22:00:00,00000000270,20230613220000,0.045,0.0,0.033,0.0,0.0,0.0,1.0,0.0,73.33,4,0.0,0.0,589376
2023-06-13 23:00:00,00000000270,20230613230000,0.049,0.001,0.035,0.0,0.0,0.0,1.0,2.04,71.43,4,0.0,0.0,589376
2023-06-14 00:00:00,00000000270,20230614000000,0.052,0.001,0.034,0.0,0.0,0.0,1.0,1.92,65.38,4,0.0,0.0,589376
2023-06-14 01:00:00,00000000270,20230614010000,0.052,0.0,0.033,0.0,0.0,0.0,1.0,0.0,63.46,4,0.0,0.0,589376
2023-06-14 02:00:00,00000000270,20230614020000,0.06,0.001,0.034,0.0,0.0,0.0,1.0,1.67,56.67,4,0.0,0.0,589376
2023-06-14 03:00:00,00000000270,20230614030000,0.05,0.0,0.036,0.0,0.0,0.0,1.0,0.0,72.0,4,0.0,0.0,589376
2023-06-14 04:00:00,00000000270,20230614040000,0.045,0.001,0.035,0.0,0.0,0.0,1.0,2.22,77.78,4,0.0,0.0,589376
2023-06-14 05:00:00,00000000270,20230614050000,0.048,0.0,0.036,0.0,0.0,0.0,1.0,0.0,75.0,4,0.0,0.0,589376
2023-06-14 06:00:00,00000000270,20230614060000,0.049,0.001,0.037,0.0,0.0,0.0,1.0,2.04,75.51,4,0.0,0.0,589376
2023-06-14 07:00:00,00000000270,20230614070000,0.052,0.0,0.035,0.0,0.0,0.0,1.0,0.0,67.31,4,0.0,0.0,589376
2023-06-14 08:00:00,00000000270,20230614080000,0.059,0.001,0.034,0.0,0.0,0.0,1.0,1.69,57.63,4,0.0,0.0,589376
2023-06-14 09:00:00,00000000270,20230614090000,0.052,0.0,0.036,0.0,0.0,0.0,1.0,0.0,69.23,4,0.0,0.0,589376
2023-06-14 10:00:00,00000000270,20230614100000,0.051,0.001,0.033,0.0,0.0,0.0,1.0,1.96,64.71,4,0.0,0.0,589376
2023-06-14 11:00:00,00000000270,20230614110000,0.049,0.0,0.032,0.0,0.0,0.0,1.0,0.0,65.31,4,0.0,0.0,589376
2023-06-14 12:00:00,00000000270,20230614120000,0.05,0.001,0.035,0.0,0.0,0.0,1.0,2.0,70.0,4,0.0,0.0,589376
2023-06-14 13:00:00,00000000270,20230614130000,0.047,0.0,0.034,0.0,0.0,0.0,1.0,0.0,72.34,4,0.0,0.0,589376
2023-06-14 14:00:00,00000000270,20230614140000,0.046,0.001,0.033,0.0,0.0,0.0,1.0,2.17,71.74,4,0.0,0.0,589376
2023-06-14 15:00:00,00000000270,20230614150000,0.05,0.001,0.033,0.0,0.0,0.0,1.0,2.0,66.0,4,0.0,0.0,589376
2023-06-14 16:00:00,00000000270,20230614160000,0.062,0.0,0.032,0.0,0.0,0.0,1.0,0.0,51.61,4,0.0,0.0,589376
2023-06-14 17:00:00,00000000270,20230614170000,0.052,0.0,0.033,0.0,0.0,0.0,1.0,0.0,63.46,4,0.0,0.0,589376
2023-06-14 18:00:00,00000000270,20230614180000,0.05,0.001,0.033,0.0,0.0,0.0,1.0,2.0,66.0,4,0.0,0.0,589376
2023-06-14 19:00:00,00000000270,20230614190000,0.05,0.001,0.033,0.0,0.0,0.0,1.0,2.0,66.0,4,0.0,0.0,589376
2023-06-14 20:00:00,00000000270,20230614200000,0.05,0.0,0.034,0.0,0.0,0.0,1.0,0.0,68.0,4,0.0,0.0,589376
2023-06-14 21:00:00,00000000270,20230614210000,0.047,0.0,0.033,0.0,0.0,0.0,1.0,0.0,70.21,4,0.0,0.0,589376
2023-06-14 22:00:00,00000000270,20230614220000,0.051,0.001,0.032,0.0,0.0,0.0,1.0,1.96,62.75,4,0.0,0.0,589376
2023-06-14 23:00:00,00000000270,20230614230000,0.059,0.001,0.033,0.0,0.0,0.0,1.0,1.69,55.93,4,0.0,0.0,589376
2023-06-15 00:00:00,00000000270,20230615000000,0.059,0.0,0.034,0.0,0.0,0.0,1.0,0.0,57.63,4,0.0,0.0,589376
2023-06-15 01:00:00,00000000270,20230615010000,0.045,0.001,0.035,0.0,0.0,0.0,1.0,2.22,77.78,4,0.0,0.0,589376
2023-06-15 02:00:00,00000000270,20230615020000,0.045,0.0,0.035,0.0,0.0,0.0,1.0,0.0,77.78,4,0.0,0.0,589376
2023-06-15 03:00:00,00000000270,20230615030000,0.047,0.001,0.036,0.0,0.0,0.0,1.0,2.13,76.6,4,0.0,0.0,589376
2023-06-15 04:00:00,00000000270,20230615040000,0.052,0.0,0.036,0.0,0.0,0.0,1.0,0.0,69.23,4,0.0,0.0,589376
2023-06-15 05:00:00,00000000270,20230615050000,0.056,0.001,0.034,0.0,0.0,0.0,1.0,1.79,60.71,4,0.0,0.0,589376
2023-06-15 06:00:00,00000000270,20230615060000,0.054,0.0,0.036,0.0,0.0,0.0,1.0,0.0,66.67,4,0.0,0.0,589376
2023-06-15 07:00:00,00000000270,20230615070000,0.154,0.001,0.035,0.0,0.0,0.0,1.0,0.65,22.73,4,0.0,0.0,589376
2023-06-15 08:00:00,00000000270,20230615080000,0.073,0.0,0.032,0.0,0.0,0.0,1.0,0.0,43.84,4,0.0,0.0,589376
2023-06-15 09:00:00,00000000270,20230615090000,0.059,0.001,0.033,0.0,0.0,0.0,1.0,1.69,55.93,4,0.0,0.0,589376
2023-06-15 10:00:00,00000000270,20230615100000,0.059,0.0,0.033,0.0,0.0,0.0,1.0,0.0,55.93,4,0.0,0.0,589376
2023-06-15 11:00:00,00000000270,20230615110000,0.053,0.001,0.034,0.0,0.0,0.0,1.0,1.89,64.15,4,0.0,0.0,589376
2023-06-15 12:00:00,00000000270,20230615120000,0.048,0.0,0.035,0.0,0.0,0.0,1.0,0.0,72.92,4,0.0,0.0,589376
2023-06-15 13:00:00,00000000270,20230615130000,0.047,0.001,0.033,0.0,0.0,0.0,1.0,2.13,70.21,4,0.0,0.0,589376
2023-06-15 14:00:00,00000000270,20230615140000,0.047,0.0,0.034,0.0,0.0,0.0,1.0,0.0,72.34,4,0.0,0.0,589376
2023-06-15 15:00:00,00000000270,20230615150000,0.053,0.001,0.034,0.0,0.0,0.0,1.0,1.89,64.15,4,0.0,0.0,589376
2023-06-15 16:00:00,00000000270,20230615160000,0.064,0.0,0.033,0.0,0.0,0.0,1.0,0.0,51.56,4,0.0,0.0,589376
2023-06-15 17:00:00,00000000270,20230615170000,0.058,0.001,0.033,0.0,0.0,0.0,1.0,1.72,56.9,4,0.0,0.0,589376
2023-06-15 18:00:00,00000000270,20230615180000,0.05,0.0,0.034,0.0,0.0,0.0,1.0,0.0,68.0,4,0.0,0.0,589376
2023-06-15 19:00:00,00000000270,20230615190000,0.047,0.001,0.033,0.0,0.0,0.0,1.0,2.13,70.21,4,0.0,0.0,589376
2023-06-15 20:00:00,00000000270,20230615200000,0.049,0.0,0.034,0.0,0.0,0.0,1.0,0.0,69.39,4,0.0,0.0,589376
2023-06-15 21:00:00,00000000270,20230615210000,0.05,0.001,0.034,0.0,0.0,0.0,1.0,2.0,68.0,4,0.0,0.0,589376
2023-06-15 22:00:00,00000000270,20230615220000,0.06,0.0,0.032,0.0,0.0,0.0,1.0,0.0,53.33,4,0.0,0.0,589376
2023-06-15 23:00:00,00000000270,20230615230000,0.06,0.001,0.032,0.0,0.0,0.0,1.0,1.67,53.33,4,0.0,0.0,589376
2023-06-16 00:00:00,00000000270,20230616000000,0.044,0.0,0.034,0.0,0.0,0.0,1.0,0.0,77.27,4,0.0,0.0,589376
2023-06-16 01:00:00,00000000270,20230616010000,0.049,0.001,0.034,0.0,0.0,0.0,1.0,2.04,69.39,4,0.0,0.0,589376
2023-06-16 02:00:00,00000000270,20230616020000,0.05,0.0,0.036,0.0,0.0,0.0,1.0,0.0,72.0,4,0.0,0.0,589376
2023-06-16 03:00:00,00000000270,20230616030000,0.051,0.001,0.036,0.0,0.0,0.0,1.0,1.96,70.59,4,0.0,0.0,589376
2023-06-16 04:00:00,00000000270,20230616040000,0.055,0.0,0.034,0.0,0.0,0.0,1.0,0.0,61.82,4,0.0,0.0,589376
2023-06-16 05:00:00,00000000270,20230616050000,0.057,0.001,0.034,0.0,0.0,0.0,1.0,1.75,59.65,4,0.0,0.0,589376
2023-06-16 06:00:00,00000000270,20230616060000,0.055,0.0,0.036,0.0,0.0,0.0,1.0,0.0,65.45,4,0.0,0.0,589376
2023-06-16 07:00:00,00000000270,20230616070000,0.05,0.001,0.035,0.0,0.0,0.0,1.0,2.0,70.0,4,0.0,0.0,589376
2023-06-16 08:00:00,00000000270,20230616080000,0.05,0.0,0.036,0.0,0.0,0.0,1.0,0.0,72.0,4,0.0,0.0,589376
2023-06-16 09:00:00,00000000270,20230616090000,0.048,0.001,0.035,0.0,0.0,0.0,1.0,2.08,72.92,4,0.0,0.0,589376
2023-06-16 10:00:00,00000000270,20230616100000,0.05,0.0,0.033,0.0,0.0,0.0,1.0,0.0,66.0,4,0.0,0.0,589376
2023-06-16 11:00:00,00000000270,20230616110000,0.061,0.001,0.032,0.0,0.0,0.0,1.0,1.64,52.46,4,0.0,0.0,589376
2023-06-16 12:00:00,00000000270,20230616120000,0.054,0.0,0.034,0.0,0.0,0.0,1.0,0.0,62.96,4,0.0,0.0,589376
2023-06-16 13:00:00,00000000270,20230616130000,0.049,0.001,0.034,0.0,0.0,0.0,1.0,2.04,69.39,4,0.0,0.0,589376
2023-06-16 14:00:00,00000000270,20230616140000,0.05,0.0,0.034,0.0,0.0,0.0,1.0,0.0,68.0,4,0.0,0.0,589376
2023-06-16 15:00:00,00000000270,20230616150000,0.048,0.001,0.035,0.0,0.0,0.0,1.0,2.08,72.92,4,0.0,0.0,589376
2023-06-16 16:00:00,00000000270,20230616160000,0.052,0.0,0.034,0.0,0.0,0.0,1.0,0.0,65.38,4,0.0,0.0,589376
2023-06-16 17:00:00,00000000270,20230616170000,0.056,0.001,0.033,0.0,0.0,0.0,1.0,1.79,58.93,4,0.0,0.0,589376
2023-06-16 18:00:00,00000000270,20230616180000,0.062,0.0,0.033,0.0,0.0,0.0,1.0,0.0,53.23,4,0.0,0.0,589376
2023-06-16 19:00:00,00000000270,20230616190000,0.331,0.001,0.039,0.0,0.0,0.0,1.0,0.3,11.78,4,0.0,0.0,589376
2023-06-16 20:00:00,00000000270,20230616200000,0.157,0.0,0.033,0.0,0.0,0.0,1.0,0.0,21.02,4,0.0,0.0,589376
2023-06-16 21:00:00,00000000270,20230616210000,0.153,0.038,0.008,0.0,0.0,0.0,1.0,24.84,5.23,4,0.0,0.0,589376
2023-06-16 22:00:00,00000000270,20230616220000,0.097,0.014,0.028,0.0,0.0,0.0,1.0,14.43,28.87,4,0.0,0.0,589376
2023-06-16 23:00:00,00000000270,20230616230000,0.069,0.001,0.032,0.0,0.0,0.0,1.0,1.45,46.38,4,0.0,0.0,589376
2023-06-17 00:00:00,00000000270,20230617000000,0.045,0.0,0.035,0.0,0.0,0.0,1.0,0.0,77.78,4,0.0,0.0,589376
2023-06-17 01:00:00,00000000270,20230617010000,0.05,0.001,0.034,0.0,0.0,0.0,1.0,2.0,68.0,4,0.0,0.0,589376
2023-06-17 02:00:00,00000000270,20230617020000,0.058,0.0,0.034,0.0,0.0,0.0,1.0,0.0,58.62,4,0.0,0.0,589376
2023-06-17 03:00:00,00000000270,20230617030000,0.06,0.001,0.034,0.0,0.0,0.0,1.0,1.67,56.67,4,0.0,0.0,589376
2023-06-17 04:00:00,00000000270,20230617040000,0.056,0.001,0.035,0.0,0.0,0.0,1.0,1.79,62.5,4,0.0,0.0,589376
2023-06-17 05:00:00,00000000270,20230617050000,0.062,0.008,0.035,0.0,0.0,0.0,1.0,12.9,56.45,4,0.0,0.0,589376
2023-06-17 06:00:00,00000000270,20230617060000,0.047,0.0,0.036,0.0,0.0,0.0,1.0,0.0,76.6,4,0.0,0.0,589376
2023-06-17 07:00:00,00000000270,20230617070000,0.14,0.0,0.036,0.0,0.0,0.0,1.0,0.0,25.71,4,0.0,0.0,589376
2023-06-17 08:00:00,00000000270,20230617080000,0.099,0.001,0.03,0.0,0.0,0.0,1.0,1.01,30.3,4,0.0,0.0,589376
2023-06-17 09:00:00,00000000270,20230617090000,0.219,0.0,0.034,0.0,0.0,0.0,1.0,0.0,15.53,4,0.0,0.0,589376
2023-06-17 10:00:00,00000000270,20230617100000,0.219,0.001,0.034,0.0,0.0,0.0,1.0,0.46,15.53,4,0.0,0.0,589376
2023-06-17 11:00:00,00000000270,20230617110000,0.075,0.001,0.032,0.0,0.0,0.0,1.0,1.33,42.67,4,0.0,0.0,589376
2023-06-17 12:00:00,00000000270,20230617120000,0.088,0.0,0.037,0.0,0.0,0.0,1.0,0.0,42.05,4,0.0,0.0,589376
2023-06-17 13:00:00,00000000270,20230617130000,0.066,0.0,0.019,0.0,0.0,0.0,1.0,0.0,28.79,4,0.0,0.0,589376
2023-06-17 14:00:00,00000000270,20230617140000,0.084,0.001,0.037,0.0,0.0,0.0,1.0,1.19,44.05,4,0.0,0.0,589376
2023-06-17 15:00:00,00000000270,20230617150000,0.063,0.0,0.034,0.0,0.0,0.0,1.0,0.0,53.97,4,0.0,0.0,589376
2023-06-17 16:00:00,00000000270,20230617160000,0.091,0.001,0.042,0.0,0.0,0.0,1.0,1.1,46.15,4,0.0,0.0,589376
2023-06-17 17:00:00,00000000270,20230617170000,0.102,0.0,0.04,0.0,0.0,0.0,1.0,0.0,39.22,4,0.0,0.0,589376
2023-06-17 18:00:00,00000000270,20230617180000,0.111,0.001,0.04,0.0,0.0,0.0,1.0,0.9,36.04,4,0.0,0.0,589376
2023-06-17 19:00:00,00000000270,20230617190000,0.112,0.0,0.041,0.0,0.0,0.0,1.0,0.0,36.61,4,0.0,0.0,589376
2023-06-17 20:00:00,00000000270,20230617200000,0.155,0.001,0.04,0.0,0.0,0.0,1.0,0.65,25.81,4,0.0,0.0,589376
2023-06-17 21:00:00,00000000270,20230617210000,0.173,0.0,0.034,0.0,0.0,0.0,1.0,0.0,19.65,4,0.0,0.0,589376
2023-06-17 22:00:00,00000000270,20230617220000,0.675,0.138,0.01,0.0,0.0,0.0,1.0,20.44,1.48,4,0.0,0.0,589376
2023-06-17 23:00:00,00000000270,20230617230000,0.639,0.469,0.013,0.0,0.0,0.0,1.0,73.4,2.03,4,0.0,0.0,589376
2023-06-18 00:00:00,00000000270,20230618000000,0.201,0.314,0.012,0.0,0.0,0.0,1.0,156.22,5.97,4,0.0,0.0,589376
2023-06-18 01:00:00,00000000270,20230618010000,0.079,0.0,0.035,0.0,0.0,0.0,1.0,0.0,44.3,4,0.0,0.0,589376
2023-06-18 02:00:00,00000000270,20230618020000,0.071,0.001,0.034,0.0,0.0,0.0,1.0,1.41,47.89,4,0.0,0.0,589376
2023-06-18 03:00:00,00000000270,20230618030000,0.062,0.0,0.038,0.0,0.0,0.0,1.0,0.0,61.29,4,0.0,0.0,589376
2023-06-18 04:00:00,00000000270,20230618040000,0.07,0.001,0.035,0.0,0.0,0.0,1.0,1.43,50.0,4,0.0,0.0,589376
2023-06-18 05:00:00,00000000270,20230618050000,0.072,0.0,0.037,0.0,0.0,0.0,1.0,0.0,51.39,4,0.0,0.0,589376
2023-06-18 06:00:00,00000000270,20230618060000,0.122,0.001,0.038,0.0,0.0,0.0,1.0,0.82,31.15,4,0.0,0.0,589376
2023-06-18 07:00:00,00000000270,20230618070000,0.136,0.0,0.032,0.0,0.0,0.0,1.0,0.0,23.53,4,0.0,0.0,589376
2023-06-18 08:00:00,00000000270,20230618080000,0.077,0.001,0.034,0.0,0.0,0.0,1.0,1.3,44.16,4,0.0,0.0,589376
2023-06-18 09:00:00,00000000270,20230618090000,0.056,0.0,0.036,0.0,0.0,0.0,1.0,0.0,64.29,4,0.0,0.0,589376
2023-06-18 10:00:00,00000000270,20230618100000,0.07,0.001,0.035,0.0,0.0,0.0,1.0,1.43,50.0,4,0.0,0.0,589376
2023-06-18 11:00:00,00000000270,20230618110000,0.287,0.0,0.035,0.0,0.0,0.0,1.0,0.0,12.2,4,0.0,0.0,589376
2023-06-18 12:00:00,00000000270,20230618120000,0.107,0.001,0.036,0.0,0.0,0.0,1.0,0.93,33.64,4,0.0,0.0,589376
2023-06-18 13:00:00,00000000270,20230618130000,0.128,0.0,0.033,0.0,0.0,0.0,1.0,0.0,25.78,4,0.0,0.0,589376
2023-06-18 14:00:00,00000000270,20230618140000,0.255,0.007,0.029,0.0,0.0,0.0,1.0,2.75,11.37,4,0.0,0.0,589376
2023-06-18 15:00:00,00000000270,20230618150000,0.277,0.007,0.027,0.0,0.0,0.0,1.0,2.53,9.75,4,0.0,0.0,589376
2023-06-18 16:00:00,00000000270,20230618160000,0.067,0.0,0.026,0.0,0.0,0.0,1.0,0.0,38.81,4,0.0,0.0,589376
2023-06-18 17:00:00,00000000270,20230618170000,0.088,0.001,0.027,0.0,0.0,0.0,1.0,1.14,30.68,4,0.0,0.0,589376
2023-06-18 18:00:00,00000000270,20230618180000,0.173,0.0,0.028,0.0,0.0,0.0,1.0,0.0,16.18,4,0.0,0.0,589376
2023-06-18 19:00:00,00000000270,20230618190000,0.143,0.001,0.032,0.0,0.0,0.0,1.0,0.7,22.38,4,0.0,0.0,589376
2023-06-18 20:00:00,00000000270,20230618200000,0.112,0.0,0.035,0.0,0.0,0.0,1.0,0.0,31.25,4,0.0,0.0,589376
2023-06-18 21:00:00,00000000270,20230618210000,0.161,0.057,0.001,0.0,0.0,0.0,1.0,35.4,0.62,4,0.0,0.0,589376
2023-06-18 22:00:00,00000000270,20230618220000,0.18,0.077,0.01,0.0,0.0,0.0,1.0,42.78,5.56,4,0.0,0.0,589376
2023-06-18 23:00:00,00000000270,20230618230000,0.135,0.029,0.016,0.0,0.0,0.0,1.0,21.48,11.85,4,0.0,0.0,589376
2023-06-19 00:00:00,00000000270,20230619000000,0.067,0.001,0.032,0.0,0.0,0.0,1.0,1.49,47.76,4,0.0,0.0,589376
2023-06-19 01:00:00,00000000270,20230619010000,0.055,0.0,0.034,0.0,0.0,0.0,1.0,0.0,61.82,4,0.0,0.0,589376
2023-06-19 02:00:00,00000000270,20230619020000,0.053,0.001,0.035,0.0,0.0,0.0,1.0,1.89,66.04,4,0.0,0.0,589376
2023-06-19 03:00:00,00000000270,20230619030000,0.06,0.001,0.035,0.0,0.0,0.0,1.0,1.67,58.33,4,0.0,0.0,589376
2023-06-19 04:00:00,00000000270,20230619040000,0.067,0.0,0.033,0.0,0.0,0.0,1.0,0.0,49.25,4,0.0,0.0,589376
2023-06-19 05:00:00,00000000270,20230619050000,0.151,0.0,0.036,0.0,0.0,0.0,1.0,0.0,23.84,4,0.0,0.0,589376
2023-06-19 06:00:00,00000000270,20230619060000,0.081,0.001,0.033,0.0,0.0,0.0,1.0,1.23,40.74,4,0.0,0.0,589376
2023-06-19 07:00:00,00000000270,20230619070000,0.066,0.001,0.034,0.0,0.0,0.0,1.0,1.52,51.52,4,0.0,0.0,589376
2023-06-19 08:00:00,00000000270,20230619080000,0.062,0.0,0.034,0.0,0.0,0.0,1.0,0.0,54.84,4,0.0,0.0,589376
2023-06-19 09:00:00,00000000270,20230619090000,0.862,0.453,0.013,0.0,0.0,0.0,1.0,52.55,1.51,4,0.0,0.0,589376
2023-06-19 10:00:00,00000000270,20230619100000,0.31,0.492,0.011,0.0,0.0,0.0,1.0,158.71,3.55,4,0.0,0.0,589376
2023-06-19 11:00:00,00000000270,20230619110000,0.169,0.245,0.012,0.0,0.0,0.0,1.0,144.97,7.1,4,0.0,0.0,589376
2023-06-19 12:00:00,00000000270,20230619120000,0.123,0.001,0.035,0.0,0.0,0.0,1.0,0.81,28.46,4,0.0,0.0,589376
2023-06-19 13:00:00,00000000270,20230619130000,0.139,0.0,0.034,0.0,0.0,0.0,1.0,0.0,24.46,4,0.0,0.0,589376
2023-06-19 14:00:00,00000000270,20230619140000,0.128,0.001,0.035,0.0,0.0,0.0,1.0,0.78,27.34,4,0.0,0.0,589376
2023-06-19 15:00:00,00000000270,20230619150000,0.116,0.0,0.037,0.0,0.0,0.0,1.0,0.0,31.9,4,0.0,0.0,589376
2023-06-19 16:00:00,00000000270,20230619160000,0.213,0.001,0.038,0.0,0.0,0.0,1.0,0.47,17.84,4,0.0,0.0,589376
2023-06-19 17:00:00,00000000270,20230619170000,0.112,0.0,0.028,0.0,0.0,0.0,1.0,0.0,25.0,4,0.0,0.0,589376
2023-06-19 18:00:00,00000000270,20230619180000,0.094,0.0,0.037,0.0,0.0,0.0,1.0,0.0,39.36,4,0.0,0.0,589376
2023-06-19 19:00:00,00000000270,20230619190000,0.092,0.001,0.038,0.0,0.0,0.0,1.0,1.09,41.3,4,0.0,0.0,589376
2023-06-19 20:00:00,00000000270,20230619200000,0.114,0.0,0.038,0.0,0.0,0.0,1.0,0.0,33.33,4,0.0,0.0,589376
2023-06-19 21:00:00,00000000270,20230619210000,0.155,0.072,0.007,0.0,0.0,0.0,1.0,46.45,4.52,4,0.0,0.0,589376
2023-06-19 22:00:00,00000000270,20230619220000,0.185,0.043,0.0,0.0,0.0,0.0,1.0,23.24,0.0,4,0.0,0.0,589376
2023-06-19 23:00:00,00000000270,20230619230000,0.095,0.004,0.034,0.0,0.0,0.0,1.0,4.21,35.79,4,0.0,0.0,589376
2023-06-20 00:00:00,00000000270,20230620000000,0.065,0.0,0.032,0.0,0.0,0.0,1.0,0.0,49.23,4,0.0,0.0,589376
2023-06-20 01:00:00,00000000270,20230620010000,0.066,0.001,0.032,0.0,0.0,0.0,1.0,1.52,48.48,4,0.0,0.0,589376
2023-06-20 02:00:00,00000000270,20230620020000,0.047,0.0,0.035,0.0,0.0,0.0,1.0,0.0,74.47,4,0.0,0.0,589376
2023-06-20 03:00:00,00000000270,20230620030000,0.126,0.001,0.035,0.0,0.0,0.0,1.0,0.79,27.78,4,0.0,0.0,589376
2023-06-20 04:00:00,00000000270,20230620040000,0.116,0.0,0.031,0.0,0.0,0.0,1.0,0.0,26.72,4,0.0,0.0,589376
2023-06-20 05:00:00,00000000270,20230620050000,0.086,0.016,0.024,0.0,0.0,0.0,1.0,18.6,27.91,4,0.0,0.0,589376
2023-06-20 06:00:00,00000000270,20230620060000,0.05,0.0,0.035,0.0,0.0,0.0,1.0,0.0,70.0,4,0.0,0.0,589376
2023-06-20 07:00:00,00000000270,20230620070000,0.056,0.001,0.034,0.0,0.0,0.0,1.0,1.79,60.71,4,0.0,0.0,589376
2023-06-20 08:00:00,00000000270,20230620080000,0.064,0.0,0.034,0.0,0.0,0.0,1.0,0.0,53.12,4,0.0,0.0,589376
2023-06-20 09:00:00,00000000270,20230620090000,0.061,0.001,0.033,0.0,0.0,0.0,1.0,1.64,54.1,4,0.0,0.0,589376
2023-06-20 10:00:00,00000000270,20230620100000,0.052,0.0,0.032,0.0,0.0,0.0,1.0,0.0,61.54,4,0.0,0.0,589376
2023-06-20 11:00:00,00000000270,20230620110000,0.062,0.001,0.034,0.0,0.0,0.0,1.0,1.61,54.84,4,0.0,0.0,589376
2023-06-20 12:00:00,00000000270,20230620120000,0.07,0.0,0.03,0.0,0.0,0.0,1.0,0.0,42.86,4,0.0,0.0,589376
2023-06-20 13:00:00,00000000270,20230620130000,0.086,0.001,0.036,0.0,0.0,0.0,1.0,1.16,41.86,4,0.0,0.0,589376
2023-06-20 14:00:00,00000000270,20230620140000,0.123,0.0,0.037,0.0,0.0,0.0,1.0,0.0,30.08,4,0.0,0.0,589376
2023-06-20 15:00:00,00000000270,20230620150000,0.112,0.001,0.038,0.0,0.0,0.0,1.0,0.89,33.93,4,0.0,0.0,589376
2023-06-20 16:00:00,00000000270,20230620160000,0.182,0.0,0.039,0.0,0.0,0.0,1.0,0.0,21.43,4,0.0,0.0,589376
2023-06-20 17:00:00,00000000270,20230620170000,0.123,0.001,0.032,0.0,0.0,0.0,1.0,0.81,26.02,4,0.0,0.0,589376
2023-06-20 18:00:00,00000000270,20230620180000,0.073,0.0,0.031,0.0,0.0,0.0,1.0,0.0,42.47,4,0.0,0.0,589376
2023-06-20 19:00:00,00000000270,20230620190000,0.077,0.001,0.032,0.0,0.0,0.0,1.0,1.3,41.56,4,0.0,0.0,589376
2023-06-20 20:00:00,00000000270,20230620200000,0.055,0.0,0.032,0.0,0.0,0.0,1.0,0.0,58.18,4,0.0,0.0,589376
2023-06-20 21:00:00,00000000270,20230620210000,0.076,0.018,0.018,0.0,0.0,0.0,1.0,23.68,23.68,4,0.0,0.0,589376
2023-06-20 22:00:00,00000000270,20230620220000,0.148,0.024,0.024,0.0,0.0,0.0,1.0,16.22,16.22,4,0.0,0.0,589376
2023-06-20 23:00:00,00000000270,20230620230000,0.098,0.0,0.039,0.0,0.0,0.0,1.0,0.0,39.8,4,0.0,0.0,589376
2023-06-21 00:00:00,00000000270,20230621000000,0.056,0.001,0.044,0.0,0.0,0.0,1.0,1.79,78.57,4,0.0,0.0,589376
2023-06-21 01:00:00,00000000270,20230621010000,0.075,0.0,0.043,0.0,0.0,0.0,1.0,0.0,57.33,4,0.0,0.0,589376
2023-06-21 02:00:00,00000000270,20230621020000,0.069,0.001,0.042,0.0,0.0,0.0,1.0,1.45,60.87,4,0.0,0.0,589376
2023-06-21 03:00:00,00000000270,20230621030000,0.154,0.0,0.043,0.0,0.0,0.0,1.0,0.0,27.92,4,0.0,0.0,589376
2023-06-21 04:00:00,00000000270,20230621040000,0.093,0.001,0.04,0.0,0.0,0.0,1.0,1.08,43.01,4,0.0,0.0,589376
2023-06-21 05:00:00,00000000270,20230621050000,0.083,0.0,0.044,0.0,0.0,0.0,1.0,0.0,53.01,4,0.0,0.0,589376
2023-06-21 06:00:00,00000000270,20230621060000,0.049,0.001,0.046,0.0,0.0,0.0,1.0,2.04,93.88,4,0.0,0.0,589376
2023-06-21 07:00:00,00000000270,20230621070000,0.071,0.0,0.042,0.0,0.0,0.0,1.0,0.0,59.15,4,0.0,0.0,589376
2023-06-21 08:00:00,00000000270,20230621080000,0.068,0.001,0.042,0.0,0.0,0.0,1.0,1.47,61.76,4,0.0,0.0,589376
2023-06-21 09:00:00,00000000270,20230621090000,0.053,0.0,0.045,0.0,0.0,0.0,1.0,0.0,84.91,4,0.0,0.0,589376
2023-06-21 10:00:00,00000000270,20230621100000,0.09,0.001,0.036,0.0,0.0,0.0,1.0,1.11,40.0,4,0.0,0.0,589376
2023-06-21 11:00:00,00000000270,20230621110000,0.072,0.0,0.034,0.0,0.0,0.0,1.0,0.0,47.22,4,0.0,0.0,589376
2023-06-21 12:00:00,00000000270,20230621120000,0.645,0.309,0.023,0.0,0.0,0.0,1.0,47.91,3.57,4,0.0,0.0,589376
2023-06-21 13:00:00,00000000270,20230621130000,0.272,0.52,0.011,0.0,0.0,0.0,1.0,191.18,4.04,4,0.0,0.0,589376
2023-06-21 14:00:00,00000000270,20230621140000,0.166,0.113,0.029,0.0,0.0,0.0,1.0,68.07,17.47,4,0.0,0.0,589376
2023-06-21 15:00:00,00000000270,20230621150000,0.095,0.001,0.04,0.0,0.0,0.0,1.0,1.05,42.11,4,0.0,0.0,589376
2023-06-21 16:00:00,00000000270,20230621160000,0.304,0.0,0.035,0.0,0.0,0.0,1.0,0.0,11.51,4,0.0,0.0,589376
2023-06-21 17:00:00,00000000270,20230621170000,0.08,0.001,0.029,0.0,0.0,0.0,1.0,1.25,36.25,4,0.0,0.0,589376
2023-06-21 18:00:00,00000000270,20230621180000,0.059,0.0,0.032,0.0,0.0,0.0,1.0,0.0,54.24,4,0.0,0.0,589376
2023-06-21 19:00:00,00000000270,20230621190000,0.072,0.001,0.031,0.0,0.0,0.0,1.0,1.39,43.06,4,0.0,0.0,589376
2023-06-21 20:00:00,00000000270,20230621200000,0.061,0.0,0.033,0.0,0.0,0.0,1.0,0.0,54.1,4,0.0,0.0,589376
2023-06-21 21:00:00,00000000270,20230621210000,0.097,0.016,0.02,0.0,0.0,0.0,1.0,16.49,20.62,4,0.0,0.0,589376
2023-06-21 22:00:00,00000000270,20230621220000,0.174,0.047,0.0,0.0,0.0,0.0,1.0,27.01,0.0,4,0.0,0.0,589376
2023-06-21 23:00:00,00000000270,20230621230000,0.057,0.001,0.032,0.0,0.0,0.0,1.0,1.75,56.14,4,0.0,0.0,589376
2023-06-22 00:00:00,00000000270,20230622000000,0.052,0.001,0.033,0.0,0.0,0.0,1.0,1.92,63.46,4,0.0,0.0,589376
2023-06-22 01:00:00,00000000270,20230622010000,0.067,0.001,0.032,0.0,0.0,0.0,1.0,1.49,47.76,4,0.0,0.0,589376
2023-06-22 02:00:00,00000000270,20230622020000,0.055,0.0,0.035,0.0,0.0,0.0,1.0,0.0,63.64,4,0.0,0.0,589376
2023-06-22 03:00:00,00000000270,20230622030000,0.136,0.0,0.035,0.0,0.0,0.0,1.0,0.0,25.74,4,0.0,0.0,589376
2023-06-22 04:00:00,00000000270,20230622040000,0.102,0.001,0.029,0.0,0.0,0.0,1.0,0.98,28.43,4,0.0,0.0,589376
2023-06-22 05:00:00,00000000270,20230622050000,0.062,0.0,0.035,0.0,0.0,0.0,1.0,0.0,56.45,4,0.0,0.0,589376
2023-06-22 06:00:00,00000000270,20230622060000,0.063,0.001,0.035,0.0,0.0,0.0,1.0,1.59,55.56,4,0.0,0.0,589376
2023-06-22 07:00:00,00000000270,20230622070000,0.054,0.0,0.028,0.0,0.0,0.0,1.0,0.0,51.85,4,0.0,0.0,589376
2023-06-22 08:00:00,00000000270,20230622080000,0.188,0.007,0.028,0.0,0.0,0.0,1.0,3.72,14.89,4,0.0,0.0,589376
2023-06-22 09:00:00,00000000270,20230622090000,0.152,0.005,0.028,0.0,0.0,0.0,1.0,3.29,18.42,4,0.0,0.0,589376
2023-06-22 10:00:00,00000000270,20230622100000,0.118,0.003,0.029,0.0,0.0,0.0,1.0,2.54,24.58,4,0.0,0.0,589376
2023-06-22 11:00:00,00000000270,20230622110000,0.075,0.0,0.038,0.0,0.0,0.0,1.0,0.0,50.67,4,0.0,0.0,589376
2023-06-22 12:00:00,00000000270,20230622120000,0.251,0.008,0.029,0.0,0.0,0.0,1.0,3.19,11.55,4,0.0,0.0,589376
2023-06-22 13:00:00,00000000270,20230622130000,0.124,0.0,0.04,0.0,0.0,0.0,1.0,0.0,32.26,4,0.0,0.0,589376
2023-06-22 14:00:00,00000000270,20230622140000,0.188,0.0,0.036,0.0,0.0,0.0,1.0,0.0,19.15,4,0.0,0.0,589376
2023-06-22 15:00:00,00000000270,20230622150000,0.129,0.001,0.028,0.0,0.0,0.0,1.0,0.78,21.71,4,0.0,0.0,589376
2023-06-22 16:00:00,00000000270,20230622160000,0.095,0.001,0.031,0.0,0.0,0.0,1.0,1.05,32.63,4,0.0,0.0,589376
2023-06-22 17:00:00,00000000270,20230622170000,0.072,0.0,0.03,0.0,0.0,0.0,1.0,0.0,41.67,4,0.0,0.0,589376
2023-06-22 18:00:00,00000000270,20230622180000,0.066,0.001,0.031,0.0,0.0,0.0,1.0,1.52,46.97,4,0.0,0.0,589376
2023-06-22 19:00:00,00000000270,20230622190000,0.074,0.0,0.03,0.0,0.0,0.0,1.0,0.0,40.54,4,0.0,0.0,589376
2023-06-22 20:00:00,00000000270,20230622200000,0.067,0.001,0.035,0.0,0.0,0.0,1.0,1.49,52.24,4,0.0,0.0,589376
2023-06-22 21:00:00,00000000270,20230622210000,0.122,0.0,0.035,0.0,0.0,0.0,1.0,0.0,28.69,4,0.0,0.0,589376
2023-06-22 22:00:00,00000000270,20230622220000,0.098,0.001,0.039,0.0,0.0,0.0,1.0,1.02,39.8,4,0.0,0.0,589376
2023-06-22 23:00:00,00000000270,20230622230000,0.066,0.0,0.033,0.0,0.0,0.0,1.0,0.0,50.0,4,0.0,0.0,589376
2023-06-23 00:00:00,00000000270,20230623000000,0.075,0.001,0.032,0.0,0.0,0.0,1.0,1.33,42.67,4,0.0,0.0,589376
2023-06-23 01:00:00,00000000270,20230623010000,0.086,0.0,0.034,0.0,0.0,0.0,1.0,0.0,39.53,4,0.0,0.0,589376
2023-06-23 02:00:00,00000000270,20230623020000,0.145,0.001,0.031,0.0,0.0,0.0,1.0,0.69,21.38,4,0.0,0.0,589376
2023-06-23 03:00:00,00000000270,20230623030000,0.085,0.0,0.032,0.0,0.0,0.0,1.0,0.0,37.65,4,0.0,0.0,589376
2023-06-23 04:00:00,00000000270,20230623040000,0.081,0.019,0.031,0.0,0.0,0.0,1.0,23.46,38.27,4,0.0,0.0,589376
2023-06-23 05:00:00,00000000270,20230623050000,0.131,0.047,0.006,0.0,0.0,0.0,1.0,35.88,4.58,4,0.0,0.0,589376
2023-06-23 06:00:00,00000000270,20230623060000,0.068,0.001,0.044,0.0,0.0,0.0,1.0,1.47,64.71,4,0.0,0.0,589376
2023-06-23 07:00:00,00000000270,20230623070000,0.055,0.0,0.044,0.0,0.0,0.0,1.0,0.0,80.0,4,0.0,0.0,589376
2023-06-23 08:00:00,00000000270,20230623080000,0.064,0.001,0.043,0.0,0.0,0.0,1.0,1.56,67.19,4,0.0,0.0,589376
2023-06-23 09:00:00,00000000270,20230623090000,0.067,0.0,0.04,0.0,0.0,0.0,1.0,0.0,59.7,4,0.0,0.0,589376
2023-06-23 10:00:00,00000000270,20230623100000,0.067,0.001,0.043,0.0,0.0,0.0,1.0,1.49,64.18,4,0.0,0.0,589376
2023-06-23 11:00:00,00000000270,20230623110000,0.074,0.0,0.042,0.0,0.0,0.0,1.0,0.0,56.76,4,0.0,0.0,589376
2023-06-23 12:00:00,00000000270,20230623120000,0.09,0.001,0.041,0.0,0.0,0.0,1.0,1.11,45.56,4,0.0,0.0,589376
2023-06-23 13:00:00,00000000270,20230623130000,0.071,0.0,0.044,0.0,0.0,0.0,1.0,0.0,61.97,4,0.0,0.0,589376
2023-06-23 14:00:00,00000000270,20230623140000,0.153,0.001,0.041,0.0,0.0,0.0,1.0,0.65,26.8,4,0.0,0.0,589376
2023-06-23 15:00:00,00000000270,20230623150000,0.28,0.0,0.037,0.0,0.0,0.0,1.0,0.0,13.21,4,0.0,0.0,589376
2023-06-23 16:00:00,00000000270,20230623160000,0.124,0.029,0.018,0.0,0.0,0.0,1.0,23.39,14.52,4,0.0,0.0,589376
2023-06-23 17:00:00,00000000270,20230623170000,0.066,0.001,0.04,0.0,0.0,0.0,1.0,1.52,60.61,4,0.0,0.0,589376
2023-06-23 18:00:00,00000000270,20230623180000,0.072,0.0,0.034,0.0,0.0,0.0,1.0,0.0,47.22,4,0.0,0.0,589376
2023-06-23 19:00:00,00000000270,20230623190000,0.116,0.001,0.025,0.0,0.0,0.0,1.0,0.86,21.55,4,0.0,0.0,589376
2023-06-23 20:00:00,00000000270,20230623200000,0.244,0.002,0.03,0.0,0.0,0.0,1.0,0.82,12.3,4,0.0,0.0,589376
2023-06-23 21:00:00,00000000270,20230623210000,0.098,0.013,0.028,0.0,0.0,0.0,1.0,13.27,28.57,4,0.0,0.0,589376
2023-06-23 22:00:00,00000000270,20230623220000,0.085,0.005,0.029,0.0,0.0,0.0,1.0,5.88,34.12,4,0.0,0.0,589376
2023-06-23 23:00:00,00000000270,20230623230000,0.079,0.0,0.031,0.0,0.0,0.0,1.0,0.0,39.24,4,0.0,0.0,589376
2023-06-24 00:00:00,00000000270,20230624000000,0.083,0.001,0.032,0.0,0.0,0.0,1.0,1.2,38.55,4,0.0,0.0,589376
2023-06-24 01:00:00,00000000270,20230624010000,0.153,0.0,0.03,0.0,0.0,0.0,1.0,0.0,19.61,4,0.0,0.0,589376
2023-06-24 02:00:00,00000000270,20230624020000,0.079,0.001,0.032,0.0,0.0,0.0,1.0,1.27,40.51,4,0.0,0.0,589376
2023-06-24 03:00:00,00000000270,20230624030000,0.076,0.0,0.031,0.0,0.0,0.0,1.0,0.0,40.79,4,0.0,0.0,589376
2023-06-24 04:00:00,00000000270,20230624040000,0.075,0.001,0.033,0.0,0.0,0.0,1.0,1.33,44.0,4,0.0,0.0,589376
2023-06-24 05:00:00,00000000270,20230624050000,0.073,0.0,0.037,0.0,0.0,0.0,1.0,0.0,50.68,4,0.0,0.0,589376
2023-06-24 06:00:00,00000000270,20230624060000,0.057,0.001,0.035,0.0,0.0,0.0,1.0,1.75,61.4,4,0.0,0.0,589376
2023-06-24 07:00:00,00000000270,20230624070000,0.072,0.0,0.034,0.0,0.0,0.0,1.0,0.0,47.22,4,0.0,0.0,589376
2023-06-24 08:00:00,00000000270,20230624080000,0.067,0.001,0.033,0.0,0.0,0.0,1.0,1.49,49.25,4,0.0,0.0,589376
2023-06-24 09:00:00,00000000270,20230624090000,0.056,0.0,0.033,0.0,0.0,0.0,1.0,0.0,58.93,4,0.0,0.0,589376
2023-06-24 10:00:00,00000000270,20230624100000,0.054,0.0,0.032,0.0,0.0,0.0,1.0,0.0,59.26,4,0.0,0.0,589376
2023-06-24 11:00:00,00000000270,20230624110000,0.125,0.001,0.031,0.0,0.0,0.0,1.0,0.8,24.8,4,0.0,0.0,589376
2023-06-24 12:00:00,00000000270,20230624120000,0.191,0.0,0.034,0.0,0.0,0.0,1.0,0.0,17.8,4,0.0,0.0,589376
2023-06-24 13:00:00,00000000270,20230624130000,0.113,0.001,0.028,0.0,0.0,0.0,1.0,0.88,24.78,4,0.0,0.0,589376
2023-06-24 14:00:00,00000000270,20230624140000,0.077,0.0,0.032,0.0,0.0,0.0,1.0,0.0,41.56,4,0.0,0.0,589376
2023-06-24 15:00:00,00000000270,20230624150000,0.077,0.001,0.031,0.0,0.0,0.0,1.0,1.3,40.26,4,0.0,0.0,589376
2023-06-24 16:00:00,00000000270,20230624160000,0.073,0.0,0.034,0.0,0.0,0.0,1.0,0.0,46.58,4,0.0,0.0,589376
2023-06-24 17:00:00,00000000270,20230624170000,0.068,0.001,0.032,0.0,0.0,0.0,1.0,1.47,47.06,4,0.0,0.0,589376
2023-06-24 18:00:00,00000000270,20230624180000,0.074,0.0,0.03,0.0,0.0,0.0,1.0,0.0,40.54,4,0.0,0.0,589376
2023-06-24 19:00:00,00000000270,20230624190000,0.076,0.001,0.029,0.0,0.0,0.0,1.0,1.32,38.16,4,0.0,0.0,589376
2023-06-24 20:00:00,00000000270,20230624200000,0.096,0.018,0.02,0.0,0.0,0.0,1.0,18.75,20.83,4,0.0,0.0,589376
2023-06-24 21:00:00,00000000270,20230624210000,0.067,0.004,0.031,0.0,0.0,0.0,1.0,5.97,46.27,4,0.0,0.0,589376
2023-06-24 22:00:00,00000000270,20230624220000,0.133,0.0,0.034,0.0,0.0,0.0,1.0,0.0,25.56,4,0.0,0.0,589376
2023-06-24 23:00:00,00000000270,20230624230000,0.13,0.001,0.028,0.0,0.0,0.0,1.0,0.77,21.54,4,0.0,0.0,589376
2023-06-25 00:00:00,00000000270,20230625000000,0.085,0.0,0.03,0.0,0.0,0.0,1.0,0.0,35.29,4,0.0,0.0,589376
2023-06-25 01:00:00,00000000270,20230625010000,0.069,0.0,0.032,0.0,0.0,0.0,1.0,0.0,46.38,4,0.0,0.0,589376
2023-06-25 02:00:00,00000000270,20230625020000,0.056,0.001,0.034,0.0,0.0,0.0,1.0,1.79,60.71,4,0.0,0.0,589376
2023-06-25 03:00:00,00000000270,20230625030000,0.07,0.0,0.032,0.0,0.0,0.0,1.0,0.0,45.71,4,0.0,0.0,589376
2023-06-25 04:00:00,00000000270,20230625040000,0.072,0.001,0.033,0.0,0.0,0.0,1.0,1.39,45.83,4,0.0,0.0,589376
2023-06-25 05:00:00,00000000270,20230625050000,0.063,0.0,0.034,0.0,0.0,0.0,1.0,0.0,53.97,4,0.0,0.0,589376
2023-06-25 06:00:00,00000000270,20230625060000,0.053,0.001,0.036,0.0,0.0,0.0,1.0,1.89,67.92,4,0.0,0.0,589376
2023-06-25 07:00:00,00000000270,20230625070000,0.126,0.0,0.034,0.0,0.0,0.0,1.0,0.0,26.98,4,0.0,0.0,589376
2023-06-25 08:00:00,00000000270,20230625080000,0.192,0.001,0.032,0.0,0.0,0.0,1.0,0.52,16.67,4,0.0,0.0,589376
2023-06-25 09:00:00,00000000270,20230625090000,0.066,0.0,0.032,0.0,0.0,0.0,1.0,0.0,48.48,4,0.0,0.0,589376
2023-06-25 10:00:00,00000000270,20230625100000,0.158,0.001,0.032,0.0,0.0,0.0,1.0,0.63,20.25,4,0.0,0.0,589376
2023-06-25 11:00:00,00000000270,20230625110000,0.091,0.0,0.028,0.0,0.0,0.0,1.0,0.0,30.77,4,0.0,0.0,589376
2023-06-25 12:00:00,00000000270,20230625120000,0.079,0.001,0.03,0.0,0.0,0.0,1.0,1.27,37.97,4,0.0,0.0,589376
2023-06-25 13:00:00,00000000270,20230625130000,0.073,0.0,0.031,0.0,0.0,0.0,1.0,0.0,42.47,4,0.0,0.0,589376
2023-06-25 14:00:00,00000000270,20230625140000,0.065,0.001,0.032,0.0,0.0,0.0,1.0,1.54,49.23,4,0.0,0.0,589376
2023-06-25 15:00:00,00000000270,20230625150000,0.076,0.0,0.031,0.0,0.0,0.0,1.0,0.0,40.79,4,0.0,0.0,589376
2023-06-25 16:00:00,00000000270,20230625160000,0.087,0.001,0.03,0.0,0.0,0.0,1.0,1.15,34.48,4,0.0,0.0,589376
2023-06-25 17:00:00,00000000270,20230625170000,0.221,0.025,0.029,0.0,0.0,0.0,1.0,11.31,13.12,4,0.0,0.0,589376
2023-06-25 18:00:00,00000000270,20230625180000,0.238,0.18,0.014,0.0,0.0,0.0,1.0,75.63,5.88,4,0.0,0.0,589376
2023-06-25 19:00:00,00000000270,20230625190000,0.074,0.001,0.029,0.0,0.0,0.0,1.0,1.35,39.19,4,0.0,0.0,589376
2023-06-25 20:00:00,00000000270,20230625200000,0.169,0.0,0.032,0.0,0.0,0.0,1.0,0.0,18.93,4,0.0,0.0,589376
2023-06-25 21:00:00,00000000270,20230625210000,0.113,0.001,0.029,0.0,0.0,0.0,1.0,0.88,25.66,4,0.0,0.0,589376
2023-06-25 22:00:00,00000000270,20230625220000,0.097,0.0,0.032,0.0,0.0,0.0,1.0,0.0,32.99,4,0.0,0.0,589376
2023-06-25 23:00:00,00000000270,20230625230000,0.099,0.001,0.031,0.0,0.0,0.0,1.0,1.01,31.31,4,0.0,0.0,589376
2023-06-26 00:00:00,00000000270,20230626000000,0.081,0.0,0.03,0.0,0.0,0.0,1.0,0.0,37.04,4,0.0,0.0,589376
2023-06-26 01:00:00,00000000270,20230626010000,0.079,0.0,0.032,0.0,0.0,0.0,1.0,0.0,40.51,4,0.0,0.0,589376
2023-06-26 02:00:00,00000000270,20230626020000,0.07,0.001,0.034,0.0,0.0,0.0,1.0,1.43,48.57,4,0.0,0.0,589376
2023-06-26 03:00:00,00000000270,20230626030000,0.069,0.001,0.035,0.0,0.0,0.0,1.0,1.45,50.72,4,0.0,0.0,589376
2023-06-26 04:00:00,00000000270,20230626040000,0.07,0.0,0.034,0.0,0.0,0.0,1.0,0.0,48.57,4,0.0,0.0,589376
2023-06-26 05:00:00,00000000270,20230626050000,0.077,0.0,0.036,0.0,0.0,0.0,1.0,0.0,46.75,4,0.0,0.0,589376
2023-06-26 06:00:00,00000000270,20230626060000,0.153,0.001,0.036,0.0,0.0,0.0,1.0,0.65,23.53,4,0.0,0.0,589376
2023-06-26 07:00:00,00000000270,20230626070000,0.183,0.0,0.029,0.0,0.0,0.0,1.0,0.0,15.85,4,0.0,0.0,589376
2023-06-26 08:00:00,00000000270,20230626080000,0.241,0.001,0.031,0.0,0.0,0.0,1.0,0.41,12.86,4,0.0,0.0,589376
2023-06-26 09:00:00,00000000270,20230626090000,0.079,0.0,0.033,0.0,0.0,0.0,1.0,0.0,41.77,4,0.0,0.0,589376
2023-06-26 10:00:00,00000000270,20230626100000,0.087,0.001,0.03,0.0,0.0,0.0,1.0,1.15,34.48,4,0.0,0.0,589376
2023-06-26 11:00:00,00000000270,20230626110000,0.089,0.0,0.03,0.0,0.0,0.0,1.0,0.0,33.71,4,0.0,0.0,589376
2023-06-26 12:00:00,00000000270,20230626120000,0.086,0.001,0.029,0.0,0.0,0.0,1.0,1.16,33.72,4,0.0,0.0,589376
2023-06-26 13:00:00,00000000270,20230626130000,0.088,0.0,0.028,0.0,0.0,0.0,1.0,0.0,31.82,4,0.0,0.0,589376
2023-06-26 14:00:00,00000000270,20230626140000,0.082,0.001,0.032,0.0,0.0,0.0,1.0,1.22,39.02,4,0.0,0.0,589376
2023-06-26 15:00:00,00000000270,20230626150000,0.195,0.0,0.033,0.0,0.0,0.0,1.0,0.0,16.92,4,0.0,0.0,589376
2023-06-26 16:00:00,00000000270,20230626160000,0.806,0.007,0.018,0.0,0.0,0.0,1.0,0.87,2.23,4,0.0,0.0,589376
2023-06-26 17:00:00,00000000270,20230626170000,1.263,0.015,0.0,0.0,0.0,0.0,1.0,1.19,0.0,4,0.0,0.0,589376
2023-06-26 18:00:00,00000000270,20230626180000,1.189,0.247,0.003,0.0,0.0,0.0,1.0,20.77,0.25,4,0.0,0.0,589376
2023-06-26 19:00:00,00000000270,20230626190000,0.13,0.093,0.021,0.0,0.0,0.0,1.0,71.54,16.15,4,0.0,0.0,589376
2023-06-26 20:00:00,00000000270,20230626200000,0.076,0.0,0.031,0.0,0.0,0.0,1.0,0.0,40.79,4,0.0,0.0,589376
2023-06-26 21:00:00,00000000270,20230626210000,0.185,0.104,0.0,0.0,0.0,0.0,1.0,56.22,0.0,4,0.0,0.0,589376
2023-06-26 22:00:00,00000000270,20230626220000,0.147,0.012,0.029,0.0,0.0,0.0,1.0,8.16,19.73,4,0.0,0.0,589376
2023-06-26 23:00:00,00000000270,20230626230000,0.098,0.001,0.034,0.0,0.0,0.0,1.0,1.02,34.69,4,0.0,0.0,589376
2023-06-27 00:00:00,00000000270,20230627000000,0.169,0.0,0.035,0.0,0.0,0.0,1.0,0.0,20.71,4,0.0,0.0,589376
2023-06-27 01:00:00,00000000270,20230627010000,0.126,0.001,0.029,0.0,0.0,0.0,1.0,0.79,23.02,4,0.0,0.0,589376
2023-06-27 02:00:00,00000000270,20230627020000,0.097,0.0,0.032,0.0,0.0,0.0,1.0,0.0,32.99,4,0.0,0.0,589376
2023-06-27 03:00:00,00000000270,20230627030000,0.081,0.0,0.036,0.0,0.0,0.0,1.0,0.0,44.44,4,0.0,0.0,589376
2023-06-27 04:00:00,00000000270,20230627040000,0.086,0.001,0.036,0.0,0.0,0.0,1.0,1.16,41.86,4,0.0,0.0,589376
2023-06-27 05:00:00,00000000270,20230627050000,0.094,0.0,0.035,0.0,0.0,0.0,1.0,0.0,37.23,4,0.0,0.0,589376
2023-06-27 06:00:00,00000000270,20230627060000,0.095,0.001,0.035,0.0,0.0,0.0,1.0,1.05,36.84,4,0.0,0.0,589376
2023-06-27 07:00:00,00000000270,20230627070000,0.217,0.001,0.035,0.0,0.0,0.0,1.0,0.46,16.13,4,0.0,0.0,589376
2023-06-27 08:00:00,00000000270,20230627080000,0.144,0.0,0.033,0.0,0.0,0.0,1.0,0.0,22.92,4,0.0,0.0,589376
2023-06-27 09:00:00,00000000270,20230627090000,0.08,0.0,0.033,0.0,0.0,0.0,1.0,0.0,41.25,4,0.0,0.0,589376
2023-06-27 10:00:00,00000000270,20230627100000,0.318,0.004,0.027,0.0,0.0,0.0,1.0,1.26,8.49,4,0.0,0.0,589376
2023-06-27 11:00:00,00000000270,20230627110000,0.551,0.002,0.02,0.0,0.0,0.0,1.0,0.36,3.63,4,0.0,0.0,589376
2023-06-27 12:00:00,00000000270,20230627120000,0.12,0.001,0.026,0.0,0.0,0.0,1.0,0.83,21.67,4,0.0,0.0,589376
2023-06-27 13:00:00,00000000270,20230627130000,0.217,0.0,0.027,0.0,0.0,0.0,1.0,0.0,12.44,4,0.0,0.0,589376
2023-06-27 14:00:00,00000000270,20230627140000,0.103,0.001,0.03,0.0,0.0,0.0,1.0,0.97,29.13,4,0.0,0.0,589376
2023-06-27 15:00:00,00000000270,20230627150000,0.099,0.0,0.03,0.0,0.0,0.0,1.0,0.0,30.3,4,0.0,0.0,589376
2023-06-27 16:00:00,00000000270,20230627160000,0.09,0.001,0.031,0.0,0.0,0.0,1.0,1.11,34.44,4,0.0,0.0,589376
2023-06-27 17:00:00,00000000270,20230627170000,0.399,0.0,0.036,0.0,0.0,0.0,1.0,0.0,9.02,4,0.0,0.0,589376
2023-06-27 18:00:00,00000000270,20230627180000,0.707,0.002,0.019,0.0,0.0,0.0,1.0,0.28,2.69,4,0.0,0.0,589376
2023-06-27 19:00:00,00000000270,20230627190000,0.11,0.0,0.025,0.0,0.0,0.0,1.0,0.0,22.73,4,0.0,0.0,589376
2023-06-27 20:00:00,00000000270,20230627200000,0.085,0.0,0.029,0.0,0.0,0.0,1.0,0.0,34.12,4,0.0,0.0,589376
2023-06-27 21:00:00,00000000270,20230627210000,0.127,0.023,0.012,0.0,0.0,0.0,1.0,18.11,9.45,4,0.0,0.0,589376
2023-06-27 22:00:00,00000000270,20230627220000,0.258,0.331,0.011,0.0,0.0,0.0,1.0,128.29,4.26,4,0.0,0.0,589376
2023-06-27 23:00:00,00000000270,20230627230000,0.115,0.039,0.032,0.0,0.0,0.0,1.0,33.91,27.83,4,0.0,0.0,589376
2023-06-28 00:00:00,00000000270,20230628000000,0.082,0.001,0.032,0.0,0.0,0.0,1.0,1.22,39.02,4,0.0,0.0,589376
2023-06-28 01:00:00,00000000270,20230628010000,0.082,0.0,0.034,0.0,0.0,0.0,1.0,0.0,41.46,4,0.0,0.0,589376
2023-06-28 02:00:00,00000000270,20230628020000,0.16,0.001,0.035,0.0,0.0,0.0,1.0,0.62,21.88,4,0.0,0.0,589376
2023-06-28 03:00:00,00000000270,20230628030000,0.126,0.0,0.03,0.0,0.0,0.0,1.0,0.0,23.81,4,0.0,0.0,589376
2023-06-28 04:00:00,00000000270,20230628040000,0.092,0.001,0.034,0.0,0.0,0.0,1.0,1.09,36.96,4,0.0,0.0,589376
2023-06-28 05:00:00,00000000270,20230628050000,0.081,0.0,0.037,0.0,0.0,0.0,1.0,0.0,45.68,4,0.0,0.0,589376
2023-06-28 06:00:00,00000000270,20230628060000,0.405,0.0,0.036,0.0,0.0,0.0,1.0,0.0,8.89,4,0.0,0.0,589376
2023-06-28 07:00:00,00000000270,20230628070000,1.567,0.09,0.03,0.0,0.0,0.0,1.0,5.74,1.91,4,0.0,0.0,589376
2023-06-28 08:00:00,00000000270,20230628080000,0.265,0.029,0.03,0.0,0.0,0.0,1.0,10.94,11.32,4,0.0,0.0,589376
2023-06-28 09:00:00,00000000270,20230628090000,0.081,0.001,0.032,0.0,0.0,0.0,1.0,1.23,39.51,4,0.0,0.0,589376
2023-06-28 10:00:00,00000000270,20230628100000,0.282,0.011,0.024,0.0,0.0,0.0,1.0,3.9,8.51,4,0.0,0.0,589376
2023-06-28 11:00:00,00000000270,20230628110000,0.259,0.01,0.024,0.0,0.0,0.0,1.0,3.86,9.27,4,0.0,0.0,589376
2023-06-28 12:00:00,00000000270,20230628120000,0.171,0.001,0.033,0.0,0.0,0.0,1.0,0.58,19.3,4,0.0,0.0,589376
2023-06-28 13:00:00,00000000270,20230628130000,0.353,0.0,0.03,0.0,0.0,0.0,1.0,0.0,8.5,4,0.0,0.0,589376
2023-06-28 14:00:00,00000000270,20230628140000,0.091,0.001,0.03,0.0,0.0,0.0,1.0,1.1,32.97,4,0.0,0.0,589376
2023-06-28 15:00:00,00000000270,20230628150000,0.099,0.0,0.03,0.0,0.0,0.0,1.0,0.0,30.3,4,0.0,0.0,589376
2023-06-28 16:00:00,00000000270,20230628160000,0.098,0.001,0.032,0.0,0.0,0.0,1.0,1.02,32.65,4,0.0,0.0,589376
2023-06-28 17:00:00,00000000270,20230628170000,0.329,0.004,0.025,0.0,0.0,0.0,1.0,1.22,7.6,4,0.0,0.0,589376
2023-06-28 18:00:00,00000000270,20230628180000,0.479,0.0,0.026,0.0,0.0,0.0,1.0,0.0,5.43,4,0.0,0.0,589376
2023-06-28 19:00:00,00000000270,20230628190000,0.086,0.001,0.031,0.0,0.0,0.0,1.0,1.16,36.05,4,0.0,0.0,589376
2023-06-28 20:00:00,00000000270,20230628200000,0.15,0.025,0.012,0.0,0.0,0.0,1.0,16.67,8.0,4,0.0,0.0,589376
2023-06-28 21:00:00,00000000270,20230628210000,0.27,0.0,0.037,0.0,0.0,0.0,1.0,0.0,13.7,4,0.0,0.0,589376
2023-06-28 22:00:00,00000000270,20230628220000,0.095,0.001,0.028,0.0,0.0,0.0,1.0,1.05,29.47,4,0.0,0.0,589376
2023-06-28 23:00:00,00000000270,20230628230000,0.096,0.0,0.031,0.0,0.0,0.0,1.0,0.0,32.29,4,0.0,0.0,589376
2023-06-29 00:00:00,00000000270,20230629000000,0.093,0.001,0.031,0.0,0.0,0.0,1.0,1.08,33.33,4,0.0,0.0,589376
2023-06-29 01:00:00,00000000270,20230629010000,0.093,0.0,0.032,0.0,0.0,0.0,1.0,0.0,34.41,4,0.0,0.0,589376
2023-06-29 02:00:00,00000000270,20230629020000,0.083,0.001,0.034,0.0,0.0,0.0,1.0,1.2,40.96,4,0.0,0.0,589376
2023-06-29 03:00:00,00000000270,20230629030000,0.081,0.0,0.036,0.0,0.0,0.0,1.0,0.0,44.44,4,0.0,0.0,589376
2023-06-29 04:00:00,00000000270,20230629040000,0.081,0.001,0.038,0.0,0.0,0.0,1.0,1.23,46.91,4,0.0,0.0,589376
2023-06-29 05:00:00,00000000270,20230629050000,0.099,0.0,0.039,0.0,0.0,0.0,1.0,0.0,39.39,4,0.0,0.0,589376
2023-06-29 06:00:00,00000000270,20230629060000,0.158,0.001,0.038,0.0,0.0,0.0,1.0,0.63,24.05,4,0.0,0.0,589376
2023-06-29 07:00:00,00000000270,20230629070000,0.3,0.0,0.031,0.0,0.0,0.0,1.0,0.0,10.33,4,0.0,0.0,589376
2023-06-29 08:00:00,00000000270,20230629080000,0.96,0.008,0.013,0.0,0.0,0.0,1.0,0.83,1.35,4,0.0,0.0,589376
2023-06-29 09:00:00,00000000270,20230629090000,0.1,0.001,0.045,0.0,0.0,0.0,1.0,1.0,45.0,4,0.0,0.0,589376
2023-06-29 10:00:00,00000000270,20230629100000,0.287,0.001,0.037,0.0,0.0,0.0,1.0,0.35,12.89,4,0.0,0.0,589376
2023-06-29 11:00:00,00000000270,20230629110000,0.139,0.0,0.034,0.0,0.0,0.0,1.0,0.0,24.46,4,0.0,0.0,589376
2023-06-29 12:00:00,00000000270,20230629120000,1.147,0.275,0.019,0.0,0.0,0.0,1.0,23.98,1.66,4,0.0,0.0,589376
2023-06-29 13:00:00,00000000270,20230629130000,0.261,0.198,0.025,0.0,0.0,0.0,1.0,75.86,9.58,4,0.0,0.0,589376
2023-06-29 14:00:00,00000000270,20230629140000,0.083,0.0,0.031,0.0,0.0,0.0,1.0,0.0,37.35,4,0.0,0.0,589376
2023-06-29 15:00:00,00000000270,20230629150000,0.361,0.001,0.031,0.0,0.0,0.0,1.0,0.28,8.59,4,0.0,0.0,589376
2023-06-29 16:00:00,00000000270,20230629160000,0.167,0.0,0.035,0.0,0.0,0.0,1.0,0.0,20.96,4,0.0,0.0,589376
2023-06-29 17:00:00,00000000270,20230629170000,0.21,0.001,0.028,0.0,0.0,0.0,1.0,0.48,13.33,4,0.0,0.0,589376
2023-06-29 18:00:00,00000000270,20230629180000,0.088,0.0,0.032,0.0,0.0,0.0,1.0,0.0,36.36,4,0.0,0.0,589376
2023-06-29 19:00:00,00000000270,20230629190000,0.079,0.001,0.03,0.0,0.0,0.0,1.0,1.27,37.97,4,0.0,0.0,589376
2023-06-29 20:00:00,00000000270,20230629200000,0.1,0.0,0.031,0.0,0.0,0.0,1.0,0.0,31.0,4,0.0,0.0,589376
2023-06-29 21:00:00,00000000270,20230629210000,0.109,0.032,0.013,0.0,0.0,0.0,1.0,29.36,11.93,4,0.0,0.0,589376
2023-06-29 22:00:00,00000000270,20230629220000,0.095,0.005,0.029,0.0,0.0,0.0,1.0,5.26,30.53,4,0.0,0.0,589376
2023-06-29 23:00:00,00000000270,20230629230000,0.106,0.0,0.034,0.0,0.0,0.0,1.0,0.0,32.08,4,0.0,0.0,589376
2023-06-30 00:00:00,00000000270,20230630000000,0.068,0.001,0.034,0.0,0.0,0.0,1.0,1.47,50.0,4,0.0,0.0,589376
2023-06-30 01:00:00,00000000270,20230630010000,0.152,0.0,0.035,0.0,0.0,0.0,1.0,0.0,23.03,4,0.0,0.0,589376
2023-06-30 02:00:00,00000000270,20230630020000,0.105,0.001,0.03,0.0,0.0,0.0,1.0,0.95,28.57,4,0.0,0.0,589376
2023-06-30 03:00:00,00000000270,20230630030000,0.082,0.0,0.034,0.0,0.0,0.0,1.0,0.0,41.46,4,0.0,0.0,589376
2023-06-30 04:00:00,00000000270,20230630040000,0.065,0.001,0.035,0.0,0.0,0.0,1.0,1.54,53.85,4,0.0,0.0,589376
2023-06-30 05:00:00,00000000270,20230630050000,0.074,0.0,0.035,0.0,0.0,0.0,1.0,0.0,47.3,4,0.0,0.0,589376
2023-06-30 06:00:00,00000000270,20230630060000,0.269,0.001,0.036,0.0,0.0,0.0,1.0,0.37,13.38,4,0.0,0.0,589376
2023-06-30 07:00:00,00000000270,20230630070000,0.328,0.047,0.021,0.0,0.0,0.0,1.0,14.33,6.4,4,0.0,0.0,589376
2023-06-30 08:00:00,00000000270,20230630080000,0.111,0.001,0.033,0.0,0.0,0.0,1.0,0.9,29.73,4,0.0,0.0,589376
2023-06-30 09:00:00,00000000270,20230630090000,0.078,0.0,0.031,0.0,0.0,0.0,1.0,0.0,39.74,4,0.0,0.0,589376
2023-06-30 10:00:00,00000000270,20230630100000,0.69,0.003,0.021,0.0,0.0,0.0,1.0,0.43,3.04,4,0.0,0.0,589376
2023-06-30 11:00:00,00000000270,20230630110000,0.199,0.0,0.036,0.0,0.0,0.0,1.0,0.0,18.09,4,0.0,0.0,589376
2023-06-30 12:00:00,00000000270,20230630120000,0.159,0.001,0.035,0.0,0.0,0.0,1.0,0.63,22.01,4,0.0,0.0,589376
2023-06-30 13:00:00,00000000270,20230630130000,0.141,0.0,0.044,0.0,0.0,0.0,1.0,0.0,31.21,4,0.0,0.0,589376
2023-06-30 14:00:00,00000000270,20230630140000,0.116,0.0,0.038,0.0,0.0,0.0,1.0,0.0,32.76,4,0.0,0.0,589376
2023-06-30 15:00:00,00000000270,20230630150000,0.104,0.002,0.039,0.0,0.0,0.0,1.0,1.92,37.5,4,0.0,0.0,589376
2023-06-30 16:00:00,00000000270,20230630160000,0.109,0.001,0.039,0.0,0.0,0.0,1.0,0.92,35.78,4,0.0,0.0,589376
2023-06-30 17:00:00,00000000270,20230630170000,0.503,0.0,0.039,0.0,0.0,0.0,1.0,0.0,7.75,4,0.0,0.0,589376
2023-06-30 18:00:00,00000000270,20230630180000,0.122,0.0,0.037,0.0,0.0,0.0,1.0,0.0,30.33,4,0.0,0.0,589376
2023-06-30 19:00:00,00000000270,20230630190000,0.113,0.0,0.037,0.0,0.0,0.0,1.0,0.0,32.74,4,0.0,0.0,589376
2023-06-30 20:00:00,00000000270,20230630200000,0.104,0.0,0.037,0.0,0.0,0.0,1.0,0.0,35.58,4,0.0,0.0,589376
2023-06-30 21:00:00,00000000270,20230630210000,0.172,0.031,0.026,0.0,0.0,0.0,1.0,18.02,15.12,4,0.0,0.0,589376
2023-06-30 22:00:00,00000000270,20230630220000,0.268,0.047,0.0,0.0,0.0,0.0,1.0,17.54,0.0,4,0.0,0.0,589376
2023-06-30 23:00:00,00000000270,20230630230000,0.197,0.035,0.006,0.0,0.0,0.0,1.0,17.77,3.05,4,0.0,0.0,589376
2023-07-01 00:00:00,00000000270,20230701000000,0.107,0.001,0.039,0.0,0.0,0.0,1.0,0.93,36.45,4,0.0,0.0,589376
2023-07-01 01:00:00,00000000270,20230701010000,0.108,0.0,0.04,0.0,0.0,0.0,1.0,0.0,37.04,4,0.0,0.0,589376
2023-07-01 02:00:00,00000000270,20230701020000,0.096,0.0,0.042,0.0,0.0,0.0,1.0,0.0,43.75,4,0.0,0.0,589376
2023-07-01 03:00:00,00000000270,20230701030000,0.102,0.0,0.043,0.0,0.0,0.0,1.0,0.0,42.16,4,0.0,0.0,589376
2023-07-01 04:00:00,00000000270,20230701040000,0.103,0.0,0.042,0.0,0.0,0.0,1.0,0.0,40.78,4,0.0,0.0,589376
2023-07-01 05:00:00,00000000270,20230701050000,0.092,0.001,0.045,0.0,0.0,0.0,1.0,1.09,48.91,4,0.0,0.0,589376
2023-07-01 06:00:00,00000000270,20230701060000,0.089,0.0,0.047,0.0,0.0,0.0,1.0,0.0,52.81,4,0.0,0.0,589376
2023-07-01 07:00:00,00000000270,20230701070000,0.097,0.0,0.045,0.0,0.0,0.0,1.0,0.0,46.39,4,0.0,0.0,589376
2023-07-01 08:00:00,00000000270,20230701080000,0.362,0.002,0.039,0.0,0.0,0.0,1.0,0.55,10.77,4,0.0,0.0,589376
2023-07-01 09:00:00,00000000270,20230701090000,0.236,0.0,0.038,0.0,0.0,0.0,1.0,0.0,16.1,4,0.0,0.0,589376
2023-07-01 10:00:00,00000000270,20230701100000,0.379,0.222,0.014,0.0,0.0,0.0,1.0,58.58,3.69,4,0.0,0.0,589376
2023-07-01 11:00:00,00000000270,20230701110000,0.11,0.0,0.037,0.0,0.0,0.0,1.0,0.0,33.64,4,0.0,0.0,589376
2023-07-01 12:00:00,00000000270,20230701120000,2.024,0.353,0.008,0.0,0.0,0.0,1.0,17.44,0.4,4,0.0,0.0,589376
2023-07-01 13:00:00,00000000270,20230701130000,0.552,0.37,0.012,0.0,0.0,0.0,1.0,67.03,2.17,4,0.0,0.0,589376
2023-07-01 14:00:00,00000000270,20230701140000,0.581,0.323,0.014,0.0,0.0,0.0,1.0,55.59,2.41,4,0.0,0.0,589376
2023-07-01 15:00:00,00000000270,20230701150000,0.11,0.0,0.038,0.0,0.0,0.0,1.0,0.0,34.55,4,0.0,0.0,589376
2023-07-01 16:00:00,00000000270,20230701160000,0.093,0.001,0.039,0.0,0.0,0.0,1.0,1.08,41.94,4,0.0,0.0,589376
2023-07-01 17:00:00,00000000270,20230701170000,0.111,0.0,0.036,0.0,0.0,0.0,1.0,0.0,32.43,4,0.0,0.0,589376
2023-07-01 18:00:00,00000000270,20230701180000,0.616,0.0,0.038,0.0,0.0,0.0,1.0,0.0,6.17,4,0.0,0.0,589376
2023-07-01 19:00:00,00000000270,20230701190000,1.255,0.47,0.01,0.0,0.0,0.0,1.0,37.45,0.8,4,0.0,0.0,589376
2023-07-01 20:00:00,00000000270,20230701200000,0.105,0.046,0.03,0.0,0.0,0.0,1.0,43.81,28.57,4,0.0,0.0,589376
2023-07-01 21:00:00,00000000270,20230701210000,0.09,0.0,0.037,0.0,0.0,0.0,1.0,0.0,41.11,4,0.0,0.0,589376
2023-07-01 22:00:00,00000000270,20230701220000,0.161,0.032,0.009,0.0,0.0,0.0,1.0,19.88,5.59,4,0.0,0.0,589376
2023-07-01 23:00:00,00000000270,20230701230000,0.462,0.044,0.015,0.0,0.0,0.0,1.0,9.52,3.25,4,0.0,0.0,589376
2023-07-02 00:00:00,00000000270,20230702000000,0.389,0.001,0.042,0.0,0.0,0.0,1.0,0.26,10.8,4,0.0,0.0,589376
2023-07-02 01:00:00,00000000270,20230702010000,0.091,0.0,0.046,0.0,0.0,0.0,1.0,0.0,50.55,4,0.0,0.0,589376
2023-07-02 02:00:00,00000000270,20230702020000,0.088,0.001,0.047,0.0,0.0,0.0,1.0,1.14,53.41,4,0.0,0.0,589376
2023-07-02 03:00:00,00000000270,20230702030000,0.093,0.0,0.048,0.0,0.0,0.0,1.0,0.0,51.61,4,0.0,0.0,589376
2023-07-02 04:00:00,00000000270,20230702040000,0.176,0.0,0.049,0.0,0.0,0.0,1.0,0.0,27.84,4,0.0,0.0,589376
2023-07-02 05:00:00,00000000270,20230702050000,0.138,0.001,0.043,0.0,0.0,0.0,1.0,0.72,31.16,4,0.0,0.0,589376
2023-07-02 06:00:00,00000000270,20230702060000,0.198,0.0,0.05,0.0,0.0,0.0,1.0,0.0,25.25,4,0.0,0.0,589376
2023-07-02 07:00:00,00000000270,20230702070000,0.302,0.0,0.047,0.0,0.0,0.0,1.0,0.0,15.56,4,0.0,0.0,589376
2023-07-02 08:00:00,00000000270,20230702080000,0.281,0.002,0.043,0.0,0.0,0.0,1.0,0.71,15.3,4,0.0,0.0,589376
2023-07-02 09:00:00,00000000270,20230702090000,0.163,0.0,0.046,0.0,0.0,0.0,1.0,0.0,28.22,4,0.0,0.0,589376
2023-07-02 10:00:00,00000000270,20230702100000,0.626,0.001,0.033,0.0,0.0,0.0,1.0,0.16,5.27,4,0.0,0.0,589376
2023-07-02 11:00:00,00000000270,20230702110000,1.519,0.147,0.006,0.0,0.0,0.0,1.0,9.68,0.39,4,0.0,0.0,589376
2023-07-02 12:00:00,00000000270,20230702120000,0.453,0.408,0.013,0.0,0.0,0.0,1.0,90.07,2.87,4,0.0,0.0,589376
2023-07-02 13:00:00,00000000270,20230702130000,1.133,0.308,0.008,0.0,0.0,0.0,1.0,27.18,0.71,4,0.0,0.0,589376
2023-07-02 14:00:00,00000000270,20230702140000,0.899,0.443,0.011,0.0,0.0,0.0,1.0,49.28,1.22,4,0.0,0.0,589376
2023-07-02 15:00:00,00000000270,20230702150000,0.216,0.359,0.009,0.0,0.0,0.0,1.0,166.2,4.17,4,0.0,0.0,589376
2023-07-02 16:00:00,00000000270,20230702160000,0.116,0.012,0.027,0.0,0.0,0.0,1.0,10.34,23.28,4,0.0,0.0,589376
2023-07-02 17:00:00,00000000270,20230702170000,0.111,0.001,0.028,0.0,0.0,0.0,1.0,0.9,25.23,4,0.0,0.0,589376
2023-07-02 18:00:00,00000000270,20230702180000,0.086,0.0,0.027,0.0,0.0,0.0,1.0,0.0,31.4,4,0.0,0.0,589376
2023-07-02 19:00:00,00000000270,20230702190000,0.094,0.001,0.025,0.0,0.0,0.0,1.0,1.06,26.6,4,0.0,0.0,589376
2023-07-02 20:00:00,00000000270,20230702200000,0.096,0.0,0.024,0.0,0.0,0.0,1.0,0.0,25.0,4,0.0,0.0,589376
2023-07-02 21:00:00,00000000270,20230702210000,0.162,0.088,0.007,0.0,0.0,0.0,1.0,54.32,4.32,4,0.0,0.0,589376
2023-07-02 22:00:00,00000000270,20230702220000,0.191,0.041,0.01,0.0,0.0,0.0,1.0,21.47,5.24,4,0.0,0.0,589376
2023-07-02 23:00:00,00000000270,20230702230000,0.122,0.0,0.024,0.0,0.0,0.0,1.0,0.0,19.67,4,0.0,0.0,589376
2023-07-03 00:00:00,00000000270,20230703000000,0.105,0.001,0.024,0.0,0.0,0.0,1.0,0.95,22.86,4,0.0,0.0,589376
2023-07-03 01:00:00,00000000270,20230703010000,0.084,0.0,0.027,0.0,0.0,0.0,1.0,0.0,32.14,4,0.0,0.0,589376
2023-07-03 02:00:00,00000000270,20230703020000,0.079,0.001,0.028,0.0,0.0,0.0,1.0,1.27,35.44,4,0.0,0.0,589376
2023-07-03 03:00:00,00000000270,20230703030000,0.087,0.0,0.025,0.0,0.0,0.0,1.0,0.0,28.74,4,0.0,0.0,589376
2023-07-03 04:00:00,00000000270,20230703040000,0.08,0.001,0.027,0.0,0.0,0.0,1.0,1.25,33.75,4,0.0,0.0,589376
2023-07-03 05:00:00,00000000270,20230703050000,0.077,0.0,0.033,0.0,0.0,0.0,1.0,0.0,42.86,4,0.0,0.0,589376
2023-07-03 06:00:00,00000000270,20230703060000,0.071,0.001,0.029,0.0,0.0,0.0,1.0,1.41,40.85,4,0.0,0.0,589376
2023-07-03 07:00:00,00000000270,20230703070000,0.078,0.0,0.026,0.0,0.0,0.0,1.0,0.0,33.33,4,0.0,0.0,589376
2023-07-03 08:00:00,00000000270,20230703080000,0.07,0.001,0.026,0.0,0.0,0.0,1.0,1.43,37.14,4,0.0,0.0,589376
2023-07-03 09:00:00,00000000270,20230703090000,0.091,0.004,0.027,0.0,0.0,0.0,1.0,4.4,29.67,4,0.0,0.0,589376
2023-07-03 10:00:00,00000000270,20230703100000,0.193,0.056,0.01,0.0,0.0,0.0,1.0,29.02,5.18,4,0.0,0.0,589376
2023-07-03 11:00:00,00000000270,20230703110000,0.094,0.0,0.029,0.0,0.0,0.0,1.0,0.0,30.85,4,0.0,0.0,589376
2023-07-03 12:00:00,00000000270,20230703120000,0.073,0.001,0.031,0.0,0.0,0.0,1.0,1.37,42.47,4,0.0,0.0,589376
2023-07-03 13:00:00,00000000270,20230703130000,0.084,0.001,0.031,0.0,0.0,0.0,1.0,1.19,36.9,4,0.0,0.0,589376
2023-07-03 14:00:00,00000000270,20230703140000,0.22,0.0,0.028,0.0,0.0,0.0,1.0,0.0,12.73,4,0.0,0.0,589376
2023-07-03 15:00:00,00000000270,20230703150000,0.08,0.0,0.025,0.0,0.0,0.0,1.0,0.0,31.25,4,0.0,0.0,589376
2023-07-03 16:00:00,00000000270,20230703160000,0.067,0.001,0.024,0.0,0.0,0.0,1.0,1.49,35.82,4,0.0,0.0,589376
2023-07-03 17:00:00,00000000270,20230703170000,0.085,0.0,0.023,0.0,0.0,0.0,1.0,0.0,27.06,4,0.0,0.0,589376
2023-07-03 18:00:00,00000000270,20230703180000,0.083,0.001,0.023,0.0,0.0,0.0,1.0,1.2,27.71,4,0.0,0.0,589376
2023-07-03 19:00:00,00000000270,20230703190000,0.083,0.0,0.025,0.0,0.0,0.0,1.0,0.0,30.12,4,0.0,0.0,589376
2023-07-03 20:00:00,00000000270,20230703200000,0.156,0.001,0.03,0.0,0.0,0.0,1.0,0.64,19.23,4,0.0,0.0,589376
2023-07-03 21:00:00,00000000270,20230703210000,0.097,0.0,0.028,0.0,0.0,0.0,1.0,0.0,28.87,4,0.0,0.0,589376
2023-07-03 22:00:00,00000000270,20230703220000,0.067,0.001,0.033,0.0,0.0,0.0,1.0,1.49,49.25,4,0.0,0.0,589376
2023-07-03 23:00:00,00000000270,20230703230000,0.08,0.0,0.033,0.0,0.0,0.0,1.0,0.0,41.25,4,0.0,0.0,589376
2023-07-04 00:00:00,00000000270,20230704000000,0.09,0.001,0.035,0.0,0.0,0.0,1.0,1.11,38.89,4,0.0,0.0,589376
2023-07-04 01:00:00,00000000270,20230704010000,0.079,0.0,0.034,0.0,0.0,0.0,1.0,0.0,43.04,4,0.0,0.0,589376
2023-07-04 02:00:00,00000000270,20230704020000,0.065,0.001,0.036,0.0,0.0,0.0,1.0,1.54,55.38,4,0.0,0.0,589376
2023-07-04 03:00:00,00000000270,20230704030000,0.073,0.0,0.035,0.0,0.0,0.0,1.0,0.0,47.95,4,0.0,0.0,589376
2023-07-04 04:00:00,00000000270,20230704040000,0.035,0.0,0.015,0.0,0.0,0.0,1.0,0.0,42.86,4,0.0,0.0,589376
2023-07-04 05:00:00,00000000270,20230704050000,0.093,0.001,0.034,0.0,0.0,0.0,1.0,1.08,36.56,4,0.0,0.0,589376
2023-07-04 06:00:00,00000000270,20230704060000,0.112,0.0,0.037,0.0,0.0,0.0,1.0,0.0,33.04,4,0.0,0.0,589376
2023-07-04 07:00:00,00000000270,20230704070000,0.122,0.001,0.032,0.0,0.0,0.0,1.0,0.82,26.23,4,0.0,0.0,589376
2023-07-04 08:00:00,00000000270,20230704080000,0.079,0.0,0.033,0.0,0.0,0.0,1.0,0.0,41.77,4,0.0,0.0,589376
2023-07-04 09:00:00,00000000270,20230704090000,0.065,0.001,0.035,0.0,0.0,0.0,1.0,1.54,53.85,4,0.0,0.0,589376
2023-07-04 10:00:00,00000000270,20230704100000,0.113,0.121,0.023,0.0,0.0,0.0,1.0,107.08,20.35,4,0.0,0.0,589376
2023-07-04 11:00:00,00000000270,20230704110000,0.125,0.093,0.02,0.0,0.0,0.0,1.0,74.4,16.0,4,0.0,0.0,589376
2023-07-04 12:00:00,00000000270,20230704120000,0.067,0.001,0.034,0.0,0.0,0.0,1.0,1.49,50.75,4,0.0,0.0,589376
2023-07-04 13:00:00,00000000270,20230704130000,0.077,0.0,0.032,0.0,0.0,0.0,1.0,0.0,41.56,4,0.0,0.0,589376
2023-07-04 14:00:00,00000000270,20230704140000,0.074,0.001,0.032,0.0,0.0,0.0,1.0,1.35,43.24,4,0.0,0.0,589376
2023-07-04 15:00:00,00000000270,20230704150000,0.272,0.0,0.033,0.0,0.0,0.0,1.0,0.0,12.13,4,0.0,0.0,589376
2023-07-04 16:00:00,00000000270,20230704160000,0.072,0.001,0.034,0.0,0.0,0.0,1.0,1.39,47.22,4,0.0,0.0,589376
2023-07-04 17:00:00,00000000270,20230704170000,0.145,0.0,0.036,0.0,0.0,0.0,1.0,0.0,24.83,4,0.0,0.0,589376
2023-07-04 18:00:00,00000000270,20230704180000,0.112,0.001,0.029,0.0,0.0,0.0,1.0,0.89,25.89,4,0.0,0.0,589376
2023-07-04 19:00:00,00000000270,20230704190000,0.085,0.0,0.031,0.0,0.0,0.0,1.0,0.0,36.47,4,0.0,0.0,589376
2023-07-04 20:00:00,00000000270,20230704200000,0.065,0.001,0.033,0.0,0.0,0.0,1.0,1.54,50.77,4,0.0,0.0,589376
2023-07-04 21:00:00,00000000270,20230704210000,0.113,0.035,0.012,0.0,0.0,0.0,1.0,30.97,10.62,4,0.0,0.0,589376
2023-07-04 22:00:00,00000000270,20230704220000,0.093,0.0,0.032,0.0,0.0,0.0,1.0,0.0,34.41,4,0.0,0.0,589376
2023-07-04 23:00:00,00000000270,20230704230000,0.087,0.001,0.033,0.0,0.0,0.0,1.0,1.15,37.93,4,0.0,0.0,589376
2023-07-05 00:00:00,00000000270,20230705000000,0.075,0.0,0.035,0.0,0.0,0.0,1.0,0.0,46.67,4,0.0,0.0,589376
2023-07-05 01:00:00,00000000270,20230705010000,0.086,0.001,0.033,0.0,0.0,0.0,1.0,1.16,38.37,4,0.0,0.0,589376
2023-07-05 02:00:00,00000000270,20230705020000,0.085,0.0,0.035,0.0,0.0,0.0,1.0,0.0,41.18,4,0.0,0.0,589376
2023-07-05 03:00:00,00000000270,20230705030000,0.15,0.001,0.034,0.0,0.0,0.0,1.0,0.67,22.67,4,0.0,0.0,589376
2023-07-05 04:00:00,00000000270,20230705040000,0.095,0.0,0.032,0.0,0.0,0.0,1.0,0.0,33.68,4,0.0,0.0,589376
2023-07-05 05:00:00,00000000270,20230705050000,0.096,0.021,0.023,0.0,0.0,0.0,1.0,21.88,23.96,4,0.0,0.0,589376
2023-07-05 06:00:00,00000000270,20230705060000,0.076,0.0,0.037,0.0,0.0,0.0,1.0,0.0,48.68,4,0.0,0.0,589376
2023-07-05 07:00:00,00000000270,20230705070000,0.086,0.001,0.035,0.0,0.0,0.0,1.0,1.16,40.7,4,0.0,0.0,589376
2023-07-05 08:00:00,00000000270,20230705080000,0.069,0.0,0.036,0.0,0.0,0.0,1.0,0.0,52.17,4,0.0,0.0,589376
2023-07-05 09:00:00,00000000270,20230705090000,0.062,0.001,0.035,0.0,0.0,0.0,1.0,1.61,56.45,4,0.0,0.0,589376
2023-07-05 10:00:00,00000000270,20230705100000,0.085,0.0,0.03,0.0,0.0,0.0,1.0,0.0,35.29,4,0.0,0.0,589376
2023-07-05 11:00:00,00000000270,20230705110000,0.076,0.001,0.031,0.0,0.0,0.0,1.0,1.32,40.79,4,0.0,0.0,589376
2023-07-05 12:00:00,00000000270,20230705120000,0.137,0.0,0.032,0.0,0.0,0.0,1.0,0.0,23.36,4,0.0,0.0,589376
2023-07-05 13:00:00,00000000270,20230705130000,0.117,0.001,0.029,0.0,0.0,0.0,1.0,0.85,24.79,4,0.0,0.0,589376
2023-07-05 14:00:00,00000000270,20230705140000,0.096,0.0,0.03,0.0,0.0,0.0,1.0,0.0,31.25,4,0.0,0.0,589376
2023-07-05 15:00:00,00000000270,20230705150000,0.077,0.001,0.032,0.0,0.0,0.0,1.0,1.3,41.56,4,0.0,0.0,589376
2023-07-05 16:00:00,00000000270,20230705160000,0.071,0.0,0.033,0.0,0.0,0.0,1.0,0.0,46.48,4,0.0,0.0,589376
2023-07-05 17:00:00,00000000270,20230705170000,0.089,0.001,0.03,0.0,0.0,0.0,1.0,1.12,33.71,4,0.0,0.0,589376
2023-07-05 18:00:00,00000000270,20230705180000,0.068,0.0,0.033,0.0,0.0,0.0,1.0,0.0,48.53,4,0.0,0.0,589376
2023-07-05 19:00:00,00000000270,20230705190000,0.069,0.001,0.032,0.0,0.0,0.0,1.0,1.45,46.38,4,0.0,0.0,589376
2023-07-05 20:00:00,00000000270,20230705200000,0.081,0.0,0.03,0.0,0.0,0.0,1.0,0.0,37.04,4,0.0,0.0,589376
2023-07-05 21:00:00,00000000270,20230705210000,0.072,0.0,0.032,0.0,0.0,0.0,1.0,0.0,44.44,4,0.0,0.0,589376
2023-07-05 22:00:00,00000000270,20230705220000,0.141,0.007,0.031,0.0,0.0,0.0,1.0,4.96,21.99,4,0.0,0.0,589376
2023-07-05 23:00:00,00000000270,20230705230000,0.113,0.001,0.029,0.0,0.0,0.0,1.0,0.88,25.66,4,0.0,0.0,589376
2023-07-06 00:00:00,00000000270,20230706000000,0.091,0.0,0.032,0.0,0.0,0.0,1.0,0.0,35.16,4,0.0,0.0,589376
2023-07-06 01:00:00,00000000270,20230706010000,0.066,0.001,0.035,0.0,0.0,0.0,1.0,1.52,53.03,4,0.0,0.0,589376
2023-07-06 02:00:00,00000000270,20230706020000,0.076,0.0,0.036,0.0,0.0,0.0,1.0,0.0,47.37,4,0.0,0.0,589376
2023-07-06 03:00:00,00000000270,20230706030000,0.078,0.001,0.034,0.0,0.0,0.0,1.0,1.28,43.59,4,0.0,0.0,589376
2023-07-06 04:00:00,00000000270,20230706040000,0.067,0.0,0.036,0.0,0.0,0.0,1.0,0.0,53.73,4,0.0,0.0,589376
2023-07-06 05:00:00,00000000270,20230706050000,0.06,0.0,0.037,0.0,0.0,0.0,1.0,0.0,61.67,4,0.0,0.0,589376
2023-07-06 06:00:00,00000000270,20230706060000,0.088,0.001,0.036,0.0,0.0,0.0,1.0,1.14,40.91,4,0.0,0.0,589376
2023-07-06 07:00:00,00000000270,20230706070000,0.223,0.0,0.035,0.0,0.0,0.0,1.0,0.0,15.7,4,0.0,0.0,589376
2023-07-06 08:00:00,00000000270,20230706080000,0.065,0.001,0.035,0.0,0.0,0.0,1.0,1.54,53.85,4,0.0,0.0,589376
2023-07-06 09:00:00,00000000270,20230706090000,0.125,0.0,0.035,0.0,0.0,0.0,1.0,0.0,28.0,4,0.0,0.0,589376
2023-07-06 10:00:00,00000000270,20230706100000,0.122,0.001,0.03,0.0,0.0,0.0,1.0,0.82,24.59,4,0.0,0.0,589376
2023-07-06 11:00:00,00000000270,20230706110000,0.085,0.0,0.033,0.0,0.0,0.0,1.0,0.0,38.82,4,0.0,0.0,589376
2023-07-06 12:00:00,00000000270,20230706120000,0.063,0.001,0.034,0.0,0.0,0.0,1.0,1.59,53.97,4,0.0,0.0,589376
2023-07-06 13:00:00,00000000270,20230706130000,0.07,0.0,0.033,0.0,0.0,0.0,1.0,0.0,47.14,4,0.0,0.0,589376
2023-07-06 14:00:00,00000000270,20230706140000,0.086,0.001,0.03,0.0,0.0,0.0,1.0,1.16,34.88,4,0.0,0.0,589376
2023-07-06 15:00:00,00000000270,20230706150000,0.265,0.0,0.032,0.0,0.0,0.0,1.0,0.0,12.08,4,0.0,0.0,589376
2023-07-06 16:00:00,00000000270,20230706160000,0.085,0.001,0.033,0.0,0.0,0.0,1.0,1.18,38.82,4,0.0,0.0,589376
2023-07-06 17:00:00,00000000270,20230706170000,0.071,0.0,0.034,0.0,0.0,0.0,1.0,0.0,47.89,4,0.0,0.0,589376
2023-07-06 18:00:00,00000000270,20230706180000,0.083,0.001,0.032,0.0,0.0,0.0,1.0,1.2,38.55,4,0.0,0.0,589376
2023-07-06 19:00:00,00000000270,20230706190000,0.085,0.0,0.032,0.0,0.0,0.0,1.0,0.0,37.65,4,0.0,0.0,589376
2023-07-06 20:00:00,00000000270,20230706200000,0.153,0.001,0.032,0.0,0.0,0.0,1.0,0.65,20.92,4,0.0,0.0,589376
2023-07-06 21:00:00,00000000270,20230706210000,0.117,0.009,0.024,0.0,0.0,0.0,1.0,7.69,20.51,4,0.0,0.0,589376
2023-07-06 22:00:00,00000000270,20230706220000,0.123,0.036,0.009,0.0,0.0,0.0,1.0,29.27,7.32,4,0.0,0.0,589376
2023-07-06 23:00:00,00000000270,20230706230000,0.091,0.001,0.032,0.0,0.0,0.0,1.0,1.1,35.16,4,0.0,0.0,589376
2023-07-07 00:00:00,00000000270,20230707000000,0.068,0.0,0.035,0.0,0.0,0.0,1.0,0.0,51.47,4,0.0,0.0,589376
2023-07-07 01:00:00,00000000270,20230707010000,0.076,0.001,0.035,0.0,0.0,0.0,1.0,1.32,46.05,4,0.0,0.0,589376
2023-07-07 02:00:00,00000000270,20230707020000,0.08,0.0,0.034,0.0,0.0,0.0,1.0,0.0,42.5,4,0.0,0.0,589376
2023-07-07 03:00:00,00000000270,20230707030000,0.072,0.001,0.035,0.0,0.0,0.0,1.0,1.39,48.61,4,0.0,0.0,589376
2023-07-07 04:00:00,00000000270,20230707040000,0.069,0.0,0.037,0.0,0.0,0.0,1.0,0.0,53.62,4,0.0,0.0,589376
2023-07-07 05:00:00,00000000270,20230707050000,0.12,0.035,0.016,0.0,0.0,0.0,1.0,29.17,13.33,4,0.0,0.0,589376
2023-07-07 06:00:00,00000000270,20230707060000,0.158,0.001,0.038,0.0,0.0,0.0,1.0,0.63,24.05,4,0.0,0.0,589376
2023-07-07 07:00:00,00000000270,20230707070000,0.117,0.0,0.03,0.0,0.0,0.0,1.0,0.0,25.64,4,0.0,0.0,589376
2023-07-07 08:00:00,00000000270,20230707080000,0.073,0.001,0.034,0.0,0.0,0.0,1.0,1.37,46.58,4,0.0,0.0,589376
2023-07-07 09:00:00,00000000270,20230707090000,0.357,0.0,0.032,0.0,0.0,0.0,1.0,0.0,8.96,4,0.0,0.0,589376
2023-07-07 10:00:00,00000000270,20230707100000,0.17,0.001,0.031,0.0,0.0,0.0,1.0,0.59,18.24,4,0.0,0.0,589376
2023-07-07 11:00:00,00000000270,20230707110000,0.082,0.0,0.031,0.0,0.0,0.0,1.0,0.0,37.8,4,0.0,0.0,589376
2023-07-07 12:00:00,00000000270,20230707120000,0.087,0.001,0.031,0.0,0.0,0.0,1.0,1.15,35.63,4,0.0,0.0,589376
2023-07-07 13:00:00,00000000270,20230707130000,0.09,0.0,0.03,0.0,0.0,0.0,1.0,0.0,33.33,4,0.0,0.0,589376
2023-07-07 14:00:00,00000000270,20230707140000,0.085,0.0,0.03,0.0,0.0,0.0,1.0,0.0,35.29,4,0.0,0.0,589376
2023-07-07 15:00:00,00000000270,20230707150000,0.077,0.001,0.03,0.0,0.0,0.0,1.0,1.3,38.96,4,0.0,0.0,589376
2023-07-07 16:00:00,00000000270,20230707160000,0.178,0.0,0.033,0.0,0.0,0.0,1.0,0.0,18.54,4,0.0,0.0,589376
2023-07-07 17:00:00,00000000270,20230707170000,0.12,0.001,0.029,0.0,0.0,0.0,1.0,0.83,24.17,4,0.0,0.0,589376
2023-07-07 18:00:00,00000000270,20230707180000,0.079,0.0,0.032,0.0,0.0,0.0,1.0,0.0,40.51,4,0.0,0.0,589376
2023-07-07 19:00:00,00000000270,20230707190000,0.085,0.001,0.03,0.0,0.0,0.0,1.0,1.18,35.29,4,0.0,0.0,589376
2023-07-07 20:00:00,00000000270,20230707200000,0.073,0.0,0.032,0.0,0.0,0.0,1.0,0.0,43.84,4,0.0,0.0,589376
2023-07-07 21:00:00,00000000270,20230707210000,0.081,0.001,0.03,0.0,0.0,0.0,1.0,1.23,37.04,4,0.0,0.0,589376
2023-07-07 22:00:00,00000000270,20230707220000,0.081,0.0,0.031,0.0,0.0,0.0,1.0,0.0,38.27,4,0.0,0.0,589376
2023-07-07 23:00:00,00000000270,20230707230000,0.077,0.001,0.031,0.0,0.0,0.0,1.0,1.3,40.26,4,0.0,0.0,589376
2023-07-08 00:00:00,00000000270,20230708000000,0.063,0.0,0.035,0.0,0.0,0.0,1.0,0.0,55.56,4,0.0,0.0,589376
2023-07-08 01:00:00,00000000270,20230708010000,0.149,0.001,0.035,0.0,0.0,0.0,1.0,0.67,23.49,4,0.0,0.0,589376
2023-07-08 02:00:00,00000000270,20230708020000,0.123,0.0,0.03,0.0,0.0,0.0,1.0,0.0,24.39,4,0.0,0.0,589376
2023-07-08 03:00:00,00000000270,20230708030000,0.085,0.001,0.034,0.0,0.0,0.0,1.0,1.18,40.0,4,0.0,0.0,589376
2023-07-08 04:00:00,00000000270,20230708040000,0.078,0.0,0.033,0.0,0.0,0.0,1.0,0.0,42.31,4,0.0,0.0,589376
2023-07-08 05:00:00,00000000270,20230708050000,0.074,0.0,0.038,0.0,0.0,0.0,1.0,0.0,51.35,4,0.0,0.0,589376
2023-07-08 06:00:00,00000000270,20230708060000,0.064,0.001,0.036,0.0,0.0,0.0,1.0,1.56,56.25,4,0.0,0.0,589376
2023-07-08 07:00:00,00000000270,20230708070000,0.064,0.0,0.036,0.0,0.0,0.0,1.0,0.0,56.25,4,0.0,0.0,589376
2023-07-08 08:00:00,00000000270,20230708080000,0.074,0.001,0.034,0.0,0.0,0.0,1.0,1.35,45.95,4,0.0,0.0,589376
2023-07-08 09:00:00,00000000270,20230708090000,0.075,0.0,0.033,0.0,0.0,0.0,1.0,0.0,44.0,4,0.0,0.0,589376
2023-07-08 10:00:00,00000000270,20230708100000,0.077,0.001,0.033,0.0,0.0,0.0,1.0,1.3,42.86,4,0.0,0.0,589376
2023-07-08 11:00:00,00000000270,20230708110000,0.064,0.0,0.034,0.0,0.0,0.0,1.0,0.0,53.12,4,0.0,0.0,589376
2023-07-08 12:00:00,00000000270,20230708120000,0.116,0.001,0.035,0.0,0.0,0.0,1.0,0.86,30.17,4,0.0,0.0,589376
2023-07-08 13:00:00,00000000270,20230708130000,0.123,0.0,0.03,0.0,0.0,0.0,1.0,0.0,24.39,4,0.0,0.0,589376
2023-07-08 14:00:00,00000000270,20230708140000,0.114,0.001,0.026,0.0,0.0,0.0,1.0,0.88,22.81,4,0.0,0.0,589376
2023-07-08 15:00:00,00000000270,20230708150000,0.096,0.0,0.029,0.0,0.0,0.0,1.0,0.0,30.21,4,0.0,0.0,589376
2023-07-08 16:00:00,00000000270,20230708160000,0.073,0.0,0.033,0.0,0.0,0.0,1.0,0.0,45.21,4,0.0,0.0,589376
2023-07-08 17:00:00,00000000270,20230708170000,0.096,0.001,0.031,0.0,0.0,0.0,1.0,1.04,32.29,4,0.0,0.0,589376
2023-07-08 18:00:00,00000000270,20230708180000,0.077,0.0,0.032,0.0,0.0,0.0,1.0,0.0,41.56,4,0.0,0.0,589376
2023-07-08 19:00:00,00000000270,20230708190000,0.068,0.001,0.032,0.0,0.0,0.0,1.0,1.47,47.06,4,0.0,0.0,589376
2023-07-08 20:00:00,00000000270,20230708200000,0.088,0.0,0.03,0.0,0.0,0.0,1.0,0.0,34.09,4,0.0,0.0,589376
2023-07-08 21:00:00,00000000270,20230708210000,0.1,0.022,0.02,0.0,0.0,0.0,1.0,22.0,20.0,4,0.0,0.0,589376
2023-07-08 22:00:00,00000000270,20230708220000,0.16,0.001,0.033,0.0,0.0,0.0,1.0,0.62,20.62,4,0.0,0.0,589376
2023-07-08 23:00:00,00000000270,20230708230000,0.105,0.0,0.029,0.0,0.0,0.0,1.0,0.0,27.62,4,0.0,0.0,589376
2023-07-09 00:00:00,00000000270,20230709000000,0.078,0.0,0.033,0.0,0.0,0.0,1.0,0.0,42.31,4,0.0,0.0,589376
2023-07-09 01:00:00,00000000270,20230709010000,0.076,0.001,0.033,0.0,0.0,0.0,1.0,1.32,43.42,4,0.0,0.0,589376
2023-07-09 02:00:00,00000000270,20230709020000,0.074,0.0,0.033,0.0,0.0,0.0,1.0,0.0,44.59,4,0.0,0.0,589376
2023-07-09 03:00:00,00000000270,20230709030000,0.062,0.001,0.035,0.0,0.0,0.0,1.0,1.61,56.45,4,0.0,0.0,589376
2023-07-09 04:00:00,00000000270,20230709040000,0.063,0.0,0.036,0.0,0.0,0.0,1.0,0.0,57.14,4,0.0,0.0,589376
2023-07-09 05:00:00,00000000270,20230709050000,0.068,0.001,0.036,0.0,0.0,0.0,1.0,1.47,52.94,4,0.0,0.0,589376
2023-07-09 06:00:00,00000000270,20230709060000,0.077,0.0,0.035,0.0,0.0,0.0,1.0,0.0,45.45,4,0.0,0.0,589376
2023-07-09 07:00:00,00000000270,20230709070000,0.066,0.001,0.036,0.0,0.0,0.0,1.0,1.52,54.55,4,0.0,0.0,589376
2023-07-09 08:00:00,00000000270,20230709080000,0.081,0.0,0.036,0.0,0.0,0.0,1.0,0.0,44.44,4,0.0,0.0,589376
2023-07-09 09:00:00,00000000270,20230709090000,0.289,0.001,0.032,0.0,0.0,0.0,1.0,0.35,11.07,4,0.0,0.0,589376
2023-07-09 10:00:00,00000000270,20230709100000,0.095,0.0,0.03,0.0,0.0,0.0,1.0,0.0,31.58,4,0.0,0.0,589376
2023-07-09 11:00:00,00000000270,20230709110000,0.081,0.001,0.031,0.0,0.0,0.0,1.0,1.23,38.27,4,0.0,0.0,589376
2023-07-09 12:00:00,00000000270,20230709120000,0.062,0.0,0.034,0.0,0.0,0.0,1.0,0.0,54.84,4,0.0,0.0,589376
2023-07-09 13:00:00,00000000270,20230709130000,0.48,0.001,0.032,0.0,0.0,0.0,1.0,0.21,6.67,4,0.0,0.0,589376
2023-07-09 14:00:00,00000000270,20230709140000,1.126,0.0,0.032,0.0,0.0,0.0,1.0,0.0,2.84,4,0.0,0.0,589376
2023-07-09 15:00:00,00000000270,20230709150000,0.102,0.001,0.036,0.0,0.0,0.0,1.0,0.98,35.29,4,0.0,0.0,589376
2023-07-09 16:00:00,00000000270,20230709160000,0.088,0.0,0.031,0.0,0.0,0.0,1.0,0.0,35.23,4,0.0,0.0,589376
2023-07-09 17:00:00,00000000270,20230709170000,0.069,0.001,0.033,0.0,0.0,0.0,1.0,1.45,47.83,4,0.0,0.0,589376
2023-07-09 18:00:00,00000000270,20230709180000,0.132,0.0,0.034,0.0,0.0,0.0,1.0,0.0,25.76,4,0.0,0.0,589376
2023-07-09 19:00:00,00000000270,20230709190000,0.112,0.001,0.029,0.0,0.0,0.0,1.0,0.89,25.89,4,0.0,0.0,589376
2023-07-09 20:00:00,00000000270,20230709200000,0.085,0.0,0.031,0.0,0.0,0.0,1.0,0.0,36.47,4,0.0,0.0,589376
2023-07-09 21:00:00,00000000270,20230709210000,0.079,0.0,0.031,0.0,0.0,0.0,1.0,0.0,39.24,4,0.0,0.0,589376
2023-07-09 22:00:00,00000000270,20230709220000,0.064,0.001,0.033,0.0,0.0,0.0,1.0,1.56,51.56,4,0.0,0.0,589376
2023-07-09 23:00:00,00000000270,20230709230000,0.069,0.0,0.033,0.0,0.0,0.0,1.0,0.0,47.83,4,0.0,0.0,589376
2023-07-10 00:00:00,00000000270,20230710000000,0.077,0.001,0.032,0.0,0.0,0.0,1.0,1.3,41.56,4,0.0,0.0,589376
2023-07-10 01:00:00,00000000270,20230710010000,0.061,0.0,0.035,0.0,0.0,0.0,1.0,0.0,57.38,4,0.0,0.0,589376
2023-07-10 02:00:00,00000000270,20230710020000,0.064,0.001,0.036,0.0,0.0,0.0,1.0,1.56,56.25,4,0.0,0.0,589376
2023-07-10 03:00:00,00000000270,20230710030000,0.076,0.0,0.035,0.0,0.0,0.0,1.0,0.0,46.05,4,0.0,0.0,589376
2023-07-10 04:00:00,00000000270,20230710040000,0.063,0.001,0.036,0.0,0.0,0.0,1.0,1.59,57.14,4,0.0,0.0,589376
2023-07-10 05:00:00,00000000270,20230710050000,0.067,0.016,0.029,0.0,0.0,0.0,1.0,23.88,43.28,4,0.0,0.0,589376
2023-07-10 06:00:00,00000000270,20230710060000,0.057,0.0,0.036,0.0,0.0,0.0,1.0,0.0,63.16,4,0.0,0.0,589376
2023-07-10 07:00:00,00000000270,20230710070000,0.063,0.001,0.035,0.0,0.0,0.0,1.0,1.59,55.56,4,0.0,0.0,589376
2023-07-10 08:00:00,00000000270,20230710080000,0.069,0.0,0.034,0.0,0.0,0.0,1.0,0.0,49.28,4,0.0,0.0,589376
2023-07-10 09:00:00,00000000270,20230710090000,0.055,0.001,0.035,0.0,0.0,0.0,1.0,1.82,63.64,4,0.0,0.0,589376
2023-07-10 10:00:00,00000000270,20230710100000,0.052,0.0,0.035,0.0,0.0,0.0,1.0,0.0,67.31,4,0.0,0.0,589376
2023-07-10 11:00:00,00000000270,20230710110000,0.112,0.001,0.032,0.0,0.0,0.0,1.0,0.89,28.57,4,0.0,0.0,589376
2023-07-10 12:00:00,00000000270,20230710120000,0.12,0.0,0.036,0.0,0.0,0.0,1.0,0.0,30.0,4,0.0,0.0,589376
2023-07-10 13:00:00,00000000270,20230710130000,0.1,0.001,0.039,0.0,0.0,0.0,1.0,1.0,39.0,4,0.0,0.0,589376
2023-07-10 14:00:00,00000000270,20230710140000,0.073,0.0,0.039,0.0,0.0,0.0,1.0,0.0,53.42,4,0.0,0.0,589376
2023-07-10 15:00:00,00000000270,20230710150000,0.064,0.001,0.04,0.0,0.0,0.0,1.0,1.56,62.5,4,0.0,0.0,589376
2023-07-10 16:00:00,00000000270,20230710160000,0.11,0.0,0.036,0.0,0.0,0.0,1.0,0.0,32.73,4,0.0,0.0,589376
2023-07-10 17:00:00,00000000270,20230710170000,0.066,0.0,0.042,0.0,0.0,0.0,1.0,0.0,63.64,4,0.0,0.0,589376
2023-07-10 18:00:00,00000000270,20230710180000,0.083,0.001,0.037,0.0,0.0,0.0,1.0,1.2,44.58,4,0.0,0.0,589376
2023-07-10 19:00:00,00000000270,20230710190000,0.076,0.0,0.03,0.0,0.0,0.0,1.0,0.0,39.47,4,0.0,0.0,589376
2023-07-10 20:00:00,00000000270,20230710200000,0.058,0.001,0.034,0.0,0.0,0.0,1.0,1.72,58.62,4,0.0,0.0,589376
2023-07-10 21:00:00,00000000270,20230710210000,0.15,0.0,0.032,0.0,0.0,0.0,1.0,0.0,21.33,4,0.0,0.0,589376
2023-07-10 22:00:00,00000000270,20230710220000,0.112,0.001,0.027,0.0,0.0,0.0,1.0,0.89,24.11,4,0.0,0.0,589376
2023-07-10 23:00:00,00000000270,20230710230000,0.091,0.0,0.032,0.0,0.0,0.0,1.0,0.0,35.16,4,0.0,0.0,589376
2023-07-11 00:00:00,00000000270,20230711000000,0.068,0.001,0.034,0.0,0.0,0.0,1.0,1.47,50.0,4,0.0,0.0,589376
2023-07-11 01:00:00,00000000270,20230711010000,0.073,0.0,0.034,0.0,0.0,0.0,1.0,0.0,46.58,4,0.0,0.0,589376
2023-07-11 02:00:00,00000000270,20230711020000,0.084,0.001,0.034,0.0,0.0,0.0,1.0,1.19,40.48,4,0.0,0.0,589376
2023-07-11 03:00:00,00000000270,20230711030000,0.06,0.0,0.035,0.0,0.0,0.0,1.0,0.0,58.33,4,0.0,0.0,589376
2023-07-11 04:00:00,00000000270,20230711040000,0.071,0.001,0.037,0.0,0.0,0.0,1.0,1.41,52.11,4,0.0,0.0,589376
2023-07-11 05:00:00,00000000270,20230711050000,0.095,0.012,0.026,0.0,0.0,0.0,1.0,12.63,27.37,4,0.0,0.0,589376
2023-07-11 06:00:00,00000000270,20230711060000,0.065,0.0,0.037,0.0,0.0,0.0,1.0,0.0,56.92,4,0.0,0.0,589376
2023-07-11 07:00:00,00000000270,20230711070000,0.055,0.001,0.036,0.0,0.0,0.0,1.0,1.82,65.45,4,0.0,0.0,589376
2023-07-11 08:00:00,00000000270,20230711080000,0.146,0.0,0.035,0.0,0.0,0.0,1.0,0.0,23.97,4,0.0,0.0,589376
2023-07-11 09:00:00,00000000270,20230711090000,0.103,0.001,0.028,0.0,0.0,0.0,1.0,0.97,27.18,4,0.0,0.0,589376
2023-07-11 10:00:00,00000000270,20230711100000,0.072,0.0,0.032,0.0,0.0,0.0,1.0,0.0,44.44,4,0.0,0.0,589376
2023-07-11 11:00:00,00000000270,20230711110000,0.358,0.1,0.027,0.0,0.0,0.0,1.0,27.93,7.54,4,0.0,0.0,589376
2023-07-11 12:00:00,00000000270,20230711120000,0.477,0.261,0.013,0.0,0.0,0.0,1.0,54.72,2.73,4,0.0,0.0,589376
2023-07-11 13:00:00,00000000270,20230711130000,0.875,0.346,0.016,0.0,0.0,0.0,1.0,39.54,1.83,4,0.0,0.0,589376
2023-07-11 14:00:00,00000000270,20230711140000,0.194,0.448,0.011,0.0,0.0,0.0,1.0,230.93,5.67,4,0.0,0.0,589376
2023-07-11 15:00:00,00000000270,20230711150000,0.097,0.062,0.028,0.0,0.0,0.0,1.0,63.92,28.87,4,0.0,0.0,589376
2023-07-11 16:00:00,00000000270,20230711160000,0.086,0.0,0.031,0.0,0.0,0.0,1.0,0.0,36.05,4,0.0,0.0,589376
2023-07-11 17:00:00,00000000270,20230711170000,0.072,0.001,0.033,0.0,0.0,0.0,1.0,1.39,45.83,4,0.0,0.0,589376
2023-07-11 18:00:00,00000000270,20230711180000,0.155,0.0,0.034,0.0,0.0,0.0,1.0,0.0,21.94,4,0.0,0.0,589376
2023-07-11 19:00:00,00000000270,20230711190000,0.308,0.001,0.027,0.0,0.0,0.0,1.0,0.32,8.77,4,0.0,0.0,589376
2023-07-11 20:00:00,00000000270,20230711200000,0.093,0.0,0.029,0.0,0.0,0.0,1.0,0.0,31.18,4,0.0,0.0,589376
2023-07-11 21:00:00,00000000270,20230711210000,0.083,0.001,0.034,0.0,0.0,0.0,1.0,1.2,40.96,4,0.0,0.0,589376
2023-07-11 22:00:00,00000000270,20230711220000,0.08,0.0,0.032,0.0,0.0,0.0,1.0,0.0,40.0,4,0.0,0.0,589376
2023-07-11 23:00:00,00000000270,20230711230000,0.083,0.001,0.033,0.0,0.0,0.0,1.0,1.2,39.76,4,0.0,0.0,589376
2023-07-12 00:00:00,00000000270,20230712000000,0.109,0.0,0.032,0.0,0.0,0.0,1.0,0.0,29.36,4,0.0,0.0,589376
2023-07-12 01:00:00,00000000270,20230712010000,0.08,0.001,0.034,0.0,0.0,0.0,1.0,1.25,42.5,4,0.0,0.0,589376
2023-07-12 02:00:00,00000000270,20230712020000,0.08,0.0,0.033,0.0,0.0,0.0,1.0,0.0,41.25,4,0.0,0.0,589376
2023-07-12 03:00:00,00000000270,20230712030000,0.14,0.001,0.036,0.0,0.0,0.0,1.0,0.71,25.71,4,0.0,0.0,589376
2023-07-12 04:00:00,00000000270,20230712040000,0.117,0.0,0.034,0.0,0.0,0.0,1.0,0.0,29.06,4,0.0,0.0,589376
2023-07-12 05:00:00,00000000270,20230712050000,0.096,0.001,0.036,0.0,0.0,0.0,1.0,1.04,37.5,4,0.0,0.0,589376
2023-07-12 06:00:00,00000000270,20230712060000,0.077,0.0,0.036,0.0,0.0,0.0,1.0,0.0,46.75,4,0.0,0.0,589376
2023-07-12 07:00:00,00000000270,20230712070000,0.084,0.001,0.034,0.0,0.0,0.0,1.0,1.19,40.48,4,0.0,0.0,589376
2023-07-12 08:00:00,00000000270,20230712080000,0.078,0.0,0.032,0.0,0.0,0.0,1.0,0.0,41.03,4,0.0,0.0,589376
2023-07-12 09:00:00,00000000270,20230712090000,0.082,0.001,0.025,0.0,0.0,0.0,1.0,1.22,30.49,4,0.0,0.0,589376
2023-07-12 10:00:00,00000000270,20230712100000,0.102,0.0,0.021,0.0,0.0,0.0,1.0,0.0,20.59,4,0.0,0.0,589376
2023-07-12 11:00:00,00000000270,20230712110000,0.07,0.001,0.023,0.0,0.0,0.0,1.0,1.43,32.86,4,0.0,0.0,589376
2023-07-12 12:00:00,00000000270,20230712120000,0.158,0.0,0.024,0.0,0.0,0.0,1.0,0.0,15.19,4,0.0,0.0,589376
2023-07-12 13:00:00,00000000270,20230712130000,0.113,0.001,0.02,0.0,0.0,0.0,1.0,0.88,17.7,4,0.0,0.0,589376
2023-07-12 14:00:00,00000000270,20230712140000,0.094,0.0,0.021,0.0,0.0,0.0,1.0,0.0,22.34,4,0.0,0.0,589376
2023-07-12 15:00:00,00000000270,20230712150000,0.099,0.001,0.023,0.0,0.0,0.0,1.0,1.01,23.23,4,0.0,0.0,589376
2023-07-12 16:00:00,00000000270,20230712160000,0.094,0.0,0.023,0.0,0.0,0.0,1.0,0.0,24.47,4,0.0,0.0,589376
2023-07-12 17:00:00,00000000270,20230712170000,0.09,0.0,0.022,0.0,0.0,0.0,1.0,0.0,24.44,4,0.0,0.0,589376
2023-07-12 18:00:00,00000000270,20230712180000,0.074,0.001,0.024,0.0,0.0,0.0,1.0,1.35,32.43,4,0.0,0.0,589376
2023-07-12 19:00:00,00000000270,20230712190000,0.079,0.001,0.025,0.0,0.0,0.0,1.0,1.27,31.65,4,0.0,0.0,589376
2023-07-12 20:00:00,00000000270,20230712200000,0.092,0.0,0.023,0.0,0.0,0.0,1.0,0.0,25.0,4,0.0,0.0,589376
2023-07-12 21:00:00,00000000270,20230712210000,0.101,0.017,0.022,0.0,0.0,0.0,1.0,16.83,21.78,4,0.0,0.0,589376
2023-07-12 22:00:00,00000000270,20230712220000,0.354,0.001,0.027,0.0,0.0,0.0,1.0,0.28,7.63,4,0.0,0.0,589376
2023-07-12 23:00:00,00000000270,20230712230000,0.128,0.009,0.017,0.0,0.0,0.0,1.0,7.03,13.28,4,0.0,0.0,589376
2023-07-13 00:00:00,00000000270,20230713000000,0.093,0.004,0.035,0.0,0.0,0.0,1.0,4.3,37.63,4,0.0,0.0,589376
2023-07-13 01:00:00,00000000270,20230713010000,0.104,0.0,0.036,0.0,0.0,0.0,1.0,0.0,34.62,4,0.0,0.0,589376
2023-07-13 02:00:00,00000000270,20230713020000,0.09,0.001,0.04,0.0,0.0,0.0,1.0,1.11,44.44,4,0.0,0.0,589376
2023-07-13 03:00:00,00000000270,20230713030000,0.079,0.0,0.04,0.0,0.0,0.0,1.0,0.0,50.63,4,0.0,0.0,589376
2023-07-13 04:00:00,00000000270,20230713040000,0.094,0.001,0.039,0.0,0.0,0.0,1.0,1.06,41.49,4,0.0,0.0,589376
2023-07-13 05:00:00,00000000270,20230713050000,0.091,0.0,0.039,0.0,0.0,0.0,1.0,0.0,42.86,4,0.0,0.0,589376
2023-07-13 06:00:00,00000000270,20230713060000,0.084,0.001,0.041,0.0,0.0,0.0,1.0,1.19,48.81,4,0.0,0.0,589376
2023-07-13 07:00:00,00000000270,20230713070000,0.144,0.0,0.038,0.0,0.0,0.0,1.0,0.0,26.39,4,0.0,0.0,589376
2023-07-13 08:00:00,00000000270,20230713080000,0.127,0.001,0.031,0.0,0.0,0.0,1.0,0.79,24.41,4,0.0,0.0,589376
2023-07-13 09:00:00,00000000270,20230713090000,0.087,0.0,0.032,0.0,0.0,0.0,1.0,0.0,36.78,4,0.0,0.0,589376
2023-07-13 10:00:00,00000000270,20230713100000,0.098,0.001,0.029,0.0,0.0,0.0,1.0,1.02,29.59,4,0.0,0.0,589376
2023-07-13 11:00:00,00000000270,20230713110000,0.081,0.0,0.029,0.0,0.0,0.0,1.0,0.0,35.8,4,0.0,0.0,589376
2023-07-13 12:00:00,00000000270,20230713120000,0.074,0.0,0.03,0.0,0.0,0.0,1.0,0.0,40.54,4,0.0,0.0,589376
2023-07-13 13:00:00,00000000270,20230713130000,0.082,0.001,0.03,0.0,0.0,0.0,1.0,1.22,36.59,4,0.0,0.0,589376
2023-07-13 14:00:00,00000000270,20230713140000,0.074,0.0,0.03,0.0,0.0,0.0,1.0,0.0,40.54,4,0.0,0.0,589376
2023-07-13 15:00:00,00000000270,20230713150000,0.086,0.001,0.029,0.0,0.0,0.0,1.0,1.16,33.72,4,0.0,0.0,589376
2023-07-13 16:00:00,00000000270,20230713160000,0.092,0.0,0.03,0.0,0.0,0.0,1.0,0.0,32.61,4,0.0,0.0,589376
2023-07-13 17:00:00,00000000270,20230713170000,0.162,0.001,0.035,0.0,0.0,0.0,1.0,0.62,21.6,4,0.0,0.0,589376
2023-07-13 18:00:00,00000000270,20230713180000,0.122,0.0,0.035,0.0,0.0,0.0,1.0,0.0,28.69,4,0.0,0.0,589376
2023-07-13 19:00:00,00000000270,20230713190000,0.095,0.001,0.039,0.0,0.0,0.0,1.0,1.05,41.05,4,0.0,0.0,589376
2023-07-13 20:00:00,00000000270,20230713200000,0.073,0.0,0.039,0.0,0.0,0.0,1.0,0.0,53.42,4,0.0,0.0,589376
2023-07-13 21:00:00,00000000270,20230713210000,0.302,0.013,0.023,0.0,0.0,0.0,1.0,4.3,7.62,4,0.0,0.0,589376
2023-07-13 22:00:00,00000000270,20230713220000,0.189,0.004,0.037,0.0,0.0,0.0,1.0,2.12,19.58,4,0.0,0.0,589376
2023-07-13 23:00:00,00000000270,20230713230000,0.079,0.0,0.041,0.0,0.0,0.0,1.0,0.0,51.9,4,0.0,0.0,589376
2023-07-14 00:00:00,00000000270,20230714000000,0.119,0.025,0.021,0.0,0.0,0.0,1.0,21.01,17.65,4,0.0,0.0,589376
2023-07-14 01:00:00,00000000270,20230714010000,0.089,0.0,0.041,0.0,0.0,0.0,1.0,0.0,46.07,4,0.0,0.0,589376
2023-07-14 02:00:00,00000000270,20230714020000,0.155,0.001,0.044,0.0,0.0,0.0,1.0,0.65,28.39,4,0.0,0.0,589376
2023-07-14 03:00:00,00000000270,20230714030000,0.115,0.0,0.038,0.0,0.0,0.0,1.0,0.0,33.04,4,0.0,0.0,589376
2023-07-14 04:00:00,00000000270,20230714040000,0.087,0.001,0.043,0.0,0.0,0.0,1.0,1.15,49.43,4,0.0,0.0,589376
2023-07-14 05:00:00,00000000270,20230714050000,0.107,0.037,0.034,0.0,0.0,0.0,1.0,34.58,31.78,4,0.0,0.0,589376
2023-07-14 06:00:00,00000000270,20230714060000,0.073,0.0,0.046,0.0,0.0,0.0,1.0,0.0,63.01,4,0.0,0.0,589376
2023-07-14 07:00:00,00000000270,20230714070000,0.081,0.001,0.044,0.0,0.0,0.0,1.0,1.23,54.32,4,0.0,0.0,589376
2023-07-14 08:00:00,00000000270,20230714080000,0.271,0.027,0.031,0.0,0.0,0.0,1.0,9.96,11.44,4,0.0,0.0,589376
2023-07-14 09:00:00,00000000270,20230714090000,0.073,0.0,0.041,0.0,0.0,0.0,1.0,0.0,56.16,4,0.0,0.0,589376
2023-07-14 10:00:00,00000000270,20230714100000,0.079,0.001,0.037,0.0,0.0,0.0,1.0,1.27,46.84,4,0.0,0.0,589376
2023-07-14 11:00:00,00000000270,20230714110000,0.082,0.001,0.029,0.0,0.0,0.0,1.0,1.22,35.37,4,0.0,0.0,589376
2023-07-14 12:00:00,00000000270,20230714120000,0.149,0.0,0.032,0.0,0.0,0.0,1.0,0.0,21.48,4,0.0,0.0,589376
2023-07-14 13:00:00,00000000270,20230714130000,0.114,0.0,0.025,0.0,0.0,0.0,1.0,0.0,21.93,4,0.0,0.0,589376
2023-07-14 14:00:00,00000000270,20230714140000,0.097,0.001,0.027,0.0,0.0,0.0,1.0,1.03,27.84,4,0.0,0.0,589376
2023-07-14 15:00:00,00000000270,20230714150000,0.108,0.0,0.027,0.0,0.0,0.0,1.0,0.0,25.0,4,0.0,0.0,589376
2023-07-14 16:00:00,00000000270,20230714160000,0.1,0.001,0.027,0.0,0.0,0.0,1.0,1.0,27.0,4,0.0,0.0,589376
2023-07-14 17:00:00,00000000270,20230714170000,0.091,0.0,0.028,0.0,0.0,0.0,1.0,0.0,30.77,4,0.0,0.0,589376
2023-07-14 18:00:00,00000000270,20230714180000,0.089,0.001,0.029,0.0,0.0,0.0,1.0,1.12,32.58,4,0.0,0.0,589376
2023-07-14 19:00:00,00000000270,20230714190000,0.088,0.0,0.029,0.0,0.0,0.0,1.0,0.0,32.95,4,0.0,0.0,589376
2023-07-14 20:00:00,00000000270,20230714200000,0.101,0.001,0.031,0.0,0.0,0.0,1.0,0.99,30.69,4,0.0,0.0,589376
2023-07-14 21:00:00,00000000270,20230714210000,0.168,0.024,0.015,0.0,0.0,0.0,1.0,14.29,8.93,4,0.0,0.0,589376
2023-07-14 22:00:00,00000000270,20230714220000,0.177,0.068,0.0,0.0,0.0,0.0,1.0,38.42,0.0,4,0.0,0.0,589376
2023-07-14 23:00:00,00000000270,20230714230000,0.083,0.003,0.028,0.0,0.0,0.0,1.0,3.61,33.73,4,0.0,0.0,589376
2023-07-15 00:00:00,00000000270,20230715000000,0.085,0.001,0.029,0.0,0.0,0.0,1.0,1.18,34.12,4,0.0,0.0,589376
2023-07-15 01:00:00,00000000270,20230715010000,0.086,0.0,0.031,0.0,0.0,0.0,1.0,0.0,36.05,4,0.0,0.0,589376
2023-07-15 02:00:00,00000000270,20230715020000,0.083,0.001,0.033,0.0,0.0,0.0,1.0,1.2,39.76,4,0.0,0.0,589376
2023-07-15 03:00:00,00000000270,20230715030000,0.078,0.0,0.035,0.0,0.0,0.0,1.0,0.0,44.87,4,0.0,0.0,589376
2023-07-15 04:00:00,00000000270,20230715040000,0.08,0.001,0.034,0.0,0.0,0.0,1.0,1.25,42.5,4,0.0,0.0,589376
2023-07-15 05:00:00,00000000270,20230715050000,0.092,0.003,0.032,0.0,0.0,0.0,1.0,3.26,34.78,4,0.0,0.0,589376
2023-07-15 06:00:00,00000000270,20230715060000,0.146,0.0,0.035,0.0,0.0,0.0,1.0,0.0,23.97,4,0.0,0.0,589376
2023-07-15 07:00:00,00000000270,20230715070000,0.111,0.001,0.03,0.0,0.0,0.0,1.0,0.9,27.03,4,0.0,0.0,589376
2023-07-15 08:00:00,00000000270,20230715080000,0.08,0.0,0.033,0.0,0.0,0.0,1.0,0.0,41.25,4,0.0,0.0,589376
2023-07-15 09:00:00,00000000270,20230715090000,0.067,0.001,0.033,0.0,0.0,0.0,1.0,1.49,49.25,4,0.0,0.0,589376
2023-07-15 10:00:00,00000000270,20230715100000,0.102,0.0,0.028,0.0,0.0,0.0,1.0,0.0,27.45,4,0.0,0.0,589376
2023-07-15 11:00:00,00000000270,20230715110000,0.078,0.001,0.03,0.0,0.0,0.0,1.0,1.28,38.46,4,0.0,0.0,589376
2023-07-15 12:00:00,00000000270,20230715120000,0.084,0.0,0.03,0.0,0.0,0.0,1.0,0.0,35.71,4,0.0,0.0,589376
2023-07-15 13:00:00,00000000270,20230715130000,0.085,0.001,0.03,0.0,0.0,0.0,1.0,1.18,35.29,4,0.0,0.0,589376
2023-07-15 14:00:00,00000000270,20230715140000,0.099,0.0,0.029,0.0,0.0,0.0,1.0,0.0,29.29,4,0.0,0.0,589376
2023-07-15 15:00:00,00000000270,20230715150000,0.16,0.0,0.031,0.0,0.0,0.0,1.0,0.0,19.38,4,0.0,0.0,589376
2023-07-15 16:00:00,00000000270,20230715160000,0.121,0.001,0.024,0.0,0.0,0.0,1.0,0.83,19.83,4,0.0,0.0,589376
2023-07-15 17:00:00,00000000270,20230715170000,0.111,0.0,0.027,0.0,0.0,0.0,1.0,0.0,24.32,4,0.0,0.0,589376
2023-07-15 18:00:00,00000000270,20230715180000,0.084,0.001,0.03,0.0,0.0,0.0,1.0,1.19,35.71,4,0.0,0.0,589376
2023-07-15 19:00:00,00000000270,20230715190000,0.072,0.0,0.03,0.0,0.0,0.0,1.0,0.0,41.67,4,0.0,0.0,589376
2023-07-15 20:00:00,00000000270,20230715200000,0.092,0.001,0.029,0.0,0.0,0.0,1.0,1.09,31.52,4,0.0,0.0,589376
2023-07-15 21:00:00,00000000270,20230715210000,0.09,0.0,0.029,0.0,0.0,0.0,1.0,0.0,32.22,4,0.0,0.0,589376
2023-07-15 22:00:00,00000000270,20230715220000,0.091,0.001,0.029,0.0,0.0,0.0,1.0,1.1,31.87,4,0.0,0.0,589376
2023-07-15 23:00:00,00000000270,20230715230000,0.085,0.0,0.03,0.0,0.0,0.0,1.0,0.0,35.29,4,0.0,0.0,589376
2023-07-16 00:00:00,00000000270,20230716000000,0.15,0.0,0.032,0.0,0.0,0.0,1.0,0.0,21.33,4,0.0,0.0,589376
2023-07-16 01:00:00,00000000270,20230716010000,0.113,0.001,0.028,0.0,0.0,0.0,1.0,0.88,24.78,4,0.0,0.0,589376
2023-07-16 02:00:00,00000000270,20230716020000,0.083,0.0,0.032,0.0,0.0,0.0,1.0,0.0,38.55,4,0.0,0.0,589376
2023-07-16 03:00:00,00000000270,20230716030000,0.085,0.001,0.032,0.0,0.0,0.0,1.0,1.18,37.65,4,0.0,0.0,589376
2023-07-16 04:00:00,00000000270,20230716040000,0.068,0.0,0.035,0.0,0.0,0.0,1.0,0.0,51.47,4,0.0,0.0,589376
2023-07-16 05:00:00,00000000270,20230716050000,0.1,0.018,0.028,0.0,0.0,0.0,1.0,18.0,28.0,4,0.0,0.0,589376
2023-07-16 06:00:00,00000000270,20230716060000,0.083,0.0,0.034,0.0,0.0,0.0,1.0,0.0,40.96,4,0.0,0.0,589376
2023-07-16 07:00:00,00000000270,20230716070000,0.073,0.0,0.036,0.0,0.0,0.0,1.0,0.0,49.32,4,0.0,0.0,589376
2023-07-16 08:00:00,00000000270,20230716080000,0.068,0.001,0.035,0.0,0.0,0.0,1.0,1.47,51.47,4,0.0,0.0,589376
2023-07-16 09:00:00,00000000270,20230716090000,0.311,0.0,0.034,0.0,0.0,0.0,1.0,0.0,10.93,4,0.0,0.0,589376
2023-07-16 10:00:00,00000000270,20230716100000,0.124,0.001,0.029,0.0,0.0,0.0,1.0,0.81,23.39,4,0.0,0.0,589376
2023-07-16 11:00:00,00000000270,20230716110000,0.092,0.0,0.031,0.0,0.0,0.0,1.0,0.0,33.7,4,0.0,0.0,589376
2023-07-16 12:00:00,00000000270,20230716120000,0.085,0.001,0.03,0.0,0.0,0.0,1.0,1.18,35.29,4,0.0,0.0,589376
2023-07-16 13:00:00,00000000270,20230716130000,0.074,0.0,0.032,0.0,0.0,0.0,1.0,0.0,43.24,4,0.0,0.0,589376
2023-07-16 14:00:00,00000000270,20230716140000,0.066,0.0,0.033,0.0,0.0,0.0,1.0,0.0,50.0,4,0.0,0.0,589376
2023-07-16 15:00:00,00000000270,20230716150000,0.093,0.001,0.032,0.0,0.0,0.0,1.0,1.08,34.41,4,0.0,0.0,589376
2023-07-16 16:00:00,00000000270,20230716160000,0.084,0.001,0.031,0.0,0.0,0.0,1.0,1.19,36.9,4,0.0,0.0,589376
2023-07-16 17:00:00,00000000270,20230716170000,0.086,0.0,0.031,0.0,0.0,0.0,1.0,0.0,36.05,4,0.0,0.0,589376
2023-07-16 18:00:00,00000000270,20230716180000,0.083,0.0,0.033,0.0,0.0,0.0,1.0,0.0,39.76,4,0.0,0.0,589376
2023-07-16 19:00:00,00000000270,20230716190000,0.154,0.001,0.03,0.0,0.0,0.0,1.0,0.65,19.48,4,0.0,0.0,589376
2023-07-16 20:00:00,00000000270,20230716200000,0.092,0.0,0.029,0.0,0.0,0.0,1.0,0.0,31.52,4,0.0,0.0,589376
2023-07-16 21:00:00,00000000270,20230716210000,0.085,0.001,0.029,0.0,0.0,0.0,1.0,1.18,34.12,4,0.0,0.0,589376
2023-07-16 22:00:00,00000000270,20230716220000,0.075,0.0,0.031,0.0,0.0,0.0,1.0,0.0,41.33,4,0.0,0.0,589376
2023-07-16 23:00:00,00000000270,20230716230000,0.069,0.001,0.034,0.0,0.0,0.0,1.0,1.45,49.28,4,0.0,0.0,589376
2023-07-17 00:00:00,00000000270,20230717000000,0.08,0.0,0.032,0.0,0.0,0.0,1.0,0.0,40.0,4,0.0,0.0,589376
2023-07-17 01:00:00,00000000270,20230717010000,0.08,0.001,0.034,0.0,0.0,0.0,1.0,1.25,42.5,4,0.0,0.0,589376
2023-07-17 02:00:00,00000000270,20230717020000,0.074,0.0,0.034,0.0,0.0,0.0,1.0,0.0,45.95,4,0.0,0.0,589376
2023-07-17 03:00:00,00000000270,20230717030000,0.064,0.001,0.036,0.0,0.0,0.0,1.0,1.56,56.25,4,0.0,0.0,589376
2023-07-17 04:00:00,00000000270,20230717040000,0.076,0.0,0.035,0.0,0.0,0.0,1.0,0.0,46.05,4,0.0,0.0,589376
2023-07-17 05:00:00,00000000270,20230717050000,0.135,0.002,0.013,0.0,0.0,0.0,1.0,1.48,9.63,4,0.0,0.0,589376
2023-07-17 06:00:00,00000000270,20230717060000,0.135,0.005,0.002,0.0,0.0,0.0,1.0,3.7,1.48,4,0.0,0.0,589376
2023-07-17 07:00:00,00000000270,20230717070000,0.304,0.001,0.012,0.0,0.0,0.0,1.0,0.33,3.95,4,0.0,0.0,589376
2023-07-17 08:00:00,00000000270,20230717080000,0.176,0.001,0.012,0.0,0.0,0.0,1.0,0.57,6.82,4,0.0,0.0,589376
2023-07-17 09:00:00,00000000270,20230717090000,0.159,0.003,0.018,0.0,0.0,0.0,1.0,1.89,11.32,4,0.0,0.0,589376
2023-07-17 10:00:00,00000000270,20230717100000,0.154,0.003,0.012,0.0,0.0,0.0,1.0,1.95,7.79,4,0.0,0.0,589376
2023-07-17 11:00:00,00000000270,20230717110000,1.223,0.023,0.002,0.0,0.0,0.0,1.0,1.88,0.16,4,0.0,0.0,589376
2023-07-17 12:00:00,00000000270,20230717120000,0.132,0.001,0.022,0.0,0.0,0.0,1.0,0.76,16.67,4,0.0,0.0,589376
2023-07-17 13:00:00,00000000270,20230717130000,0.162,0.0,0.016,0.0,0.0,0.0,1.0,0.0,9.88,4,0.0,0.0,589376
2023-07-17 14:00:00,00000000270,20230717140000,0.157,0.001,0.017,0.0,0.0,0.0,1.0,0.64,10.83,4,0.0,0.0,589376
2023-07-17 15:00:00,00000000270,20230717150000,0.114,0.002,0.017,0.0,0.0,0.0,1.0,1.75,14.91,4,0.0,0.0,589376
2023-07-17 16:00:00,00000000270,20230717160000,0.135,0.004,0.012,0.0,0.0,0.0,1.0,2.96,8.89,4,0.0,0.0,589376
2023-07-17 17:00:00,00000000270,20230717170000,0.197,0.003,0.015,0.0,0.0,0.0,1.0,1.52,7.61,4,0.0,0.0,589376
2023-07-17 18:00:00,00000000270,20230717180000,0.156,0.003,0.011,0.0,0.0,0.0,1.0,1.92,7.05,4,0.0,0.0,589376
2023-07-17 19:00:00,00000000270,20230717190000,0.132,0.002,0.016,0.0,0.0,0.0,1.0,1.52,12.12,4,0.0,0.0,589376
2023-07-17 20:00:00,00000000270,20230717200000,0.133,0.001,0.018,0.0,0.0,0.0,1.0,0.75,13.53,4,0.0,0.0,589376
2023-07-17 21:00:00,00000000270,20230717210000,0.217,0.058,0.006,0.0,0.0,0.0,1.0,26.73,2.76,4,0.0,0.0,589376
2023-07-17 22:00:00,00000000270,20230717220000,0.262,0.151,0.0,0.0,0.0,0.0,1.0,57.63,0.0,4,0.0,0.0,589376
2023-07-17 23:00:00,00000000270,20230717230000,0.183,0.098,0.0,0.0,0.0,0.0,1.0,53.55,0.0,4,0.0,0.0,589376
2023-07-18 00:00:00,00000000270,20230718000000,0.138,0.015,0.007,0.0,0.0,0.0,1.0,10.87,5.07,4,0.0,0.0,589376
2023-07-18 01:00:00,00000000270,20230718010000,0.116,0.002,0.018,0.0,0.0,0.0,1.0,1.72,15.52,4,0.0,0.0,589376
2023-07-18 02:00:00,00000000270,20230718020000,0.181,0.001,0.021,0.0,0.0,0.0,1.0,0.55,11.6,4,0.0,0.0,589376
2023-07-18 03:00:00,00000000270,20230718030000,0.151,0.004,0.014,0.0,0.0,0.0,1.0,2.65,9.27,4,0.0,0.0,589376
2023-07-18 04:00:00,00000000270,20230718040000,0.11,0.001,0.016,0.0,0.0,0.0,1.0,0.91,14.55,4,0.0,0.0,589376
2023-07-18 05:00:00,00000000270,20230718050000,0.102,0.002,0.021,0.0,0.0,0.0,1.0,1.96,20.59,4,0.0,0.0,589376
2023-07-18 06:00:00,00000000270,20230718060000,0.104,0.001,0.021,0.0,0.0,0.0,1.0,0.96,20.19,4,0.0,0.0,589376
2023-07-18 07:00:00,00000000270,20230718070000,0.135,0.001,0.021,0.0,0.0,0.0,1.0,0.74,15.56,4,0.0,0.0,589376
2023-07-18 08:00:00,00000000270,20230718080000,0.138,0.002,0.015,0.0,0.0,0.0,1.0,1.45,10.87,4,0.0,0.0,589376
2023-07-18 09:00:00,00000000270,20230718090000,0.11,0.002,0.015,0.0,0.0,0.0,1.0,1.82,13.64,4,0.0,0.0,589376
2023-07-18 10:00:00,00000000270,20230718100000,0.106,0.001,0.02,0.0,0.0,0.0,1.0,0.94,18.87,4,0.0,0.0,589376
2023-07-18 11:00:00,00000000270,20230718110000,0.105,0.001,0.02,0.0,0.0,0.0,1.0,0.95,19.05,4,0.0,0.0,589376
2023-07-18 12:00:00,00000000270,20230718120000,0.187,0.001,0.015,0.0,0.0,0.0,1.0,0.53,8.02,4,0.0,0.0,589376
2023-07-18 13:00:00,00000000270,20230718130000,0.154,0.003,0.012,0.0,0.0,0.0,1.0,1.95,7.79,4,0.0,0.0,589376
2023-07-18 14:00:00,00000000270,20230718140000,0.105,0.001,0.019,0.0,0.0,0.0,1.0,0.95,18.1,4,0.0,0.0,589376
2023-07-18 15:00:00,00000000270,20230718150000,0.12,0.001,0.012,0.0,0.0,0.0,1.0,0.83,10.0,4,0.0,0.0,589376
2023-07-18 16:00:00,00000000270,20230718160000,0.146,0.003,0.007,0.0,0.0,0.0,1.0,2.05,4.79,4,0.0,0.0,589376
2023-07-18 17:00:00,00000000270,20230718170000,0.121,0.001,0.014,0.0,0.0,0.0,1.0,0.83,11.57,4,0.0,0.0,589376
2023-07-18 18:00:00,00000000270,20230718180000,0.112,0.003,0.016,0.0,0.0,0.0,1.0,2.68,14.29,4,0.0,0.0,589376
2023-07-18 19:00:00,00000000270,20230718190000,0.136,0.0,0.016,0.0,0.0,0.0,1.0,0.0,11.76,4,0.0,0.0,589376
2023-07-18 20:00:00,00000000270,20230718200000,0.117,0.002,0.014,0.0,0.0,0.0,1.0,1.71,11.97,4,0.0,0.0,589376
2023-07-18 21:00:00,00000000270,20230718210000,0.195,0.002,0.02,0.0,0.0,0.0,1.0,1.03,10.26,4,0.0,0.0,589376
2023-07-18 22:00:00,00000000270,20230718220000,0.144,0.001,0.019,0.0,0.0,0.0,1.0,0.69,13.19,4,0.0,0.0,589376
2023-07-18 23:00:00,00000000270,20230718230000,0.118,0.002,0.021,0.0,0.0,0.0,1.0,1.69,17.8,4,0.0,0.0,589376
2023-07-19 00:00:00,00000000270,20230719000000,0.114,0.002,0.021,0.0,0.0,0.0,1.0,1.75,18.42,4,0.0,0.0,589376
2023-07-19 01:00:00,00000000270,20230719010000,0.116,0.002,0.017,0.0,0.0,0.0,1.0,1.72,14.66,4,0.0,0.0,589376
2023-07-19 02:00:00,00000000270,20230719020000,0.107,0.002,0.016,0.0,0.0,0.0,1.0,1.87,14.95,4,0.0,0.0,589376
2023-07-19 03:00:00,00000000270,20230719030000,0.097,0.001,0.022,0.0,0.0,0.0,1.0,1.03,22.68,4,0.0,0.0,589376
2023-07-19 04:00:00,00000000270,20230719040000,0.107,0.001,0.025,0.0,0.0,0.0,1.0,0.93,23.36,4,0.0,0.0,589376
2023-07-19 05:00:00,00000000270,20230719050000,0.111,0.005,0.024,0.0,0.0,0.0,1.0,4.5,21.62,4,0.0,0.0,589376
2023-07-19 06:00:00,00000000270,20230719060000,0.111,0.003,0.019,0.0,0.0,0.0,1.0,2.7,17.12,4,0.0,0.0,589376
2023-07-19 07:00:00,00000000270,20230719070000,0.181,0.005,0.02,0.0,0.0,0.0,1.0,2.76,11.05,4,0.0,0.0,589376
2023-07-19 08:00:00,00000000270,20230719080000,0.137,0.004,0.015,0.0,0.0,0.0,1.0,2.92,10.95,4,0.0,0.0,589376
2023-07-19 09:00:00,00000000270,20230719090000,0.101,0.002,0.026,0.0,0.0,0.0,1.0,1.98,25.74,4,0.0,0.0,589376
2023-07-19 10:00:00,00000000270,20230719100000,0.113,0.002,0.017,0.0,0.0,0.0,1.0,1.77,15.04,4,0.0,0.0,589376
2023-07-19 11:00:00,00000000270,20230719110000,0.113,0.002,0.017,0.0,0.0,0.0,1.0,1.77,15.04,4,0.0,0.0,589376
2023-07-19 12:00:00,00000000270,20230719120000,0.103,0.003,0.02,0.0,0.0,0.0,1.0,2.91,19.42,4,0.0,0.0,589376
2023-07-19 13:00:00,00000000270,20230719130000,0.105,0.002,0.02,0.0,0.0,0.0,1.0,1.9,19.05,4,0.0,0.0,589376
2023-07-19 14:00:00,00000000270,20230719140000,0.12,0.002,0.017,0.0,0.0,0.0,1.0,1.67,14.17,4,0.0,0.0,589376
2023-07-19 15:00:00,00000000270,20230719150000,0.122,0.003,0.011,0.0,0.0,0.0,1.0,2.46,9.02,4,0.0,0.0,589376
2023-07-19 16:00:00,00000000270,20230719160000,0.124,0.002,0.01,0.0,0.0,0.0,1.0,1.61,8.06,4,0.0,0.0,589376
2023-07-19 17:00:00,00000000270,20230719170000,0.184,0.0,0.016,0.0,0.0,0.0,1.0,0.0,8.7,4,0.0,0.0,589376
2023-07-19 18:00:00,00000000270,20230719180000,0.159,0.003,0.01,0.0,0.0,0.0,1.0,1.89,6.29,4,0.0,0.0,589376
2023-07-19 19:00:00,00000000270,20230719190000,0.143,0.001,0.015,0.0,0.0,0.0,1.0,0.7,10.49,4,0.0,0.0,589376
2023-07-19 20:00:00,00000000270,20230719200000,0.189,0.001,0.015,0.0,0.0,0.0,1.0,0.53,7.94,4,0.0,0.0,589376
2023-07-19 21:00:00,00000000270,20230719210000,0.14,0.001,0.015,0.0,0.0,0.0,1.0,0.71,10.71,4,0.0,0.0,589376
2023-07-19 22:00:00,00000000270,20230719220000,0.114,0.0,0.02,0.0,0.0,0.0,1.0,0.0,17.54,4,0.0,0.0,589376
2023-07-19 23:00:00,00000000270,20230719230000,0.107,0.003,0.021,0.0,0.0,0.0,1.0,2.8,19.63,4,0.0,0.0,589376
2023-07-20 00:00:00,00000000270,20230720000000,0.115,0.003,0.015,0.0,0.0,0.0,1.0,2.61,13.04,4,0.0,0.0,589376
2023-07-20 01:00:00,00000000270,20230720010000,0.117,0.003,0.015,0.0,0.0,0.0,1.0,2.56,12.82,4,0.0,0.0,589376
2023-07-20 02:00:00,00000000270,20230720020000,0.107,0.003,0.019,0.0,0.0,0.0,1.0,2.8,17.76,4,0.0,0.0,589376
2023-07-20 03:00:00,00000000270,20230720030000,0.187,0.001,0.021,0.0,0.0,0.0,1.0,0.53,11.23,4,0.0,0.0,589376
2023-07-20 04:00:00,00000000270,20230720040000,0.123,0.003,0.023,0.0,0.0,0.0,1.0,2.44,18.7,4,0.0,0.0,589376
2023-07-20 05:00:00,00000000270,20230720050000,0.136,0.003,0.018,0.0,0.0,0.0,1.0,2.21,13.24,4,0.0,0.0,589376
2023-07-20 06:00:00,00000000270,20230720060000,0.114,0.004,0.018,0.0,0.0,0.0,1.0,3.51,15.79,4,0.0,0.0,589376
2023-07-20 07:00:00,00000000270,20230720070000,0.094,0.003,0.025,0.0,0.0,0.0,1.0,3.19,26.6,4,0.0,0.0,589376
2023-07-20 08:00:00,00000000270,20230720080000,0.127,0.003,0.009,0.0,0.0,0.0,1.0,2.36,7.09,4,0.0,0.0,589376
2023-07-20 09:00:00,00000000270,20230720090000,0.113,0.002,0.019,0.0,0.0,0.0,1.0,1.77,16.81,4,0.0,0.0,589376
2023-07-20 10:00:00,00000000270,20230720100000,0.104,0.001,0.017,0.0,0.0,0.0,1.0,0.96,16.35,4,0.0,0.0,589376
2023-07-20 11:00:00,00000000270,20230720110000,0.108,0.0,0.018,0.0,0.0,0.0,1.0,0.0,16.67,4,0.0,0.0,589376
2023-07-20 12:00:00,00000000270,20230720120000,0.115,0.001,0.015,0.0,0.0,0.0,1.0,0.87,13.04,4,0.0,0.0,589376
2023-07-20 13:00:00,00000000270,20230720130000,0.189,0.002,0.016,0.0,0.0,0.0,1.0,1.06,8.47,4,0.0,0.0,589376
2023-07-20 14:00:00,00000000270,20230720140000,0.151,0.003,0.013,0.0,0.0,0.0,1.0,1.99,8.61,4,0.0,0.0,589376
2023-07-20 15:00:00,00000000270,20230720150000,0.115,0.001,0.016,0.0,0.0,0.0,1.0,0.87,13.91,4,0.0,0.0,589376
2023-07-20 16:00:00,00000000270,20230720160000,0.113,0.002,0.015,0.0,0.0,0.0,1.0,1.77,13.27,4,0.0,0.0,589376
2023-07-20 17:00:00,00000000270,20230720170000,0.119,0.002,0.014,0.0,0.0,0.0,1.0,1.68,11.76,4,0.0,0.0,589376
2023-07-20 18:00:00,00000000270,20230720180000,0.114,0.003,0.016,0.0,0.0,0.0,1.0,2.63,14.04,4,0.0,0.0,589376
2023-07-20 19:00:00,00000000270,20230720190000,0.142,0.001,0.021,0.0,0.0,0.0,1.0,0.7,14.79,4,0.0,0.0,589376
2023-07-20 20:00:00,00000000270,20230720200000,0.111,0.002,0.015,0.0,0.0,0.0,1.0,1.8,13.51,4,0.0,0.0,589376
2023-07-20 21:00:00,00000000270,20230720210000,0.106,0.001,0.016,0.0,0.0,0.0,1.0,0.94,15.09,4,0.0,0.0,589376
2023-07-20 22:00:00,00000000270,20230720220000,0.187,0.0,0.015,0.0,0.0,0.0,1.0,0.0,8.02,4,0.0,0.0,589376
2023-07-20 23:00:00,00000000270,20230720230000,0.138,0.003,0.015,0.0,0.0,0.0,1.0,2.17,10.87,4,0.0,0.0,589376
2023-07-21 00:00:00,00000000270,20230721000000,0.122,0.001,0.016,0.0,0.0,0.0,1.0,0.82,13.11,4,0.0,0.0,589376
2023-07-21 01:00:00,00000000270,20230721010000,0.1,0.003,0.022,0.0,0.0,0.0,1.0,3.0,22.0,4,0.0,0.0,589376
2023-07-21 02:00:00,00000000270,20230721020000,0.099,0.001,0.018,0.0,0.0,0.0,1.0,1.01,18.18,4,0.0,0.0,589376
2023-07-21 03:00:00,00000000270,20230721030000,0.115,0.004,0.017,0.0,0.0,0.0,1.0,3.48,14.78,4,0.0,0.0,589376
2023-07-21 04:00:00,00000000270,20230721040000,0.112,0.003,0.019,0.0,0.0,0.0,1.0,2.68,16.96,4,0.0,0.0,589376
2023-07-21 05:00:00,00000000270,20230721050000,0.106,0.003,0.022,0.0,0.0,0.0,1.0,2.83,20.75,4,0.0,0.0,589376
2023-07-21 06:00:00,00000000270,20230721060000,0.117,0.003,0.022,0.0,0.0,0.0,1.0,2.56,18.8,4,0.0,0.0,589376
2023-07-21 07:00:00,00000000270,20230721070000,0.118,0.002,0.02,0.0,0.0,0.0,1.0,1.69,16.95,4,0.0,0.0,589376
2023-07-21 08:00:00,00000000270,20230721080000,0.955,0.025,0.004,0.0,0.0,0.0,1.0,2.62,0.42,4,0.0,0.0,589376
2023-07-21 09:00:00,00000000270,20230721090000,0.562,0.015,0.002,0.0,0.0,0.0,1.0,2.67,0.36,4,0.0,0.0,589376
2023-07-21 10:00:00,00000000270,20230721100000,0.109,0.0,0.017,0.0,0.0,0.0,1.0,0.0,15.6,4,0.0,0.0,589376
2023-07-21 11:00:00,00000000270,20230721110000,0.114,0.002,0.018,0.0,0.0,0.0,1.0,1.75,15.79,4,0.0,0.0,589376
2023-07-21 12:00:00,00000000270,20230721120000,0.116,0.002,0.01,0.0,0.0,0.0,1.0,1.72,8.62,4,0.0,0.0,589376
2023-07-21 13:00:00,00000000270,20230721130000,0.113,0.001,0.011,0.0,0.0,0.0,1.0,0.88,9.73,4,0.0,0.0,589376
2023-07-21 14:00:00,00000000270,20230721140000,0.137,0.002,0.01,0.0,0.0,0.0,1.0,1.46,7.3,4,0.0,0.0,589376
2023-07-21 15:00:00,00000000270,20230721150000,0.303,0.004,0.01,0.0,0.0,0.0,1.0,1.32,3.3,4,0.0,0.0,589376
2023-07-21 16:00:00,00000000270,20230721160000,0.157,0.0,0.016,0.0,0.0,0.0,1.0,0.0,10.19,4,0.0,0.0,589376
2023-07-21 23:00:00,00000000270,20230721230000,0.166,0.001,0.027,0.0,0.0,0.0,1.0,0.6,16.27,4,0.0,0.0,589376
2023-07-22 00:00:00,00000000270,20230722000000,0.157,0.0,0.027,0.0,0.0,0.0,1.0,0.0,17.2,4,0.0,0.0,589376
2023-07-22 01:00:00,00000000270,20230722010000,0.199,0.001,0.027,0.0,0.0,0.0,1.0,0.5,13.57,4,0.0,0.0,589376
2023-07-22 02:00:00,00000000270,20230722020000,0.194,0.001,0.024,0.0,0.0,0.0,1.0,0.52,12.37,4,0.0,0.0,589376
2023-07-22 03:00:00,00000000270,20230722030000,0.137,0.002,0.018,0.0,0.0,0.0,1.0,1.46,13.14,4,0.0,0.0,589376
2023-07-22 04:00:00,00000000270,20230722040000,0.121,0.001,0.017,0.0,0.0,0.0,1.0,0.83,14.05,4,0.0,0.0,589376
2023-07-22 05:00:00,00000000270,20230722050000,0.141,0.001,0.026,0.0,0.0,0.0,1.0,0.71,18.44,4,0.0,0.0,589376
2023-07-22 06:00:00,00000000270,20230722060000,0.244,0.0,0.022,0.0,0.0,0.0,1.0,0.0,9.02,4,0.0,0.0,589376
2023-07-22 07:00:00,00000000270,20230722070000,0.154,0.002,0.017,0.0,0.0,0.0,1.0,1.3,11.04,4,0.0,0.0,589376
2023-07-22 08:00:00,00000000270,20230722080000,0.149,0.0,0.023,0.0,0.0,0.0,1.0,0.0,15.44,4,0.0,0.0,589376
2023-07-22 09:00:00,00000000270,20230722090000,0.121,0.002,0.018,0.0,0.0,0.0,1.0,1.65,14.88,4,0.0,0.0,589376
2023-07-22 10:00:00,00000000270,20230722100000,0.381,0.002,0.017,0.0,0.0,0.0,1.0,0.52,4.46,4,0.0,0.0,589376
2023-07-22 11:00:00,00000000270,20230722110000,0.155,0.002,0.012,0.0,0.0,0.0,1.0,1.29,7.74,4,0.0,0.0,589376
2023-07-22 12:00:00,00000000270,20230722120000,0.146,0.001,0.021,0.0,0.0,0.0,1.0,0.68,14.38,4,0.0,0.0,589376
2023-07-22 13:00:00,00000000270,20230722130000,0.16,0.0,0.029,0.0,0.0,0.0,1.0,0.0,18.12,4,0.0,0.0,589376
2023-07-22 14:00:00,00000000270,20230722140000,0.143,0.001,0.027,0.0,0.0,0.0,1.0,0.7,18.88,4,0.0,0.0,589376
2023-07-22 15:00:00,00000000270,20230722150000,0.161,0.0,0.026,0.0,0.0,0.0,1.0,0.0,16.15,4,0.0,0.0,589376
2023-07-22 16:00:00,00000000270,20230722160000,0.186,0.001,0.014,0.0,0.0,0.0,1.0,0.54,7.53,4,0.0,0.0,589376
2023-07-22 17:00:00,00000000270,20230722170000,0.171,0.002,0.013,0.0,0.0,0.0,1.0,1.17,7.6,4,0.0,0.0,589376
2023-07-22 18:00:00,00000000270,20230722180000,0.213,0.002,0.016,0.0,0.0,0.0,1.0,0.94,7.51,4,0.0,0.0,589376
2023-07-22 19:00:00,00000000270,20230722190000,0.172,0.002,0.013,0.0,0.0,0.0,1.0,1.16,7.56,4,0.0,0.0,589376
2023-07-22 20:00:00,00000000270,20230722200000,0.16,0.001,0.014,0.0,0.0,0.0,1.0,0.62,8.75,4,0.0,0.0,589376
2023-07-22 21:00:00,00000000270,20230722210000,0.147,0.001,0.013,0.0,0.0,0.0,1.0,0.68,8.84,4,0.0,0.0,589376
2023-07-22 22:00:00,00000000270,20230722220000,0.156,0.001,0.013,0.0,0.0,0.0,1.0,0.64,8.33,4,0.0,0.0,589376
2023-07-22 23:00:00,00000000270,20230722230000,0.154,0.001,0.013,0.0,0.0,0.0,1.0,0.65,8.44,4,0.0,0.0,589376
2023-07-23 00:00:00,00000000270,20230723000000,0.197,0.001,0.017,0.0,0.0,0.0,1.0,0.51,8.63,4,0.0,0.0,589376
2023-07-23 01:00:00,00000000270,20230723010000,0.231,0.0,0.028,0.0,0.0,0.0,1.0,0.0,12.12,4,0.0,0.0,589376
2023-07-23 02:00:00,00000000270,20230723020000,0.194,0.001,0.021,0.0,0.0,0.0,1.0,0.52,10.82,4,0.0,0.0,589376
2023-07-23 03:00:00,00000000270,20230723030000,0.153,0.002,0.019,0.0,0.0,0.0,1.0,1.31,12.42,4,0.0,0.0,589376
2023-07-23 04:00:00,00000000270,20230723040000,0.134,0.002,0.017,0.0,0.0,0.0,1.0,1.49,12.69,4,0.0,0.0,589376
2023-07-23 05:00:00,00000000270,20230723050000,0.158,0.001,0.023,0.0,0.0,0.0,1.0,0.63,14.56,4,0.0,0.0,589376
2023-07-23 06:00:00,00000000270,20230723060000,0.16,0.001,0.026,0.0,0.0,0.0,1.0,0.62,16.25,4,0.0,0.0,589376
2023-07-23 07:00:00,00000000270,20230723070000,0.144,0.0,0.029,0.0,0.0,0.0,1.0,0.0,20.14,4,0.0,0.0,589376
2023-07-23 08:00:00,00000000270,20230723080000,0.143,0.002,0.016,0.0,0.0,0.0,1.0,1.4,11.19,4,0.0,0.0,589376
2023-07-23 09:00:00,00000000270,20230723090000,0.139,0.001,0.024,0.0,0.0,0.0,1.0,0.72,17.27,4,0.0,0.0,589376
2023-07-23 10:00:00,00000000270,20230723100000,0.175,0.002,0.019,0.0,0.0,0.0,1.0,1.14,10.86,4,0.0,0.0,589376
2023-07-23 11:00:00,00000000270,20230723110000,0.146,0.001,0.016,0.0,0.0,0.0,1.0,0.68,10.96,4,0.0,0.0,589376
2023-07-23 12:00:00,00000000270,20230723120000,0.119,0.002,0.017,0.0,0.0,0.0,1.0,1.68,14.29,4,0.0,0.0,589376
2023-07-23 13:00:00,00000000270,20230723130000,0.126,0.008,0.016,0.0,0.0,0.0,1.0,6.35,12.7,4,0.0,0.0,589376
2023-07-23 14:00:00,00000000270,20230723140000,0.15,0.014,0.003,0.0,0.0,0.0,1.0,9.33,2.0,4,0.0,0.0,589376
2023-07-23 15:00:00,00000000270,20230723150000,0.536,0.0,0.02,0.0,0.0,0.0,1.0,0.0,3.73,4,0.0,0.0,589376
2023-07-23 16:00:00,00000000270,20230723160000,1.491,0.0,0.014,0.0,0.0,0.0,1.0,0.0,0.94,4,0.0,0.0,589376
2023-07-23 17:00:00,00000000270,20230723170000,0.146,0.001,0.022,0.0,0.0,0.0,1.0,0.68,15.07,4,0.0,0.0,589376
2023-07-23 18:00:00,00000000270,20230723180000,0.131,0.0,0.015,0.0,0.0,0.0,1.0,0.0,11.45,4,0.0,0.0,589376
2023-07-23 19:00:00,00000000270,20230723190000,0.209,0.001,0.022,0.0,0.0,0.0,1.0,0.48,10.53,4,0.0,0.0,589376
2023-07-23 20:00:00,00000000270,20230723200000,0.154,0.002,0.014,0.0,0.0,0.0,1.0,1.3,9.09,4,0.0,0.0,589376
2023-07-23 21:00:00,00000000270,20230723210000,0.125,0.001,0.016,0.0,0.0,0.0,1.0,0.8,12.8,4,0.0,0.0,589376
2023-07-23 22:00:00,00000000270,20230723220000,0.114,0.001,0.018,0.0,0.0,0.0,1.0,0.88,15.79,4,0.0,0.0,589376
2023-07-23 23:00:00,00000000270,20230723230000,0.132,0.001,0.02,0.0,0.0,0.0,1.0,0.76,15.15,4,0.0,0.0,589376
2023-07-24 00:00:00,00000000270,20230724000000,0.153,0.004,0.023,0.0,0.0,0.0,1.0,2.61,15.03,4,0.0,0.0,589376
2023-07-24 01:00:00,00000000270,20230724010000,0.174,0.033,0.022,0.0,0.0,0.0,1.0,18.97,12.64,4,0.0,0.0,589376
2023-07-24 02:00:00,00000000270,20230724020000,0.159,0.0,0.029,0.0,0.0,0.0,1.0,0.0,18.24,4,0.0,0.0,589376
2023-07-24 03:00:00,00000000270,20230724030000,0.14,0.001,0.03,0.0,0.0,0.0,1.0,0.71,21.43,4,0.0,0.0,589376
2023-07-24 04:00:00,00000000270,20230724040000,0.125,0.001,0.023,0.0,0.0,0.0,1.0,0.8,18.4,4,0.0,0.0,589376
2023-07-24 05:00:00,00000000270,20230724050000,0.224,0.041,0.009,0.0,0.0,0.0,1.0,18.3,4.02,4,0.0,0.0,589376
2023-07-24 06:00:00,00000000270,20230724060000,0.195,0.002,0.021,0.0,0.0,0.0,1.0,1.03,10.77,4,0.0,0.0,589376
2023-07-24 07:00:00,00000000270,20230724070000,0.379,0.001,0.012,0.0,0.0,0.0,1.0,0.26,3.17,4,0.0,0.0,589376
2023-07-24 08:00:00,00000000270,20230724080000,0.177,0.002,0.015,0.0,0.0,0.0,1.0,1.13,8.47,4,0.0,0.0,589376
2023-07-24 09:00:00,00000000270,20230724090000,0.133,0.002,0.017,0.0,0.0,0.0,1.0,1.5,12.78,4,0.0,0.0,589376
2023-07-24 10:00:00,00000000270,20230724100000,0.21,0.002,0.012,0.0,0.0,0.0,1.0,0.95,5.71,4,0.0,0.0,589376
2023-07-24 11:00:00,00000000270,20230724110000,0.13,0.001,0.014,0.0,0.0,0.0,1.0,0.77,10.77,4,0.0,0.0,589376
2023-07-24 12:00:00,00000000270,20230724120000,0.133,0.002,0.014,0.0,0.0,0.0,1.0,1.5,10.53,4,0.0,0.0,589376
2023-07-24 13:00:00,00000000270,20230724130000,0.215,0.001,0.028,0.0,0.0,0.0,1.0,0.47,13.02,4,0.0,0.0,589376
2023-07-24 14:00:00,00000000270,20230724140000,0.178,0.0,0.022,0.0,0.0,0.0,1.0,0.0,12.36,4,0.0,0.0,589376
2023-07-24 15:00:00,00000000270,20230724150000,0.171,0.001,0.014,0.0,0.0,0.0,1.0,0.58,8.19,4,0.0,0.0,589376
2023-07-24 16:00:00,00000000270,20230724160000,0.128,0.0,0.017,0.0,0.0,0.0,1.0,0.0,13.28,4,0.0,0.0,589376
2023-07-24 17:00:00,00000000270,20230724170000,0.128,0.002,0.016,0.0,0.0,0.0,1.0,1.56,12.5,4,0.0,0.0,589376
2023-07-24 18:00:00,00000000270,20230724180000,0.124,0.001,0.016,0.0,0.0,0.0,1.0,0.81,12.9,4,0.0,0.0,589376
2023-07-24 19:00:00,00000000270,20230724190000,0.152,0.001,0.017,0.0,0.0,0.0,1.0,0.66,11.18,4,0.0,0.0,589376
2023-07-24 20:00:00,00000000270,20230724200000,0.119,0.001,0.018,0.0,0.0,0.0,1.0,0.84,15.13,4,0.0,0.0,589376
2023-07-24 21:00:00,00000000270,20230724210000,0.134,0.001,0.02,0.0,0.0,0.0,1.0,0.75,14.93,4,0.0,0.0,589376
2023-07-24 22:00:00,00000000270,20230724220000,0.176,0.001,0.018,0.0,0.0,0.0,1.0,0.57,10.23,4,0.0,0.0,589376
2023-07-24 23:00:00,00000000270,20230724230000,0.141,0.002,0.016,0.0,0.0,0.0,1.0,1.42,11.35,4,0.0,0.0,589376
2023-07-25 00:00:00,00000000270,20230725000000,0.156,0.001,0.023,0.0,0.0,0.0,1.0,0.64,14.74,4,0.0,0.0,589376
2023-07-25 01:00:00,00000000270,20230725010000,0.153,0.001,0.025,0.0,0.0,0.0,1.0,0.65,16.34,4,0.0,0.0,589376
2023-07-25 02:00:00,00000000270,20230725020000,0.15,0.0,0.028,0.0,0.0,0.0,1.0,0.0,18.67,4,0.0,0.0,589376
2023-07-25 03:00:00,00000000270,20230725030000,0.139,0.001,0.028,0.0,0.0,0.0,1.0,0.72,20.14,4,0.0,0.0,589376
2023-07-25 04:00:00,00000000270,20230725040000,0.148,0.0,0.03,0.0,0.0,0.0,1.0,0.0,20.27,4,0.0,0.0,589376
2023-07-25 05:00:00,00000000270,20230725050000,0.156,0.008,0.033,0.0,0.0,0.0,1.0,5.13,21.15,4,0.0,0.0,589376
2023-07-25 06:00:00,00000000270,20230725060000,0.133,0.001,0.034,0.0,0.0,0.0,1.0,0.75,25.56,4,0.0,0.0,589376
2023-07-25 07:00:00,00000000270,20230725070000,0.117,0.002,0.023,0.0,0.0,0.0,1.0,1.71,19.66,4,0.0,0.0,589376
2023-07-25 08:00:00,00000000270,20230725080000,0.172,0.001,0.02,0.0,0.0,0.0,1.0,0.58,11.63,4,0.0,0.0,589376
2023-07-25 09:00:00,00000000270,20230725090000,0.162,0.001,0.029,0.0,0.0,0.0,1.0,0.62,17.9,4,0.0,0.0,589376
2023-07-25 10:00:00,00000000270,20230725100000,0.138,0.002,0.019,0.0,0.0,0.0,1.0,1.45,13.77,4,0.0,0.0,589376
2023-07-25 11:00:00,00000000270,20230725110000,0.113,0.0,0.021,0.0,0.0,0.0,1.0,0.0,18.58,4,0.0,0.0,589376
2023-07-25 12:00:00,00000000270,20230725120000,0.123,0.002,0.017,0.0,0.0,0.0,1.0,1.63,13.82,4,0.0,0.0,589376
2023-07-25 13:00:00,00000000270,20230725130000,0.11,0.001,0.018,0.0,0.0,0.0,1.0,0.91,16.36,4,0.0,0.0,589376
2023-07-25 14:00:00,00000000270,20230725140000,0.122,0.001,0.016,0.0,0.0,0.0,1.0,0.82,13.11,4,0.0,0.0,589376
2023-07-25 15:00:00,00000000270,20230725150000,0.154,0.002,0.021,0.0,0.0,0.0,1.0,1.3,13.64,4,0.0,0.0,589376
2023-07-25 16:00:00,00000000270,20230725160000,0.118,0.002,0.018,0.0,0.0,0.0,1.0,1.69,15.25,4,0.0,0.0,589376
2023-07-25 17:00:00,00000000270,20230725170000,0.101,0.0,0.021,0.0,0.0,0.0,1.0,0.0,20.79,4,0.0,0.0,589376
2023-07-25 18:00:00,00000000270,20230725180000,0.185,0.001,0.022,0.0,0.0,0.0,1.0,0.54,11.89,4,0.0,0.0,589376
2023-07-25 19:00:00,00000000270,20230725190000,0.144,0.002,0.017,0.0,0.0,0.0,1.0,1.39,11.81,4,0.0,0.0,589376
2023-07-25 20:00:00,00000000270,20230725200000,0.128,0.002,0.018,0.0,0.0,0.0,1.0,1.56,14.06,4,0.0,0.0,589376
2023-07-25 21:00:00,00000000270,20230725210000,0.132,0.007,0.012,0.0,0.0,0.0,1.0,5.3,9.09,4,0.0,0.0,589376
2023-07-25 22:00:00,00000000270,20230725220000,0.103,0.001,0.018,0.0,0.0,0.0,1.0,0.97,17.48,4,0.0,0.0,589376
2023-07-25 23:00:00,00000000270,20230725230000,0.158,0.002,0.023,0.0,0.0,0.0,1.0,1.27,14.56,4,0.0,0.0,589376
2023-07-26 00:00:00,00000000270,20230726000000,0.161,0.0,0.033,0.0,0.0,0.0,1.0,0.0,20.5,4,0.0,0.0,589376
2023-07-26 01:00:00,00000000270,20230726010000,0.14,0.001,0.033,0.0,0.0,0.0,1.0,0.71,23.57,4,0.0,0.0,589376
2023-07-26 02:00:00,00000000270,20230726020000,0.14,0.0,0.033,0.0,0.0,0.0,1.0,0.0,23.57,4,0.0,0.0,589376
2023-07-26 03:00:00,00000000270,20230726030000,0.149,0.001,0.03,0.0,0.0,0.0,1.0,0.67,20.13,4,0.0,0.0,589376
2023-07-26 04:00:00,00000000270,20230726040000,0.236,0.0,0.034,0.0,0.0,0.0,1.0,0.0,14.41,4,0.0,0.0,589376
2023-07-26 05:00:00,00000000270,20230726050000,0.209,0.001,0.024,0.0,0.0,0.0,1.0,0.48,11.48,4,0.0,0.0,589376
2023-07-26 06:00:00,00000000270,20230726060000,0.124,0.001,0.019,0.0,0.0,0.0,1.0,0.81,15.32,4,0.0,0.0,589376
2023-07-26 07:00:00,00000000270,20230726070000,0.272,0.01,0.014,0.0,0.0,0.0,1.0,3.68,5.15,4,0.0,0.0,589376
2023-07-26 08:00:00,00000000270,20230726080000,0.109,0.001,0.021,0.0,0.0,0.0,1.0,0.92,19.27,4,0.0,0.0,589376
2023-07-26 09:00:00,00000000270,20230726090000,0.107,0.001,0.022,0.0,0.0,0.0,1.0,0.93,20.56,4,0.0,0.0,589376
2023-07-26 10:00:00,00000000270,20230726100000,0.249,0.006,0.014,0.0,0.0,0.0,1.0,2.41,5.62,4,0.0,0.0,589376
2023-07-26 11:00:00,00000000270,20230726110000,0.26,0.036,0.018,0.0,0.0,0.0,1.0,13.85,6.92,4,0.0,0.0,589376
2023-07-26 12:00:00,00000000270,20230726120000,0.375,0.443,0.006,0.0,0.0,0.0,1.0,118.13,1.6,4,0.0,0.0,589376
2023-07-26 13:00:00,00000000270,20230726130000,0.241,0.305,0.005,0.0,0.0,0.0,1.0,126.56,2.07,4,0.0,0.0,589376
2023-07-26 14:00:00,00000000270,20230726140000,0.169,0.002,0.018,0.0,0.0,0.0,1.0,1.18,10.65,4,0.0,0.0,589376
2023-07-26 15:00:00,00000000270,20230726150000,0.144,0.001,0.018,0.0,0.0,0.0,1.0,0.69,12.5,4,0.0,0.0,589376
2023-07-26 16:00:00,00000000270,20230726160000,0.132,0.002,0.018,0.0,0.0,0.0,1.0,1.52,13.64,4,0.0,0.0,589376
2023-07-26 17:00:00,00000000270,20230726170000,0.115,0.001,0.019,0.0,0.0,0.0,1.0,0.87,16.52,4,0.0,0.0,589376
2023-07-26 18:00:00,00000000270,20230726180000,0.121,0.001,0.019,0.0,0.0,0.0,1.0,0.83,15.7,4,0.0,0.0,589376
2023-07-26 19:00:00,00000000270,20230726190000,0.323,0.002,0.019,0.0,0.0,0.0,1.0,0.62,5.88,4,0.0,0.0,589376
2023-07-26 20:00:00,00000000270,20230726200000,0.154,0.028,0.009,0.0,0.0,0.0,1.0,18.18,5.84,4,0.0,0.0,589376
2023-07-26 21:00:00,00000000270,20230726210000,0.148,0.02,0.011,0.0,0.0,0.0,1.0,13.51,7.43,4,0.0,0.0,589376
2023-07-26 22:00:00,00000000270,20230726220000,0.358,0.051,0.011,0.0,0.0,0.0,1.0,14.25,3.07,4,0.0,0.0,589376
2023-07-26 23:00:00,00000000270,20230726230000,0.813,0.489,0.005,0.0,0.0,0.0,1.0,60.15,0.62,4,0.0,0.0,589376
2023-07-27 00:00:00,00000000270,20230727000000,0.267,0.356,0.009,0.0,0.0,0.0,1.0,133.33,3.37,4,0.0,0.0,589376
2023-07-27 01:00:00,00000000270,20230727010000,0.161,0.001,0.025,0.0,0.0,0.0,1.0,0.62,15.53,4,0.0,0.0,589376
2023-07-27 02:00:00,00000000270,20230727020000,0.154,0.0,0.026,0.0,0.0,0.0,1.0,0.0,16.88,4,0.0,0.0,589376
2023-07-27 03:00:00,00000000270,20230727030000,0.145,0.0,0.029,0.0,0.0,0.0,1.0,0.0,20.0,4,0.0,0.0,589376
2023-07-27 04:00:00,00000000270,20230727040000,0.15,0.001,0.027,0.0,0.0,0.0,1.0,0.67,18.0,4,0.0,0.0,589376
2023-07-27 05:00:00,00000000270,20230727050000,0.173,0.001,0.031,0.0,0.0,0.0,1.0,0.58,17.92,4,0.0,0.0,589376
2023-07-27 06:00:00,00000000270,20230727060000,0.15,0.0,0.031,0.0,0.0,0.0,1.0,0.0,20.67,4,0.0,0.0,589376
2023-07-27 07:00:00,00000000270,20230727070000,0.148,0.001,0.031,0.0,0.0,0.0,1.0,0.68,20.95,4,0.0,0.0,589376
2023-07-27 08:00:00,00000000270,20230727080000,0.198,0.001,0.017,0.0,0.0,0.0,1.0,0.51,8.59,4,0.0,0.0,589376
2023-07-27 09:00:00,00000000270,20230727090000,0.165,0.001,0.024,0.0,0.0,0.0,1.0,0.61,14.55,4,0.0,0.0,589376
2023-07-27 10:00:00,00000000270,20230727100000,0.119,0.001,0.016,0.0,0.0,0.0,1.0,0.84,13.45,4,0.0,0.0,589376
2023-07-27 11:00:00,00000000270,20230727110000,0.119,0.002,0.018,0.0,0.0,0.0,1.0,1.68,15.13,4,0.0,0.0,589376
2023-07-27 12:00:00,00000000270,20230727120000,0.129,0.002,0.016,0.0,0.0,0.0,1.0,1.55,12.4,4,0.0,0.0,589376
2023-07-27 13:00:00,00000000270,20230727130000,0.152,0.0,0.024,0.0,0.0,0.0,1.0,0.0,15.79,4,0.0,0.0,589376
2023-07-27 14:00:00,00000000270,20230727140000,0.32,0.001,0.025,0.0,0.0,0.0,1.0,0.31,7.81,4,0.0,0.0,589376
2023-07-27 15:00:00,00000000270,20230727150000,0.159,0.0,0.019,0.0,0.0,0.0,1.0,0.0,11.95,4,0.0,0.0,589376
2023-07-27 16:00:00,00000000270,20230727160000,0.544,0.34,0.003,0.0,0.0,0.0,1.0,62.5,0.55,4,0.0,0.0,589376
2023-07-27 17:00:00,00000000270,20230727170000,0.211,0.051,0.009,0.0,0.0,0.0,1.0,24.17,4.27,4,0.0,0.0,589376
2023-07-27 18:00:00,00000000270,20230727180000,0.156,0.004,0.009,0.0,0.0,0.0,1.0,2.56,5.77,4,0.0,0.0,589376
2023-07-27 19:00:00,00000000270,20230727190000,0.12,0.003,0.011,0.0,0.0,0.0,1.0,2.5,9.17,4,0.0,0.0,589376
2023-07-27 20:00:00,00000000270,20230727200000,0.126,0.002,0.011,0.0,0.0,0.0,1.0,1.59,8.73,4,0.0,0.0,589376
2023-07-27 21:00:00,00000000270,20230727210000,0.112,0.003,0.014,0.0,0.0,0.0,1.0,2.68,12.5,4,0.0,0.0,589376
2023-07-27 22:00:00,00000000270,20230727220000,0.111,0.002,0.018,0.0,0.0,0.0,1.0,1.8,16.22,4,0.0,0.0,589376
2023-07-27 23:00:00,00000000270,20230727230000,0.131,0.004,0.013,0.0,0.0,0.0,1.0,3.05,9.92,4,0.0,0.0,589376
2023-07-28 00:00:00,00000000270,20230728000000,0.154,0.001,0.019,0.0,0.0,0.0,1.0,0.65,12.34,4,0.0,0.0,589376
2023-07-28 01:00:00,00000000270,20230728010000,0.189,0.001,0.019,0.0,0.0,0.0,1.0,0.53,10.05,4,0.0,0.0,589376
2023-07-28 02:00:00,00000000270,20230728020000,0.141,0.005,0.014,0.0,0.0,0.0,1.0,3.55,9.93,4,0.0,0.0,589376
2023-07-28 03:00:00,00000000270,20230728030000,0.116,0.003,0.016,0.0,0.0,0.0,1.0,2.59,13.79,4,0.0,0.0,589376
2023-07-28 04:00:00,00000000270,20230728040000,0.111,0.004,0.013,0.0,0.0,0.0,1.0,3.6,11.71,4,0.0,0.0,589376
2023-07-28 05:00:00,00000000270,20230728050000,0.143,0.037,0.004,0.0,0.0,0.0,1.0,25.87,2.8,4,0.0,0.0,589376
2023-07-28 06:00:00,00000000270,20230728060000,0.12,0.001,0.024,0.0,0.0,0.0,1.0,0.83,20.0,4,0.0,0.0,589376
2023-07-28 07:00:00,00000000270,20230728070000,0.111,0.001,0.024,0.0,0.0,0.0,1.0,0.9,21.62,4,0.0,0.0,589376
2023-07-28 08:00:00,00000000270,20230728080000,0.131,0.003,0.017,0.0,0.0,0.0,1.0,2.29,12.98,4,0.0,0.0,589376
2023-07-28 09:00:00,00000000270,20230728090000,0.134,0.001,0.017,0.0,0.0,0.0,1.0,0.75,12.69,4,0.0,0.0,589376
2023-07-28 10:00:00,00000000270,20230728100000,0.291,0.002,0.017,0.0,0.0,0.0,1.0,0.69,5.84,4,0.0,0.0,589376
2023-07-28 11:00:00,00000000270,20230728110000,0.169,0.0,0.025,0.0,0.0,0.0,1.0,0.0,14.79,4,0.0,0.0,589376
2023-07-28 12:00:00,00000000270,20230728120000,0.137,0.003,0.019,0.0,0.0,0.0,1.0,2.19,13.87,4,0.0,0.0,589376
2023-07-28 13:00:00,00000000270,20230728130000,0.144,0.001,0.016,0.0,0.0,0.0,1.0,0.69,11.11,4,0.0,0.0,589376
2023-07-28 14:00:00,00000000270,20230728140000,0.136,0.002,0.018,0.0,0.0,0.0,1.0,1.47,13.24,4,0.0,0.0,589376
2023-07-28 15:00:00,00000000270,20230728150000,0.109,0.002,0.025,0.0,0.0,0.0,1.0,1.83,22.94,4,0.0,0.0,589376
2023-07-28 16:00:00,00000000270,20230728160000,0.116,0.001,0.022,0.0,0.0,0.0,1.0,0.86,18.97,4,0.0,0.0,589376
2023-07-28 17:00:00,00000000270,20230728170000,0.131,0.002,0.016,0.0,0.0,0.0,1.0,1.53,12.21,4,0.0,0.0,589376
2023-07-28 18:00:00,00000000270,20230728180000,0.114,0.003,0.019,0.0,0.0,0.0,1.0,2.63,16.67,4,0.0,0.0,589376
2023-07-28 19:00:00,00000000270,20230728190000,0.111,0.001,0.021,0.0,0.0,0.0,1.0,0.9,18.92,4,0.0,0.0,589376
2023-07-28 20:00:00,00000000270,20230728200000,0.19,0.002,0.021,0.0,0.0,0.0,1.0,1.05,11.05,4,0.0,0.0,589376
2023-07-28 21:00:00,00000000270,20230728210000,0.132,0.001,0.019,0.0,0.0,0.0,1.0,0.76,14.39,4,0.0,0.0,589376
2023-07-28 22:00:00,00000000270,20230728220000,0.098,0.002,0.024,0.0,0.0,0.0,1.0,2.04,24.49,4,0.0,0.0,589376
2023-07-28 23:00:00,00000000270,20230728230000,0.111,0.002,0.024,0.0,0.0,0.0,1.0,1.8,21.62,4,0.0,0.0,589376
2023-07-29 00:00:00,00000000270,20230729000000,0.123,0.002,0.02,0.0,0.0,0.0,1.0,1.63,16.26,4,0.0,0.0,589376
2023-07-29 01:00:00,00000000270,20230729010000,0.11,0.002,0.02,0.0,0.0,0.0,1.0,1.82,18.18,4,0.0,0.0,589376
2023-07-29 02:00:00,00000000270,20230729020000,0.089,0.002,0.026,0.0,0.0,0.0,1.0,2.25,29.21,4,0.0,0.0,589376
2023-07-29 03:00:00,00000000270,20230729030000,0.088,0.002,0.028,0.0,0.0,0.0,1.0,2.27,31.82,4,0.0,0.0,589376
2023-07-29 04:00:00,00000000270,20230729040000,0.1,0.003,0.026,0.0,0.0,0.0,1.0,3.0,26.0,4,0.0,0.0,589376
2023-07-29 05:00:00,00000000270,20230729050000,0.107,0.002,0.024,0.0,0.0,0.0,1.0,1.87,22.43,4,0.0,0.0,589376
2023-07-29 06:00:00,00000000270,20230729060000,0.109,0.002,0.021,0.0,0.0,0.0,1.0,1.83,19.27,4,0.0,0.0,589376
2023-07-29 07:00:00,00000000270,20230729070000,0.095,0.002,0.023,0.0,0.0,0.0,1.0,2.11,24.21,4,0.0,0.0,589376
2023-07-29 08:00:00,00000000270,20230729080000,0.104,0.002,0.022,0.0,0.0,0.0,1.0,1.92,21.15,4,0.0,0.0,589376
2023-07-29 09:00:00,00000000270,20230729090000,0.118,0.001,0.022,0.0,0.0,0.0,1.0,0.85,18.64,4,0.0,0.0,589376
2023-07-29 10:00:00,00000000270,20230729100000,0.115,0.002,0.017,0.0,0.0,0.0,1.0,1.74,14.78,4,0.0,0.0,589376
2023-07-29 11:00:00,00000000270,20230729110000,0.097,0.001,0.021,0.0,0.0,0.0,1.0,1.03,21.65,4,0.0,0.0,589376
2023-07-29 12:00:00,00000000270,20230729120000,0.085,0.002,0.026,0.0,0.0,0.0,1.0,2.35,30.59,4,0.0,0.0,589376
2023-07-29 13:00:00,00000000270,20230729130000,0.117,0.002,0.022,0.0,0.0,0.0,1.0,1.71,18.8,4,0.0,0.0,589376
2023-07-29 14:00:00,00000000270,20230729140000,0.132,0.002,0.015,0.0,0.0,0.0,1.0,1.52,11.36,4,0.0,0.0,589376
2023-07-29 15:00:00,00000000270,20230729150000,0.133,0.0,0.021,0.0,0.0,0.0,1.0,0.0,15.79,4,0.0,0.0,589376
2023-07-29 16:00:00,00000000270,20230729160000,0.1,0.001,0.017,0.0,0.0,0.0,1.0,1.0,17.0,4,0.0,0.0,589376
2023-07-29 17:00:00,00000000270,20230729170000,0.111,0.002,0.016,0.0,0.0,0.0,1.0,1.8,14.41,4,0.0,0.0,589376
2023-07-29 18:00:00,00000000270,20230729180000,0.118,0.003,0.017,0.0,0.0,0.0,1.0,2.54,14.41,4,0.0,0.0,589376
2023-07-29 19:00:00,00000000270,20230729190000,0.103,0.001,0.02,0.0,0.0,0.0,1.0,0.97,19.42,4,0.0,0.0,589376
2023-07-29 20:00:00,00000000270,20230729200000,0.089,0.002,0.022,0.0,0.0,0.0,1.0,2.25,24.72,4,0.0,0.0,589376
2023-07-29 21:00:00,00000000270,20230729210000,0.098,0.002,0.021,0.0,0.0,0.0,1.0,2.04,21.43,4,0.0,0.0,589376
2023-07-29 22:00:00,00000000270,20230729220000,0.121,0.002,0.018,0.0,0.0,0.0,1.0,1.65,14.88,4,0.0,0.0,589376
2023-07-29 23:00:00,00000000270,20230729230000,0.136,0.0,0.019,0.0,0.0,0.0,1.0,0.0,13.97,4,0.0,0.0,589376
2023-07-30 00:00:00,00000000270,20230730000000,0.104,0.001,0.017,0.0,0.0,0.0,1.0,0.96,16.35,4,0.0,0.0,589376
2023-07-30 01:00:00,00000000270,20230730010000,0.099,0.0,0.016,0.0,0.0,0.0,1.0,0.0,16.16,4,0.0,0.0,589376
2023-07-30 02:00:00,00000000270,20230730020000,0.105,0.001,0.021,0.0,0.0,0.0,1.0,0.95,20.0,4,0.0,0.0,589376
2023-07-30 03:00:00,00000000270,20230730030000,0.1,0.001,0.023,0.0,0.0,0.0,1.0,1.0,23.0,4,0.0,0.0,589376
2023-07-30 04:00:00,00000000270,20230730040000,0.101,0.001,0.019,0.0,0.0,0.0,1.0,0.99,18.81,4,0.0,0.0,589376
2023-07-30 05:00:00,00000000270,20230730050000,0.098,0.0,0.018,0.0,0.0,0.0,1.0,0.0,18.37,4,0.0,0.0,589376
2023-07-30 06:00:00,00000000270,20230730060000,0.095,0.001,0.026,0.0,0.0,0.0,1.0,1.05,27.37,4,0.0,0.0,589376
2023-07-30 07:00:00,00000000270,20230730070000,0.101,0.001,0.025,0.0,0.0,0.0,1.0,0.99,24.75,4,0.0,0.0,589376
2023-07-30 08:00:00,00000000270,20230730080000,0.113,0.002,0.019,0.0,0.0,0.0,1.0,1.77,16.81,4,0.0,0.0,589376
2023-07-30 09:00:00,00000000270,20230730090000,0.102,0.001,0.019,0.0,0.0,0.0,1.0,0.98,18.63,4,0.0,0.0,589376
2023-07-30 10:00:00,00000000270,20230730100000,0.102,0.001,0.015,0.0,0.0,0.0,1.0,0.98,14.71,4,0.0,0.0,589376
2023-07-30 11:00:00,00000000270,20230730110000,0.109,0.001,0.017,0.0,0.0,0.0,1.0,0.92,15.6,4,0.0,0.0,589376
2023-07-30 12:00:00,00000000270,20230730120000,0.102,0.001,0.021,0.0,0.0,0.0,1.0,0.98,20.59,4,0.0,0.0,589376
2023-07-30 13:00:00,00000000270,20230730130000,0.097,0.001,0.019,0.0,0.0,0.0,1.0,1.03,19.59,4,0.0,0.0,589376
2023-07-30 14:00:00,00000000270,20230730140000,0.098,0.001,0.018,0.0,0.0,0.0,1.0,1.02,18.37,4,0.0,0.0,589376
2023-07-30 15:00:00,00000000270,20230730150000,0.138,0.0,0.024,0.0,0.0,0.0,1.0,0.0,17.39,4,0.0,0.0,589376
2023-07-30 16:00:00,00000000270,20230730160000,0.14,0.001,0.024,0.0,0.0,0.0,1.0,0.71,17.14,4,0.0,0.0,589376
2023-07-30 17:00:00,00000000270,20230730170000,0.116,0.002,0.021,0.0,0.0,0.0,1.0,1.72,18.1,4,0.0,0.0,589376
2023-07-30 18:00:00,00000000270,20230730180000,0.09,0.001,0.023,0.0,0.0,0.0,1.0,1.11,25.56,4,0.0,0.0,589376
2023-07-30 19:00:00,00000000270,20230730190000,0.116,0.001,0.021,0.0,0.0,0.0,1.0,0.86,18.1,4,0.0,0.0,589376
2023-07-30 20:00:00,00000000270,20230730200000,0.101,0.001,0.02,0.0,0.0,0.0,1.0,0.99,19.8,4,0.0,0.0,589376
2023-07-30 21:00:00,00000000270,20230730210000,0.189,0.001,0.02,0.0,0.0,0.0,1.0,0.53,10.58,4,0.0,0.0,589376
2023-07-30 22:00:00,00000000270,20230730220000,0.158,0.001,0.016,0.0,0.0,0.0,1.0,0.63,10.13,4,0.0,0.0,589376
2023-07-30 23:00:00,00000000270,20230730230000,0.138,0.001,0.028,0.0,0.0,0.0,1.0,0.72,20.29,4,0.0,0.0,589376
2023-07-31 00:00:00,00000000270,20230731000000,0.142,0.0,0.03,0.0,0.0,0.0,1.0,0.0,21.13,4,0.0,0.0,589376
2023-07-31 01:00:00,00000000270,20230731010000,0.108,0.001,0.027,0.0,0.0,0.0,1.0,0.93,25.0,4,0.0,0.0,589376
2023-07-31 02:00:00,00000000270,20230731020000,0.088,0.002,0.026,0.0,0.0,0.0,1.0,2.27,29.55,4,0.0,0.0,589376
2023-07-31 03:00:00,00000000270,20230731030000,0.108,0.003,0.024,0.0,0.0,0.0,1.0,2.78,22.22,4,0.0,0.0,589376
2023-07-31 04:00:00,00000000270,20230731040000,0.113,0.002,0.02,0.0,0.0,0.0,1.0,1.77,17.7,4,0.0,0.0,589376
2023-07-31 05:00:00,00000000270,20230731050000,0.097,0.002,0.02,0.0,0.0,0.0,1.0,2.06,20.62,4,0.0,0.0,589376
2023-07-31 06:00:00,00000000270,20230731060000,0.086,0.002,0.027,0.0,0.0,0.0,1.0,2.33,31.4,4,0.0,0.0,589376
2023-07-31 07:00:00,00000000270,20230731070000,0.179,0.001,0.024,0.0,0.0,0.0,1.0,0.56,13.41,4,0.0,0.0,589376
2023-07-31 08:00:00,00000000270,20230731080000,0.172,0.002,0.019,0.0,0.0,0.0,1.0,1.16,11.05,4,0.0,0.0,589376
2023-07-31 09:00:00,00000000270,20230731090000,0.106,0.0,0.019,0.0,0.0,0.0,1.0,0.0,17.92,4,0.0,0.0,589376
2023-07-31 10:00:00,00000000270,20230731100000,0.116,0.002,0.017,0.0,0.0,0.0,1.0,1.72,14.66,4,0.0,0.0,589376
2023-07-31 11:00:00,00000000270,20230731110000,0.101,0.002,0.024,0.0,0.0,0.0,1.0,1.98,23.76,4,0.0,0.0,589376
2023-07-31 12:00:00,00000000270,20230731120000,0.107,0.0,0.025,0.0,0.0,0.0,1.0,0.0,23.36,4,0.0,0.0,589376
2023-07-31 13:00:00,00000000270,20230731130000,0.09,0.002,0.024,0.0,0.0,0.0,1.0,2.22,26.67,4,0.0,0.0,589376
2023-07-31 14:00:00,00000000270,20230731140000,0.119,0.002,0.017,0.0,0.0,0.0,1.0,1.68,14.29,4,0.0,0.0,589376
2023-07-31 15:00:00,00000000270,20230731150000,0.123,0.001,0.024,0.0,0.0,0.0,1.0,0.81,19.51,4,0.0,0.0,589376
2023-07-31 16:00:00,00000000270,20230731160000,0.129,0.001,0.027,0.0,0.0,0.0,1.0,0.78,20.93,4,0.0,0.0,589376
2023-07-31 17:00:00,00000000270,20230731170000,0.087,0.002,0.024,0.0,0.0,0.0,1.0,2.3,27.59,4,0.0,0.0,589376
2023-07-31 18:00:00,00000000270,20230731180000,0.107,0.001,0.021,0.0,0.0,0.0,1.0,0.93,19.63,4,0.0,0.0,589376
2023-07-31 19:00:00,00000000270,20230731190000,0.112,0.002,0.017,0.0,0.0,0.0,1.0,1.79,15.18,4,0.0,0.0,589376
2023-07-31 20:00:00,00000000270,20230731200000,0.104,0.0,0.021,0.0,0.0,0.0,1.0,0.0,20.19,4,0.0,0.0,589376
2023-07-31 21:00:00,00000000270,20230731210000,0.105,0.001,0.022,0.0,0.0,0.0,1.0,0.95,20.95,4,0.0,0.0,589376
2023-07-31 22:00:00,00000000270,20230731220000,0.109,0.0,0.026,0.0,0.0,0.0,1.0,0.0,23.85,4,0.0,0.0,589376
2023-07-31 23:00:00,00000000270,20230731230000,0.134,0.001,0.033,0.0,0.0,0.0,1.0,0.75,24.63,4,0.0,0.0,589376
2023-08-01 00:00:00,00000000270,20230801000000,0.095,0.001,0.023,0.0,0.0,0.0,1.0,1.05,24.21,4,0.0,0.0,589376
2023-08-01 01:00:00,00000000270,20230801010000,0.088,0.001,0.022,0.0,0.0,0.0,1.0,1.14,25.0,4,0.0,0.0,589376
2023-08-01 02:00:00,00000000270,20230801020000,0.104,0.001,0.019,0.0,0.0,0.0,1.0,0.96,18.27,4,0.0,0.0,589376
2023-08-01 03:00:00,00000000270,20230801030000,0.11,0.003,0.021,0.0,0.0,0.0,1.0,2.73,19.09,4,0.0,0.0,589376
2023-08-01 04:00:00,00000000270,20230801040000,0.101,0.002,0.024,0.0,0.0,0.0,1.0,1.98,23.76,4,0.0,0.0,589376
2023-08-01 05:00:00,00000000270,20230801050000,0.092,0.002,0.027,0.0,0.0,0.0,1.0,2.17,29.35,4,0.0,0.0,589376
2023-08-01 06:00:00,00000000270,20230801060000,0.087,0.003,0.028,0.0,0.0,0.0,1.0,3.45,32.18,4,0.0,0.0,589376
2023-08-01 07:00:00,00000000270,20230801070000,0.102,0.003,0.027,0.0,0.0,0.0,1.0,2.94,26.47,4,0.0,0.0,589376
2023-08-01 08:00:00,00000000270,20230801080000,0.121,0.002,0.017,0.0,0.0,0.0,1.0,1.65,14.05,4,0.0,0.0,589376
2023-08-01 09:00:00,00000000270,20230801090000,0.107,0.002,0.022,0.0,0.0,0.0,1.0,1.87,20.56,4,0.0,0.0,589376
2023-08-01 10:00:00,00000000270,20230801100000,0.094,0.0,0.029,0.0,0.0,0.0,1.0,0.0,30.85,4,0.0,0.0,589376
2023-08-01 11:00:00,00000000270,20230801110000,0.111,0.001,0.032,0.0,0.0,0.0,1.0,0.9,28.83,4,0.0,0.0,589376
2023-08-01 12:00:00,00000000270,20230801120000,0.118,0.0,0.031,0.0,0.0,0.0,1.0,0.0,26.27,4,0.0,0.0,589376
2023-08-01 13:00:00,00000000270,20230801130000,0.13,0.001,0.027,0.0,0.0,0.0,1.0,0.77,20.77,4,0.0,0.0,589376
2023-08-01 14:00:00,00000000270,20230801140000,0.122,0.0,0.024,0.0,0.0,0.0,1.0,0.0,19.67,4,0.0,0.0,589376
2023-08-01 15:00:00,00000000270,20230801150000,0.133,0.001,0.025,0.0,0.0,0.0,1.0,0.75,18.8,4,0.0,0.0,589376
2023-08-01 16:00:00,00000000270,20230801160000,0.197,0.001,0.025,0.0,0.0,0.0,1.0,0.51,12.69,4,0.0,0.0,589376
2023-08-01 17:00:00,00000000270,20230801170000,0.125,0.002,0.019,0.0,0.0,0.0,1.0,1.6,15.2,4,0.0,0.0,589376
2023-08-01 18:00:00,00000000270,20230801180000,0.111,0.002,0.016,0.0,0.0,0.0,1.0,1.8,14.41,4,0.0,0.0,589376
2023-08-01 19:00:00,00000000270,20230801190000,0.1,0.001,0.018,0.0,0.0,0.0,1.0,1.0,18.0,4,0.0,0.0,589376
2023-08-01 20:00:00,00000000270,20230801200000,0.12,0.001,0.022,0.0,0.0,0.0,1.0,0.83,18.33,4,0.0,0.0,589376
2023-08-01 21:00:00,00000000270,20230801210000,0.104,0.001,0.019,0.0,0.0,0.0,1.0,0.96,18.27,4,0.0,0.0,589376
2023-08-01 22:00:00,00000000270,20230801220000,0.128,0.032,0.007,0.0,0.0,0.0,1.0,25.0,5.47,4,0.0,0.0,589376
2023-08-01 23:00:00,00000000270,20230801230000,0.207,0.014,0.016,0.0,0.0,0.0,1.0,6.76,7.73,4,0.0,0.0,589376
2023-08-02 00:00:00,00000000270,20230802000000,0.131,0.003,0.018,0.0,0.0,0.0,1.0,2.29,13.74,4,0.0,0.0,589376
2023-08-02 01:00:00,00000000270,20230802010000,0.121,0.002,0.018,0.0,0.0,0.0,1.0,1.65,14.88,4,0.0,0.0,589376
2023-08-02 02:00:00,00000000270,20230802020000,0.099,0.001,0.018,0.0,0.0,0.0,1.0,1.01,18.18,4,0.0,0.0,589376
2023-08-02 03:00:00,00000000270,20230802030000,0.096,0.001,0.02,0.0,0.0,0.0,1.0,1.04,20.83,4,0.0,0.0,589376
2023-08-02 04:00:00,00000000270,20230802040000,0.104,0.001,0.023,0.0,0.0,0.0,1.0,0.96,22.12,4,0.0,0.0,589376
2023-08-02 05:00:00,00000000270,20230802050000,0.12,0.02,0.02,0.0,0.0,0.0,1.0,16.67,16.67,4,0.0,0.0,589376
2023-08-02 06:00:00,00000000270,20230802060000,0.087,0.001,0.026,0.0,0.0,0.0,1.0,1.15,29.89,4,0.0,0.0,589376
2023-08-02 07:00:00,00000000270,20230802070000,0.096,0.001,0.021,0.0,0.0,0.0,1.0,1.04,21.88,4,0.0,0.0,589376
2023-08-02 08:00:00,00000000270,20230802080000,0.111,0.004,0.018,0.0,0.0,0.0,1.0,3.6,16.22,4,0.0,0.0,589376
2023-08-02 09:00:00,00000000270,20230802090000,0.112,0.002,0.024,0.0,0.0,0.0,1.0,1.79,21.43,4,0.0,0.0,589376
2023-08-02 10:00:00,00000000270,20230802100000,0.169,0.001,0.021,0.0,0.0,0.0,1.0,0.59,12.43,4,0.0,0.0,589376
2023-08-02 11:00:00,00000000270,20230802110000,0.161,0.024,0.013,0.0,0.0,0.0,1.0,14.91,8.07,4,0.0,0.0,589376
2023-08-02 12:00:00,00000000270,20230802120000,0.119,0.003,0.017,0.0,0.0,0.0,1.0,2.52,14.29,4,0.0,0.0,589376
2023-08-02 13:00:00,00000000270,20230802130000,0.138,0.003,0.01,0.0,0.0,0.0,1.0,2.17,7.25,4,0.0,0.0,589376
2023-08-02 14:00:00,00000000270,20230802140000,0.123,0.0,0.02,0.0,0.0,0.0,1.0,0.0,16.26,4,0.0,0.0,589376
2023-08-02 15:00:00,00000000270,20230802150000,0.135,0.001,0.025,0.0,0.0,0.0,1.0,0.74,18.52,4,0.0,0.0,589376
2023-08-02 16:00:00,00000000270,20230802160000,0.113,0.002,0.019,0.0,0.0,0.0,1.0,1.77,16.81,4,0.0,0.0,589376
2023-08-02 17:00:00,00000000270,20230802170000,0.095,0.001,0.023,0.0,0.0,0.0,1.0,1.05,24.21,4,0.0,0.0,589376
2023-08-02 18:00:00,00000000270,20230802180000,0.282,0.001,0.02,0.0,0.0,0.0,1.0,0.35,7.09,4,0.0,0.0,589376
2023-08-02 19:00:00,00000000270,20230802190000,0.4,0.001,0.034,0.0,0.0,0.0,1.0,0.25,8.5,4,0.0,0.0,589376
2023-08-02 20:00:00,00000000270,20230802200000,0.209,0.0,0.023,0.0,0.0,0.0,1.0,0.0,11.0,4,0.0,0.0,589376
2023-08-02 21:00:00,00000000270,20230802210000,0.153,0.015,0.017,0.0,0.0,0.0,1.0,9.8,11.11,4,0.0,0.0,589376
2023-08-02 22:00:00,00000000270,20230802220000,0.117,0.001,0.02,0.0,0.0,0.0,1.0,0.85,17.09,4,0.0,0.0,589376
2023-08-02 23:00:00,00000000270,20230802230000,0.146,0.004,0.02,0.0,0.0,0.0,1.0,2.74,13.7,4,0.0,0.0,589376
2023-08-03 00:00:00,00000000270,20230803000000,0.145,0.0,0.032,0.0,0.0,0.0,1.0,0.0,22.07,4,0.0,0.0,589376
2023-08-03 01:00:00,00000000270,20230803010000,0.134,0.002,0.027,0.0,0.0,0.0,1.0,1.49,20.15,4,0.0,0.0,589376
2023-08-03 02:00:00,00000000270,20230803020000,0.099,0.0,0.021,0.0,0.0,0.0,1.0,0.0,21.21,4,0.0,0.0,589376
2023-08-03 03:00:00,00000000270,20230803030000,0.117,0.002,0.034,0.0,0.0,0.0,1.0,1.71,29.06,4,0.0,0.0,589376
2023-08-03 04:00:00,00000000270,20230803040000,0.222,0.001,0.028,0.0,0.0,0.0,1.0,0.45,12.61,4,0.0,0.0,589376
2023-08-03 05:00:00,00000000270,20230803050000,0.173,0.0,0.034,0.0,0.0,0.0,1.0,0.0,19.65,4,0.0,0.0,589376
2023-08-03 06:00:00,00000000270,20230803060000,0.129,0.001,0.035,0.0,0.0,0.0,1.0,0.78,27.13,4,0.0,0.0,589376
2023-08-03 07:00:00,00000000270,20230803070000,0.138,0.002,0.018,0.0,0.0,0.0,1.0,1.45,13.04,4,0.0,0.0,589376
2023-08-03 08:00:00,00000000270,20230803080000,0.197,0.079,0.007,0.0,0.0,0.0,1.0,40.1,3.55,4,0.0,0.0,589376
2023-08-03 09:00:00,00000000270,20230803090000,0.172,0.048,0.009,0.0,0.0,0.0,1.0,27.91,5.23,4,0.0,0.0,589376
2023-08-03 10:00:00,00000000270,20230803100000,0.201,0.003,0.023,0.0,0.0,0.0,1.0,1.49,11.44,4,0.0,0.0,589376
2023-08-03 11:00:00,00000000270,20230803110000,0.139,0.001,0.015,0.0,0.0,0.0,1.0,0.72,10.79,4,0.0,0.0,589376
2023-08-03 12:00:00,00000000270,20230803120000,0.168,0.001,0.025,0.0,0.0,0.0,1.0,0.6,14.88,4,0.0,0.0,589376
2023-08-03 13:00:00,00000000270,20230803130000,0.166,0.006,0.015,0.0,0.0,0.0,1.0,3.61,9.04,4,0.0,0.0,589376
2023-08-03 14:00:00,00000000270,20230803140000,0.167,0.003,0.013,0.0,0.0,0.0,1.0,1.8,7.78,4,0.0,0.0,589376
2023-08-03 15:00:00,00000000270,20230803150000,0.17,0.002,0.021,0.0,0.0,0.0,1.0,1.18,12.35,4,0.0,0.0,589376
2023-08-03 16:00:00,00000000270,20230803160000,0.182,0.001,0.021,0.0,0.0,0.0,1.0,0.55,11.54,4,0.0,0.0,589376
2023-08-03 17:00:00,00000000270,20230803170000,0.122,0.002,0.02,0.0,0.0,0.0,1.0,1.64,16.39,4,0.0,0.0,589376
2023-08-03 18:00:00,00000000270,20230803180000,0.101,0.002,0.022,0.0,0.0,0.0,1.0,1.98,21.78,4,0.0,0.0,589376
2023-08-03 19:00:00,00000000270,20230803190000,0.341,0.002,0.012,0.0,0.0,0.0,1.0,0.59,3.52,4,0.0,0.0,589376
2023-08-03 20:00:00,00000000270,20230803200000,1.261,0.001,0.025,0.0,0.0,0.0,1.0,0.08,1.98,4,0.0,0.0,589376
2023-08-03 21:00:00,00000000270,20230803210000,0.352,0.001,0.02,0.0,0.0,0.0,1.0,0.28,5.68,4,0.0,0.0,589376
2023-08-03 22:00:00,00000000270,20230803220000,0.148,0.003,0.013,0.0,0.0,0.0,1.0,2.03,8.78,4,0.0,0.0,589376
2023-08-03 23:00:00,00000000270,20230803230000,0.14,0.014,0.018,0.0,0.0,0.0,1.0,10.0,12.86,4,0.0,0.0,589376
2023-08-04 00:00:00,00000000270,20230804000000,0.144,0.001,0.029,0.0,0.0,0.0,1.0,0.69,20.14,4,0.0,0.0,589376
2023-08-04 01:00:00,00000000270,20230804010000,0.157,0.001,0.029,0.0,0.0,0.0,1.0,0.64,18.47,4,0.0,0.0,589376
2023-08-04 02:00:00,00000000270,20230804020000,0.138,0.0,0.032,0.0,0.0,0.0,1.0,0.0,23.19,4,0.0,0.0,589376
2023-08-04 03:00:00,00000000270,20230804030000,0.143,0.001,0.035,0.0,0.0,0.0,1.0,0.7,24.48,4,0.0,0.0,589376
2023-08-04 04:00:00,00000000270,20230804040000,0.148,0.0,0.032,0.0,0.0,0.0,1.0,0.0,21.62,4,0.0,0.0,589376
2023-08-04 05:00:00,00000000270,20230804050000,0.205,0.008,0.019,0.0,0.0,0.0,1.0,3.9,9.27,4,0.0,0.0,589376
2023-08-04 06:00:00,00000000270,20230804060000,0.131,0.004,0.025,0.0,0.0,0.0,1.0,3.05,19.08,4,0.0,0.0,589376
2023-08-04 07:00:00,00000000270,20230804070000,0.091,0.001,0.027,0.0,0.0,0.0,1.0,1.1,29.67,4,0.0,0.0,589376
2023-08-04 08:00:00,00000000270,20230804080000,0.119,0.002,0.015,0.0,0.0,0.0,1.0,1.68,12.61,4,0.0,0.0,589376
2023-08-04 09:00:00,00000000270,20230804090000,0.124,0.002,0.02,0.0,0.0,0.0,1.0,1.61,16.13,4,0.0,0.0,589376
2023-08-04 10:00:00,00000000270,20230804100000,0.125,0.003,0.015,0.0,0.0,0.0,1.0,2.4,12.0,4,0.0,0.0,589376
2023-08-04 11:00:00,00000000270,20230804110000,0.11,0.001,0.021,0.0,0.0,0.0,1.0,0.91,19.09,4,0.0,0.0,589376
2023-08-04 12:00:00,00000000270,20230804120000,0.115,0.003,0.022,0.0,0.0,0.0,1.0,2.61,19.13,4,0.0,0.0,589376
2023-08-04 13:00:00,00000000270,20230804130000,0.144,0.001,0.014,0.0,0.0,0.0,1.0,0.69,9.72,4,0.0,0.0,589376
2023-08-04 14:00:00,00000000270,20230804140000,0.253,0.0,0.027,0.0,0.0,0.0,1.0,0.0,10.67,4,0.0,0.0,589376
2023-08-04 15:00:00,00000000270,20230804150000,0.2,0.001,0.017,0.0,0.0,0.0,1.0,0.5,8.5,4,0.0,0.0,589376
2023-08-04 16:00:00,00000000270,20230804160000,0.164,0.0,0.015,0.0,0.0,0.0,1.0,0.0,9.15,4,0.0,0.0,589376
2023-08-04 17:00:00,00000000270,20230804170000,0.139,0.002,0.014,0.0,0.0,0.0,1.0,1.44,10.07,4,0.0,0.0,589376
2023-08-04 18:00:00,00000000270,20230804180000,0.127,0.0,0.018,0.0,0.0,0.0,1.0,0.0,14.17,4,0.0,0.0,589376
2023-08-04 19:00:00,00000000270,20230804190000,0.122,0.002,0.017,0.0,0.0,0.0,1.0,1.64,13.93,4,0.0,0.0,589376
2023-08-04 20:00:00,00000000270,20230804200000,0.126,0.001,0.014,0.0,0.0,0.0,1.0,0.79,11.11,4,0.0,0.0,589376
2023-08-04 21:00:00,00000000270,20230804210000,0.159,0.044,0.004,0.0,0.0,0.0,1.0,27.67,2.52,4,0.0,0.0,589376
2023-08-04 22:00:00,00000000270,20230804220000,0.225,0.039,0.006,0.0,0.0,0.0,1.0,17.33,2.67,4,0.0,0.0,589376
2023-08-04 23:00:00,00000000270,20230804230000,0.204,0.001,0.019,0.0,0.0,0.0,1.0,0.49,9.31,4,0.0,0.0,589376
2023-08-05 00:00:00,00000000270,20230805000000,0.158,0.0,0.026,0.0,0.0,0.0,1.0,0.0,16.46,4,0.0,0.0,589376
2023-08-05 01:00:00,00000000270,20230805010000,0.128,0.001,0.033,0.0,0.0,0.0,1.0,0.78,25.78,4,0.0,0.0,589376
2023-08-05 02:00:00,00000000270,20230805020000,0.162,0.0,0.023,0.0,0.0,0.0,1.0,0.0,14.2,4,0.0,0.0,589376
2023-08-05 03:00:00,00000000270,20230805030000,0.149,0.001,0.03,0.0,0.0,0.0,1.0,0.67,20.13,4,0.0,0.0,589376
2023-08-05 04:00:00,00000000270,20230805040000,0.135,0.0,0.034,0.0,0.0,0.0,1.0,0.0,25.19,4,0.0,0.0,589376
2023-08-05 05:00:00,00000000270,20230805050000,0.166,0.001,0.028,0.0,0.0,0.0,1.0,0.6,16.87,4,0.0,0.0,589376
2023-08-05 06:00:00,00000000270,20230805060000,0.105,0.001,0.026,0.0,0.0,0.0,1.0,0.95,24.76,4,0.0,0.0,589376
2023-08-05 07:00:00,00000000270,20230805070000,0.193,0.003,0.017,0.0,0.0,0.0,1.0,1.55,8.81,4,0.0,0.0,589376
2023-08-05 08:00:00,00000000270,20230805080000,0.169,0.003,0.011,0.0,0.0,0.0,1.0,1.78,6.51,4,0.0,0.0,589376
2023-08-05 09:00:00,00000000270,20230805090000,0.126,0.001,0.019,0.0,0.0,0.0,1.0,0.79,15.08,4,0.0,0.0,589376
2023-08-05 10:00:00,00000000270,20230805100000,0.051,0.001,0.001,0.0,0.0,0.0,1.0,1.96,1.96,4,0.0,0.0,589376
2023-08-05 11:00:00,00000000270,20230805110000,0.0,0.0,0.0,0.0,0.0,0.0,1.0,,,4,0.0,0.0,589376
2023-08-05 12:00:00,00000000270,20230805120000,0.005,0.003,0.0,0.0,0.0,0.0,1.0,60.0,0.0,4,0.0,0.0,589376
2023-08-05 13:00:00,00000000270,20230805130000,0.2,0.007,0.009,0.0,0.0,0.0,1.0,3.5,4.5,4,0.0,0.0,589376
2023-08-05 14:00:00,00000000270,20230805140000,0.167,0.001,0.015,0.0,0.0,0.0,1.0,0.6,8.98,4,0.0,0.0,589376
2023-08-05 15:00:00,00000000270,20230805150000,0.155,0.002,0.013,0.0,0.0,0.0,1.0,1.29,8.39,4,0.0,0.0,589376
2023-08-05 16:00:00,00000000270,20230805160000,0.161,0.001,0.013,0.0,0.0,0.0,1.0,0.62,8.07,4,0.0,0.0,589376
2023-08-05 17:00:00,00000000270,20230805170000,0.185,0.001,0.02,0.0,0.0,0.0,1.0,0.54,10.81,4,0.0,0.0,589376
2023-08-05 18:00:00,00000000270,20230805180000,0.158,0.002,0.014,0.0,0.0,0.0,1.0,1.27,8.86,4,0.0,0.0,589376
2023-08-05 19:00:00,00000000270,20230805190000,0.16,0.003,0.007,0.0,0.0,0.0,1.0,1.88,4.38,4,0.0,0.0,589376
2023-08-05 20:00:00,00000000270,20230805200000,0.139,0.001,0.012,0.0,0.0,0.0,1.0,0.72,8.63,4,0.0,0.0,589376
2023-08-05 21:00:00,00000000270,20230805210000,0.127,0.002,0.017,0.0,0.0,0.0,1.0,1.57,13.39,4,0.0,0.0,589376
2023-08-05 22:00:00,00000000270,20230805220000,0.125,0.0,0.014,0.0,0.0,0.0,1.0,0.0,11.2,4,0.0,0.0,589376
2023-08-05 23:00:00,00000000270,20230805230000,0.137,0.002,0.015,0.0,0.0,0.0,1.0,1.46,10.95,4,0.0,0.0,589376
2023-08-06 00:00:00,00000000270,20230806000000,0.119,0.002,0.021,0.0,0.0,0.0,1.0,1.68,17.65,4,0.0,0.0,589376
2023-08-06 01:00:00,00000000270,20230806010000,0.122,0.002,0.017,0.0,0.0,0.0,1.0,1.64,13.93,4,0.0,0.0,589376
2023-08-06 02:00:00,00000000270,20230806020000,0.194,0.002,0.017,0.0,0.0,0.0,1.0,1.03,8.76,4,0.0,0.0,589376
2023-08-06 03:00:00,00000000270,20230806030000,0.139,0.002,0.021,0.0,0.0,0.0,1.0,1.44,15.11,4,0.0,0.0,589376
2023-08-06 04:00:00,00000000270,20230806040000,0.114,0.002,0.016,0.0,0.0,0.0,1.0,1.75,14.04,4,0.0,0.0,589376
2023-08-06 05:00:00,00000000270,20230806050000,0.119,0.002,0.02,0.0,0.0,0.0,1.0,1.68,16.81,4,0.0,0.0,589376
2023-08-06 06:00:00,00000000270,20230806060000,0.111,0.0,0.023,0.0,0.0,0.0,1.0,0.0,20.72,4,0.0,0.0,589376
2023-08-06 07:00:00,00000000270,20230806070000,0.109,0.001,0.018,0.0,0.0,0.0,1.0,0.92,16.51,4,0.0,0.0,589376
2023-08-06 08:00:00,00000000270,20230806080000,0.18,0.002,0.018,0.0,0.0,0.0,1.0,1.11,10.0,4,0.0,0.0,589376
2023-08-06 09:00:00,00000000270,20230806090000,0.151,0.001,0.025,0.0,0.0,0.0,1.0,0.66,16.56,4,0.0,0.0,589376
2023-08-06 10:00:00,00000000270,20230806100000,0.115,0.001,0.015,0.0,0.0,0.0,1.0,0.87,13.04,4,0.0,0.0,589376
2023-08-06 11:00:00,00000000270,20230806110000,0.175,0.001,0.024,0.0,0.0,0.0,1.0,0.57,13.71,4,0.0,0.0,589376
2023-08-06 12:00:00,00000000270,20230806120000,0.152,0.003,0.016,0.0,0.0,0.0,1.0,1.97,10.53,4,0.0,0.0,589376
2023-08-06 13:00:00,00000000270,20230806130000,0.135,0.002,0.015,0.0,0.0,0.0,1.0,1.48,11.11,4,0.0,0.0,589376
2023-08-06 14:00:00,00000000270,20230806140000,0.688,0.001,0.019,0.0,0.0,0.0,1.0,0.15,2.76,4,0.0,0.0,589376
2023-08-06 15:00:00,00000000270,20230806150000,0.43,0.002,0.015,0.0,0.0,0.0,1.0,0.47,3.49,4,0.0,0.0,589376
2023-08-06 16:00:00,00000000270,20230806160000,0.12,0.003,0.018,0.0,0.0,0.0,1.0,2.5,15.0,4,0.0,0.0,589376
2023-08-06 17:00:00,00000000270,20230806170000,0.113,0.001,0.019,0.0,0.0,0.0,1.0,0.88,16.81,4,0.0,0.0,589376
2023-08-06 18:00:00,00000000270,20230806180000,0.114,0.001,0.016,0.0,0.0,0.0,1.0,0.88,14.04,4,0.0,0.0,589376
2023-08-06 19:00:00,00000000270,20230806190000,0.118,0.001,0.017,0.0,0.0,0.0,1.0,0.85,14.41,4,0.0,0.0,589376
2023-08-06 20:00:00,00000000270,20230806200000,0.178,0.003,0.023,0.0,0.0,0.0,1.0,1.69,12.92,4,0.0,0.0,589376
2023-08-06 21:00:00,00000000270,20230806210000,0.148,0.002,0.015,0.0,0.0,0.0,1.0,1.35,10.14,4,0.0,0.0,589376
2023-08-06 22:00:00,00000000270,20230806220000,0.129,0.001,0.018,0.0,0.0,0.0,1.0,0.78,13.95,4,0.0,0.0,589376
2023-08-06 23:00:00,00000000270,20230806230000,0.115,0.001,0.024,0.0,0.0,0.0,1.0,0.87,20.87,4,0.0,0.0,589376
2023-08-07 00:00:00,00000000270,20230807000000,0.146,0.003,0.021,0.0,0.0,0.0,1.0,2.05,14.38,4,0.0,0.0,589376
2023-08-07 01:00:00,00000000270,20230807010000,0.128,0.002,0.021,0.0,0.0,0.0,1.0,1.56,16.41,4,0.0,0.0,589376
2023-08-07 02:00:00,00000000270,20230807020000,0.102,0.002,0.026,0.0,0.0,0.0,1.0,1.96,25.49,4,0.0,0.0,589376
2023-08-07 03:00:00,00000000270,20230807030000,0.11,0.002,0.022,0.0,0.0,0.0,1.0,1.82,20.0,4,0.0,0.0,589376
2023-08-07 04:00:00,00000000270,20230807040000,0.124,0.001,0.022,0.0,0.0,0.0,1.0,0.81,17.74,4,0.0,0.0,589376
2023-08-07 05:00:00,00000000270,20230807050000,0.188,0.001,0.029,0.0,0.0,0.0,1.0,0.53,15.43,4,0.0,0.0,589376
2023-08-07 06:00:00,00000000270,20230807060000,0.149,0.003,0.02,0.0,0.0,0.0,1.0,2.01,13.42,4,0.0,0.0,589376
2023-08-07 07:00:00,00000000270,20230807070000,0.131,0.002,0.018,0.0,0.0,0.0,1.0,1.53,13.74,4,0.0,0.0,589376
2023-08-07 08:00:00,00000000270,20230807080000,0.156,0.002,0.016,0.0,0.0,0.0,1.0,1.28,10.26,4,0.0,0.0,589376
2023-08-07 09:00:00,00000000270,20230807090000,0.141,0.001,0.026,0.0,0.0,0.0,1.0,0.71,18.44,4,0.0,0.0,589376
2023-08-07 10:00:00,00000000270,20230807100000,0.139,0.0,0.022,0.0,0.0,0.0,1.0,0.0,15.83,4,0.0,0.0,589376
2023-08-07 11:00:00,00000000270,20230807110000,0.12,0.002,0.019,0.0,0.0,0.0,1.0,1.67,15.83,4,0.0,0.0,589376
2023-08-07 12:00:00,00000000270,20230807120000,0.096,0.002,0.024,0.0,0.0,0.0,1.0,2.08,25.0,4,0.0,0.0,589376
2023-08-07 13:00:00,00000000270,20230807130000,0.625,0.301,0.01,0.0,0.0,0.0,1.0,48.16,1.6,4,0.0,0.0,589376
2023-08-07 14:00:00,00000000270,20230807140000,0.309,0.569,0.005,0.0,0.0,0.0,1.0,184.14,1.62,4,0.0,0.0,589376
2023-08-07 15:00:00,00000000270,20230807150000,0.21,0.159,0.011,0.0,0.0,0.0,1.0,75.71,5.24,4,0.0,0.0,589376
2023-08-07 16:00:00,00000000270,20230807160000,0.138,0.001,0.016,0.0,0.0,0.0,1.0,0.72,11.59,4,0.0,0.0,589376
2023-08-07 17:00:00,00000000270,20230807170000,0.131,0.002,0.017,0.0,0.0,0.0,1.0,1.53,12.98,4,0.0,0.0,589376
2023-08-07 18:00:00,00000000270,20230807180000,0.1,0.002,0.025,0.0,0.0,0.0,1.0,2.0,25.0,4,0.0,0.0,589376
2023-08-07 19:00:00,00000000270,20230807190000,0.11,0.001,0.021,0.0,0.0,0.0,1.0,0.91,19.09,4,0.0,0.0,589376
2023-08-07 20:00:00,00000000270,20230807200000,0.125,0.002,0.019,0.0,0.0,0.0,1.0,1.6,15.2,4,0.0,0.0,589376
2023-08-07 21:00:00,00000000270,20230807210000,0.104,0.001,0.023,0.0,0.0,0.0,1.0,0.96,22.12,4,0.0,0.0,589376
2023-08-07 22:00:00,00000000270,20230807220000,0.171,0.002,0.025,0.0,0.0,0.0,1.0,1.17,14.62,4,0.0,0.0,589376
2023-08-07 23:00:00,00000000270,20230807230000,0.152,0.005,0.017,0.0,0.0,0.0,1.0,3.29,11.18,4,0.0,0.0,589376
2023-08-08 00:00:00,00000000270,20230808000000,0.13,0.001,0.025,0.0,0.0,0.0,1.0,0.77,19.23,4,0.0,0.0,589376
2023-08-08 01:00:00,00000000270,20230808010000,0.117,0.001,0.019,0.0,0.0,0.0,1.0,0.85,16.24,4,0.0,0.0,589376
2023-08-08 02:00:00,00000000270,20230808020000,0.11,0.001,0.022,0.0,0.0,0.0,1.0,0.91,20.0,4,0.0,0.0,589376
2023-08-08 03:00:00,00000000270,20230808030000,0.111,0.001,0.023,0.0,0.0,0.0,1.0,0.9,20.72,4,0.0,0.0,589376
2023-08-08 04:00:00,00000000270,20230808040000,0.109,0.002,0.019,0.0,0.0,0.0,1.0,1.83,17.43,4,0.0,0.0,589376
2023-08-08 05:00:00,00000000270,20230808050000,0.083,0.003,0.03,0.0,0.0,0.0,1.0,3.61,36.14,4,0.0,0.0,589376
2023-08-08 06:00:00,00000000270,20230808060000,0.12,0.004,0.017,0.0,0.0,0.0,1.0,3.33,14.17,4,0.0,0.0,589376
2023-08-08 07:00:00,00000000270,20230808070000,0.098,0.0,0.026,0.0,0.0,0.0,1.0,0.0,26.53,4,0.0,0.0,589376
2023-08-08 08:00:00,00000000270,20230808080000,0.758,0.014,0.016,0.0,0.0,0.0,1.0,1.85,2.11,4,0.0,0.0,589376
2023-08-08 09:00:00,00000000270,20230808090000,0.968,0.017,0.009,0.0,0.0,0.0,1.0,1.76,0.93,4,0.0,0.0,589376
2023-08-08 10:00:00,00000000270,20230808100000,0.327,0.111,0.012,0.0,0.0,0.0,1.0,33.94,3.67,4,0.0,0.0,589376
2023-08-08 11:00:00,00000000270,20230808110000,0.238,0.043,0.021,0.0,0.0,0.0,1.0,18.07,8.82,4,0.0,0.0,589376
2023-08-08 12:00:00,00000000270,20230808120000,0.149,0.003,0.016,0.0,0.0,0.0,1.0,2.01,10.74,4,0.0,0.0,589376
2023-08-08 13:00:00,00000000270,20230808130000,0.141,0.004,0.02,0.0,0.0,0.0,1.0,2.84,14.18,4,0.0,0.0,589376
2023-08-08 14:00:00,00000000270,20230808140000,0.134,0.004,0.013,0.0,0.0,0.0,1.0,2.99,9.7,4,0.0,0.0,589376
2023-08-08 15:00:00,00000000270,20230808150000,0.158,0.003,0.015,0.0,0.0,0.0,1.0,1.9,9.49,4,0.0,0.0,589376
2023-08-08 16:00:00,00000000270,20230808160000,0.336,0.003,0.025,0.0,0.0,0.0,1.0,0.89,7.44,4,0.0,0.0,589376
2023-08-08 17:00:00,00000000270,20230808170000,0.234,0.001,0.029,0.0,0.0,0.0,1.0,0.43,12.39,4,0.0,0.0,589376
2023-08-08 18:00:00,00000000270,20230808180000,0.156,0.001,0.019,0.0,0.0,0.0,1.0,0.64,12.18,4,0.0,0.0,589376
2023-08-08 19:00:00,00000000270,20230808190000,0.111,0.003,0.024,0.0,0.0,0.0,1.0,2.7,21.62,4,0.0,0.0,589376
2023-08-08 20:00:00,00000000270,20230808200000,0.133,0.002,0.015,0.0,0.0,0.0,1.0,1.5,11.28,4,0.0,0.0,589376
2023-08-08 21:00:00,00000000270,20230808210000,0.138,0.034,0.015,0.0,0.0,0.0,1.0,24.64,10.87,4,0.0,0.0,589376
2023-08-08 22:00:00,00000000270,20230808220000,0.111,0.002,0.025,0.0,0.0,0.0,1.0,1.8,22.52,4,0.0,0.0,589376
2023-08-08 23:00:00,00000000270,20230808230000,0.139,0.001,0.021,0.0,0.0,0.0,1.0,0.72,15.11,4,0.0,0.0,589376
2023-08-09 00:00:00,00000000270,20230809000000,0.108,0.001,0.027,0.0,0.0,0.0,1.0,0.93,25.0,4,0.0,0.0,589376
2023-08-09 01:00:00,00000000270,20230809010000,0.107,0.001,0.023,0.0,0.0,0.0,1.0,0.93,21.5,4,0.0,0.0,589376
2023-08-09 02:00:00,00000000270,20230809020000,0.192,0.001,0.02,0.0,0.0,0.0,1.0,0.52,10.42,4,0.0,0.0,589376
2023-08-09 03:00:00,00000000270,20230809030000,0.115,0.003,0.026,0.0,0.0,0.0,1.0,2.61,22.61,4,0.0,0.0,589376
2023-08-09 04:00:00,00000000270,20230809040000,0.111,0.003,0.023,0.0,0.0,0.0,1.0,2.7,20.72,4,0.0,0.0,589376
2023-08-09 05:00:00,00000000270,20230809050000,0.109,0.003,0.023,0.0,0.0,0.0,1.0,2.75,21.1,4,0.0,0.0,589376
2023-08-09 06:00:00,00000000270,20230809060000,0.088,0.001,0.03,0.0,0.0,0.0,1.0,1.14,34.09,4,0.0,0.0,589376
2023-08-09 07:00:00,00000000270,20230809070000,0.115,0.002,0.023,0.0,0.0,0.0,1.0,1.74,20.0,4,0.0,0.0,589376
2023-08-09 08:00:00,00000000270,20230809080000,0.118,0.001,0.023,0.0,0.0,0.0,1.0,0.85,19.49,4,0.0,0.0,589376
2023-08-09 09:00:00,00000000270,20230809090000,0.118,0.001,0.023,0.0,0.0,0.0,1.0,0.85,19.49,4,0.0,0.0,589376
2023-08-09 10:00:00,00000000270,20230809100000,0.143,0.003,0.003,0.0,0.0,0.0,1.0,2.1,2.1,4,0.0,0.0,589376
2023-08-09 11:00:00,00000000270,20230809110000,1.147,0.294,0.005,0.0,0.0,0.0,1.0,25.63,0.44,4,0.0,0.0,589376
2023-08-09 12:00:00,00000000270,20230809120000,0.303,0.446,0.001,0.0,0.0,0.0,1.0,147.19,0.33,4,0.0,0.0,589376
2023-08-09 13:00:00,00000000270,20230809130000,0.214,0.158,0.002,0.0,0.0,0.0,1.0,73.83,0.93,4,0.0,0.0,589376
2023-08-09 14:00:00,00000000270,20230809140000,0.152,0.002,0.007,0.0,0.0,0.0,1.0,1.32,4.61,4,0.0,0.0,589376
2023-08-09 15:00:00,00000000270,20230809150000,0.298,0.001,0.025,0.0,0.0,0.0,1.0,0.34,8.39,4,0.0,0.0,589376
2023-08-09 16:00:00,00000000270,20230809160000,0.153,0.0,0.019,0.0,0.0,0.0,1.0,0.0,12.42,4,0.0,0.0,589376
2023-08-09 17:00:00,00000000270,20230809170000,0.123,0.001,0.028,0.0,0.0,0.0,1.0,0.81,22.76,4,0.0,0.0,589376
2023-08-09 18:00:00,00000000270,20230809180000,0.124,0.0,0.03,0.0,0.0,0.0,1.0,0.0,24.19,4,0.0,0.0,589376
2023-08-09 19:00:00,00000000270,20230809190000,0.142,0.001,0.038,0.0,0.0,0.0,1.0,0.7,26.76,4,0.0,0.0,589376
2023-08-09 20:00:00,00000000270,20230809200000,0.146,0.025,0.017,0.0,0.0,0.0,1.0,17.12,11.64,4,0.0,0.0,589376
2023-08-09 21:00:00,00000000270,20230809210000,0.416,0.064,0.003,0.0,0.0,0.0,1.0,15.38,0.72,4,0.0,0.0,589376
2023-08-09 22:00:00,00000000270,20230809220000,0.173,0.002,0.023,0.0,0.0,0.0,1.0,1.16,13.29,4,0.0,0.0,589376
2023-08-09 23:00:00,00000000270,20230809230000,0.151,0.004,0.013,0.0,0.0,0.0,1.0,2.65,8.61,4,0.0,0.0,589376
2023-08-10 00:00:00,00000000270,20230810000000,0.166,0.031,0.009,0.0,0.0,0.0,1.0,18.67,5.42,4,0.0,0.0,589376
2023-08-10 01:00:00,00000000270,20230810010000,0.113,0.005,0.018,0.0,0.0,0.0,1.0,4.42,15.93,4,0.0,0.0,589376
2023-08-10 02:00:00,00000000270,20230810020000,0.121,0.006,0.017,0.0,0.0,0.0,1.0,4.96,14.05,4,0.0,0.0,589376
2023-08-10 03:00:00,00000000270,20230810030000,0.104,0.003,0.02,0.0,0.0,0.0,1.0,2.88,19.23,4,0.0,0.0,589376
2023-08-10 04:00:00,00000000270,20230810040000,0.104,0.004,0.015,0.0,0.0,0.0,1.0,3.85,14.42,4,0.0,0.0,589376
2023-08-10 05:00:00,00000000270,20230810050000,0.105,0.001,0.016,0.0,0.0,0.0,1.0,0.95,15.24,4,0.0,0.0,589376
2023-08-10 06:00:00,00000000270,20230810060000,0.177,0.003,0.023,0.0,0.0,0.0,1.0,1.69,12.99,4,0.0,0.0,589376
2023-08-10 07:00:00,00000000270,20230810070000,0.158,0.009,0.011,0.0,0.0,0.0,1.0,5.7,6.96,4,0.0,0.0,589376
2023-08-10 08:00:00,00000000270,20230810080000,0.181,0.002,0.026,0.0,0.0,0.0,1.0,1.1,14.36,4,0.0,0.0,589376
2023-08-10 09:00:00,00000000270,20230810090000,0.308,0.003,0.019,0.0,0.0,0.0,1.0,0.97,6.17,4,0.0,0.0,589376
2023-08-10 10:00:00,00000000270,20230810100000,0.082,0.002,0.028,0.0,0.0,0.0,1.0,2.44,34.15,4,0.0,0.0,589376
2023-08-10 11:00:00,00000000270,20230810110000,0.124,0.002,0.02,0.0,0.0,0.0,1.0,1.61,16.13,4,0.0,0.0,589376
2023-08-10 12:00:00,00000000270,20230810120000,0.122,0.001,0.022,0.0,0.0,0.0,1.0,0.82,18.03,4,0.0,0.0,589376
2023-08-10 13:00:00,00000000270,20230810130000,0.1,0.002,0.024,0.0,0.0,0.0,1.0,2.0,24.0,4,0.0,0.0,589376
2023-08-10 14:00:00,00000000270,20230810140000,0.099,0.001,0.022,0.0,0.0,0.0,1.0,1.01,22.22,4,0.0,0.0,589376
2023-08-10 15:00:00,00000000270,20230810150000,0.211,0.001,0.022,0.0,0.0,0.0,1.0,0.47,10.43,4,0.0,0.0,589376
2023-08-10 16:00:00,00000000270,20230810160000,0.231,0.001,0.02,0.0,0.0,0.0,1.0,0.43,8.66,4,0.0,0.0,589376
2023-08-10 17:00:00,00000000270,20230810170000,0.181,0.003,0.022,0.0,0.0,0.0,1.0,1.66,12.15,4,0.0,0.0,589376
2023-08-10 18:00:00,00000000270,20230810180000,0.138,0.001,0.019,0.0,0.0,0.0,1.0,0.72,13.77,4,0.0,0.0,589376
2023-08-10 19:00:00,00000000270,20230810190000,0.111,0.0,0.033,0.0,0.0,0.0,1.0,0.0,29.73,4,0.0,0.0,589376
2023-08-10 20:00:00,00000000270,20230810200000,0.121,0.001,0.031,0.0,0.0,0.0,1.0,0.83,25.62,4,0.0,0.0,589376
2023-08-10 21:00:00,00000000270,20230810210000,0.168,0.038,0.014,0.0,0.0,0.0,1.0,22.62,8.33,4,0.0,0.0,589376
2023-08-10 22:00:00,00000000270,20230810220000,0.199,0.064,0.0,0.0,0.0,0.0,1.0,32.16,0.0,4,0.0,0.0,589376
2023-08-10 23:00:00,00000000270,20230810230000,0.165,0.045,0.006,0.0,0.0,0.0,1.0,27.27,3.64,4,0.0,0.0,589376
2023-08-11 00:00:00,00000000270,20230811000000,0.139,0.002,0.026,0.0,0.0,0.0,1.0,1.44,18.71,4,0.0,0.0,589376
2023-08-11 01:00:00,00000000270,20230811010000,0.186,0.002,0.026,0.0,0.0,0.0,1.0,1.08,13.98,4,0.0,0.0,589376
2023-08-11 02:00:00,00000000270,20230811020000,0.123,0.001,0.025,0.0,0.0,0.0,1.0,0.81,20.33,4,0.0,0.0,589376
2023-08-11 03:00:00,00000000270,20230811030000,0.114,0.004,0.026,0.0,0.0,0.0,1.0,3.51,22.81,4,0.0,0.0,589376
2023-08-11 04:00:00,00000000270,20230811040000,0.105,0.002,0.023,0.0,0.0,0.0,1.0,1.9,21.9,4,0.0,0.0,589376
2023-08-11 05:00:00,00000000270,20230811050000,0.093,0.003,0.032,0.0,0.0,0.0,1.0,3.23,34.41,4,0.0,0.0,589376
2023-08-11 06:00:00,00000000270,20230811060000,0.098,0.001,0.026,0.0,0.0,0.0,1.0,1.02,26.53,4,0.0,0.0,589376
2023-08-11 07:00:00,00000000270,20230811070000,0.122,0.003,0.021,0.0,0.0,0.0,1.0,2.46,17.21,4,0.0,0.0,589376
2023-08-11 08:00:00,00000000270,20230811080000,0.101,0.001,0.03,0.0,0.0,0.0,1.0,0.99,29.7,4,0.0,0.0,589376
2023-08-11 09:00:00,00000000270,20230811090000,0.133,0.002,0.023,0.0,0.0,0.0,1.0,1.5,17.29,4,0.0,0.0,589376
2023-08-11 10:00:00,00000000270,20230811100000,0.315,0.003,0.024,0.0,0.0,0.0,1.0,0.95,7.62,4,0.0,0.0,589376
2023-08-11 11:00:00,00000000270,20230811110000,0.178,0.001,0.025,0.0,0.0,0.0,1.0,0.56,14.04,4,0.0,0.0,589376
2023-08-11 12:00:00,00000000270,20230811120000,1.012,0.244,0.013,0.0,0.0,0.0,1.0,24.11,1.28,4,0.0,0.0,589376
2023-08-11 13:00:00,00000000270,20230811130000,0.366,0.411,0.013,0.0,0.0,0.0,1.0,112.3,3.55,4,0.0,0.0,589376
2023-08-11 14:00:00,00000000270,20230811140000,0.2,0.13,0.019,0.0,0.0,0.0,1.0,65.0,9.5,4,0.0,0.0,589376
2023-08-11 15:00:00,00000000270,20230811150000,0.246,0.001,0.023,0.0,0.0,0.0,1.0,0.41,9.35,4,0.0,0.0,589376
2023-08-11 16:00:00,00000000270,20230811160000,0.301,0.001,0.019,0.0,0.0,0.0,1.0,0.33,6.31,4,0.0,0.0,589376
2023-08-11 17:00:00,00000000270,20230811170000,0.135,0.005,0.015,0.0,0.0,0.0,1.0,3.7,11.11,4,0.0,0.0,589376
2023-08-11 18:00:00,00000000270,20230811180000,0.09,0.001,0.024,0.0,0.0,0.0,1.0,1.11,26.67,4,0.0,0.0,589376
2023-08-11 19:00:00,00000000270,20230811190000,0.11,0.001,0.028,0.0,0.0,0.0,1.0,0.91,25.45,4,0.0,0.0,589376
2023-08-11 20:00:00,00000000270,20230811200000,0.183,0.001,0.021,0.0,0.0,0.0,1.0,0.55,11.48,4,0.0,0.0,589376
2023-08-11 21:00:00,00000000270,20230811210000,0.172,0.001,0.027,0.0,0.0,0.0,1.0,0.58,15.7,4,0.0,0.0,589376
2023-08-11 22:00:00,00000000270,20230811220000,0.142,0.0,0.022,0.0,0.0,0.0,1.0,0.0,15.49,4,0.0,0.0,589376
2023-08-11 23:00:00,00000000270,20230811230000,0.152,0.005,0.016,0.0,0.0,0.0,1.0,3.29,10.53,4,0.0,0.0,589376
2023-08-12 00:00:00,00000000270,20230812000000,0.125,0.009,0.014,0.0,0.0,0.0,1.0,7.2,11.2,4,0.0,0.0,589376
2023-08-12 01:00:00,00000000270,20230812010000,0.096,0.005,0.022,0.0,0.0,0.0,1.0,5.21,22.92,4,0.0,0.0,589376
2023-08-12 02:00:00,00000000270,20230812020000,0.12,0.006,0.016,0.0,0.0,0.0,1.0,5.0,13.33,4,0.0,0.0,589376
2023-08-12 03:00:00,00000000270,20230812030000,0.103,0.004,0.02,0.0,0.0,0.0,1.0,3.88,19.42,4,0.0,0.0,589376
2023-08-12 04:00:00,00000000270,20230812040000,0.096,0.001,0.017,0.0,0.0,0.0,1.0,1.04,17.71,4,0.0,0.0,589376
2023-08-12 05:00:00,00000000270,20230812050000,0.11,0.007,0.016,0.0,0.0,0.0,1.0,6.36,14.55,4,0.0,0.0,589376
2023-08-12 06:00:00,00000000270,20230812060000,0.148,0.002,0.026,0.0,0.0,0.0,1.0,1.35,17.57,4,0.0,0.0,589376
2023-08-12 07:00:00,00000000270,20230812070000,0.145,0.005,0.027,0.0,0.0,0.0,1.0,3.45,18.62,4,0.0,0.0,589376
2023-08-12 08:00:00,00000000270,20230812080000,1.517,0.244,0.011,0.0,0.0,0.0,1.0,16.08,0.73,4,0.0,0.0,589376
2023-08-12 09:00:00,00000000270,20230812090000,0.169,0.057,0.022,0.0,0.0,0.0,1.0,33.73,13.02,4,0.0,0.0,589376
2023-08-12 10:00:00,00000000270,20230812100000,0.121,0.003,0.02,0.0,0.0,0.0,1.0,2.48,16.53,4,0.0,0.0,589376
2023-08-12 11:00:00,00000000270,20230812110000,0.131,0.004,0.023,0.0,0.0,0.0,1.0,3.05,17.56,4,0.0,0.0,589376
2023-08-12 12:00:00,00000000270,20230812120000,0.311,0.013,0.019,0.0,0.0,0.0,1.0,4.18,6.11,4,0.0,0.0,589376
2023-08-12 13:00:00,00000000270,20230812130000,0.106,0.001,0.018,0.0,0.0,0.0,1.0,0.94,16.98,4,0.0,0.0,589376
2023-08-12 14:00:00,00000000270,20230812140000,0.128,0.001,0.026,0.0,0.0,0.0,1.0,0.78,20.31,4,0.0,0.0,589376
2023-08-12 15:00:00,00000000270,20230812150000,0.415,0.008,0.022,0.0,0.0,0.0,1.0,1.93,5.3,4,0.0,0.0,589376
2023-08-12 16:00:00,00000000270,20230812160000,0.172,0.004,0.02,0.0,0.0,0.0,1.0,2.33,11.63,4,0.0,0.0,589376
2023-08-12 17:00:00,00000000270,20230812170000,0.128,0.001,0.018,0.0,0.0,0.0,1.0,0.78,14.06,4,0.0,0.0,589376
2023-08-12 18:00:00,00000000270,20230812180000,0.139,0.002,0.019,0.0,0.0,0.0,1.0,1.44,13.67,4,0.0,0.0,589376
2023-08-12 19:00:00,00000000270,20230812190000,0.103,0.001,0.023,0.0,0.0,0.0,1.0,0.97,22.33,4,0.0,0.0,589376
2023-08-12 20:00:00,00000000270,20230812200000,0.127,0.005,0.014,0.0,0.0,0.0,1.0,3.94,11.02,4,0.0,0.0,589376
2023-08-12 21:00:00,00000000270,20230812210000,0.15,0.049,0.009,0.0,0.0,0.0,1.0,32.67,6.0,4,0.0,0.0,589376
2023-08-12 22:00:00,00000000270,20230812220000,0.151,0.001,0.024,0.0,0.0,0.0,1.0,0.66,15.89,4,0.0,0.0,589376
2023-08-12 23:00:00,00000000270,20230812230000,0.115,0.0,0.032,0.0,0.0,0.0,1.0,0.0,27.83,4,0.0,0.0,589376
2023-08-13 00:00:00,00000000270,20230813000000,0.145,0.012,0.02,0.0,0.0,0.0,1.0,8.28,13.79,4,0.0,0.0,589376
2023-08-13 01:00:00,00000000270,20230813010000,0.183,0.001,0.02,0.0,0.0,0.0,1.0,0.55,10.93,4,0.0,0.0,589376
2023-08-13 02:00:00,00000000270,20230813020000,0.116,0.003,0.024,0.0,0.0,0.0,1.0,2.59,20.69,4,0.0,0.0,589376
2023-08-13 03:00:00,00000000270,20230813030000,0.115,0.001,0.019,0.0,0.0,0.0,1.0,0.87,16.52,4,0.0,0.0,589376
2023-08-13 04:00:00,00000000270,20230813040000,0.12,0.001,0.035,0.0,0.0,0.0,1.0,0.83,29.17,4,0.0,0.0,589376
2023-08-13 05:00:00,00000000270,20230813050000,0.112,0.001,0.034,0.0,0.0,0.0,1.0,0.89,30.36,4,0.0,0.0,589376
2023-08-13 06:00:00,00000000270,20230813060000,0.127,0.002,0.025,0.0,0.0,0.0,1.0,1.57,19.69,4,0.0,0.0,589376
2023-08-13 07:00:00,00000000270,20230813070000,0.076,0.002,0.031,0.0,0.0,0.0,1.0,2.63,40.79,4,0.0,0.0,589376
2023-08-13 08:00:00,00000000270,20230813080000,0.13,0.003,0.017,0.0,0.0,0.0,1.0,2.31,13.08,4,0.0,0.0,589376
2023-08-13 09:00:00,00000000270,20230813090000,0.115,0.001,0.036,0.0,0.0,0.0,1.0,0.87,31.3,4,0.0,0.0,589376
2023-08-13 10:00:00,00000000270,20230813100000,0.144,0.003,0.022,0.0,0.0,0.0,1.0,2.08,15.28,4,0.0,0.0,589376
2023-08-13 11:00:00,00000000270,20230813110000,0.139,0.001,0.03,0.0,0.0,0.0,1.0,0.72,21.58,4,0.0,0.0,589376
2023-08-13 12:00:00,00000000270,20230813120000,0.176,0.001,0.024,0.0,0.0,0.0,1.0,0.57,13.64,4,0.0,0.0,589376
2023-08-13 13:00:00,00000000270,20230813130000,0.237,0.013,0.02,0.0,0.0,0.0,1.0,5.49,8.44,4,0.0,0.0,589376
2023-08-13 14:00:00,00000000270,20230813140000,0.116,0.0,0.024,0.0,0.0,0.0,1.0,0.0,20.69,4,0.0,0.0,589376
2023-08-13 15:00:00,00000000270,20230813150000,0.174,0.003,0.019,0.0,0.0,0.0,1.0,1.72,10.92,4,0.0,0.0,589376
2023-08-13 16:00:00,00000000270,20230813160000,0.085,0.002,0.026,0.0,0.0,0.0,1.0,2.35,30.59,4,0.0,0.0,589376
2023-08-13 17:00:00,00000000270,20230813170000,0.112,0.001,0.025,0.0,0.0,0.0,1.0,0.89,22.32,4,0.0,0.0,589376
2023-08-13 18:00:00,00000000270,20230813180000,0.498,0.093,0.013,0.0,0.0,0.0,1.0,18.67,2.61,4,0.0,0.0,589376
2023-08-13 19:00:00,00000000270,20230813190000,1.099,0.2,0.016,0.0,0.0,0.0,1.0,18.2,1.46,4,0.0,0.0,589376
2023-08-13 20:00:00,00000000270,20230813200000,0.286,0.418,0.011,0.0,0.0,0.0,1.0,146.15,3.85,4,0.0,0.0,589376
2023-08-13 21:00:00,00000000270,20230813210000,0.296,0.223,0.005,0.0,0.0,0.0,1.0,75.34,1.69,4,0.0,0.0,589376
2023-08-13 22:00:00,00000000270,20230813220000,0.51,0.253,0.017,0.0,0.0,0.0,1.0,49.61,3.33,4,0.0,0.0,589376
2023-08-13 23:00:00,00000000270,20230813230000,0.176,0.124,0.016,0.0,0.0,0.0,1.0,70.45,9.09,4,0.0,0.0,589376
2023-08-14 00:00:00,00000000270,20230814000000,0.128,0.003,0.024,0.0,0.0,0.0,1.0,2.34,18.75,4,0.0,0.0,589376
2023-08-14 01:00:00,00000000270,20230814010000,0.106,0.002,0.025,0.0,0.0,0.0,1.0,1.89,23.58,4,0.0,0.0,589376
2023-08-14 02:00:00,00000000270,20230814020000,0.116,0.001,0.026,0.0,0.0,0.0,1.0,0.86,22.41,4,0.0,0.0,589376
2023-08-14 03:00:00,00000000270,20230814030000,0.111,0.002,0.022,0.0,0.0,0.0,1.0,1.8,19.82,4,0.0,0.0,589376
2023-08-14 04:00:00,00000000270,20230814040000,0.117,0.003,0.026,0.0,0.0,0.0,1.0,2.56,22.22,4,0.0,0.0,589376
2023-08-14 05:00:00,00000000270,20230814050000,0.094,0.001,0.032,0.0,0.0,0.0,1.0,1.06,34.04,4,0.0,0.0,589376
2023-08-14 06:00:00,00000000270,20230814060000,0.124,0.004,0.025,0.0,0.0,0.0,1.0,3.23,20.16,4,0.0,0.0,589376
2023-08-14 07:00:00,00000000270,20230814070000,0.194,0.002,0.024,0.0,0.0,0.0,1.0,1.03,12.37,4,0.0,0.0,589376
2023-08-14 08:00:00,00000000270,20230814080000,0.123,0.002,0.028,0.0,0.0,0.0,1.0,1.63,22.76,4,0.0,0.0,589376
2023-08-14 09:00:00,00000000270,20230814090000,0.129,0.0,0.022,0.0,0.0,0.0,1.0,0.0,17.05,4,0.0,0.0,589376
2023-08-14 10:00:00,00000000270,20230814100000,0.146,0.002,0.021,0.0,0.0,0.0,1.0,1.37,14.38,4,0.0,0.0,589376
2023-08-14 11:00:00,00000000270,20230814110000,0.105,0.002,0.025,0.0,0.0,0.0,1.0,1.9,23.81,4,0.0,0.0,589376
2023-08-14 12:00:00,00000000270,20230814120000,0.115,0.003,0.023,0.0,0.0,0.0,1.0,2.61,20.0,4,0.0,0.0,589376
2023-08-14 13:00:00,00000000270,20230814130000,0.144,0.002,0.02,0.0,0.0,0.0,1.0,1.39,13.89,4,0.0,0.0,589376
2023-08-14 14:00:00,00000000270,20230814140000,0.113,0.001,0.031,0.0,0.0,0.0,1.0,0.88,27.43,4,0.0,0.0,589376
2023-08-14 15:00:00,00000000270,20230814150000,0.13,0.002,0.021,0.0,0.0,0.0,1.0,1.54,16.15,4,0.0,0.0,589376
2023-08-14 16:00:00,00000000270,20230814160000,0.106,0.001,0.021,0.0,0.0,0.0,1.0,0.94,19.81,4,0.0,0.0,589376
2023-08-14 17:00:00,00000000270,20230814170000,0.182,0.0,0.025,0.0,0.0,0.0,1.0,0.0,13.74,4,0.0,0.0,589376
2023-08-14 18:00:00,00000000270,20230814180000,0.157,0.003,0.017,0.0,0.0,0.0,1.0,1.91,10.83,4,0.0,0.0,589376
2023-08-14 19:00:00,00000000270,20230814190000,0.125,0.002,0.016,0.0,0.0,0.0,1.0,1.6,12.8,4,0.0,0.0,589376
2023-08-14 20:00:00,00000000270,20230814200000,0.133,0.002,0.017,0.0,0.0,0.0,1.0,1.5,12.78,4,0.0,0.0,589376
2023-08-14 21:00:00,00000000270,20230814210000,0.101,0.003,0.019,0.0,0.0,0.0,1.0,2.97,18.81,4,0.0,0.0,589376
2023-08-14 22:00:00,00000000270,20230814220000,0.141,0.003,0.018,0.0,0.0,0.0,1.0,2.13,12.77,4,0.0,0.0,589376
2023-08-14 23:00:00,00000000270,20230814230000,0.116,0.001,0.028,0.0,0.0,0.0,1.0,0.86,24.14,4,0.0,0.0,589376
2023-08-15 00:00:00,00000000270,20230815000000,0.119,0.0,0.023,0.0,0.0,0.0,1.0,0.0,19.33,4,0.0,0.0,589376
2023-08-15 01:00:00,00000000270,20230815010000,0.098,0.001,0.027,0.0,0.0,0.0,1.0,1.02,27.55,4,0.0,0.0,589376
2023-08-15 02:00:00,00000000270,20230815020000,0.119,0.003,0.021,0.0,0.0,0.0,1.0,2.52,17.65,4,0.0,0.0,589376
2023-08-15 03:00:00,00000000270,20230815030000,0.115,0.003,0.028,0.0,0.0,0.0,1.0,2.61,24.35,4,0.0,0.0,589376
2023-08-15 04:00:00,00000000270,20230815040000,0.206,0.002,0.027,0.0,0.0,0.0,1.0,0.97,13.11,4,0.0,0.0,589376
2023-08-15 05:00:00,00000000270,20230815050000,0.118,0.002,0.025,0.0,0.0,0.0,1.0,1.69,21.19,4,0.0,0.0,589376
2023-08-15 06:00:00,00000000270,20230815060000,0.135,0.003,0.023,0.0,0.0,0.0,1.0,2.22,17.04,4,0.0,0.0,589376
2023-08-15 07:00:00,00000000270,20230815070000,0.127,0.002,0.028,0.0,0.0,0.0,1.0,1.57,22.05,4,0.0,0.0,589376
2023-08-15 08:00:00,00000000270,20230815080000,0.141,0.001,0.032,0.0,0.0,0.0,1.0,0.71,22.7,4,0.0,0.0,589376
2023-08-15 09:00:00,00000000270,20230815090000,0.123,0.003,0.021,0.0,0.0,0.0,1.0,2.44,17.07,4,0.0,0.0,589376
2023-08-15 10:00:00,00000000270,20230815100000,0.116,0.001,0.022,0.0,0.0,0.0,1.0,0.86,18.97,4,0.0,0.0,589376
2023-08-15 11:00:00,00000000270,20230815110000,0.104,0.001,0.024,0.0,0.0,0.0,1.0,0.96,23.08,4,0.0,0.0,589376
2023-08-15 12:00:00,00000000270,20230815120000,0.128,0.003,0.017,0.0,0.0,0.0,1.0,2.34,13.28,4,0.0,0.0,589376
2023-08-15 13:00:00,00000000270,20230815130000,0.119,0.035,0.024,0.0,0.0,0.0,1.0,29.41,20.17,4,0.0,0.0,589376
2023-08-15 14:00:00,00000000270,20230815140000,0.185,0.001,0.023,0.0,0.0,0.0,1.0,0.54,12.43,4,0.0,0.0,589376
2023-08-15 15:00:00,00000000270,20230815150000,0.161,0.003,0.014,0.0,0.0,0.0,1.0,1.86,8.7,4,0.0,0.0,589376
2023-08-15 16:00:00,00000000270,20230815160000,0.123,0.002,0.022,0.0,0.0,0.0,1.0,1.63,17.89,4,0.0,0.0,589376
2023-08-15 17:00:00,00000000270,20230815170000,0.143,0.002,0.025,0.0,0.0,0.0,1.0,1.4,17.48,4,0.0,0.0,589376
2023-08-15 18:00:00,00000000270,20230815180000,0.183,0.002,0.02,0.0,0.0,0.0,1.0,1.09,10.93,4,0.0,0.0,589376
2023-08-15 19:00:00,00000000270,20230815190000,0.203,0.001,0.026,0.0,0.0,0.0,1.0,0.49,12.81,4,0.0,0.0,589376
2023-08-15 20:00:00,00000000270,20230815200000,0.116,0.001,0.024,0.0,0.0,0.0,1.0,0.86,20.69,4,0.0,0.0,589376
2023-08-15 21:00:00,00000000270,20230815210000,0.105,0.0,0.019,0.0,0.0,0.0,1.0,0.0,18.1,4,0.0,0.0,589376
2023-08-15 22:00:00,00000000270,20230815220000,0.123,0.002,0.018,0.0,0.0,0.0,1.0,1.63,14.63,4,0.0,0.0,589376
2023-08-15 23:00:00,00000000270,20230815230000,0.133,0.022,0.02,0.0,0.0,0.0,1.0,16.54,15.04,4,0.0,0.0,589376
2023-08-16 00:00:00,00000000270,20230816000000,0.188,0.002,0.031,0.0,0.0,0.0,1.0,1.06,16.49,4,0.0,0.0,589376
2023-08-16 01:00:00,00000000270,20230816010000,0.185,0.0,0.024,0.0,0.0,0.0,1.0,0.0,12.97,4,0.0,0.0,589376
2023-08-16 02:00:00,00000000270,20230816020000,0.142,0.001,0.031,0.0,0.0,0.0,1.0,0.7,21.83,4,0.0,0.0,589376
2023-08-16 03:00:00,00000000270,20230816030000,0.129,0.0,0.034,0.0,0.0,0.0,1.0,0.0,26.36,4,0.0,0.0,589376
2023-08-16 04:00:00,00000000270,20230816040000,0.119,0.001,0.029,0.0,0.0,0.0,1.0,0.84,24.37,4,0.0,0.0,589376
2023-08-16 05:00:00,00000000270,20230816050000,0.114,0.001,0.021,0.0,0.0,0.0,1.0,0.88,18.42,4,0.0,0.0,589376
2023-08-16 06:00:00,00000000270,20230816060000,0.12,0.0,0.023,0.0,0.0,0.0,1.0,0.0,19.17,4,0.0,0.0,589376
2023-08-16 07:00:00,00000000270,20230816070000,0.102,0.002,0.027,0.0,0.0,0.0,1.0,1.96,26.47,4,0.0,0.0,589376
2023-08-16 08:00:00,00000000270,20230816080000,0.112,0.003,0.021,0.0,0.0,0.0,1.0,2.68,18.75,4,0.0,0.0,589376
2023-08-16 09:00:00,00000000270,20230816090000,0.136,0.003,0.015,0.0,0.0,0.0,1.0,2.21,11.03,4,0.0,0.0,589376
2023-08-16 10:00:00,00000000270,20230816100000,0.104,0.002,0.024,0.0,0.0,0.0,1.0,1.92,23.08,4,0.0,0.0,589376
2023-08-16 11:00:00,00000000270,20230816110000,0.166,0.001,0.016,0.0,0.0,0.0,1.0,0.6,9.64,4,0.0,0.0,589376
2023-08-16 12:00:00,00000000270,20230816120000,0.171,0.001,0.02,0.0,0.0,0.0,1.0,0.58,11.7,4,0.0,0.0,589376
2023-08-16 13:00:00,00000000270,20230816130000,0.125,0.003,0.021,0.0,0.0,0.0,1.0,2.4,16.8,4,0.0,0.0,589376
2023-08-16 14:00:00,00000000270,20230816140000,0.124,0.002,0.018,0.0,0.0,0.0,1.0,1.61,14.52,4,0.0,0.0,589376
2023-08-16 15:00:00,00000000270,20230816150000,0.104,0.001,0.025,0.0,0.0,0.0,1.0,0.96,24.04,4,0.0,0.0,589376
2023-08-16 16:00:00,00000000270,20230816160000,0.133,0.003,0.016,0.0,0.0,0.0,1.0,2.26,12.03,4,0.0,0.0,589376
2023-08-16 17:00:00,00000000270,20230816170000,0.107,0.001,0.021,0.0,0.0,0.0,1.0,0.93,19.63,4,0.0,0.0,589376
2023-08-16 18:00:00,00000000270,20230816180000,0.119,0.001,0.021,0.0,0.0,0.0,1.0,0.84,17.65,4,0.0,0.0,589376
2023-08-16 19:00:00,00000000270,20230816190000,0.117,0.001,0.018,0.0,0.0,0.0,1.0,0.85,15.38,4,0.0,0.0,589376
2023-08-16 20:00:00,00000000270,20230816200000,0.116,0.0,0.019,0.0,0.0,0.0,1.0,0.0,16.38,4,0.0,0.0,589376
2023-08-16 21:00:00,00000000270,20230816210000,0.125,0.001,0.021,0.0,0.0,0.0,1.0,0.8,16.8,4,0.0,0.0,589376
2023-08-16 22:00:00,00000000270,20230816220000,0.196,0.001,0.023,0.0,0.0,0.0,1.0,0.51,11.73,4,0.0,0.0,589376
2023-08-16 23:00:00,00000000270,20230816230000,0.173,0.002,0.022,0.0,0.0,0.0,1.0,1.16,12.72,4,0.0,0.0,589376
2023-08-17 00:00:00,00000000270,20230817000000,0.137,0.001,0.032,0.0,0.0,0.0,1.0,0.73,23.36,4,0.0,0.0,589376
2023-08-17 01:00:00,00000000270,20230817010000,0.114,0.0,0.03,0.0,0.0,0.0,1.0,0.0,26.32,4,0.0,0.0,589376
2023-08-17 02:00:00,00000000270,20230817020000,0.121,0.002,0.021,0.0,0.0,0.0,1.0,1.65,17.36,4,0.0,0.0,589376
2023-08-17 03:00:00,00000000270,20230817030000,0.113,0.001,0.022,0.0,0.0,0.0,1.0,0.88,19.47,4,0.0,0.0,589376
2023-08-17 04:00:00,00000000270,20230817040000,0.119,0.001,0.025,0.0,0.0,0.0,1.0,0.84,21.01,4,0.0,0.0,589376
2023-08-17 05:00:00,00000000270,20230817050000,0.116,0.0,0.026,0.0,0.0,0.0,1.0,0.0,22.41,4,0.0,0.0,589376
2023-08-17 06:00:00,00000000270,20230817060000,0.111,0.001,0.02,0.0,0.0,0.0,1.0,0.9,18.02,4,0.0,0.0,589376
2023-08-17 07:00:00,00000000270,20230817070000,0.109,0.001,0.025,0.0,0.0,0.0,1.0,0.92,22.94,4,0.0,0.0,589376
2023-08-17 08:00:00,00000000270,20230817080000,0.115,0.0,0.029,0.0,0.0,0.0,1.0,0.0,25.22,4,0.0,0.0,589376
2023-08-17 09:00:00,00000000270,20230817090000,0.151,0.002,0.019,0.0,0.0,0.0,1.0,1.32,12.58,4,0.0,0.0,589376
2023-08-17 10:00:00,00000000270,20230817100000,0.185,0.003,0.017,0.0,0.0,0.0,1.0,1.62,9.19,4,0.0,0.0,589376
2023-08-17 11:00:00,00000000270,20230817110000,0.133,0.001,0.021,0.0,0.0,0.0,1.0,0.75,15.79,4,0.0,0.0,589376
2023-08-17 12:00:00,00000000270,20230817120000,0.109,0.002,0.021,0.0,0.0,0.0,1.0,1.83,19.27,4,0.0,0.0,589376
2023-08-17 13:00:00,00000000270,20230817130000,0.131,0.003,0.018,0.0,0.0,0.0,1.0,2.29,13.74,4,0.0,0.0,589376
2023-08-17 14:00:00,00000000270,20230817140000,0.115,0.003,0.023,0.0,0.0,0.0,1.0,2.61,20.0,4,0.0,0.0,589376
2023-08-17 15:00:00,00000000270,20230817150000,0.13,0.001,0.021,0.0,0.0,0.0,1.0,0.77,16.15,4,0.0,0.0,589376
2023-08-17 16:00:00,00000000270,20230817160000,0.13,0.003,0.016,0.0,0.0,0.0,1.0,2.31,12.31,4,0.0,0.0,589376
2023-08-17 17:00:00,00000000270,20230817170000,0.111,0.001,0.021,0.0,0.0,0.0,1.0,0.9,18.92,4,0.0,0.0,589376
2023-08-17 18:00:00,00000000270,20230817180000,0.118,0.001,0.02,0.0,0.0,0.0,1.0,0.85,16.95,4,0.0,0.0,589376
2023-08-17 19:00:00,00000000270,20230817190000,0.196,0.001,0.02,0.0,0.0,0.0,1.0,0.51,10.2,4,0.0,0.0,589376
2023-08-17 20:00:00,00000000270,20230817200000,0.159,0.003,0.013,0.0,0.0,0.0,1.0,1.89,8.18,4,0.0,0.0,589376
2023-08-17 21:00:00,00000000270,20230817210000,0.117,0.001,0.022,0.0,0.0,0.0,1.0,0.85,18.8,4,0.0,0.0,589376
2023-08-17 22:00:00,00000000270,20230817220000,0.139,0.001,0.027,0.0,0.0,0.0,1.0,0.72,19.42,4,0.0,0.0,589376
2023-08-17 23:00:00,00000000270,20230817230000,0.15,0.001,0.021,0.0,0.0,0.0,1.0,0.67,14.0,4,0.0,0.0,589376
2023-08-18 00:00:00,00000000270,20230818000000,0.147,0.001,0.023,0.0,0.0,0.0,1.0,0.68,15.65,4,0.0,0.0,589376
2023-08-18 01:00:00,00000000270,20230818010000,0.152,0.0,0.024,0.0,0.0,0.0,1.0,0.0,15.79,4,0.0,0.0,589376
2023-08-18 02:00:00,00000000270,20230818020000,0.121,0.001,0.034,0.0,0.0,0.0,1.0,0.83,28.1,4,0.0,0.0,589376
2023-08-18 03:00:00,00000000270,20230818030000,0.149,0.0,0.029,0.0,0.0,0.0,1.0,0.0,19.46,4,0.0,0.0,589376
2023-08-18 04:00:00,00000000270,20230818040000,0.138,0.001,0.029,0.0,0.0,0.0,1.0,0.72,21.01,4,0.0,0.0,589376
2023-08-18 05:00:00,00000000270,20230818050000,0.24,0.028,0.033,0.0,0.0,0.0,1.0,11.67,13.75,4,0.0,0.0,589376
2023-08-18 06:00:00,00000000270,20230818060000,0.151,0.002,0.025,0.0,0.0,0.0,1.0,1.32,16.56,4,0.0,0.0,589376
2023-08-18 07:00:00,00000000270,20230818070000,0.137,0.004,0.018,0.0,0.0,0.0,1.0,2.92,13.14,4,0.0,0.0,589376
2023-08-18 08:00:00,00000000270,20230818080000,0.105,0.002,0.024,0.0,0.0,0.0,1.0,1.9,22.86,4,0.0,0.0,589376
2023-08-18 09:00:00,00000000270,20230818090000,0.145,0.003,0.015,0.0,0.0,0.0,1.0,2.07,10.34,4,0.0,0.0,589376
2023-08-18 10:00:00,00000000270,20230818100000,0.118,0.004,0.022,0.0,0.0,0.0,1.0,3.39,18.64,4,0.0,0.0,589376
2023-08-18 11:00:00,00000000270,20230818110000,0.105,0.001,0.02,0.0,0.0,0.0,1.0,0.95,19.05,4,0.0,0.0,589376
2023-08-18 12:00:00,00000000270,20230818120000,0.124,0.002,0.018,0.0,0.0,0.0,1.0,1.61,14.52,4,0.0,0.0,589376
2023-08-18 13:00:00,00000000270,20230818130000,0.105,0.001,0.023,0.0,0.0,0.0,1.0,0.95,21.9,4,0.0,0.0,589376
2023-08-18 14:00:00,00000000270,20230818140000,0.133,0.002,0.016,0.0,0.0,0.0,1.0,1.5,12.03,4,0.0,0.0,589376
2023-08-18 15:00:00,00000000270,20230818150000,0.254,0.002,0.016,0.0,0.0,0.0,1.0,0.79,6.3,4,0.0,0.0,589376
2023-08-18 16:00:00,00000000270,20230818160000,1.341,0.001,0.014,0.0,0.0,0.0,1.0,0.07,1.04,4,0.0,0.0,589376
2023-08-18 17:00:00,00000000270,20230818170000,0.286,0.001,0.01,0.0,0.0,0.0,1.0,0.35,3.5,4,0.0,0.0,589376
2023-08-18 18:00:00,00000000270,20230818180000,0.126,0.003,0.021,0.0,0.0,0.0,1.0,2.38,16.67,4,0.0,0.0,589376
2023-08-18 19:00:00,00000000270,20230818190000,0.147,0.001,0.019,0.0,0.0,0.0,1.0,0.68,12.93,4,0.0,0.0,589376
2023-08-18 20:00:00,00000000270,20230818200000,0.166,0.014,0.026,0.0,0.0,0.0,1.0,8.43,15.66,4,0.0,0.0,589376
2023-08-18 21:00:00,00000000270,20230818210000,0.158,0.029,0.009,0.0,0.0,0.0,1.0,18.35,5.7,4,0.0,0.0,589376
2023-08-18 22:00:00,00000000270,20230818220000,0.163,0.001,0.029,0.0,0.0,0.0,1.0,0.61,17.79,4,0.0,0.0,589376
2023-08-18 23:00:00,00000000270,20230818230000,0.146,0.001,0.02,0.0,0.0,0.0,1.0,0.68,13.7,4,0.0,0.0,589376
2023-08-19 00:00:00,00000000270,20230819000000,0.123,0.002,0.022,0.0,0.0,0.0,1.0,1.63,17.89,4,0.0,0.0,589376
2023-08-19 01:00:00,00000000270,20230819010000,0.195,0.003,0.022,0.0,0.0,0.0,1.0,1.54,11.28,4,0.0,0.0,589376
2023-08-19 02:00:00,00000000270,20230819020000,0.16,0.002,0.02,0.0,0.0,0.0,1.0,1.25,12.5,4,0.0,0.0,589376
2023-08-19 03:00:00,00000000270,20230819030000,0.132,0.001,0.021,0.0,0.0,0.0,1.0,0.76,15.91,4,0.0,0.0,589376
2023-08-19 04:00:00,00000000270,20230819040000,0.116,0.001,0.019,0.0,0.0,0.0,1.0,0.86,16.38,4,0.0,0.0,589376
2023-08-19 05:00:00,00000000270,20230819050000,0.109,0.001,0.027,0.0,0.0,0.0,1.0,0.92,24.77,4,0.0,0.0,589376
2023-08-19 06:00:00,00000000270,20230819060000,0.132,0.003,0.018,0.0,0.0,0.0,1.0,2.27,13.64,4,0.0,0.0,589376
2023-08-19 07:00:00,00000000270,20230819070000,0.118,0.003,0.032,0.0,0.0,0.0,1.0,2.54,27.12,4,0.0,0.0,589376
2023-08-19 08:00:00,00000000270,20230819080000,0.195,0.0,0.027,0.0,0.0,0.0,1.0,0.0,13.85,4,0.0,0.0,589376
2023-08-19 09:00:00,00000000270,20230819090000,0.141,0.001,0.029,0.0,0.0,0.0,1.0,0.71,20.57,4,0.0,0.0,589376
2023-08-19 10:00:00,00000000270,20230819100000,0.101,0.001,0.031,0.0,0.0,0.0,1.0,0.99,30.69,4,0.0,0.0,589376
2023-08-19 11:00:00,00000000270,20230819110000,0.12,0.0,0.034,0.0,0.0,0.0,1.0,0.0,28.33,4,0.0,0.0,589376
2023-08-19 12:00:00,00000000270,20230819120000,0.161,0.001,0.034,0.0,0.0,0.0,1.0,0.62,21.12,4,0.0,0.0,589376
2023-08-19 13:00:00,00000000270,20230819130000,0.189,0.122,0.029,0.0,0.0,0.0,1.0,64.55,15.34,4,0.0,0.0,589376
2023-08-19 14:00:00,00000000270,20230819140000,0.119,0.051,0.028,0.0,0.0,0.0,1.0,42.86,23.53,4,0.0,0.0,589376
2023-08-19 15:00:00,00000000270,20230819150000,0.113,0.0,0.032,0.0,0.0,0.0,1.0,0.0,28.32,4,0.0,0.0,589376
2023-08-19 16:00:00,00000000270,20230819160000,0.362,0.001,0.034,0.0,0.0,0.0,1.0,0.28,9.39,4,0.0,0.0,589376
2023-08-19 17:00:00,00000000270,20230819170000,0.112,0.0,0.034,0.0,0.0,0.0,1.0,0.0,30.36,4,0.0,0.0,589376
2023-08-19 18:00:00,00000000270,20230819180000,0.217,0.106,0.005,0.0,0.0,0.0,1.0,48.85,2.3,4,0.0,0.0,589376
2023-08-19 19:00:00,00000000270,20230819190000,0.236,0.084,0.001,0.0,0.0,0.0,1.0,35.59,0.42,4,0.0,0.0,589376
2023-08-19 20:00:00,00000000270,20230819200000,0.229,0.007,0.006,0.0,0.0,0.0,1.0,3.06,2.62,4,0.0,0.0,589376
2023-08-19 21:00:00,00000000270,20230819210000,0.19,0.001,0.017,0.0,0.0,0.0,1.0,0.53,8.95,4,0.0,0.0,589376
2023-08-19 22:00:00,00000000270,20230819220000,0.151,0.003,0.017,0.0,0.0,0.0,1.0,1.99,11.26,4,0.0,0.0,589376
2023-08-19 23:00:00,00000000270,20230819230000,0.164,0.021,0.012,0.0,0.0,0.0,1.0,12.8,7.32,4,0.0,0.0,589376
2023-08-20 00:00:00,00000000270,20230820000000,0.166,0.031,0.012,0.0,0.0,0.0,1.0,18.67,7.23,4,0.0,0.0,589376
2023-08-20 01:00:00,00000000270,20230820010000,0.112,0.002,0.027,0.0,0.0,0.0,1.0,1.79,24.11,4,0.0,0.0,589376
2023-08-20 02:00:00,00000000270,20230820020000,0.113,0.003,0.025,0.0,0.0,0.0,1.0,2.65,22.12,4,0.0,0.0,589376
2023-08-20 03:00:00,00000000270,20230820030000,0.119,0.002,0.023,0.0,0.0,0.0,1.0,1.68,19.33,4,0.0,0.0,589376
2023-08-20 04:00:00,00000000270,20230820040000,0.107,0.002,0.028,0.0,0.0,0.0,1.0,1.87,26.17,4,0.0,0.0,589376
2023-08-20 05:00:00,00000000270,20230820050000,0.168,0.036,0.014,0.0,0.0,0.0,1.0,21.43,8.33,4,0.0,0.0,589376
2023-08-20 06:00:00,00000000270,20230820060000,0.106,0.001,0.032,0.0,0.0,0.0,1.0,0.94,30.19,4,0.0,0.0,589376
2023-08-20 07:00:00,00000000270,20230820070000,0.094,0.0,0.036,0.0,0.0,0.0,1.0,0.0,38.3,4,0.0,0.0,589376
2023-08-20 08:00:00,00000000270,20230820080000,0.164,0.001,0.035,0.0,0.0,0.0,1.0,0.61,21.34,4,0.0,0.0,589376
2023-08-20 09:00:00,00000000270,20230820090000,0.473,0.184,0.021,0.0,0.0,0.0,1.0,38.9,4.44,4,0.0,0.0,589376
2023-08-20 10:00:00,00000000270,20230820100000,0.386,0.336,0.007,0.0,0.0,0.0,1.0,87.05,1.81,4,0.0,0.0,589376
2023-08-20 11:00:00,00000000270,20230820110000,0.083,0.001,0.034,0.0,0.0,0.0,1.0,1.2,40.96,4,0.0,0.0,589376
2023-08-20 12:00:00,00000000270,20230820120000,0.094,0.0,0.034,0.0,0.0,0.0,1.0,0.0,36.17,4,0.0,0.0,589376
2023-08-20 13:00:00,00000000270,20230820130000,0.098,0.0,0.033,0.0,0.0,0.0,1.0,0.0,33.67,4,0.0,0.0,589376
2023-08-20 14:00:00,00000000270,20230820140000,0.094,0.001,0.033,0.0,0.0,0.0,1.0,1.06,35.11,4,0.0,0.0,589376
2023-08-20 15:00:00,00000000270,20230820150000,0.085,0.0,0.032,0.0,0.0,0.0,1.0,0.0,37.65,4,0.0,0.0,589376
2023-08-20 16:00:00,00000000270,20230820160000,0.098,0.001,0.032,0.0,0.0,0.0,1.0,1.02,32.65,4,0.0,0.0,589376
2023-08-20 17:00:00,00000000270,20230820170000,0.082,0.001,0.033,0.0,0.0,0.0,1.0,1.22,40.24,4,0.0,0.0,589376
2023-08-20 18:00:00,00000000270,20230820180000,0.153,0.0,0.034,0.0,0.0,0.0,1.0,0.0,22.22,4,0.0,0.0,589376
2023-08-20 19:00:00,00000000270,20230820190000,0.131,0.0,0.027,0.0,0.0,0.0,1.0,0.0,20.61,4,0.0,0.0,589376
2023-08-20 20:00:00,00000000270,20230820200000,0.095,0.01,0.026,0.0,0.0,0.0,1.0,10.53,27.37,4,0.0,0.0,589376
2023-08-20 21:00:00,00000000270,20230820210000,0.345,0.002,0.033,0.0,0.0,0.0,1.0,0.58,9.57,4,0.0,0.0,589376
2023-08-20 22:00:00,00000000270,20230820220000,1.044,0.007,0.013,0.0,0.0,0.0,1.0,0.67,1.25,4,0.0,0.0,589376
2023-08-20 23:00:00,00000000270,20230820230000,0.078,0.001,0.034,0.0,0.0,0.0,1.0,1.28,43.59,4,0.0,0.0,589376
2023-08-21 00:00:00,00000000270,20230821000000,0.087,0.0,0.033,0.0,0.0,0.0,1.0,0.0,37.93,4,0.0,0.0,589376
2023-08-21 01:00:00,00000000270,20230821010000,0.09,0.001,0.033,0.0,0.0,0.0,1.0,1.11,36.67,4,0.0,0.0,589376
2023-08-21 02:00:00,00000000270,20230821020000,0.068,0.0,0.035,0.0,0.0,0.0,1.0,0.0,51.47,4,0.0,0.0,589376
2023-08-21 03:00:00,00000000270,20230821030000,0.084,0.001,0.034,0.0,0.0,0.0,1.0,1.19,40.48,4,0.0,0.0,589376
2023-08-21 04:00:00,00000000270,20230821040000,0.158,0.0,0.035,0.0,0.0,0.0,1.0,0.0,22.15,4,0.0,0.0,589376
2023-08-21 05:00:00,00000000270,20230821050000,0.121,0.029,0.017,0.0,0.0,0.0,1.0,23.97,14.05,4,0.0,0.0,589376
2023-08-21 06:00:00,00000000270,20230821060000,0.112,0.018,0.025,0.0,0.0,0.0,1.0,16.07,22.32,4,0.0,0.0,589376
2023-08-21 07:00:00,00000000270,20230821070000,0.069,0.001,0.036,0.0,0.0,0.0,1.0,1.45,52.17,4,0.0,0.0,589376
2023-08-21 08:00:00,00000000270,20230821080000,0.084,0.0,0.034,0.0,0.0,0.0,1.0,0.0,40.48,4,0.0,0.0,589376
2023-08-21 09:00:00,00000000270,20230821090000,0.078,0.001,0.032,0.0,0.0,0.0,1.0,1.28,41.03,4,0.0,0.0,589376
2023-08-21 10:00:00,00000000270,20230821100000,0.078,0.0,0.029,0.0,0.0,0.0,1.0,0.0,37.18,4,0.0,0.0,589376
2023-08-21 11:00:00,00000000270,20230821110000,0.089,0.001,0.028,0.0,0.0,0.0,1.0,1.12,31.46,4,0.0,0.0,589376
2023-08-21 12:00:00,00000000270,20230821120000,0.069,0.0,0.031,0.0,0.0,0.0,1.0,0.0,44.93,4,0.0,0.0,589376
2023-08-21 13:00:00,00000000270,20230821130000,0.084,0.001,0.03,0.0,0.0,0.0,1.0,1.19,35.71,4,0.0,0.0,589376
2023-08-21 14:00:00,00000000270,20230821140000,0.154,0.0,0.031,0.0,0.0,0.0,1.0,0.0,20.13,4,0.0,0.0,589376
2023-08-21 15:00:00,00000000270,20230821150000,0.112,0.001,0.026,0.0,0.0,0.0,1.0,0.89,23.21,4,0.0,0.0,589376
2023-08-21 16:00:00,00000000270,20230821160000,0.081,0.0,0.029,0.0,0.0,0.0,1.0,0.0,35.8,4,0.0,0.0,589376
2023-08-21 17:00:00,00000000270,20230821170000,0.081,0.001,0.031,0.0,0.0,0.0,1.0,1.23,38.27,4,0.0,0.0,589376
2023-08-21 18:00:00,00000000270,20230821180000,0.08,0.0,0.031,0.0,0.0,0.0,1.0,0.0,38.75,4,0.0,0.0,589376
2023-08-21 19:00:00,00000000270,20230821190000,0.09,0.001,0.03,0.0,0.0,0.0,1.0,1.11,33.33,4,0.0,0.0,589376
2023-08-21 20:00:00,00000000270,20230821200000,0.072,0.0,0.031,0.0,0.0,0.0,1.0,0.0,43.06,4,0.0,0.0,589376
2023-08-21 21:00:00,00000000270,20230821210000,0.094,0.001,0.03,0.0,0.0,0.0,1.0,1.06,31.91,4,0.0,0.0,589376
2023-08-21 22:00:00,00000000270,20230821220000,0.107,0.0,0.03,0.0,0.0,0.0,1.0,0.0,28.04,4,0.0,0.0,589376
2023-08-21 23:00:00,00000000270,20230821230000,0.166,0.0,0.033,0.0,0.0,0.0,1.0,0.0,19.88,4,0.0,0.0,589376
2023-08-22 00:00:00,00000000270,20230822000000,0.116,0.001,0.028,0.0,0.0,0.0,1.0,0.86,24.14,4,0.0,0.0,589376
2023-08-22 01:00:00,00000000270,20230822010000,0.094,0.0,0.03,0.0,0.0,0.0,1.0,0.0,31.91,4,0.0,0.0,589376
2023-08-22 02:00:00,00000000270,20230822020000,0.074,0.001,0.034,0.0,0.0,0.0,1.0,1.35,45.95,4,0.0,0.0,589376
2023-08-22 03:00:00,00000000270,20230822030000,0.076,0.0,0.033,0.0,0.0,0.0,1.0,0.0,43.42,4,0.0,0.0,589376
2023-08-22 04:00:00,00000000270,20230822040000,0.095,0.001,0.033,0.0,0.0,0.0,1.0,1.05,34.74,4,0.0,0.0,589376
2023-08-22 05:00:00,00000000270,20230822050000,0.091,0.009,0.032,0.0,0.0,0.0,1.0,9.89,35.16,4,0.0,0.0,589376
2023-08-22 06:00:00,00000000270,20230822060000,0.076,0.001,0.035,0.0,0.0,0.0,1.0,1.32,46.05,4,0.0,0.0,589376
2023-08-22 07:00:00,00000000270,20230822070000,0.09,0.0,0.033,0.0,0.0,0.0,1.0,0.0,36.67,4,0.0,0.0,589376
2023-08-22 08:00:00,00000000270,20230822080000,0.154,0.0,0.035,0.0,0.0,0.0,1.0,0.0,22.73,4,0.0,0.0,589376
2023-08-22 09:00:00,00000000270,20230822090000,0.111,0.001,0.029,0.0,0.0,0.0,1.0,0.9,26.13,4,0.0,0.0,589376
2023-08-22 10:00:00,00000000270,20230822100000,0.108,0.026,0.025,0.0,0.0,0.0,1.0,24.07,23.15,4,0.0,0.0,589376
2023-08-22 11:00:00,00000000270,20230822110000,0.084,0.0,0.029,0.0,0.0,0.0,1.0,0.0,34.52,4,0.0,0.0,589376
2023-08-22 12:00:00,00000000270,20230822120000,0.08,0.001,0.03,0.0,0.0,0.0,1.0,1.25,37.5,4,0.0,0.0,589376
2023-08-22 13:00:00,00000000270,20230822130000,0.076,0.0,0.031,0.0,0.0,0.0,1.0,0.0,40.79,4,0.0,0.0,589376
2023-08-22 14:00:00,00000000270,20230822140000,0.069,0.001,0.032,0.0,0.0,0.0,1.0,1.45,46.38,4,0.0,0.0,589376
2023-08-22 15:00:00,00000000270,20230822150000,0.082,0.0,0.03,0.0,0.0,0.0,1.0,0.0,36.59,4,0.0,0.0,589376
2023-08-22 16:00:00,00000000270,20230822160000,0.088,0.001,0.03,0.0,0.0,0.0,1.0,1.14,34.09,4,0.0,0.0,589376
2023-08-22 17:00:00,00000000270,20230822170000,0.153,0.0,0.031,0.0,0.0,0.0,1.0,0.0,20.26,4,0.0,0.0,589376
2023-08-22 18:00:00,00000000270,20230822180000,0.133,0.001,0.026,0.0,0.0,0.0,1.0,0.75,19.55,4,0.0,0.0,589376
2023-08-22 19:00:00,00000000270,20230822190000,0.105,0.0,0.029,0.0,0.0,0.0,1.0,0.0,27.62,4,0.0,0.0,589376
2023-08-22 20:00:00,00000000270,20230822200000,0.115,0.01,0.025,0.0,0.0,0.0,1.0,8.7,21.74,4,0.0,0.0,589376
2023-08-22 21:00:00,00000000270,20230822210000,0.08,0.001,0.029,0.0,0.0,0.0,1.0,1.25,36.25,4,0.0,0.0,589376
2023-08-22 22:00:00,00000000270,20230822220000,0.087,0.0,0.029,0.0,0.0,0.0,1.0,0.0,33.33,4,0.0,0.0,589376
2023-08-22 23:00:00,00000000270,20230822230000,0.09,0.001,0.031,0.0,0.0,0.0,1.0,1.11,34.44,4,0.0,0.0,589376
2023-08-23 00:00:00,00000000270,20230823000000,0.093,0.0,0.031,0.0,0.0,0.0,1.0,0.0,33.33,4,0.0,0.0,589376
2023-08-23 01:00:00,00000000270,20230823010000,0.069,0.001,0.033,0.0,0.0,0.0,1.0,1.45,47.83,4,0.0,0.0,589376
2023-08-23 02:00:00,00000000270,20230823020000,0.151,0.0,0.035,0.0,0.0,0.0,1.0,0.0,23.18,4,0.0,0.0,589376
2023-08-23 03:00:00,00000000270,20230823030000,0.121,0.0,0.029,0.0,0.0,0.0,1.0,0.0,23.97,4,0.0,0.0,589376
2023-08-23 04:00:00,00000000270,20230823040000,0.097,0.001,0.032,0.0,0.0,0.0,1.0,1.03,32.99,4,0.0,0.0,589376
2023-08-23 05:00:00,00000000270,20230823050000,0.085,0.0,0.038,0.0,0.0,0.0,1.0,0.0,44.71,4,0.0,0.0,589376
2023-08-23 06:00:00,00000000270,20230823060000,0.079,0.001,0.035,0.0,0.0,0.0,1.0,1.27,44.3,4,0.0,0.0,589376
2023-08-23 07:00:00,00000000270,20230823070000,0.085,0.0,0.033,0.0,0.0,0.0,1.0,0.0,38.82,4,0.0,0.0,589376
2023-08-23 08:00:00,00000000270,20230823080000,0.089,0.001,0.031,0.0,0.0,0.0,1.0,1.12,34.83,4,0.0,0.0,589376
2023-08-23 09:00:00,00000000270,20230823090000,0.066,0.0,0.033,0.0,0.0,0.0,1.0,0.0,50.0,4,0.0,0.0,589376
2023-08-23 10:00:00,00000000270,20230823100000,0.087,0.001,0.029,0.0,0.0,0.0,1.0,1.15,33.33,4,0.0,0.0,589376
2023-08-23 11:00:00,00000000270,20230823110000,0.084,0.0,0.03,0.0,0.0,0.0,1.0,0.0,35.71,4,0.0,0.0,589376
2023-08-23 12:00:00,00000000270,20230823120000,0.166,0.0,0.032,0.0,0.0,0.0,1.0,0.0,19.28,4,0.0,0.0,589376
2023-08-23 13:00:00,00000000270,20230823130000,0.106,0.001,0.028,0.0,0.0,0.0,1.0,0.94,26.42,4,0.0,0.0,589376
2023-08-23 14:00:00,00000000270,20230823140000,0.08,0.0,0.031,0.0,0.0,0.0,1.0,0.0,38.75,4,0.0,0.0,589376
2023-08-23 15:00:00,00000000270,20230823150000,0.088,0.001,0.029,0.0,0.0,0.0,1.0,1.14,32.95,4,0.0,0.0,589376
2023-08-23 16:00:00,00000000270,20230823160000,0.08,0.0,0.03,0.0,0.0,0.0,1.0,0.0,37.5,4,0.0,0.0,589376
2023-08-23 17:00:00,00000000270,20230823170000,0.09,0.001,0.029,0.0,0.0,0.0,1.0,1.11,32.22,4,0.0,0.0,589376
2023-08-23 18:00:00,00000000270,20230823180000,0.116,0.011,0.03,0.0,0.0,0.0,1.0,9.48,25.86,4,0.0,0.0,589376
2023-08-23 19:00:00,00000000270,20230823190000,0.071,0.0,0.031,0.0,0.0,0.0,1.0,0.0,43.66,4,0.0,0.0,589376
2023-08-23 20:00:00,00000000270,20230823200000,0.076,0.0,0.029,0.0,0.0,0.0,1.0,0.0,38.16,4,0.0,0.0,589376
2023-08-23 21:00:00,00000000270,20230823210000,0.151,0.001,0.032,0.0,0.0,0.0,1.0,0.66,21.19,4,0.0,0.0,589376
2023-08-23 22:00:00,00000000270,20230823220000,0.13,0.0,0.028,0.0,0.0,0.0,1.0,0.0,21.54,4,0.0,0.0,589376
2023-08-23 23:00:00,00000000270,20230823230000,0.083,0.001,0.031,0.0,0.0,0.0,1.0,1.2,37.35,4,0.0,0.0,589376
2023-08-24 00:00:00,00000000270,20230824000000,0.09,0.0,0.031,0.0,0.0,0.0,1.0,0.0,34.44,4,0.0,0.0,589376
2023-08-24 01:00:00,00000000270,20230824010000,0.071,0.001,0.033,0.0,0.0,0.0,1.0,1.41,46.48,4,0.0,0.0,589376
2023-08-24 02:00:00,00000000270,20230824020000,0.075,0.0,0.033,0.0,0.0,0.0,1.0,0.0,44.0,4,0.0,0.0,589376
2023-08-24 03:00:00,00000000270,20230824030000,0.086,0.001,0.033,0.0,0.0,0.0,1.0,1.16,38.37,4,0.0,0.0,589376
2023-08-24 04:00:00,00000000270,20230824040000,0.07,0.001,0.035,0.0,0.0,0.0,1.0,1.43,50.0,4,0.0,0.0,589376
2023-08-24 05:00:00,00000000270,20230824050000,0.143,0.06,0.0,0.0,0.0,0.0,1.0,41.96,0.0,4,0.0,0.0,589376
2023-08-24 06:00:00,00000000270,20230824060000,0.619,0.108,0.027,0.0,0.0,0.0,1.0,17.45,4.36,4,0.0,0.0,589376
2023-08-24 07:00:00,00000000270,20230824070000,0.491,0.458,0.014,0.0,0.0,0.0,1.0,93.28,2.85,4,0.0,0.0,589376
2023-08-24 08:00:00,00000000270,20230824080000,0.227,0.312,0.01,0.0,0.0,0.0,1.0,137.44,4.41,4,0.0,0.0,589376
2023-08-24 09:00:00,00000000270,20230824090000,0.075,0.0,0.03,0.0,0.0,0.0,1.0,0.0,40.0,4,0.0,0.0,589376
2023-08-24 10:00:00,00000000270,20230824100000,0.086,0.001,0.031,0.0,0.0,0.0,1.0,1.16,36.05,4,0.0,0.0,589376
2023-08-24 11:00:00,00000000270,20230824110000,0.072,0.0,0.031,0.0,0.0,0.0,1.0,0.0,43.06,4,0.0,0.0,589376
2023-08-24 12:00:00,00000000270,20230824120000,0.073,0.001,0.031,0.0,0.0,0.0,1.0,1.37,42.47,4,0.0,0.0,589376
2023-08-24 13:00:00,00000000270,20230824130000,0.087,0.0,0.028,0.0,0.0,0.0,1.0,0.0,32.18,4,0.0,0.0,589376
2023-08-24 14:00:00,00000000270,20230824140000,0.093,0.001,0.03,0.0,0.0,0.0,1.0,1.08,32.26,4,0.0,0.0,589376
2023-08-24 15:00:00,00000000270,20230824150000,0.083,0.0,0.031,0.0,0.0,0.0,1.0,0.0,37.35,4,0.0,0.0,589376
2023-08-24 16:00:00,00000000270,20230824160000,0.106,0.001,0.032,0.0,0.0,0.0,1.0,0.94,30.19,4,0.0,0.0,589376
2023-08-24 17:00:00,00000000270,20230824170000,0.147,0.0,0.029,0.0,0.0,0.0,1.0,0.0,19.73,4,0.0,0.0,589376
2023-08-24 18:00:00,00000000270,20230824180000,0.106,0.0,0.029,0.0,0.0,0.0,1.0,0.0,27.36,4,0.0,0.0,589376
2023-08-24 19:00:00,00000000270,20230824190000,0.072,0.001,0.031,0.0,0.0,0.0,1.0,1.39,43.06,4,0.0,0.0,589376
2023-08-24 20:00:00,00000000270,20230824200000,0.087,0.0,0.028,0.0,0.0,0.0,1.0,0.0,32.18,4,0.0,0.0,589376
2023-08-24 21:00:00,00000000270,20230824210000,0.078,0.001,0.029,0.0,0.0,0.0,1.0,1.28,37.18,4,0.0,0.0,589376
2023-08-24 22:00:00,00000000270,20230824220000,0.076,0.008,0.028,0.0,0.0,0.0,1.0,10.53,36.84,4,0.0,0.0,589376
2023-08-24 23:00:00,00000000270,20230824230000,0.117,0.035,0.013,0.0,0.0,0.0,1.0,29.91,11.11,4,0.0,0.0,589376
2023-08-25 00:00:00,00000000270,20230825000000,0.086,0.001,0.032,0.0,0.0,0.0,1.0,1.16,37.21,4,0.0,0.0,589376
2023-08-25 01:00:00,00000000270,20230825010000,0.071,0.0,0.034,0.0,0.0,0.0,1.0,0.0,47.89,4,0.0,0.0,589376
2023-08-25 02:00:00,00000000270,20230825020000,0.136,0.001,0.034,0.0,0.0,0.0,1.0,0.74,25.0,4,0.0,0.0,589376
2023-08-25 03:00:00,00000000270,20230825030000,0.109,0.0,0.03,0.0,0.0,0.0,1.0,0.0,27.52,4,0.0,0.0,589376
2023-08-25 04:00:00,00000000270,20230825040000,0.079,0.001,0.033,0.0,0.0,0.0,1.0,1.27,41.77,4,0.0,0.0,589376
2023-08-25 05:00:00,00000000270,20230825050000,0.073,0.0,0.035,0.0,0.0,0.0,1.0,0.0,47.95,4,0.0,0.0,589376
2023-08-25 06:00:00,00000000270,20230825060000,0.082,0.0,0.033,0.0,0.0,0.0,1.0,0.0,40.24,4,0.0,0.0,589376
2023-08-25 07:00:00,00000000270,20230825070000,0.068,0.001,0.035,0.0,0.0,0.0,1.0,1.47,51.47,4,0.0,0.0,589376
2023-08-25 08:00:00,00000000270,20230825080000,0.097,0.0,0.029,0.0,0.0,0.0,1.0,0.0,29.9,4,0.0,0.0,589376
2023-08-25 09:00:00,00000000270,20230825090000,0.079,0.001,0.03,0.0,0.0,0.0,1.0,1.27,37.97,4,0.0,0.0,589376
2023-08-25 10:00:00,00000000270,20230825100000,0.087,0.0,0.03,0.0,0.0,0.0,1.0,0.0,34.48,4,0.0,0.0,589376
2023-08-25 11:00:00,00000000270,20230825110000,0.071,0.001,0.03,0.0,0.0,0.0,1.0,1.41,42.25,4,0.0,0.0,589376
2023-08-25 12:00:00,00000000270,20230825120000,0.136,0.0,0.033,0.0,0.0,0.0,1.0,0.0,24.26,4,0.0,0.0,589376
2023-08-25 13:00:00,00000000270,20230825130000,0.134,0.001,0.029,0.0,0.0,0.0,1.0,0.75,21.64,4,0.0,0.0,589376
2023-08-25 14:00:00,00000000270,20230825140000,0.094,0.0,0.029,0.0,0.0,0.0,1.0,0.0,30.85,4,0.0,0.0,589376
2023-08-25 15:00:00,00000000270,20230825150000,0.09,0.001,0.031,0.0,0.0,0.0,1.0,1.11,34.44,4,0.0,0.0,589376
2023-08-25 16:00:00,00000000270,20230825160000,0.275,0.0,0.033,0.0,0.0,0.0,1.0,0.0,12.0,4,0.0,0.0,589376
2023-08-25 17:00:00,00000000270,20230825170000,0.085,0.001,0.028,0.0,0.0,0.0,1.0,1.18,32.94,4,0.0,0.0,589376
2023-08-25 18:00:00,00000000270,20230825180000,0.086,0.0,0.03,0.0,0.0,0.0,1.0,0.0,34.88,4,0.0,0.0,589376
2023-08-25 19:00:00,00000000270,20230825190000,0.218,0.0,0.031,0.0,0.0,0.0,1.0,0.0,14.22,4,0.0,0.0,589376
2023-08-25 20:00:00,00000000270,20230825200000,0.108,0.022,0.019,0.0,0.0,0.0,1.0,20.37,17.59,4,0.0,0.0,589376
2023-08-25 21:00:00,00000000270,20230825210000,0.293,0.041,0.004,0.0,0.0,0.0,1.0,13.99,1.37,4,0.0,0.0,589376
2023-08-25 22:00:00,00000000270,20230825220000,0.22,0.001,0.006,0.0,0.0,0.0,1.0,0.45,2.73,4,0.0,0.0,589376
2023-08-25 23:00:00,00000000270,20230825230000,0.188,0.003,0.003,0.0,0.0,0.0,1.0,1.6,1.6,4,0.0,0.0,589376
2023-08-26 00:00:00,00000000270,20230826000000,0.153,0.001,0.004,0.0,0.0,0.0,1.0,0.65,2.61,4,0.0,0.0,589376
2023-08-26 01:00:00,00000000270,20230826010000,0.142,0.003,0.005,0.0,0.0,0.0,1.0,2.11,3.52,4,0.0,0.0,589376
2023-08-26 02:00:00,00000000270,20230826020000,0.137,0.001,0.006,0.0,0.0,0.0,1.0,0.73,4.38,4,0.0,0.0,589376
2023-08-26 03:00:00,00000000270,20230826030000,0.147,0.004,0.004,0.0,0.0,0.0,1.0,2.72,2.72,4,0.0,0.0,589376
2023-08-26 04:00:00,00000000270,20230826040000,0.144,0.002,0.003,0.0,0.0,0.0,1.0,1.39,2.08,4,0.0,0.0,589376
2023-08-26 05:00:00,00000000270,20230826050000,0.129,0.002,0.005,0.0,0.0,0.0,1.0,1.55,3.88,4,0.0,0.0,589376
2023-08-26 06:00:00,00000000270,20230826060000,0.145,0.001,0.004,0.0,0.0,0.0,1.0,0.69,2.76,4,0.0,0.0,589376
2023-08-26 07:00:00,00000000270,20230826070000,0.146,0.003,0.003,0.0,0.0,0.0,1.0,2.05,2.05,4,0.0,0.0,589376
2023-08-26 08:00:00,00000000270,20230826080000,0.133,0.003,0.005,0.0,0.0,0.0,1.0,2.26,3.76,4,0.0,0.0,589376
2023-08-26 09:00:00,00000000270,20230826090000,0.127,0.002,0.004,0.0,0.0,0.0,1.0,1.57,3.15,4,0.0,0.0,589376
2023-08-26 10:00:00,00000000270,20230826100000,0.16,0.002,0.008,0.0,0.0,0.0,1.0,1.25,5.0,4,0.0,0.0,589376
2023-08-26 11:00:00,00000000270,20230826110000,0.243,0.0,0.033,0.0,0.0,0.0,1.0,0.0,13.58,4,0.0,0.0,589376
2023-08-26 12:00:00,00000000270,20230826120000,0.127,0.002,0.013,0.0,0.0,0.0,1.0,1.57,10.24,4,0.0,0.0,589376
2023-08-26 13:00:00,00000000270,20230826130000,0.257,0.003,0.003,0.0,0.0,0.0,1.0,1.17,1.17,4,0.0,0.0,589376
2023-08-26 14:00:00,00000000270,20230826140000,0.134,0.001,0.027,0.0,0.0,0.0,1.0,0.75,20.15,4,0.0,0.0,589376
2023-08-26 15:00:00,00000000270,20230826150000,0.163,0.002,0.003,0.0,0.0,0.0,1.0,1.23,1.84,4,0.0,0.0,589376
2023-08-26 16:00:00,00000000270,20230826160000,0.134,0.002,0.015,0.0,0.0,0.0,1.0,1.49,11.19,4,0.0,0.0,589376
2023-08-26 17:00:00,00000000270,20230826170000,0.141,0.002,0.016,0.0,0.0,0.0,1.0,1.42,11.35,4,0.0,0.0,589376
2023-08-26 18:00:00,00000000270,20230826180000,0.173,0.001,0.007,0.0,0.0,0.0,1.0,0.58,4.05,4,0.0,0.0,589376
2023-08-26 19:00:00,00000000270,20230826190000,0.315,0.0,0.021,0.0,0.0,0.0,1.0,0.0,6.67,4,0.0,0.0,589376
2023-08-26 20:00:00,00000000270,20230826200000,0.166,0.002,0.005,0.0,0.0,0.0,1.0,1.2,3.01,4,0.0,0.0,589376
2023-08-26 21:00:00,00000000270,20230826210000,0.227,0.001,0.007,0.0,0.0,0.0,1.0,0.44,3.08,4,0.0,0.0,589376
2023-08-26 22:00:00,00000000270,20230826220000,0.2,0.002,0.003,0.0,0.0,0.0,1.0,1.0,1.5,4,0.0,0.0,589376
2023-08-26 23:00:00,00000000270,20230826230000,0.169,0.003,0.003,0.0,0.0,0.0,1.0,1.78,1.78,4,0.0,0.0,589376
2023-08-27 00:00:00,00000000270,20230827000000,0.158,0.003,0.004,0.0,0.0,0.0,1.0,1.9,2.53,4,0.0,0.0,589376
2023-08-27 01:00:00,00000000270,20230827010000,0.154,0.001,0.018,0.0,0.0,0.0,1.0,0.65,11.69,4,0.0,0.0,589376
2023-08-27 02:00:00,00000000270,20230827020000,0.17,0.002,0.005,0.0,0.0,0.0,1.0,1.18,2.94,4,0.0,0.0,589376
2023-08-27 03:00:00,00000000270,20230827030000,0.155,0.003,0.003,0.0,0.0,0.0,1.0,1.94,1.94,4,0.0,0.0,589376
2023-08-27 04:00:00,00000000270,20230827040000,0.136,0.002,0.005,0.0,0.0,0.0,1.0,1.47,3.68,4,0.0,0.0,589376
2023-08-27 05:00:00,00000000270,20230827050000,0.149,0.003,0.004,0.0,0.0,0.0,1.0,2.01,2.68,4,0.0,0.0,589376
2023-08-27 06:00:00,00000000270,20230827060000,0.152,0.003,0.003,0.0,0.0,0.0,1.0,1.97,1.97,4,0.0,0.0,589376
2023-08-27 07:00:00,00000000270,20230827070000,0.226,0.003,0.003,0.0,0.0,0.0,1.0,1.33,1.33,4,0.0,0.0,589376
2023-08-27 08:00:00,00000000270,20230827080000,0.17,0.004,0.002,0.0,0.0,0.0,1.0,2.35,1.18,4,0.0,0.0,589376
2023-08-27 09:00:00,00000000270,20230827090000,0.152,0.004,0.004,0.0,0.0,0.0,1.0,2.63,2.63,4,0.0,0.0,589376
2023-08-27 10:00:00,00000000270,20230827100000,0.489,0.0,0.009,0.0,0.0,0.0,1.0,0.0,1.84,4,0.0,0.0,589376
2023-08-27 11:00:00,00000000270,20230827110000,0.126,0.001,0.034,0.0,0.0,0.0,1.0,0.79,26.98,4,0.0,0.0,589376
2023-08-27 12:00:00,00000000270,20230827120000,0.085,0.0,0.032,0.0,0.0,0.0,1.0,0.0,37.65,4,0.0,0.0,589376
2023-08-27 13:00:00,00000000270,20230827130000,0.208,0.001,0.032,0.0,0.0,0.0,1.0,0.48,15.38,4,0.0,0.0,589376
2023-08-27 14:00:00,00000000270,20230827140000,0.085,0.0,0.032,0.0,0.0,0.0,1.0,0.0,37.65,4,0.0,0.0,589376
2023-08-27 15:00:00,00000000270,20230827150000,0.08,0.001,0.034,0.0,0.0,0.0,1.0,1.25,42.5,4,0.0,0.0,589376
2023-08-27 16:00:00,00000000270,20230827160000,0.829,0.0,0.031,0.0,0.0,0.0,1.0,0.0,3.74,4,0.0,0.0,589376
2023-08-27 17:00:00,00000000270,20230827170000,0.889,0.001,0.025,0.0,0.0,0.0,1.0,0.11,2.81,4,0.0,0.0,589376
2023-08-27 18:00:00,00000000270,20230827180000,0.129,0.0,0.029,0.0,0.0,0.0,1.0,0.0,22.48,4,0.0,0.0,589376
2023-08-27 19:00:00,00000000270,20230827190000,0.09,0.0,0.029,0.0,0.0,0.0,1.0,0.0,32.22,4,0.0,0.0,589376
2023-08-27 20:00:00,00000000270,20230827200000,0.071,0.001,0.03,0.0,0.0,0.0,1.0,1.41,42.25,4,0.0,0.0,589376
2023-08-27 21:00:00,00000000270,20230827210000,0.107,0.0,0.041,0.0,0.0,0.0,1.0,0.0,38.32,4,0.0,0.0,589376
2023-08-27 22:00:00,00000000270,20230827220000,0.111,0.004,0.038,0.0,0.0,0.0,1.0,3.6,34.23,4,0.0,0.0,589376
2023-08-27 23:00:00,00000000270,20230827230000,0.111,0.003,0.042,0.0,0.0,0.0,1.0,2.7,37.84,4,0.0,0.0,589376
2023-08-28 00:00:00,00000000270,20230828000000,0.116,0.001,0.046,0.0,0.0,0.0,1.0,0.86,39.66,4,0.0,0.0,589376
2023-08-28 01:00:00,00000000270,20230828010000,0.11,0.0,0.039,0.0,0.0,0.0,1.0,0.0,35.45,4,0.0,0.0,589376
2023-08-28 02:00:00,00000000270,20230828020000,0.167,0.001,0.039,0.0,0.0,0.0,1.0,0.6,23.35,4,0.0,0.0,589376
2023-08-28 03:00:00,00000000270,20230828030000,0.123,0.0,0.034,0.0,0.0,0.0,1.0,0.0,27.64,4,0.0,0.0,589376
2023-08-28 04:00:00,00000000270,20230828040000,0.09,0.0,0.038,0.0,0.0,0.0,1.0,0.0,42.22,4,0.0,0.0,589376
2023-08-28 05:00:00,00000000270,20230828050000,0.101,0.001,0.038,0.0,0.0,0.0,1.0,0.99,37.62,4,0.0,0.0,589376
2023-08-28 06:00:00,00000000270,20230828060000,0.101,0.0,0.046,0.0,0.0,0.0,1.0,0.0,45.54,4,0.0,0.0,589376
2023-08-28 07:00:00,00000000270,20230828070000,0.076,0.001,0.04,0.0,0.0,0.0,1.0,1.32,52.63,4,0.0,0.0,589376
2023-08-28 08:00:00,00000000270,20230828080000,0.089,0.0,0.036,0.0,0.0,0.0,1.0,0.0,40.45,4,0.0,0.0,589376
2023-08-28 09:00:00,00000000270,20230828090000,0.09,0.001,0.034,0.0,0.0,0.0,1.0,1.11,37.78,4,0.0,0.0,589376
2023-08-28 10:00:00,00000000270,20230828100000,0.419,0.362,0.009,0.0,0.0,0.0,1.0,86.4,2.15,4,0.0,0.0,589376
2023-08-28 11:00:00,00000000270,20230828110000,0.093,0.006,0.03,0.0,0.0,0.0,1.0,6.45,32.26,4,0.0,0.0,589376
2023-08-28 12:00:00,00000000270,20230828120000,0.161,0.001,0.033,0.0,0.0,0.0,1.0,0.62,20.5,4,0.0,0.0,589376
2023-08-28 13:00:00,00000000270,20230828130000,0.125,0.0,0.028,0.0,0.0,0.0,1.0,0.0,22.4,4,0.0,0.0,589376
2023-08-28 14:00:00,00000000270,20230828140000,0.108,0.001,0.031,0.0,0.0,0.0,1.0,0.93,28.7,4,0.0,0.0,589376
2023-08-28 15:00:00,00000000270,20230828150000,0.1,0.0,0.032,0.0,0.0,0.0,1.0,0.0,32.0,4,0.0,0.0,589376
2023-08-28 16:00:00,00000000270,20230828160000,0.085,0.001,0.034,0.0,0.0,0.0,1.0,1.18,40.0,4,0.0,0.0,589376
2023-08-28 17:00:00,00000000270,20230828170000,0.098,0.0,0.032,0.0,0.0,0.0,1.0,0.0,32.65,4,0.0,0.0,589376
2023-08-28 18:00:00,00000000270,20230828180000,0.089,0.0,0.033,0.0,0.0,0.0,1.0,0.0,37.08,4,0.0,0.0,589376
2023-08-28 19:00:00,00000000270,20230828190000,0.096,0.008,0.029,0.0,0.0,0.0,1.0,8.33,30.21,4,0.0,0.0,589376
2023-08-28 20:00:00,00000000270,20230828200000,0.097,0.005,0.027,0.0,0.0,0.0,1.0,5.15,27.84,4,0.0,0.0,589376
2023-08-28 21:00:00,00000000270,20230828210000,0.167,0.001,0.035,0.0,0.0,0.0,1.0,0.6,20.96,4,0.0,0.0,589376
2023-08-28 22:00:00,00000000270,20230828220000,0.14,0.0,0.03,0.0,0.0,0.0,1.0,0.0,21.43,4,0.0,0.0,589376
2023-08-28 23:00:00,00000000270,20230828230000,0.109,0.0,0.033,0.0,0.0,0.0,1.0,0.0,30.28,4,0.0,0.0,589376
2023-08-29 00:00:00,00000000270,20230829000000,0.081,0.001,0.036,0.0,0.0,0.0,1.0,1.23,44.44,4,0.0,0.0,589376
2023-08-29 01:00:00,00000000270,20230829010000,0.092,0.0,0.036,0.0,0.0,0.0,1.0,0.0,39.13,4,0.0,0.0,589376
2023-08-29 02:00:00,00000000270,20230829020000,0.093,0.001,0.036,0.0,0.0,0.0,1.0,1.08,38.71,4,0.0,0.0,589376
2023-08-29 03:00:00,00000000270,20230829030000,0.075,0.0,0.039,0.0,0.0,0.0,1.0,0.0,52.0,4,0.0,0.0,589376
2023-08-29 04:00:00,00000000270,20230829040000,0.087,0.001,0.037,0.0,0.0,0.0,1.0,1.15,42.53,4,0.0,0.0,589376
2023-08-29 05:00:00,00000000270,20230829050000,0.091,0.0,0.037,0.0,0.0,0.0,1.0,0.0,40.66,4,0.0,0.0,589376
2023-08-29 06:00:00,00000000270,20230829060000,0.072,0.001,0.039,0.0,0.0,0.0,1.0,1.39,54.17,4,0.0,0.0,589376
2023-08-29 07:00:00,00000000270,20230829070000,0.155,0.0,0.039,0.0,0.0,0.0,1.0,0.0,25.16,4,0.0,0.0,589376
2023-08-29 08:00:00,00000000270,20230829080000,0.121,0.0,0.032,0.0,0.0,0.0,1.0,0.0,26.45,4,0.0,0.0,589376
2023-08-29 09:00:00,00000000270,20230829090000,0.101,0.001,0.034,0.0,0.0,0.0,1.0,0.99,33.66,4,0.0,0.0,589376
2023-08-29 10:00:00,00000000270,20230829100000,0.08,0.0,0.035,0.0,0.0,0.0,1.0,0.0,43.75,4,0.0,0.0,589376
2023-08-29 11:00:00,00000000270,20230829110000,0.084,0.001,0.035,0.0,0.0,0.0,1.0,1.19,41.67,4,0.0,0.0,589376
2023-08-29 12:00:00,00000000270,20230829120000,0.097,0.0,0.034,0.0,0.0,0.0,1.0,0.0,35.05,4,0.0,0.0,589376
2023-08-29 13:00:00,00000000270,20230829130000,0.098,0.001,0.032,0.0,0.0,0.0,1.0,1.02,32.65,4,0.0,0.0,589376
2023-08-29 14:00:00,00000000270,20230829140000,0.074,0.0,0.035,0.0,0.0,0.0,1.0,0.0,47.3,4,0.0,0.0,589376
2023-08-29 15:00:00,00000000270,20230829150000,0.092,0.001,0.034,0.0,0.0,0.0,1.0,1.09,36.96,4,0.0,0.0,589376
2023-08-29 16:00:00,00000000270,20230829160000,0.101,0.0,0.033,0.0,0.0,0.0,1.0,0.0,32.67,4,0.0,0.0,589376
2023-08-29 17:00:00,00000000270,20230829170000,0.127,0.001,0.036,0.0,0.0,0.0,1.0,0.79,28.35,4,0.0,0.0,589376
2023-08-29 18:00:00,00000000270,20230829180000,0.148,0.0,0.031,0.0,0.0,0.0,1.0,0.0,20.95,4,0.0,0.0,589376
2023-08-29 19:00:00,00000000270,20230829190000,0.107,0.0,0.03,0.0,0.0,0.0,1.0,0.0,28.04,4,0.0,0.0,589376
2023-08-29 20:00:00,00000000270,20230829200000,0.102,0.001,0.03,0.0,0.0,0.0,1.0,0.98,29.41,4,0.0,0.0,589376
2023-08-29 21:00:00,00000000270,20230829210000,0.086,0.0,0.033,0.0,0.0,0.0,1.0,0.0,38.37,4,0.0,0.0,589376
2023-08-29 22:00:00,00000000270,20230829220000,0.084,0.001,0.036,0.0,0.0,0.0,1.0,1.19,42.86,4,0.0,0.0,589376
2023-08-29 23:00:00,00000000270,20230829230000,0.098,0.0,0.034,0.0,0.0,0.0,1.0,0.0,34.69,4,0.0,0.0,589376
2023-08-30 00:00:00,00000000270,20230830000000,0.091,0.001,0.035,0.0,0.0,0.0,1.0,1.1,38.46,4,0.0,0.0,589376
2023-08-30 01:00:00,00000000270,20230830010000,0.073,0.0,0.038,0.0,0.0,0.0,1.0,0.0,52.05,4,0.0,0.0,589376
2023-08-30 02:00:00,00000000270,20230830020000,0.085,0.001,0.036,0.0,0.0,0.0,1.0,1.18,42.35,4,0.0,0.0,589376
2023-08-30 03:00:00,00000000270,20230830030000,0.168,0.0,0.039,0.0,0.0,0.0,1.0,0.0,23.21,4,0.0,0.0,589376
2023-08-30 04:00:00,00000000270,20230830040000,0.126,0.0,0.033,0.0,0.0,0.0,1.0,0.0,26.19,4,0.0,0.0,589376
2023-08-30 05:00:00,00000000270,20230830050000,0.094,0.001,0.037,0.0,0.0,0.0,1.0,1.06,39.36,4,0.0,0.0,589376
2023-08-30 06:00:00,00000000270,20230830060000,0.08,0.0,0.041,0.0,0.0,0.0,1.0,0.0,51.25,4,0.0,0.0,589376
2023-08-30 07:00:00,00000000270,20230830070000,0.082,0.001,0.039,0.0,0.0,0.0,1.0,1.22,47.56,4,0.0,0.0,589376
2023-08-30 08:00:00,00000000270,20230830080000,0.089,0.0,0.036,0.0,0.0,0.0,1.0,0.0,40.45,4,0.0,0.0,589376
2023-08-30 09:00:00,00000000270,20230830090000,0.08,0.001,0.037,0.0,0.0,0.0,1.0,1.25,46.25,4,0.0,0.0,589376
2023-08-30 10:00:00,00000000270,20230830100000,0.084,0.0,0.036,0.0,0.0,0.0,1.0,0.0,42.86,4,0.0,0.0,589376
2023-08-30 11:00:00,00000000270,20230830110000,0.104,0.001,0.033,0.0,0.0,0.0,1.0,0.96,31.73,4,0.0,0.0,589376
2023-08-30 12:00:00,00000000270,20230830120000,0.103,0.0,0.031,0.0,0.0,0.0,1.0,0.0,30.1,4,0.0,0.0,589376
2023-08-30 13:00:00,00000000270,20230830130000,0.17,0.001,0.036,0.0,0.0,0.0,1.0,0.59,21.18,4,0.0,0.0,589376
2023-08-30 14:00:00,00000000270,20230830140000,0.126,0.0,0.029,0.0,0.0,0.0,1.0,0.0,23.02,4,0.0,0.0,589376
2023-08-30 15:00:00,00000000270,20230830150000,0.105,0.0,0.033,0.0,0.0,0.0,1.0,0.0,31.43,4,0.0,0.0,589376
2023-08-30 16:00:00,00000000270,20230830160000,0.101,0.001,0.033,0.0,0.0,0.0,1.0,0.99,32.67,4,0.0,0.0,589376
2023-08-30 17:00:00,00000000270,20230830170000,0.094,0.0,0.035,0.0,0.0,0.0,1.0,0.0,37.23,4,0.0,0.0,589376
2023-08-30 18:00:00,00000000270,20230830180000,0.096,0.001,0.034,0.0,0.0,0.0,1.0,1.04,35.42,4,0.0,0.0,589376
2023-08-30 19:00:00,00000000270,20230830190000,0.184,0.0,0.032,0.0,0.0,0.0,1.0,0.0,17.39,4,0.0,0.0,589376
2023-08-30 20:00:00,00000000270,20230830200000,0.111,0.022,0.02,0.0,0.0,0.0,1.0,19.82,18.02,4,0.0,0.0,589376
2023-08-30 21:00:00,00000000270,20230830210000,0.081,0.001,0.034,0.0,0.0,0.0,1.0,1.23,41.98,4,0.0,0.0,589376
2023-08-30 22:00:00,00000000270,20230830220000,0.163,0.0,0.037,0.0,0.0,0.0,1.0,0.0,22.7,4,0.0,0.0,589376
2023-08-30 23:00:00,00000000270,20230830230000,0.131,0.005,0.027,0.0,0.0,0.0,1.0,3.82,20.61,4,0.0,0.0,589376
2023-08-31 00:00:00,00000000270,20230831000000,0.104,0.0,0.034,0.0,0.0,0.0,1.0,0.0,32.69,4,0.0,0.0,589376
2023-08-31 01:00:00,00000000270,20230831010000,0.085,0.0,0.036,0.0,0.0,0.0,1.0,0.0,42.35,4,0.0,0.0,589376
2023-08-31 02:00:00,00000000270,20230831020000,0.081,0.001,0.038,0.0,0.0,0.0,1.0,1.23,46.91,4,0.0,0.0,589376
2023-08-31 03:00:00,00000000270,20230831030000,0.094,0.0,0.036,0.0,0.0,0.0,1.0,0.0,38.3,4,0.0,0.0,589376
2023-08-31 04:00:00,00000000270,20230831040000,0.076,0.001,0.038,0.0,0.0,0.0,1.0,1.32,50.0,4,0.0,0.0,589376
2023-08-31 05:00:00,00000000270,20230831050000,0.081,0.001,0.038,0.0,0.0,0.0,1.0,1.23,46.91,4,0.0,0.0,589376
2023-08-31 06:00:00,00000000270,20230831060000,0.093,0.0,0.037,0.0,0.0,0.0,1.0,0.0,39.78,4,0.0,0.0,589376
2023-08-31 07:00:00,00000000270,20230831070000,0.074,0.0,0.039,0.0,0.0,0.0,1.0,0.0,52.7,4,0.0,0.0,589376
2023-08-31 08:00:00,00000000270,20230831080000,0.168,0.001,0.038,0.0,0.0,0.0,1.0,0.6,22.62,4,0.0,0.0,589376
2023-08-31 09:00:00,00000000270,20230831090000,0.121,0.0,0.031,0.0,0.0,0.0,1.0,0.0,25.62,4,0.0,0.0,589376
2023-08-31 10:00:00,00000000270,20230831100000,0.118,0.001,0.032,0.0,0.0,0.0,1.0,0.85,27.12,4,0.0,0.0,589376
2023-08-31 11:00:00,00000000270,20230831110000,0.427,0.336,0.009,0.0,0.0,0.0,1.0,78.69,2.11,4,0.0,0.0,589376
2023-08-31 12:00:00,00000000270,20230831120000,0.116,0.022,0.029,0.0,0.0,0.0,1.0,18.97,25.0,4,0.0,0.0,589376
2023-08-31 13:00:00,00000000270,20230831130000,0.09,0.001,0.031,0.0,0.0,0.0,1.0,1.11,34.44,4,0.0,0.0,589376
2023-08-31 14:00:00,00000000270,20230831140000,0.076,0.0,0.034,0.0,0.0,0.0,1.0,0.0,44.74,4,0.0,0.0,589376
2023-08-31 15:00:00,00000000270,20230831150000,0.088,0.001,0.033,0.0,0.0,0.0,1.0,1.14,37.5,4,0.0,0.0,589376
2023-08-31 16:00:00,00000000270,20230831160000,0.085,0.0,0.034,0.0,0.0,0.0,1.0,0.0,40.0,4,0.0,0.0,589376
2023-08-31 17:00:00,00000000270,20230831170000,0.166,0.0,0.034,0.0,0.0,0.0,1.0,0.0,20.48,4,0.0,0.0,589376
2023-08-31 18:00:00,00000000270,20230831180000,0.138,0.001,0.035,0.0,0.0,0.0,1.0,0.72,25.36,4,0.0,0.0,589376
2023-08-31 19:00:00,00000000270,20230831190000,0.139,0.0,0.031,0.0,0.0,0.0,1.0,0.0,22.3,4,0.0,0.0,589376
2023-08-31 20:00:00,00000000270,20230831200000,0.111,0.001,0.032,0.0,0.0,0.0,1.0,0.9,28.83,4,0.0,0.0,589376
2023-08-31 21:00:00,00000000270,20230831210000,0.087,0.0,0.034,0.0,0.0,0.0,1.0,0.0,39.08,4,0.0,0.0,589376
2023-08-31 22:00:00,00000000270,20230831220000,0.116,0.001,0.035,0.0,0.0,0.0,1.0,0.86,30.17,4,0.0,0.0,589376
2023-08-31 23:00:00,00000000270,20230831230000,0.098,0.0,0.035,0.0,0.0,0.0,1.0,0.0,35.71,4,0.0,0.0,589376
2023-09-01 00:00:00,00000000270,20230901000000,0.093,0.001,0.036,0.0,0.0,0.0,1.0,1.08,38.71,4,0.0,0.0,589376
2023-09-01 01:00:00,00000000270,20230901010000,0.08,0.0,0.038,0.0,0.0,0.0,1.0,0.0,47.5,4,0.0,0.0,589376
2023-09-01 02:00:00,00000000270,20230901020000,0.091,0.001,0.038,0.0,0.0,0.0,1.0,1.1,41.76,4,0.0,0.0,589376
2023-09-01 03:00:00,00000000270,20230901030000,0.093,0.0,0.037,0.0,0.0,0.0,1.0,0.0,39.78,4,0.0,0.0,589376
2023-09-01 04:00:00,00000000270,20230901040000,0.173,0.0,0.04,0.0,0.0,0.0,1.0,0.0,23.12,4,0.0,0.0,589376
2023-09-01 05:00:00,00000000270,20230901050000,0.125,0.001,0.034,0.0,0.0,0.0,1.0,0.8,27.2,4,0.0,0.0,589376
2023-09-01 06:00:00,00000000270,20230901060000,0.087,0.0,0.039,0.0,0.0,0.0,1.0,0.0,44.83,4,0.0,0.0,589376
2023-09-01 07:00:00,00000000270,20230901070000,0.104,0.001,0.034,0.0,0.0,0.0,1.0,0.96,32.69,4,0.0,0.0,589376
2023-09-01 08:00:00,00000000270,20230901080000,0.128,0.0,0.034,0.0,0.0,0.0,1.0,0.0,26.56,4,0.0,0.0,589376
2023-09-01 09:00:00,00000000270,20230901090000,0.213,0.0,0.035,0.0,0.0,0.0,1.0,0.0,16.43,4,0.0,0.0,589376
2023-09-01 10:00:00,00000000270,20230901100000,0.074,0.001,0.035,0.0,0.0,0.0,1.0,1.35,47.3,4,0.0,0.0,589376
2023-09-01 11:00:00,00000000270,20230901110000,0.089,0.0,0.034,0.0,0.0,0.0,1.0,0.0,38.2,4,0.0,0.0,589376
2023-09-01 12:00:00,00000000270,20230901120000,0.447,0.001,0.034,0.0,0.0,0.0,1.0,0.22,7.61,4,0.0,0.0,589376
2023-09-01 13:00:00,00000000270,20230901130000,0.092,0.0,0.037,0.0,0.0,0.0,1.0,0.0,40.22,4,0.0,0.0,589376
2023-09-01 14:00:00,00000000270,20230901140000,0.173,0.001,0.034,0.0,0.0,0.0,1.0,0.58,19.65,4,0.0,0.0,589376
2023-09-01 15:00:00,00000000270,20230901150000,0.111,0.0,0.032,0.0,0.0,0.0,1.0,0.0,28.83,4,0.0,0.0,589376
2023-09-01 16:00:00,00000000270,20230901160000,0.096,0.001,0.034,0.0,0.0,0.0,1.0,1.04,35.42,4,0.0,0.0,589376
2023-09-01 17:00:00,00000000270,20230901170000,0.085,0.0,0.034,0.0,0.0,0.0,1.0,0.0,40.0,4,0.0,0.0,589376
2023-09-01 18:00:00,00000000270,20230901180000,0.081,0.001,0.031,0.0,0.0,0.0,1.0,1.23,38.27,4,0.0,0.0,589376
2023-09-01 19:00:00,00000000270,20230901190000,0.084,0.0,0.032,0.0,0.0,0.0,1.0,0.0,38.1,4,0.0,0.0,589376
2023-09-01 20:00:00,00000000270,20230901200000,0.067,0.001,0.031,0.0,0.0,0.0,1.0,1.49,46.27,4,0.0,0.0,589376
2023-09-01 21:00:00,00000000270,20230901210000,0.088,0.012,0.025,0.0,0.0,0.0,1.0,13.64,28.41,4,0.0,0.0,589376
2023-09-01 22:00:00,00000000270,20230901220000,0.094,0.013,0.025,0.0,0.0,0.0,1.0,13.83,26.6,4,0.0,0.0,589376
2023-09-01 23:00:00,00000000270,20230901230000,0.152,0.0,0.033,0.0,0.0,0.0,1.0,0.0,21.71,4,0.0,0.0,589376
2023-09-02 00:00:00,00000000270,20230902000000,0.114,0.0,0.029,0.0,0.0,0.0,1.0,0.0,25.44,4,0.0,0.0,589376
2023-09-02 01:00:00,00000000270,20230902010000,0.075,0.001,0.035,0.0,0.0,0.0,1.0,1.33,46.67,4,0.0,0.0,589376
2023-09-02 02:00:00,00000000270,20230902020000,0.098,0.0,0.034,0.0,0.0,0.0,1.0,0.0,34.69,4,0.0,0.0,589376
2023-09-02 03:00:00,00000000270,20230902030000,0.074,0.001,0.036,0.0,0.0,0.0,1.0,1.35,48.65,4,0.0,0.0,589376
2023-09-02 04:00:00,00000000270,20230902040000,0.069,0.0,0.036,0.0,0.0,0.0,1.0,0.0,52.17,4,0.0,0.0,589376
2023-09-02 05:00:00,00000000270,20230902050000,0.088,0.008,0.031,0.0,0.0,0.0,1.0,9.09,35.23,4,0.0,0.0,589376
2023-09-02 06:00:00,00000000270,20230902060000,0.092,0.016,0.026,0.0,0.0,0.0,1.0,17.39,28.26,4,0.0,0.0,589376
2023-09-02 07:00:00,00000000270,20230902070000,0.061,0.001,0.037,0.0,0.0,0.0,1.0,1.64,60.66,4,0.0,0.0,589376
2023-09-02 08:00:00,00000000270,20230902080000,0.077,0.0,0.034,0.0,0.0,0.0,1.0,0.0,44.16,4,0.0,0.0,589376
2023-09-02 09:00:00,00000000270,20230902090000,0.077,0.001,0.032,0.0,0.0,0.0,1.0,1.3,41.56,4,0.0,0.0,589376
2023-09-02 10:00:00,00000000270,20230902100000,0.161,0.0,0.033,0.0,0.0,0.0,1.0,0.0,20.5,4,0.0,0.0,589376
2023-09-02 11:00:00,00000000270,20230902110000,0.103,0.001,0.033,0.0,0.0,0.0,1.0,0.97,32.04,4,0.0,0.0,589376
2023-09-02 12:00:00,00000000270,20230902120000,0.083,0.0,0.032,0.0,0.0,0.0,1.0,0.0,38.55,4,0.0,0.0,589376
2023-09-02 13:00:00,00000000270,20230902130000,0.068,0.001,0.033,0.0,0.0,0.0,1.0,1.47,48.53,4,0.0,0.0,589376
2023-09-02 14:00:00,00000000270,20230902140000,0.113,0.001,0.028,0.0,0.0,0.0,1.0,0.88,24.78,4,0.0,0.0,589376
2023-09-02 15:00:00,00000000270,20230902150000,0.283,0.0,0.032,0.0,0.0,0.0,1.0,0.0,11.31,4,0.0,0.0,589376
2023-09-02 16:00:00,00000000270,20230902160000,0.297,0.0,0.032,0.0,0.0,0.0,1.0,0.0,10.77,4,0.0,0.0,589376
2023-09-02 17:00:00,00000000270,20230902170000,0.075,0.001,0.033,0.0,0.0,0.0,1.0,1.33,44.0,4,0.0,0.0,589376
2023-09-02 18:00:00,00000000270,20230902180000,0.167,0.0,0.045,0.0,0.0,0.0,1.0,0.0,26.95,4,0.0,0.0,589376
2023-09-02 19:00:00,00000000270,20230902190000,0.19,0.001,0.045,0.0,0.0,0.0,1.0,0.53,23.68,4,0.0,0.0,589376
2023-09-02 20:00:00,00000000270,20230902200000,0.156,0.004,0.029,0.0,0.0,0.0,1.0,2.56,18.59,4,0.0,0.0,589376
2023-09-02 21:00:00,00000000270,20230902210000,0.092,0.0,0.031,0.0,0.0,0.0,1.0,0.0,33.7,4,0.0,0.0,589376
2023-09-02 22:00:00,00000000270,20230902220000,0.069,0.001,0.035,0.0,0.0,0.0,1.0,1.45,50.72,4,0.0,0.0,589376
2023-09-02 23:00:00,00000000270,20230902230000,0.09,0.0,0.032,0.0,0.0,0.0,1.0,0.0,35.56,4,0.0,0.0,589376
2023-09-03 00:00:00,00000000270,20230903000000,0.095,0.015,0.028,0.0,0.0,0.0,1.0,15.79,29.47,4,0.0,0.0,589376
2023-09-03 01:00:00,00000000270,20230903010000,0.064,0.0,0.038,0.0,0.0,0.0,1.0,0.0,59.38,4,0.0,0.0,589376
2023-09-03 02:00:00,00000000270,20230903020000,0.117,0.001,0.045,0.0,0.0,0.0,1.0,0.85,38.46,4,0.0,0.0,589376
2023-09-03 03:00:00,00000000270,20230903030000,0.098,0.0,0.037,0.0,0.0,0.0,1.0,0.0,37.76,4,0.0,0.0,589376
2023-09-03 04:00:00,00000000270,20230903040000,0.072,0.001,0.041,0.0,0.0,0.0,1.0,1.39,56.94,4,0.0,0.0,589376
2023-09-03 05:00:00,00000000270,20230903050000,0.15,0.0,0.038,0.0,0.0,0.0,1.0,0.0,25.33,4,0.0,0.0,589376
2023-09-03 06:00:00,00000000270,20230903060000,0.117,0.001,0.031,0.0,0.0,0.0,1.0,0.85,26.5,4,0.0,0.0,589376
2023-09-03 07:00:00,00000000270,20230903070000,0.086,0.0,0.036,0.0,0.0,0.0,1.0,0.0,41.86,4,0.0,0.0,589376
2023-09-03 08:00:00,00000000270,20230903080000,0.065,0.001,0.037,0.0,0.0,0.0,1.0,1.54,56.92,4,0.0,0.0,589376
2023-09-03 09:00:00,00000000270,20230903090000,0.426,0.283,0.017,0.0,0.0,0.0,1.0,66.43,3.99,4,0.0,0.0,589376
2023-09-03 10:00:00,00000000270,20230903100000,0.126,0.095,0.023,0.0,0.0,0.0,1.0,75.4,18.25,4,0.0,0.0,589376
2023-09-03 11:00:00,00000000270,20230903110000,0.081,0.001,0.034,0.0,0.0,0.0,1.0,1.23,41.98,4,0.0,0.0,589376
2023-09-03 12:00:00,00000000270,20230903120000,0.081,0.001,0.037,0.0,0.0,0.0,1.0,1.23,45.68,4,0.0,0.0,589376
2023-09-03 13:00:00,00000000270,20230903130000,0.082,0.0,0.033,0.0,0.0,0.0,1.0,0.0,40.24,4,0.0,0.0,589376
2023-09-03 14:00:00,00000000270,20230903140000,0.08,0.0,0.037,0.0,0.0,0.0,1.0,0.0,46.25,4,0.0,0.0,589376
2023-09-03 15:00:00,00000000270,20230903150000,0.155,0.001,0.035,0.0,0.0,0.0,1.0,0.65,22.58,4,0.0,0.0,589376
2023-09-03 16:00:00,00000000270,20230903160000,0.123,0.0,0.027,0.0,0.0,0.0,1.0,0.0,21.95,4,0.0,0.0,589376
2023-09-03 17:00:00,00000000270,20230903170000,0.091,0.001,0.031,0.0,0.0,0.0,1.0,1.1,34.07,4,0.0,0.0,589376
2023-09-03 18:00:00,00000000270,20230903180000,0.081,0.0,0.032,0.0,0.0,0.0,1.0,0.0,39.51,4,0.0,0.0,589376
2023-09-03 19:00:00,00000000270,20230903190000,0.081,0.001,0.033,0.0,0.0,0.0,1.0,1.23,40.74,4,0.0,0.0,589376
2023-09-03 20:00:00,00000000270,20230903200000,0.119,0.034,0.013,0.0,0.0,0.0,1.0,28.57,10.92,4,0.0,0.0,589376
2023-09-03 21:00:00,00000000270,20230903210000,0.097,0.025,0.016,0.0,0.0,0.0,1.0,25.77,16.49,4,0.0,0.0,589376
2023-09-03 22:00:00,00000000270,20230903220000,0.077,0.001,0.034,0.0,0.0,0.0,1.0,1.3,44.16,4,0.0,0.0,589376
2023-09-03 23:00:00,00000000270,20230903230000,0.087,0.0,0.034,0.0,0.0,0.0,1.0,0.0,39.08,4,0.0,0.0,589376
2023-09-04 00:00:00,00000000270,20230904000000,0.067,0.001,0.036,0.0,0.0,0.0,1.0,1.49,53.73,4,0.0,0.0,589376
2023-09-04 01:00:00,00000000270,20230904010000,0.151,0.0,0.037,0.0,0.0,0.0,1.0,0.0,24.5,4,0.0,0.0,589376
2023-09-04 02:00:00,00000000270,20230904020000,0.114,0.0,0.03,0.0,0.0,0.0,1.0,0.0,26.32,4,0.0,0.0,589376
2023-09-04 03:00:00,00000000270,20230904030000,0.087,0.001,0.035,0.0,0.0,0.0,1.0,1.15,40.23,4,0.0,0.0,589376
2023-09-04 04:00:00,00000000270,20230904040000,0.068,0.0,0.036,0.0,0.0,0.0,1.0,0.0,52.94,4,0.0,0.0,589376
2023-09-04 05:00:00,00000000270,20230904050000,0.083,0.001,0.034,0.0,0.0,0.0,1.0,1.2,40.96,4,0.0,0.0,589376
2023-09-04 06:00:00,00000000270,20230904060000,0.111,0.035,0.02,0.0,0.0,0.0,1.0,31.53,18.02,4,0.0,0.0,589376
2023-09-04 07:00:00,00000000270,20230904070000,0.083,0.0,0.033,0.0,0.0,0.0,1.0,0.0,39.76,4,0.0,0.0,589376
2023-09-04 08:00:00,00000000270,20230904080000,0.078,0.001,0.034,0.0,0.0,0.0,1.0,1.28,43.59,4,0.0,0.0,589376
2023-09-04 09:00:00,00000000270,20230904090000,0.073,0.0,0.034,0.0,0.0,0.0,1.0,0.0,46.58,4,0.0,0.0,589376
2023-09-04 10:00:00,00000000270,20230904100000,0.079,0.001,0.033,0.0,0.0,0.0,1.0,1.27,41.77,4,0.0,0.0,589376
2023-09-04 11:00:00,00000000270,20230904110000,0.075,0.0,0.034,0.0,0.0,0.0,1.0,0.0,45.33,4,0.0,0.0,589376
2023-09-04 12:00:00,00000000270,20230904120000,0.166,0.001,0.035,0.0,0.0,0.0,1.0,0.6,21.08,4,0.0,0.0,589376
2023-09-04 13:00:00,00000000270,20230904130000,0.101,0.0,0.03,0.0,0.0,0.0,1.0,0.0,29.7,4,0.0,0.0,589376
2023-09-04 14:00:00,00000000270,20230904140000,0.087,0.001,0.033,0.0,0.0,0.0,1.0,1.15,37.93,4,0.0,0.0,589376
2023-09-04 15:00:00,00000000270,20230904150000,0.063,0.0,0.036,0.0,0.0,0.0,1.0,0.0,57.14,4,0.0,0.0,589376
2023-09-04 16:00:00,00000000270,20230904160000,0.08,0.001,0.033,0.0,0.0,0.0,1.0,1.25,41.25,4,0.0,0.0,589376
2023-09-04 17:00:00,00000000270,20230904170000,0.082,0.0,0.032,0.0,0.0,0.0,1.0,0.0,39.02,4,0.0,0.0,589376
2023-09-04 18:00:00,00000000270,20230904180000,0.379,0.234,0.023,0.0,0.0,0.0,1.0,61.74,6.07,4,0.0,0.0,589376
2023-09-04 19:00:00,00000000270,20230904190000,0.161,0.161,0.019,0.0,0.0,0.0,1.0,100.0,11.8,4,0.0,0.0,589376
2023-09-04 20:00:00,00000000270,20230904200000,0.149,0.059,0.0,0.0,0.0,0.0,1.0,39.6,0.0,4,0.0,0.0,589376
2023-09-04 21:00:00,00000000270,20230904210000,0.153,0.046,0.005,0.0,0.0,0.0,1.0,30.07,3.27,4,0.0,0.0,589376
2023-09-04 22:00:00,00000000270,20230904220000,0.203,0.032,0.012,0.0,0.0,0.0,1.0,15.76,5.91,4,0.0,0.0,589376
2023-09-04 23:00:00,00000000270,20230904230000,0.098,0.0,0.032,0.0,0.0,0.0,1.0,0.0,32.65,4,0.0,0.0,589376
2023-09-05 00:00:00,00000000270,20230905000000,0.083,0.001,0.034,0.0,0.0,0.0,1.0,1.2,40.96,4,0.0,0.0,589376
2023-09-05 01:00:00,00000000270,20230905010000,0.077,0.0,0.035,0.0,0.0,0.0,1.0,0.0,45.45,4,0.0,0.0,589376
2023-09-05 02:00:00,00000000270,20230905020000,0.069,0.001,0.038,0.0,0.0,0.0,1.0,1.45,55.07,4,0.0,0.0,589376
2023-09-05 03:00:00,00000000270,20230905030000,0.081,0.0,0.035,0.0,0.0,0.0,1.0,0.0,43.21,4,0.0,0.0,589376
2023-09-05 04:00:00,00000000270,20230905040000,0.094,0.02,0.026,0.0,0.0,0.0,1.0,21.28,27.66,4,0.0,0.0,589376
2023-09-05 05:00:00,00000000270,20230905050000,0.123,0.056,0.007,0.0,0.0,0.0,1.0,45.53,5.69,4,0.0,0.0,589376
2023-09-05 06:00:00,00000000270,20230905060000,0.068,0.001,0.037,0.0,0.0,0.0,1.0,1.47,54.41,4,0.0,0.0,589376
2023-09-05 07:00:00,00000000270,20230905070000,0.078,0.0,0.035,0.0,0.0,0.0,1.0,0.0,44.87,4,0.0,0.0,589376
2023-09-05 08:00:00,00000000270,20230905080000,0.07,0.001,0.035,0.0,0.0,0.0,1.0,1.43,50.0,4,0.0,0.0,589376
2023-09-05 09:00:00,00000000270,20230905090000,0.157,0.0,0.033,0.0,0.0,0.0,1.0,0.0,21.02,4,0.0,0.0,589376
2023-09-05 10:00:00,00000000270,20230905100000,0.096,0.001,0.032,0.0,0.0,0.0,1.0,1.04,33.33,4,0.0,0.0,589376
2023-09-05 11:00:00,00000000270,20230905110000,0.074,0.0,0.035,0.0,0.0,0.0,1.0,0.0,47.3,4,0.0,0.0,589376
2023-09-05 12:00:00,00000000270,20230905120000,0.061,0.001,0.036,0.0,0.0,0.0,1.0,1.64,59.02,4,0.0,0.0,589376
2023-09-05 13:00:00,00000000270,20230905130000,0.078,0.0,0.035,0.0,0.0,0.0,1.0,0.0,44.87,4,0.0,0.0,589376
2023-09-05 14:00:00,00000000270,20230905140000,0.077,0.001,0.033,0.0,0.0,0.0,1.0,1.3,42.86,4,0.0,0.0,589376
2023-09-05 15:00:00,00000000270,20230905150000,0.062,0.0,0.036,0.0,0.0,0.0,1.0,0.0,58.06,4,0.0,0.0,589376
2023-09-05 16:00:00,00000000270,20230905160000,0.061,0.001,0.036,0.0,0.0,0.0,1.0,1.64,59.02,4,0.0,0.0,589376
2023-09-05 17:00:00,00000000270,20230905170000,0.074,0.0,0.034,0.0,0.0,0.0,1.0,0.0,45.95,4,0.0,0.0,589376
2023-09-05 18:00:00,00000000270,20230905180000,0.074,0.0,0.034,0.0,0.0,0.0,1.0,0.0,45.95,4,0.0,0.0,589376
2023-09-05 19:00:00,00000000270,20230905190000,0.064,0.001,0.035,0.0,0.0,0.0,1.0,1.56,54.69,4,0.0,0.0,589376
2023-09-05 20:00:00,00000000270,20230905200000,0.06,0.0,0.035,0.0,0.0,0.0,1.0,0.0,58.33,4,0.0,0.0,589376
2023-09-05 21:00:00,00000000270,20230905210000,0.066,0.001,0.034,0.0,0.0,0.0,1.0,1.52,51.52,4,0.0,0.0,589376
2023-09-05 22:00:00,00000000270,20230905220000,0.074,0.0,0.034,0.0,0.0,0.0,1.0,0.0,45.95,4,0.0,0.0,589376
2023-09-05 23:00:00,00000000270,20230905230000,0.068,0.001,0.035,0.0,0.0,0.0,1.0,1.47,51.47,4,0.0,0.0,589376
2023-09-06 00:00:00,00000000270,20230906000000,0.062,0.0,0.037,0.0,0.0,0.0,1.0,0.0,59.68,4,0.0,0.0,589376
2023-09-06 01:00:00,00000000270,20230906010000,0.066,0.001,0.036,0.0,0.0,0.0,1.0,1.52,54.55,4,0.0,0.0,589376
2023-09-06 02:00:00,00000000270,20230906020000,0.074,0.0,0.035,0.0,0.0,0.0,1.0,0.0,47.3,4,0.0,0.0,589376
2023-09-06 03:00:00,00000000270,20230906030000,0.068,0.001,0.036,0.0,0.0,0.0,1.0,1.47,52.94,4,0.0,0.0,589376
2023-09-06 04:00:00,00000000270,20230906040000,0.06,0.0,0.037,0.0,0.0,0.0,1.0,0.0,61.67,4,0.0,0.0,589376
2023-09-06 05:00:00,00000000270,20230906050000,0.058,0.001,0.036,0.0,0.0,0.0,1.0,1.72,62.07,4,0.0,0.0,589376
2023-09-06 06:00:00,00000000270,20230906060000,0.073,0.0,0.036,0.0,0.0,0.0,1.0,0.0,49.32,4,0.0,0.0,589376
2023-09-06 07:00:00,00000000270,20230906070000,0.072,0.001,0.035,0.0,0.0,0.0,1.0,1.39,48.61,4,0.0,0.0,589376
2023-09-06 08:00:00,00000000270,20230906080000,0.06,0.0,0.037,0.0,0.0,0.0,1.0,0.0,61.67,4,0.0,0.0,589376
2023-09-06 09:00:00,00000000270,20230906090000,0.055,0.0,0.036,0.0,0.0,0.0,1.0,0.0,65.45,4,0.0,0.0,589376
2023-09-06 10:00:00,00000000270,20230906100000,0.064,0.001,0.035,0.0,0.0,0.0,1.0,1.56,54.69,4,0.0,0.0,589376
2023-09-06 11:00:00,00000000270,20230906110000,0.071,0.001,0.034,0.0,0.0,0.0,1.0,1.41,47.89,4,0.0,0.0,589376
2023-09-06 12:00:00,00000000270,20230906120000,0.055,0.0,0.036,0.0,0.0,0.0,1.0,0.0,65.45,4,0.0,0.0,589376
2023-09-06 13:00:00,00000000270,20230906130000,0.053,0.0,0.036,0.0,0.0,0.0,1.0,0.0,67.92,4,0.0,0.0,589376
2023-09-06 14:00:00,00000000270,20230906140000,0.066,0.001,0.034,0.0,0.0,0.0,1.0,1.52,51.52,4,0.0,0.0,589376
2023-09-06 15:00:00,00000000270,20230906150000,0.262,0.0,0.036,0.0,0.0,0.0,1.0,0.0,13.74,4,0.0,0.0,589376
2023-09-06 16:00:00,00000000270,20230906160000,0.117,0.001,0.028,0.0,0.0,0.0,1.0,0.85,23.93,4,0.0,0.0,589376
2023-09-06 17:00:00,00000000270,20230906170000,0.085,0.0,0.034,0.0,0.0,0.0,1.0,0.0,40.0,4,0.0,0.0,589376
2023-09-06 18:00:00,00000000270,20230906180000,0.074,0.001,0.035,0.0,0.0,0.0,1.0,1.35,47.3,4,0.0,0.0,589376
2023-09-06 19:00:00,00000000270,20230906190000,0.075,0.0,0.033,0.0,0.0,0.0,1.0,0.0,44.0,4,0.0,0.0,589376
2023-09-06 20:00:00,00000000270,20230906200000,0.064,0.0,0.033,0.0,0.0,0.0,1.0,0.0,51.56,4,0.0,0.0,589376
2023-09-06 21:00:00,00000000270,20230906210000,0.074,0.007,0.031,0.0,0.0,0.0,1.0,9.46,41.89,4,0.0,0.0,589376
2023-09-06 22:00:00,00000000270,20230906220000,0.073,0.001,0.036,0.0,0.0,0.0,1.0,1.37,49.32,4,0.0,0.0,589376
2023-09-06 23:00:00,00000000270,20230906230000,0.082,0.0,0.034,0.0,0.0,0.0,1.0,0.0,41.46,4,0.0,0.0,589376
2023-09-07 00:00:00,00000000270,20230907000000,0.076,0.0,0.034,0.0,0.0,0.0,1.0,0.0,44.74,4,0.0,0.0,589376
2023-09-07 01:00:00,00000000270,20230907010000,0.065,0.001,0.036,0.0,0.0,0.0,1.0,1.54,55.38,4,0.0,0.0,589376
2023-09-07 02:00:00,00000000270,20230907020000,0.13,0.0,0.038,0.0,0.0,0.0,1.0,0.0,29.23,4,0.0,0.0,589376
2023-09-07 03:00:00,00000000270,20230907030000,0.12,0.001,0.032,0.0,0.0,0.0,1.0,0.83,26.67,4,0.0,0.0,589376
2023-09-07 04:00:00,00000000270,20230907040000,0.077,0.0,0.034,0.0,0.0,0.0,1.0,0.0,44.16,4,0.0,0.0,589376
2023-09-07 05:00:00,00000000270,20230907050000,0.062,0.001,0.037,0.0,0.0,0.0,1.0,1.61,59.68,4,0.0,0.0,589376
2023-09-07 06:00:00,00000000270,20230907060000,0.074,0.0,0.035,0.0,0.0,0.0,1.0,0.0,47.3,4,0.0,0.0,589376
2023-09-07 07:00:00,00000000270,20230907070000,0.075,0.001,0.035,0.0,0.0,0.0,1.0,1.33,46.67,4,0.0,0.0,589376
2023-09-07 08:00:00,00000000270,20230907080000,0.06,0.0,0.036,0.0,0.0,0.0,1.0,0.0,60.0,4,0.0,0.0,589376
2023-09-07 09:00:00,00000000270,20230907090000,0.052,0.001,0.036,0.0,0.0,0.0,1.0,1.92,69.23,4,0.0,0.0,589376
2023-09-07 10:00:00,00000000270,20230907100000,0.081,0.0,0.032,0.0,0.0,0.0,1.0,0.0,39.51,4,0.0,0.0,589376
2023-09-07 11:00:00,00000000270,20230907110000,0.058,0.001,0.034,0.0,0.0,0.0,1.0,1.72,58.62,4,0.0,0.0,589376
2023-09-07 12:00:00,00000000270,20230907120000,0.064,0.0,0.033,0.0,0.0,0.0,1.0,0.0,51.56,4,0.0,0.0,589376
2023-09-07 13:00:00,00000000270,20230907130000,0.072,0.001,0.032,0.0,0.0,0.0,1.0,1.39,44.44,4,0.0,0.0,589376
2023-09-07 14:00:00,00000000270,20230907140000,0.156,0.0,0.032,0.0,0.0,0.0,1.0,0.0,20.51,4,0.0,0.0,589376
2023-09-07 15:00:00,00000000270,20230907150000,0.1,0.0,0.029,0.0,0.0,0.0,1.0,0.0,29.0,4,0.0,0.0,589376
2023-09-07 16:00:00,00000000270,20230907160000,0.136,0.016,0.023,0.0,0.0,0.0,1.0,11.76,16.91,4,0.0,0.0,589376
2023-09-07 17:00:00,00000000270,20230907170000,0.146,0.027,0.021,0.0,0.0,0.0,1.0,18.49,14.38,4,0.0,0.0,589376
2023-09-07 18:00:00,00000000270,20230907180000,0.063,0.0,0.032,0.0,0.0,0.0,1.0,0.0,50.79,4,0.0,0.0,589376
2023-09-07 19:00:00,00000000270,20230907190000,0.192,0.001,0.033,0.0,0.0,0.0,1.0,0.52,17.19,4,0.0,0.0,589376
2023-09-07 20:00:00,00000000270,20230907200000,0.082,0.0,0.034,0.0,0.0,0.0,1.0,0.0,41.46,4,0.0,0.0,589376
2023-09-07 21:00:00,00000000270,20230907210000,0.064,0.0,0.036,0.0,0.0,0.0,1.0,0.0,56.25,4,0.0,0.0,589376
2023-09-07 22:00:00,00000000270,20230907220000,0.066,0.001,0.036,0.0,0.0,0.0,1.0,1.52,54.55,4,0.0,0.0,589376
2023-09-07 23:00:00,00000000270,20230907230000,0.073,0.001,0.036,0.0,0.0,0.0,1.0,1.37,49.32,4,0.0,0.0,589376
2023-09-08 00:00:00,00000000270,20230908000000,0.063,0.0,0.038,0.0,0.0,0.0,1.0,0.0,60.32,4,0.0,0.0,589376
2023-09-08 01:00:00,00000000270,20230908010000,0.138,0.0,0.039,0.0,0.0,0.0,1.0,0.0,28.26,4,0.0,0.0,589376
2023-09-08 02:00:00,00000000270,20230908020000,0.105,0.001,0.033,0.0,0.0,0.0,1.0,0.95,31.43,4,0.0,0.0,589376
2023-09-08 03:00:00,00000000270,20230908030000,0.068,0.0,0.039,0.0,0.0,0.0,1.0,0.0,57.35,4,0.0,0.0,589376
2023-09-08 04:00:00,00000000270,20230908040000,0.072,0.001,0.037,0.0,0.0,0.0,1.0,1.39,51.39,4,0.0,0.0,589376
2023-09-08 05:00:00,00000000270,20230908050000,0.069,0.0,0.037,0.0,0.0,0.0,1.0,0.0,53.62,4,0.0,0.0,589376
2023-09-08 06:00:00,00000000270,20230908060000,0.055,0.001,0.039,0.0,0.0,0.0,1.0,1.82,70.91,4,0.0,0.0,589376
2023-09-08 07:00:00,00000000270,20230908070000,0.065,0.0,0.04,0.0,0.0,0.0,1.0,0.0,61.54,4,0.0,0.0,589376
2023-09-08 08:00:00,00000000270,20230908080000,0.071,0.001,0.036,0.0,0.0,0.0,1.0,1.41,50.7,4,0.0,0.0,589376
2023-09-08 09:00:00,00000000270,20230908090000,0.065,0.0,0.036,0.0,0.0,0.0,1.0,0.0,55.38,4,0.0,0.0,589376
2023-09-08 10:00:00,00000000270,20230908100000,0.177,0.001,0.035,0.0,0.0,0.0,1.0,0.56,19.77,4,0.0,0.0,589376
2023-09-08 11:00:00,00000000270,20230908110000,0.07,0.0,0.033,0.0,0.0,0.0,1.0,0.0,47.14,4,0.0,0.0,589376
2023-09-08 12:00:00,00000000270,20230908120000,0.076,0.001,0.032,0.0,0.0,0.0,1.0,1.32,42.11,4,0.0,0.0,589376
2023-09-08 13:00:00,00000000270,20230908130000,0.078,0.0,0.036,0.0,0.0,0.0,1.0,0.0,46.15,4,0.0,0.0,589376
2023-09-08 14:00:00,00000000270,20230908140000,0.155,0.0,0.032,0.0,0.0,0.0,1.0,0.0,20.65,4,0.0,0.0,589376
2023-09-08 15:00:00,00000000270,20230908150000,0.091,0.001,0.033,0.0,0.0,0.0,1.0,1.1,36.26,4,0.0,0.0,589376
2023-09-08 16:00:00,00000000270,20230908160000,0.084,0.0,0.033,0.0,0.0,0.0,1.0,0.0,39.29,4,0.0,0.0,589376
2023-09-08 17:00:00,00000000270,20230908170000,0.078,0.001,0.033,0.0,0.0,0.0,1.0,1.28,42.31,4,0.0,0.0,589376
2023-09-08 18:00:00,00000000270,20230908180000,0.065,0.0,0.035,0.0,0.0,0.0,1.0,0.0,53.85,4,0.0,0.0,589376
2023-09-08 19:00:00,00000000270,20230908190000,0.066,0.001,0.034,0.0,0.0,0.0,1.0,1.52,51.52,4,0.0,0.0,589376
2023-09-08 20:00:00,00000000270,20230908200000,0.077,0.0,0.032,0.0,0.0,0.0,1.0,0.0,41.56,4,0.0,0.0,589376
2023-09-08 21:00:00,00000000270,20230908210000,0.07,0.001,0.033,0.0,0.0,0.0,1.0,1.43,47.14,4,0.0,0.0,589376
2023-09-08 22:00:00,00000000270,20230908220000,0.06,0.0,0.035,0.0,0.0,0.0,1.0,0.0,58.33,4,0.0,0.0,589376
2023-09-08 23:00:00,00000000270,20230908230000,0.063,0.001,0.036,0.0,0.0,0.0,1.0,1.59,57.14,4,0.0,0.0,589376
2023-09-09 00:00:00,00000000270,20230909000000,0.072,0.0,0.034,0.0,0.0,0.0,1.0,0.0,47.22,4,0.0,0.0,589376
2023-09-09 01:00:00,00000000270,20230909010000,0.164,0.001,0.037,0.0,0.0,0.0,1.0,0.61,22.56,4,0.0,0.0,589376
2023-09-09 02:00:00,00000000270,20230909020000,0.103,0.0,0.033,0.0,0.0,0.0,1.0,0.0,32.04,4,0.0,0.0,589376
2023-09-09 03:00:00,00000000270,20230909030000,0.075,0.0,0.035,0.0,0.0,0.0,1.0,0.0,46.67,4,0.0,0.0,589376
2023-09-09 04:00:00,00000000270,20230909040000,0.075,0.001,0.036,0.0,0.0,0.0,1.0,1.33,48.0,4,0.0,0.0,589376
2023-09-09 05:00:00,00000000270,20230909050000,0.057,0.0,0.037,0.0,0.0,0.0,1.0,0.0,64.91,4,0.0,0.0,589376
2023-09-09 06:00:00,00000000270,20230909060000,0.063,0.001,0.038,0.0,0.0,0.0,1.0,1.59,60.32,4,0.0,0.0,589376
2023-09-09 07:00:00,00000000270,20230909070000,0.069,0.0,0.036,0.0,0.0,0.0,1.0,0.0,52.17,4,0.0,0.0,589376
2023-09-09 08:00:00,00000000270,20230909080000,0.062,0.001,0.035,0.0,0.0,0.0,1.0,1.61,56.45,4,0.0,0.0,589376
2023-09-09 09:00:00,00000000270,20230909090000,0.055,0.0,0.036,0.0,0.0,0.0,1.0,0.0,65.45,4,0.0,0.0,589376
2023-09-09 10:00:00,00000000270,20230909100000,0.07,0.001,0.033,0.0,0.0,0.0,1.0,1.43,47.14,4,0.0,0.0,589376
2023-09-09 11:00:00,00000000270,20230909110000,0.071,0.0,0.034,0.0,0.0,0.0,1.0,0.0,47.89,4,0.0,0.0,589376
2023-09-09 12:00:00,00000000270,20230909120000,0.063,0.001,0.034,0.0,0.0,0.0,1.0,1.59,53.97,4,0.0,0.0,589376
2023-09-09 13:00:00,00000000270,20230909130000,0.156,0.002,0.033,0.0,0.0,0.0,1.0,1.28,21.15,4,0.0,0.0,589376
2023-09-09 14:00:00,00000000270,20230909140000,0.206,0.006,0.025,0.0,0.0,0.0,1.0,2.91,12.14,4,0.0,0.0,589376
2023-09-09 15:00:00,00000000270,20230909150000,0.102,0.002,0.031,0.0,0.0,0.0,1.0,1.96,30.39,4,0.0,0.0,589376
2023-09-09 16:00:00,00000000270,20230909160000,0.061,0.0,0.035,0.0,0.0,0.0,1.0,0.0,57.38,4,0.0,0.0,589376
2023-09-09 17:00:00,00000000270,20230909170000,0.074,0.001,0.033,0.0,0.0,0.0,1.0,1.35,44.59,4,0.0,0.0,589376
2023-09-09 18:00:00,00000000270,20230909180000,0.082,0.0,0.031,0.0,0.0,0.0,1.0,0.0,37.8,4,0.0,0.0,589376
2023-09-09 19:00:00,00000000270,20230909190000,0.068,0.001,0.034,0.0,0.0,0.0,1.0,1.47,50.0,4,0.0,0.0,589376
2023-09-09 20:00:00,00000000270,20230909200000,0.073,0.0,0.035,0.0,0.0,0.0,1.0,0.0,47.95,4,0.0,0.0,589376
2023-09-09 21:00:00,00000000270,20230909210000,0.089,0.001,0.037,0.0,0.0,0.0,1.0,1.12,41.57,4,0.0,0.0,589376
2023-09-09 22:00:00,00000000270,20230909220000,0.07,0.0,0.035,0.0,0.0,0.0,1.0,0.0,50.0,4,0.0,0.0,589376
2023-09-09 23:00:00,00000000270,20230909230000,0.063,0.001,0.036,0.0,0.0,0.0,1.0,1.59,57.14,4,0.0,0.0,589376
2023-09-10 00:00:00,00000000270,20230910000000,0.182,0.032,0.015,0.0,0.0,0.0,1.0,17.58,8.24,4,0.0,0.0,589376
2023-09-10 01:00:00,00000000270,20230910010000,0.174,0.062,0.005,0.0,0.0,0.0,1.0,35.63,2.87,4,0.0,0.0,589376
2023-09-10 02:00:00,00000000270,20230910020000,0.084,0.001,0.038,0.0,0.0,0.0,1.0,1.19,45.24,4,0.0,0.0,589376
2023-09-10 03:00:00,00000000270,20230910030000,0.078,0.0,0.035,0.0,0.0,0.0,1.0,0.0,44.87,4,0.0,0.0,589376
2023-09-10 04:00:00,00000000270,20230910040000,0.074,0.001,0.035,0.0,0.0,0.0,1.0,1.35,47.3,4,0.0,0.0,589376
2023-09-10 05:00:00,00000000270,20230910050000,0.059,0.0,0.037,0.0,0.0,0.0,1.0,0.0,62.71,4,0.0,0.0,589376
2023-09-10 06:00:00,00000000270,20230910060000,0.06,0.001,0.037,0.0,0.0,0.0,1.0,1.67,61.67,4,0.0,0.0,589376
2023-09-10 07:00:00,00000000270,20230910070000,0.073,0.0,0.036,0.0,0.0,0.0,1.0,0.0,49.32,4,0.0,0.0,589376
2023-09-10 08:00:00,00000000270,20230910080000,0.065,0.001,0.037,0.0,0.0,0.0,1.0,1.54,56.92,4,0.0,0.0,589376
2023-09-10 09:00:00,00000000270,20230910090000,0.056,0.0,0.037,0.0,0.0,0.0,1.0,0.0,66.07,4,0.0,0.0,589376
2023-09-10 10:00:00,00000000270,20230910100000,0.065,0.001,0.039,0.0,0.0,0.0,1.0,1.54,60.0,4,0.0,0.0,589376
2023-09-10 11:00:00,00000000270,20230910110000,0.076,0.0,0.038,0.0,0.0,0.0,1.0,0.0,50.0,4,0.0,0.0,589376
2023-09-10 12:00:00,00000000270,20230910120000,0.163,0.0,0.037,0.0,0.0,0.0,1.0,0.0,22.7,4,0.0,0.0,589376
2023-09-10 13:00:00,00000000270,20230910130000,0.114,0.001,0.031,0.0,0.0,0.0,1.0,0.88,27.19,4,0.0,0.0,589376
2023-09-10 14:00:00,00000000270,20230910140000,0.075,0.0,0.037,0.0,0.0,0.0,1.0,0.0,49.33,4,0.0,0.0,589376
2023-09-10 15:00:00,00000000270,20230910150000,0.159,0.002,0.044,0.0,0.0,0.0,1.0,1.26,27.67,4,0.0,0.0,589376
2023-09-10 16:00:00,00000000270,20230910160000,0.163,0.002,0.047,0.0,0.0,0.0,1.0,1.23,28.83,4,0.0,0.0,589376
2023-09-10 17:00:00,00000000270,20230910170000,0.195,0.0,0.02,0.0,0.0,0.0,1.0,0.0,10.26,4,0.0,0.0,589376
2023-09-10 18:00:00,00000000270,20230910180000,0.202,0.001,0.015,0.0,0.0,0.0,1.0,0.5,7.43,4,0.0,0.0,589376
2023-09-10 19:00:00,00000000270,20230910190000,0.177,0.0,0.023,0.0,0.0,0.0,1.0,0.0,12.99,4,0.0,0.0,589376
2023-09-10 20:00:00,00000000270,20230910200000,0.22,0.055,0.015,0.0,0.0,0.0,1.0,25.0,6.82,4,0.0,0.0,589376
2023-09-10 21:00:00,00000000270,20230910210000,0.194,0.038,0.019,0.0,0.0,0.0,1.0,19.59,9.79,4,0.0,0.0,589376
2023-09-10 22:00:00,00000000270,20230910220000,0.196,0.001,0.025,0.0,0.0,0.0,1.0,0.51,12.76,4,0.0,0.0,589376
2023-09-10 23:00:00,00000000270,20230910230000,0.18,0.0,0.022,0.0,0.0,0.0,1.0,0.0,12.22,4,0.0,0.0,589376
2023-09-11 00:00:00,00000000270,20230911000000,0.48,0.001,0.035,0.0,0.0,0.0,1.0,0.21,7.29,4,0.0,0.0,589376
2023-09-11 01:00:00,00000000270,20230911010000,0.186,0.0,0.033,0.0,0.0,0.0,1.0,0.0,17.74,4,0.0,0.0,589376
2023-09-11 02:00:00,00000000270,20230911020000,0.131,0.001,0.031,0.0,0.0,0.0,1.0,0.76,23.66,4,0.0,0.0,589376
2023-09-11 03:00:00,00000000270,20230911030000,0.114,0.002,0.027,0.0,0.0,0.0,1.0,1.75,23.68,4,0.0,0.0,589376
2023-09-11 04:00:00,00000000270,20230911040000,0.144,0.024,0.014,0.0,0.0,0.0,1.0,16.67,9.72,4,0.0,0.0,589376
2023-09-11 05:00:00,00000000270,20230911050000,0.171,0.08,0.0,0.0,0.0,0.0,1.0,46.78,0.0,4,0.0,0.0,589376
2023-09-11 06:00:00,00000000270,20230911060000,0.124,0.051,0.013,0.0,0.0,0.0,1.0,41.13,10.48,4,0.0,0.0,589376
2023-09-11 07:00:00,00000000270,20230911070000,0.117,0.001,0.019,0.0,0.0,0.0,1.0,0.85,16.24,4,0.0,0.0,589376
2023-09-11 08:00:00,00000000270,20230911080000,0.149,0.001,0.023,0.0,0.0,0.0,1.0,0.67,15.44,4,0.0,0.0,589376
2023-09-11 09:00:00,00000000270,20230911090000,0.206,0.001,0.021,0.0,0.0,0.0,1.0,0.49,10.19,4,0.0,0.0,589376
2023-09-11 10:00:00,00000000270,20230911100000,0.162,0.0,0.02,0.0,0.0,0.0,1.0,0.0,12.35,4,0.0,0.0,589376
2023-09-11 11:00:00,00000000270,20230911110000,0.206,0.004,0.01,0.0,0.0,0.0,1.0,1.94,4.85,4,0.0,0.0,589376
2023-09-11 12:00:00,00000000270,20230911120000,0.154,0.003,0.015,0.0,0.0,0.0,1.0,1.95,9.74,4,0.0,0.0,589376
2023-09-11 13:00:00,00000000270,20230911130000,0.16,0.002,0.013,0.0,0.0,0.0,1.0,1.25,8.12,4,0.0,0.0,589376
2023-09-11 14:00:00,00000000270,20230911140000,0.317,0.003,0.005,0.0,0.0,0.0,1.0,0.95,1.58,4,0.0,0.0,589376
2023-09-11 15:00:00,00000000270,20230911150000,0.11,0.001,0.025,0.0,0.0,0.0,1.0,0.91,22.73,4,0.0,0.0,589376
2023-09-11 16:00:00,00000000270,20230911160000,0.212,0.001,0.007,0.0,0.0,0.0,1.0,0.47,3.3,4,0.0,0.0,589376
2023-09-11 17:00:00,00000000270,20230911170000,0.177,0.001,0.022,0.0,0.0,0.0,1.0,0.56,12.43,4,0.0,0.0,589376
2023-09-11 18:00:00,00000000270,20230911180000,0.2,0.0,0.018,0.0,0.0,0.0,1.0,0.0,9.0,4,0.0,0.0,589376
2023-09-11 19:00:00,00000000270,20230911190000,0.45,0.001,0.029,0.0,0.0,0.0,1.0,0.22,6.44,4,0.0,0.0,589376
2023-09-11 20:00:00,00000000270,20230911200000,0.191,0.115,0.007,0.0,0.0,0.0,1.0,60.21,3.66,4,0.0,0.0,589376
2023-09-11 21:00:00,00000000270,20230911210000,0.165,0.08,0.02,0.0,0.0,0.0,1.0,48.48,12.12,4,0.0,0.0,589376
2023-09-11 22:00:00,00000000270,20230911220000,0.215,0.001,0.031,0.0,0.0,0.0,1.0,0.47,14.42,4,0.0,0.0,589376
2023-09-11 23:00:00,00000000270,20230911230000,0.218,0.002,0.011,0.0,0.0,0.0,1.0,0.92,5.05,4,0.0,0.0,589376
2023-09-12 00:00:00,00000000270,20230912000000,0.157,0.003,0.004,0.0,0.0,0.0,1.0,1.91,2.55,4,0.0,0.0,589376
2023-09-12 01:00:00,00000000270,20230912010000,0.101,0.001,0.025,0.0,0.0,0.0,1.0,0.99,24.75,4,0.0,0.0,589376
2023-09-12 02:00:00,00000000270,20230912020000,0.148,0.005,0.002,0.0,0.0,0.0,1.0,3.38,1.35,4,0.0,0.0,589376
2023-09-12 03:00:00,00000000270,20230912030000,0.1,0.001,0.027,0.0,0.0,0.0,1.0,1.0,27.0,4,0.0,0.0,589376
2023-09-12 04:00:00,00000000270,20230912040000,0.109,0.002,0.014,0.0,0.0,0.0,1.0,1.83,12.84,4,0.0,0.0,589376
2023-09-12 05:00:00,00000000270,20230912050000,0.15,0.051,0.013,0.0,0.0,0.0,1.0,34.0,8.67,4,0.0,0.0,589376
2023-09-12 06:00:00,00000000270,20230912060000,0.093,0.005,0.03,0.0,0.0,0.0,1.0,5.38,32.26,4,0.0,0.0,589376
2023-09-12 07:00:00,00000000270,20230912070000,0.108,0.002,0.013,0.0,0.0,0.0,1.0,1.85,12.04,4,0.0,0.0,589376
2023-09-12 08:00:00,00000000270,20230912080000,0.16,0.001,0.021,0.0,0.0,0.0,1.0,0.62,13.12,4,0.0,0.0,589376
2023-09-12 09:00:00,00000000270,20230912090000,0.234,0.0,0.028,0.0,0.0,0.0,1.0,0.0,11.97,4,0.0,0.0,589376
2023-09-12 10:00:00,00000000270,20230912100000,0.236,0.001,0.023,0.0,0.0,0.0,1.0,0.42,9.75,4,0.0,0.0,589376
2023-09-12 11:00:00,00000000270,20230912110000,0.592,0.005,0.022,0.0,0.0,0.0,1.0,0.84,3.72,4,0.0,0.0,589376
2023-09-12 12:00:00,00000000270,20230912120000,0.222,0.002,0.008,0.0,0.0,0.0,1.0,0.9,3.6,4,0.0,0.0,589376
2023-09-12 13:00:00,00000000270,20230912130000,0.098,0.003,0.021,0.0,0.0,0.0,1.0,3.06,21.43,4,0.0,0.0,589376
2023-09-12 14:00:00,00000000270,20230912140000,0.117,0.001,0.013,0.0,0.0,0.0,1.0,0.85,11.11,4,0.0,0.0,589376
2023-09-12 15:00:00,00000000270,20230912150000,0.116,0.003,0.02,0.0,0.0,0.0,1.0,2.59,17.24,4,0.0,0.0,589376
2023-09-12 16:00:00,00000000270,20230912160000,0.178,0.001,0.007,0.0,0.0,0.0,1.0,0.56,3.93,4,0.0,0.0,589376
2023-09-12 17:00:00,00000000270,20230912170000,0.19,0.001,0.011,0.0,0.0,0.0,1.0,0.53,5.79,4,0.0,0.0,589376
2023-09-12 18:00:00,00000000270,20230912180000,0.089,0.001,0.033,0.0,0.0,0.0,1.0,1.12,37.08,4,0.0,0.0,589376
2023-09-12 19:00:00,00000000270,20230912190000,0.153,0.019,0.003,0.0,0.0,0.0,1.0,12.42,1.96,4,0.0,0.0,589376
2023-09-12 20:00:00,00000000270,20230912200000,0.194,0.084,0.0,0.0,0.0,0.0,1.0,43.3,0.0,4,0.0,0.0,589376
2023-09-12 21:00:00,00000000270,20230912210000,0.243,0.061,0.0,0.0,0.0,0.0,1.0,25.1,0.0,4,0.0,0.0,589376
2023-09-12 22:00:00,00000000270,20230912220000,0.157,0.011,0.01,0.0,0.0,0.0,1.0,7.01,6.37,4,0.0,0.0,589376
2023-09-12 23:00:00,00000000270,20230912230000,0.104,0.001,0.028,0.0,0.0,0.0,1.0,0.96,26.92,4,0.0,0.0,589376
2023-09-13 00:00:00,00000000270,20230913000000,0.154,0.001,0.021,0.0,0.0,0.0,1.0,0.65,13.64,4,0.0,0.0,589376
2023-09-13 01:00:00,00000000270,20230913010000,0.158,0.0,0.035,0.0,0.0,0.0,1.0,0.0,22.15,4,0.0,0.0,589376
2023-09-13 02:00:00,00000000270,20230913020000,0.167,0.001,0.015,0.0,0.0,0.0,1.0,0.6,8.98,4,0.0,0.0,589376
2023-09-13 03:00:00,00000000270,20230913030000,0.092,0.001,0.037,0.0,0.0,0.0,1.0,1.09,40.22,4,0.0,0.0,589376
2023-09-13 04:00:00,00000000270,20230913040000,0.115,0.003,0.011,0.0,0.0,0.0,1.0,2.61,9.57,4,0.0,0.0,589376
2023-09-13 05:00:00,00000000270,20230913050000,0.081,0.0,0.028,0.0,0.0,0.0,1.0,0.0,34.57,4,0.0,0.0,589376
2023-09-13 06:00:00,00000000270,20230913060000,0.11,0.003,0.025,0.0,0.0,0.0,1.0,2.73,22.73,4,0.0,0.0,589376
2023-09-13 07:00:00,00000000270,20230913070000,0.11,0.002,0.02,0.0,0.0,0.0,1.0,1.82,18.18,4,0.0,0.0,589376
2023-09-13 08:00:00,00000000270,20230913080000,0.441,0.124,0.027,0.0,0.0,0.0,1.0,28.12,6.12,4,0.0,0.0,589376
2023-09-13 09:00:00,00000000270,20230913090000,0.304,0.29,0.011,0.0,0.0,0.0,1.0,95.39,3.62,4,0.0,0.0,589376
2023-09-13 10:00:00,00000000270,20230913100000,0.112,0.002,0.025,0.0,0.0,0.0,1.0,1.79,22.32,4,0.0,0.0,589376
2023-09-13 11:00:00,00000000270,20230913110000,0.091,0.001,0.026,0.0,0.0,0.0,1.0,1.1,28.57,4,0.0,0.0,589376
2023-09-13 12:00:00,00000000270,20230913120000,0.096,0.002,0.018,0.0,0.0,0.0,1.0,2.08,18.75,4,0.0,0.0,589376
2023-09-13 13:00:00,00000000270,20230913130000,0.096,0.002,0.031,0.0,0.0,0.0,1.0,2.08,32.29,4,0.0,0.0,589376
2023-09-13 14:00:00,00000000270,20230913140000,0.141,0.001,0.019,0.0,0.0,0.0,1.0,0.71,13.48,4,0.0,0.0,589376
2023-09-13 15:00:00,00000000270,20230913150000,0.115,0.003,0.02,0.0,0.0,0.0,1.0,2.61,17.39,4,0.0,0.0,589376
2023-09-13 16:00:00,00000000270,20230913160000,0.123,0.0,0.032,0.0,0.0,0.0,1.0,0.0,26.02,4,0.0,0.0,589376
2023-09-13 17:00:00,00000000270,20230913170000,0.109,0.002,0.013,0.0,0.0,0.0,1.0,1.83,11.93,4,0.0,0.0,589376
2023-09-13 18:00:00,00000000270,20230913180000,0.13,0.004,0.014,0.0,0.0,0.0,1.0,3.08,10.77,4,0.0,0.0,589376
2023-09-13 19:00:00,00000000270,20230913190000,0.244,0.23,0.002,0.0,0.0,0.0,1.0,94.26,0.82,4,0.0,0.0,589376
2023-09-13 20:00:00,00000000270,20230913200000,0.178,0.134,0.017,0.0,0.0,0.0,1.0,75.28,9.55,4,0.0,0.0,589376
2023-09-13 21:00:00,00000000270,20230913210000,0.279,0.001,0.009,0.0,0.0,0.0,1.0,0.36,3.23,4,0.0,0.0,589376
2023-09-13 22:00:00,00000000270,20230913220000,0.172,0.0,0.034,0.0,0.0,0.0,1.0,0.0,19.77,4,0.0,0.0,589376
2023-09-13 23:00:00,00000000270,20230913230000,0.156,0.001,0.026,0.0,0.0,0.0,1.0,0.64,16.67,4,0.0,0.0,589376
2023-09-14 00:00:00,00000000270,20230914000000,0.119,0.001,0.02,0.0,0.0,0.0,1.0,0.84,16.81,4,0.0,0.0,589376
2023-09-14 01:00:00,00000000270,20230914010000,0.108,0.001,0.033,0.0,0.0,0.0,1.0,0.93,30.56,4,0.0,0.0,589376
2023-09-14 02:00:00,00000000270,20230914020000,0.129,0.002,0.016,0.0,0.0,0.0,1.0,1.55,12.4,4,0.0,0.0,589376
2023-09-14 03:00:00,00000000270,20230914030000,0.093,0.001,0.023,0.0,0.0,0.0,1.0,1.08,24.73,4,0.0,0.0,589376
2023-09-14 04:00:00,00000000270,20230914040000,0.071,0.001,0.034,0.0,0.0,0.0,1.0,1.41,47.89,4,0.0,0.0,589376
2023-09-14 05:00:00,00000000270,20230914050000,0.108,0.002,0.016,0.0,0.0,0.0,1.0,1.85,14.81,4,0.0,0.0,589376
2023-09-14 06:00:00,00000000270,20230914060000,0.112,0.003,0.021,0.0,0.0,0.0,1.0,2.68,18.75,4,0.0,0.0,589376
2023-09-14 07:00:00,00000000270,20230914070000,0.077,0.0,0.035,0.0,0.0,0.0,1.0,0.0,45.45,4,0.0,0.0,589376
2023-09-14 08:00:00,00000000270,20230914080000,0.151,0.001,0.017,0.0,0.0,0.0,1.0,0.66,11.26,4,0.0,0.0,589376
2023-09-14 09:00:00,00000000270,20230914090000,0.182,0.002,0.024,0.0,0.0,0.0,1.0,1.1,13.19,4,0.0,0.0,589376
2023-09-14 10:00:00,00000000270,20230914100000,0.2,0.123,0.014,0.0,0.0,0.0,1.0,61.5,7.0,4,0.0,0.0,589376
2023-09-14 11:00:00,00000000270,20230914110000,0.234,0.058,0.031,0.0,0.0,0.0,1.0,24.79,13.25,4,0.0,0.0,589376
2023-09-14 12:00:00,00000000270,20230914120000,0.186,0.001,0.02,0.0,0.0,0.0,1.0,0.54,10.75,4,0.0,0.0,589376
2023-09-14 13:00:00,00000000270,20230914130000,0.144,0.0,0.033,0.0,0.0,0.0,1.0,0.0,22.92,4,0.0,0.0,589376
2023-09-14 14:00:00,00000000270,20230914140000,0.139,0.001,0.038,0.0,0.0,0.0,1.0,0.72,27.34,4,0.0,0.0,589376
2023-09-14 15:00:00,00000000270,20230914150000,0.187,0.0,0.013,0.0,0.0,0.0,1.0,0.0,6.95,4,0.0,0.0,589376
2023-09-14 16:00:00,00000000270,20230914160000,0.976,0.001,0.009,0.0,0.0,0.0,1.0,0.1,0.92,4,0.0,0.0,589376
2023-09-14 17:00:00,00000000270,20230914170000,0.178,0.0,0.035,0.0,0.0,0.0,1.0,0.0,19.66,4,0.0,0.0,589376
2023-09-14 18:00:00,00000000270,20230914180000,0.166,0.001,0.023,0.0,0.0,0.0,1.0,0.6,13.86,4,0.0,0.0,589376
2023-09-14 19:00:00,00000000270,20230914190000,0.148,0.0,0.035,0.0,0.0,0.0,1.0,0.0,23.65,4,0.0,0.0,589376
2023-09-14 20:00:00,00000000270,20230914200000,0.173,0.001,0.019,0.0,0.0,0.0,1.0,0.58,10.98,4,0.0,0.0,589376
2023-09-14 21:00:00,00000000270,20230914210000,0.138,0.0,0.042,0.0,0.0,0.0,1.0,0.0,30.43,4,0.0,0.0,589376
2023-09-14 22:00:00,00000000270,20230914220000,0.127,0.001,0.03,0.0,0.0,0.0,1.0,0.79,23.62,4,0.0,0.0,589376
2023-09-14 23:00:00,00000000270,20230914230000,0.12,0.0,0.024,0.0,0.0,0.0,1.0,0.0,20.0,4,0.0,0.0,589376
2023-09-15 00:00:00,00000000270,20230915000000,0.087,0.001,0.037,0.0,0.0,0.0,1.0,1.15,42.53,4,0.0,0.0,589376
2023-09-15 01:00:00,00000000270,20230915010000,0.127,0.001,0.019,0.0,0.0,0.0,1.0,0.79,14.96,4,0.0,0.0,589376
2023-09-15 02:00:00,00000000270,20230915020000,0.114,0.001,0.024,0.0,0.0,0.0,1.0,0.88,21.05,4,0.0,0.0,589376
2023-09-15 03:00:00,00000000270,20230915030000,0.084,0.002,0.035,0.0,0.0,0.0,1.0,2.38,41.67,4,0.0,0.0,589376
2023-09-15 04:00:00,00000000270,20230915040000,0.098,0.002,0.017,0.0,0.0,0.0,1.0,2.04,17.35,4,0.0,0.0,589376
2023-09-15 05:00:00,00000000270,20230915050000,0.092,0.001,0.021,0.0,0.0,0.0,1.0,1.09,22.83,4,0.0,0.0,589376
2023-09-15 06:00:00,00000000270,20230915060000,0.08,0.001,0.035,0.0,0.0,0.0,1.0,1.25,43.75,4,0.0,0.0,589376
2023-09-15 07:00:00,00000000270,20230915070000,0.106,0.001,0.018,0.0,0.0,0.0,1.0,0.94,16.98,4,0.0,0.0,589376
2023-09-15 08:00:00,00000000270,20230915080000,0.153,0.001,0.017,0.0,0.0,0.0,1.0,0.65,11.11,4,0.0,0.0,589376
2023-09-15 09:00:00,00000000270,20230915090000,0.168,0.0,0.031,0.0,0.0,0.0,1.0,0.0,18.45,4,0.0,0.0,589376
2023-09-15 10:00:00,00000000270,20230915100000,0.094,0.002,0.021,0.0,0.0,0.0,1.0,2.13,22.34,4,0.0,0.0,589376
2023-09-15 11:00:00,00000000270,20230915110000,0.094,0.002,0.02,0.0,0.0,0.0,1.0,2.13,21.28,4,0.0,0.0,589376
2023-09-15 12:00:00,00000000270,20230915120000,0.116,0.002,0.013,0.0,0.0,0.0,1.0,1.72,11.21,4,0.0,0.0,589376
2023-09-15 13:00:00,00000000270,20230915130000,0.127,0.001,0.016,0.0,0.0,0.0,1.0,0.79,12.6,4,0.0,0.0,589376
2023-09-15 14:00:00,00000000270,20230915140000,0.174,0.0,0.028,0.0,0.0,0.0,1.0,0.0,16.09,4,0.0,0.0,589376
2023-09-15 15:00:00,00000000270,20230915150000,0.155,0.0,0.028,0.0,0.0,0.0,1.0,0.0,18.06,4,0.0,0.0,589376
2023-09-15 16:00:00,00000000270,20230915160000,0.174,0.001,0.017,0.0,0.0,0.0,1.0,0.57,9.77,4,0.0,0.0,589376
2023-09-15 17:00:00,00000000270,20230915170000,0.191,0.001,0.009,0.0,0.0,0.0,1.0,0.52,4.71,4,0.0,0.0,589376
2023-09-15 18:00:00,00000000270,20230915180000,0.172,0.0,0.025,0.0,0.0,0.0,1.0,0.0,14.53,4,0.0,0.0,589376
2023-09-15 19:00:00,00000000270,20230915190000,0.17,0.0,0.022,0.0,0.0,0.0,1.0,0.0,12.94,4,0.0,0.0,589376
2023-09-15 20:00:00,00000000270,20230915200000,0.18,0.001,0.018,0.0,0.0,0.0,1.0,0.56,10.0,4,0.0,0.0,589376
2023-09-15 21:00:00,00000000270,20230915210000,0.153,0.001,0.039,0.0,0.0,0.0,1.0,0.65,25.49,4,0.0,0.0,589376
2023-09-15 22:00:00,00000000270,20230915220000,0.267,0.0,0.021,0.0,0.0,0.0,1.0,0.0,7.87,4,0.0,0.0,589376
2023-09-15 23:00:00,00000000270,20230915230000,0.191,0.0,0.021,0.0,0.0,0.0,1.0,0.0,10.99,4,0.0,0.0,589376
2023-09-16 00:00:00,00000000270,20230916000000,0.159,0.001,0.039,0.0,0.0,0.0,1.0,0.63,24.53,4,0.0,0.0,589376
2023-09-16 01:00:00,00000000270,20230916010000,0.16,0.0,0.03,0.0,0.0,0.0,1.0,0.0,18.75,4,0.0,0.0,589376
2023-09-16 02:00:00,00000000270,20230916020000,0.114,0.003,0.018,0.0,0.0,0.0,1.0,2.63,15.79,4,0.0,0.0,589376
2023-09-16 03:00:00,00000000270,20230916030000,0.102,0.002,0.03,0.0,0.0,0.0,1.0,1.96,29.41,4,0.0,0.0,589376
2023-09-16 04:00:00,00000000270,20230916040000,0.104,0.001,0.023,0.0,0.0,0.0,1.0,0.96,22.12,4,0.0,0.0,589376
2023-09-16 05:00:00,00000000270,20230916050000,0.114,0.003,0.014,0.0,0.0,0.0,1.0,2.63,12.28,4,0.0,0.0,589376
2023-09-16 06:00:00,00000000270,20230916060000,0.081,0.001,0.03,0.0,0.0,0.0,1.0,1.23,37.04,4,0.0,0.0,589376
2023-09-16 07:00:00,00000000270,20230916070000,0.083,0.001,0.026,0.0,0.0,0.0,1.0,1.2,31.33,4,0.0,0.0,589376
2023-09-16 08:00:00,00000000270,20230916080000,0.118,0.001,0.012,0.0,0.0,0.0,1.0,0.85,10.17,4,0.0,0.0,589376
2023-09-16 09:00:00,00000000270,20230916090000,0.09,0.002,0.031,0.0,0.0,0.0,1.0,2.22,34.44,4,0.0,0.0,589376
2023-09-16 10:00:00,00000000270,20230916100000,0.183,0.002,0.004,0.0,0.0,0.0,1.0,1.09,2.19,4,0.0,0.0,589376
2023-09-16 11:00:00,00000000270,20230916110000,0.112,0.001,0.03,0.0,0.0,0.0,1.0,0.89,26.79,4,0.0,0.0,589376
2023-09-16 12:00:00,00000000270,20230916120000,0.217,0.135,0.017,0.0,0.0,0.0,1.0,62.21,7.83,4,0.0,0.0,589376
2023-09-16 13:00:00,00000000270,20230916130000,0.164,0.0,0.028,0.0,0.0,0.0,1.0,0.0,17.07,4,0.0,0.0,589376
2023-09-16 14:00:00,00000000270,20230916140000,0.207,0.001,0.011,0.0,0.0,0.0,1.0,0.48,5.31,4,0.0,0.0,589376
2023-09-16 15:00:00,00000000270,20230916150000,0.151,0.0,0.036,0.0,0.0,0.0,1.0,0.0,23.84,4,0.0,0.0,589376
2023-09-16 16:00:00,00000000270,20230916160000,0.18,0.001,0.011,0.0,0.0,0.0,1.0,0.56,6.11,4,0.0,0.0,589376
2023-09-16 17:00:00,00000000270,20230916170000,0.133,0.0,0.039,0.0,0.0,0.0,1.0,0.0,29.32,4,0.0,0.0,589376
2023-09-16 18:00:00,00000000270,20230916180000,0.139,0.001,0.014,0.0,0.0,0.0,1.0,0.72,10.07,4,0.0,0.0,589376
2023-09-16 19:00:00,00000000270,20230916190000,0.161,0.001,0.023,0.0,0.0,0.0,1.0,0.62,14.29,4,0.0,0.0,589376
2023-09-16 20:00:00,00000000270,20230916200000,0.183,0.0,0.026,0.0,0.0,0.0,1.0,0.0,14.21,4,0.0,0.0,589376
2023-09-16 21:00:00,00000000270,20230916210000,0.177,0.001,0.025,0.0,0.0,0.0,1.0,0.56,14.12,4,0.0,0.0,589376
2023-09-16 22:00:00,00000000270,20230916220000,0.169,0.0,0.019,0.0,0.0,0.0,1.0,0.0,11.24,4,0.0,0.0,589376
2023-09-16 23:00:00,00000000270,20230916230000,0.169,0.001,0.029,0.0,0.0,0.0,1.0,0.59,17.16,4,0.0,0.0,589376
2023-09-17 00:00:00,00000000270,20230917000000,0.129,0.001,0.032,0.0,0.0,0.0,1.0,0.78,24.81,4,0.0,0.0,589376
2023-09-17 01:00:00,00000000270,20230917010000,0.106,0.0,0.028,0.0,0.0,0.0,1.0,0.0,26.42,4,0.0,0.0,589376
2023-09-17 02:00:00,00000000270,20230917020000,0.116,0.002,0.02,0.0,0.0,0.0,1.0,1.72,17.24,4,0.0,0.0,589376
2023-09-17 03:00:00,00000000270,20230917030000,0.115,0.002,0.018,0.0,0.0,0.0,1.0,1.74,15.65,4,0.0,0.0,589376
2023-09-17 04:00:00,00000000270,20230917040000,0.102,0.003,0.03,0.0,0.0,0.0,1.0,2.94,29.41,4,0.0,0.0,589376
2023-09-17 05:00:00,00000000270,20230917050000,0.097,0.001,0.022,0.0,0.0,0.0,1.0,1.03,22.68,4,0.0,0.0,589376
2023-09-17 06:00:00,00000000270,20230917060000,0.102,0.002,0.018,0.0,0.0,0.0,1.0,1.96,17.65,4,0.0,0.0,589376
2023-09-17 07:00:00,00000000270,20230917070000,0.093,0.001,0.024,0.0,0.0,0.0,1.0,1.08,25.81,4,0.0,0.0,589376
2023-09-17 08:00:00,00000000270,20230917080000,0.087,0.001,0.032,0.0,0.0,0.0,1.0,1.15,36.78,4,0.0,0.0,589376
2023-09-17 09:00:00,00000000270,20230917090000,0.187,0.002,0.016,0.0,0.0,0.0,1.0,1.07,8.56,4,0.0,0.0,589376
2023-09-17 10:00:00,00000000270,20230917100000,0.207,0.001,0.034,0.0,0.0,0.0,1.0,0.48,16.43,4,0.0,0.0,589376
2023-09-17 11:00:00,00000000270,20230917110000,0.323,0.003,0.031,0.0,0.0,0.0,1.0,0.93,9.6,4,0.0,0.0,589376
2023-09-17 12:00:00,00000000270,20230917120000,0.18,0.0,0.026,0.0,0.0,0.0,1.0,0.0,14.44,4,0.0,0.0,589376
2023-09-17 13:00:00,00000000270,20230917130000,0.176,0.001,0.024,0.0,0.0,0.0,1.0,0.57,13.64,4,0.0,0.0,589376
2023-09-17 14:00:00,00000000270,20230917140000,0.153,0.001,0.036,0.0,0.0,0.0,1.0,0.65,23.53,4,0.0,0.0,589376
2023-09-17 15:00:00,00000000270,20230917150000,0.178,0.0,0.019,0.0,0.0,0.0,1.0,0.0,10.67,4,0.0,0.0,589376
2023-09-17 16:00:00,00000000270,20230917160000,0.162,0.0,0.036,0.0,0.0,0.0,1.0,0.0,22.22,4,0.0,0.0,589376
2023-09-17 17:00:00,00000000270,20230917170000,0.154,0.001,0.036,0.0,0.0,0.0,1.0,0.65,23.38,4,0.0,0.0,589376
2023-09-17 18:00:00,00000000270,20230917180000,0.208,0.001,0.017,0.0,0.0,0.0,1.0,0.48,8.17,4,0.0,0.0,589376
2023-09-17 19:00:00,00000000270,20230917190000,0.15,0.0,0.035,0.0,0.0,0.0,1.0,0.0,23.33,4,0.0,0.0,589376
2023-09-17 20:00:00,00000000270,20230917200000,0.165,0.001,0.033,0.0,0.0,0.0,1.0,0.61,20.0,4,0.0,0.0,589376
2023-09-17 21:00:00,00000000270,20230917210000,0.175,0.0,0.031,0.0,0.0,0.0,1.0,0.0,17.71,4,0.0,0.0,589376
2023-09-17 22:00:00,00000000270,20230917220000,0.169,0.001,0.028,0.0,0.0,0.0,1.0,0.59,16.57,4,0.0,0.0,589376
2023-09-17 23:00:00,00000000270,20230917230000,0.243,0.0,0.033,0.0,0.0,0.0,1.0,0.0,13.58,4,0.0,0.0,589376
2023-09-18 00:00:00,00000000270,20230918000000,0.192,0.001,0.031,0.0,0.0,0.0,1.0,0.52,16.15,4,0.0,0.0,589376
2023-09-18 01:00:00,00000000270,20230918010000,0.16,0.0,0.032,0.0,0.0,0.0,1.0,0.0,20.0,4,0.0,0.0,589376
2023-09-18 02:00:00,00000000270,20230918020000,0.125,0.001,0.019,0.0,0.0,0.0,1.0,0.8,15.2,4,0.0,0.0,589376
2023-09-18 03:00:00,00000000270,20230918030000,0.115,0.002,0.019,0.0,0.0,0.0,1.0,1.74,16.52,4,0.0,0.0,589376
2023-09-18 04:00:00,00000000270,20230918040000,0.105,0.001,0.028,0.0,0.0,0.0,1.0,0.95,26.67,4,0.0,0.0,589376
2023-09-18 05:00:00,00000000270,20230918050000,0.111,0.002,0.029,0.0,0.0,0.0,1.0,1.8,26.13,4,0.0,0.0,589376
2023-09-18 06:00:00,00000000270,20230918060000,0.112,0.001,0.021,0.0,0.0,0.0,1.0,0.89,18.75,4,0.0,0.0,589376
2023-09-18 07:00:00,00000000270,20230918070000,0.104,0.003,0.021,0.0,0.0,0.0,1.0,2.88,20.19,4,0.0,0.0,589376
2023-09-18 08:00:00,00000000270,20230918080000,0.16,0.0,0.023,0.0,0.0,0.0,1.0,0.0,14.37,4,0.0,0.0,589376
2023-09-18 09:00:00,00000000270,20230918090000,0.197,0.001,0.023,0.0,0.0,0.0,1.0,0.51,11.68,4,0.0,0.0,589376
2023-09-18 10:00:00,00000000270,20230918100000,0.234,0.0,0.023,0.0,0.0,0.0,1.0,0.0,9.83,4,0.0,0.0,589376
2023-09-18 11:00:00,00000000270,20230918110000,0.183,0.001,0.013,0.0,0.0,0.0,1.0,0.55,7.1,4,0.0,0.0,589376
2023-09-18 12:00:00,00000000270,20230918120000,0.161,0.0,0.029,0.0,0.0,0.0,1.0,0.0,18.01,4,0.0,0.0,589376
2023-09-18 13:00:00,00000000270,20230918130000,0.119,0.002,0.025,0.0,0.0,0.0,1.0,1.68,21.01,4,0.0,0.0,589376
2023-09-18 14:00:00,00000000270,20230918140000,0.171,0.0,0.017,0.0,0.0,0.0,1.0,0.0,9.94,4,0.0,0.0,589376
2023-09-18 15:00:00,00000000270,20230918150000,0.197,0.001,0.014,0.0,0.0,0.0,1.0,0.51,7.11,4,0.0,0.0,589376
2023-09-18 16:00:00,00000000270,20230918160000,0.211,0.002,0.012,0.0,0.0,0.0,1.0,0.95,5.69,4,0.0,0.0,589376
2023-09-18 17:00:00,00000000270,20230918170000,0.192,0.003,0.028,0.0,0.0,0.0,1.0,1.56,14.58,4,0.0,0.0,589376
2023-09-18 18:00:00,00000000270,20230918180000,0.15,0.003,0.006,0.0,0.0,0.0,1.0,2.0,4.0,4,0.0,0.0,589376
2023-09-18 19:00:00,00000000270,20230918190000,0.121,0.003,0.02,0.0,0.0,0.0,1.0,2.48,16.53,4,0.0,0.0,589376
2023-09-18 20:00:00,00000000270,20230918200000,0.165,0.001,0.008,0.0,0.0,0.0,1.0,0.61,4.85,4,0.0,0.0,589376
2023-09-18 21:00:00,00000000270,20230918210000,0.117,0.001,0.025,0.0,0.0,0.0,1.0,0.85,21.37,4,0.0,0.0,589376
2023-09-18 22:00:00,00000000270,20230918220000,0.147,0.002,0.009,0.0,0.0,0.0,1.0,1.36,6.12,4,0.0,0.0,589376
2023-09-18 23:00:00,00000000270,20230918230000,0.194,0.001,0.01,0.0,0.0,0.0,1.0,0.52,5.15,4,0.0,0.0,589376
2023-09-19 00:00:00,00000000270,20230919000000,0.172,0.002,0.004,0.0,0.0,0.0,1.0,1.16,2.33,4,0.0,0.0,589376
2023-09-19 01:00:00,00000000270,20230919010000,0.144,0.003,0.005,0.0,0.0,0.0,1.0,2.08,3.47,4,0.0,0.0,589376
2023-09-19 02:00:00,00000000270,20230919020000,0.133,0.003,0.003,0.0,0.0,0.0,1.0,2.26,2.26,4,0.0,0.0,589376
2023-09-19 03:00:00,00000000270,20230919030000,0.135,0.003,0.003,0.0,0.0,0.0,1.0,2.22,2.22,4,0.0,0.0,589376
2023-09-19 04:00:00,00000000270,20230919040000,0.15,0.004,0.001,0.0,0.0,0.0,1.0,2.67,0.67,4,0.0,0.0,589376
2023-09-19 05:00:00,00000000270,20230919050000,0.132,0.002,0.003,0.0,0.0,0.0,1.0,1.52,2.27,4,0.0,0.0,589376
2023-09-19 06:00:00,00000000270,20230919060000,0.13,0.003,0.003,0.0,0.0,0.0,1.0,2.31,2.31,4,0.0,0.0,589376
2023-09-19 07:00:00,00000000270,20230919070000,0.132,0.003,0.004,0.0,0.0,0.0,1.0,2.27,3.03,4,0.0,0.0,589376
2023-09-19 08:00:00,00000000270,20230919080000,0.198,0.0,0.009,0.0,0.0,0.0,1.0,0.0,4.55,4,0.0,0.0,589376
2023-09-19 09:00:00,00000000270,20230919090000,0.231,0.04,0.008,0.0,0.0,0.0,1.0,17.32,3.46,4,0.0,0.0,589376
2023-09-19 10:00:00,00000000270,20230919100000,0.216,0.135,0.005,0.0,0.0,0.0,1.0,62.5,2.31,4,0.0,0.0,589376
2023-09-19 11:00:00,00000000270,20230919110000,0.222,0.083,0.008,0.0,0.0,0.0,1.0,37.39,3.6,4,0.0,0.0,589376
2023-09-19 12:00:00,00000000270,20230919120000,0.188,0.001,0.017,0.0,0.0,0.0,1.0,0.53,9.04,4,0.0,0.0,589376
2023-09-19 13:00:00,00000000270,20230919130000,0.18,0.0,0.036,0.0,0.0,0.0,1.0,0.0,20.0,4,0.0,0.0,589376
2023-09-19 14:00:00,00000000270,20230919140000,0.204,0.001,0.009,0.0,0.0,0.0,1.0,0.49,4.41,4,0.0,0.0,589376
2023-09-19 15:00:00,00000000270,20230919150000,0.198,0.0,0.01,0.0,0.0,0.0,1.0,0.0,5.05,4,0.0,0.0,589376
2023-09-19 16:00:00,00000000270,20230919160000,0.153,0.001,0.031,0.0,0.0,0.0,1.0,0.65,20.26,4,0.0,0.0,589376
2023-09-19 17:00:00,00000000270,20230919170000,0.184,0.0,0.015,0.0,0.0,0.0,1.0,0.0,8.15,4,0.0,0.0,589376
2023-09-19 18:00:00,00000000270,20230919180000,0.195,0.001,0.008,0.0,0.0,0.0,1.0,0.51,4.1,4,0.0,0.0,589376
2023-09-19 19:00:00,00000000270,20230919190000,0.22,0.002,0.011,0.0,0.0,0.0,1.0,0.91,5.0,4,0.0,0.0,589376
2023-09-19 20:00:00,00000000270,20230919200000,0.575,0.0,0.012,0.0,0.0,0.0,1.0,0.0,2.09,4,0.0,0.0,589376
2023-09-19 21:00:00,00000000270,20230919210000,0.151,0.001,0.037,0.0,0.0,0.0,1.0,0.66,24.5,4,0.0,0.0,589376
2023-09-19 22:00:00,00000000270,20230919220000,0.179,0.0,0.016,0.0,0.0,0.0,1.0,0.0,8.94,4,0.0,0.0,589376
2023-09-19 23:00:00,00000000270,20230919230000,0.184,0.001,0.011,0.0,0.0,0.0,1.0,0.54,5.98,4,0.0,0.0,589376
2023-09-20 00:00:00,00000000270,20230920000000,0.227,0.0,0.047,0.0,0.0,0.0,1.0,0.0,20.7,4,0.0,0.0,589376
2023-09-20 01:00:00,00000000270,20230920010000,0.218,0.003,0.007,0.0,0.0,0.0,1.0,1.38,3.21,4,0.0,0.0,589376
2023-09-20 02:00:00,00000000270,20230920020000,0.13,0.002,0.016,0.0,0.0,0.0,1.0,1.54,12.31,4,0.0,0.0,589376
2023-09-20 03:00:00,00000000270,20230920030000,0.112,0.001,0.026,0.0,0.0,0.0,1.0,0.89,23.21,4,0.0,0.0,589376
2023-09-20 04:00:00,00000000270,20230920040000,0.105,0.002,0.029,0.0,0.0,0.0,1.0,1.9,27.62,4,0.0,0.0,589376
2023-09-20 05:00:00,00000000270,20230920050000,0.122,0.003,0.016,0.0,0.0,0.0,1.0,2.46,13.11,4,0.0,0.0,589376
2023-09-20 06:00:00,00000000270,20230920060000,0.101,0.002,0.025,0.0,0.0,0.0,1.0,1.98,24.75,4,0.0,0.0,589376
2023-09-20 07:00:00,00000000270,20230920070000,0.081,0.001,0.03,0.0,0.0,0.0,1.0,1.23,37.04,4,0.0,0.0,589376
2023-09-20 08:00:00,00000000270,20230920080000,0.166,0.002,0.021,0.0,0.0,0.0,1.0,1.2,12.65,4,0.0,0.0,589376
2023-09-20 09:00:00,00000000270,20230920090000,0.177,0.001,0.027,0.0,0.0,0.0,1.0,0.56,15.25,4,0.0,0.0,589376
2023-09-20 10:00:00,00000000270,20230920100000,0.215,0.0,0.033,0.0,0.0,0.0,1.0,0.0,15.35,4,0.0,0.0,589376
2023-09-20 11:00:00,00000000270,20230920110000,0.138,0.001,0.03,0.0,0.0,0.0,1.0,0.72,21.74,4,0.0,0.0,589376
2023-09-20 12:00:00,00000000270,20230920120000,0.163,0.002,0.012,0.0,0.0,0.0,1.0,1.23,7.36,4,0.0,0.0,589376
2023-09-20 13:00:00,00000000270,20230920130000,0.127,0.001,0.031,0.0,0.0,0.0,1.0,0.79,24.41,4,0.0,0.0,589376
2023-09-20 14:00:00,00000000270,20230920140000,0.213,0.001,0.008,0.0,0.0,0.0,1.0,0.47,3.76,4,0.0,0.0,589376
2023-09-20 15:00:00,00000000270,20230920150000,0.195,0.0,0.014,0.0,0.0,0.0,1.0,0.0,7.18,4,0.0,0.0,589376
2023-09-20 16:00:00,00000000270,20230920160000,0.277,0.001,0.011,0.0,0.0,0.0,1.0,0.36,3.97,4,0.0,0.0,589376
2023-09-20 17:00:00,00000000270,20230920170000,0.708,0.0,0.032,0.0,0.0,0.0,1.0,0.0,4.52,4,0.0,0.0,589376
2023-09-20 18:00:00,00000000270,20230920180000,0.205,0.001,0.009,0.0,0.0,0.0,1.0,0.49,4.39,4,0.0,0.0,589376
2023-09-20 19:00:00,00000000270,20230920190000,0.159,0.0,0.023,0.0,0.0,0.0,1.0,0.0,14.47,4,0.0,0.0,589376
2023-09-20 20:00:00,00000000270,20230920200000,0.132,0.001,0.022,0.0,0.0,0.0,1.0,0.76,16.67,4,0.0,0.0,589376
2023-09-20 21:00:00,00000000270,20230920210000,0.147,0.001,0.022,0.0,0.0,0.0,1.0,0.68,14.97,4,0.0,0.0,589376
2023-09-20 22:00:00,00000000270,20230920220000,0.144,0.002,0.018,0.0,0.0,0.0,1.0,1.39,12.5,4,0.0,0.0,589376
2023-09-20 23:00:00,00000000270,20230920230000,0.138,0.002,0.021,0.0,0.0,0.0,1.0,1.45,15.22,4,0.0,0.0,589376
2023-09-21 00:00:00,00000000270,20230921000000,0.124,0.001,0.018,0.0,0.0,0.0,1.0,0.81,14.52,4,0.0,0.0,589376
2023-09-21 01:00:00,00000000270,20230921010000,0.112,0.004,0.02,0.0,0.0,0.0,1.0,3.57,17.86,4,0.0,0.0,589376
2023-09-21 02:00:00,00000000270,20230921020000,0.098,0.002,0.026,0.0,0.0,0.0,1.0,2.04,26.53,4,0.0,0.0,589376
2023-09-21 03:00:00,00000000270,20230921030000,0.092,0.001,0.026,0.0,0.0,0.0,1.0,1.09,28.26,4,0.0,0.0,589376
2023-09-21 04:00:00,00000000270,20230921040000,0.087,0.002,0.028,0.0,0.0,0.0,1.0,2.3,32.18,4,0.0,0.0,589376
2023-09-21 05:00:00,00000000270,20230921050000,0.108,0.002,0.019,0.0,0.0,0.0,1.0,1.85,17.59,4,0.0,0.0,589376
2023-09-21 06:00:00,00000000270,20230921060000,0.113,0.001,0.019,0.0,0.0,0.0,1.0,0.88,16.81,4,0.0,0.0,589376
2023-09-21 07:00:00,00000000270,20230921070000,0.172,0.0,0.026,0.0,0.0,0.0,1.0,0.0,15.12,4,0.0,0.0,589376
2023-09-21 08:00:00,00000000270,20230921080000,0.225,0.008,0.029,0.0,0.0,0.0,1.0,3.56,12.89,4,0.0,0.0,589376
2023-09-21 09:00:00,00000000270,20230921090000,0.159,0.0,0.034,0.0,0.0,0.0,1.0,0.0,21.38,4,0.0,0.0,589376
2023-09-21 10:00:00,00000000270,20230921100000,0.14,0.002,0.021,0.0,0.0,0.0,1.0,1.43,15.0,4,0.0,0.0,589376
2023-09-21 11:00:00,00000000270,20230921110000,0.263,0.001,0.026,0.0,0.0,0.0,1.0,0.38,9.89,4,0.0,0.0,589376
2023-09-21 12:00:00,00000000270,20230921120000,0.583,0.0,0.025,0.0,0.0,0.0,1.0,0.0,4.29,4,0.0,0.0,589376
2023-09-21 13:00:00,00000000270,20230921130000,0.165,0.0,0.028,0.0,0.0,0.0,1.0,0.0,16.97,4,0.0,0.0,589376
2023-09-21 14:00:00,00000000270,20230921140000,0.167,0.001,0.02,0.0,0.0,0.0,1.0,0.6,11.98,4,0.0,0.0,589376
2023-09-21 15:00:00,00000000270,20230921150000,0.158,0.003,0.028,0.0,0.0,0.0,1.0,1.9,17.72,4,0.0,0.0,589376
2023-09-21 16:00:00,00000000270,20230921160000,0.163,0.134,0.019,0.0,0.0,0.0,1.0,82.21,11.66,4,0.0,0.0,589376
2023-09-21 17:00:00,00000000270,20230921170000,0.157,0.003,0.004,0.0,0.0,0.0,1.0,1.91,2.55,4,0.0,0.0,589376
2023-09-21 18:00:00,00000000270,20230921180000,0.295,0.0,0.009,0.0,0.0,0.0,1.0,0.0,3.05,4,0.0,0.0,589376
2023-09-21 19:00:00,00000000270,20230921190000,0.238,0.001,0.01,0.0,0.0,0.0,1.0,0.42,4.2,4,0.0,0.0,589376
2023-09-21 20:00:00,00000000270,20230921200000,0.241,0.047,0.006,0.0,0.0,0.0,1.0,19.5,2.49,4,0.0,0.0,589376
2023-09-21 21:00:00,00000000270,20230921210000,0.195,0.0,0.028,0.0,0.0,0.0,1.0,0.0,14.36,4,0.0,0.0,589376
2023-09-21 22:00:00,00000000270,20230921220000,0.2,0.001,0.013,0.0,0.0,0.0,1.0,0.5,6.5,4,0.0,0.0,589376
2023-09-21 23:00:00,00000000270,20230921230000,0.194,0.001,0.012,0.0,0.0,0.0,1.0,0.52,6.19,4,0.0,0.0,589376
2023-09-22 00:00:00,00000000270,20230922000000,0.135,0.002,0.003,0.0,0.0,0.0,1.0,1.48,2.22,4,0.0,0.0,589376
2023-09-22 01:00:00,00000000270,20230922010000,0.139,0.004,0.003,0.0,0.0,0.0,1.0,2.88,2.16,4,0.0,0.0,589376
2023-09-22 02:00:00,00000000270,20230922020000,0.13,0.003,0.011,0.0,0.0,0.0,1.0,2.31,8.46,4,0.0,0.0,589376
2023-09-22 03:00:00,00000000270,20230922030000,0.112,0.003,0.017,0.0,0.0,0.0,1.0,2.68,15.18,4,0.0,0.0,589376
2023-09-22 04:00:00,00000000270,20230922040000,0.097,0.001,0.023,0.0,0.0,0.0,1.0,1.03,23.71,4,0.0,0.0,589376
2023-09-22 05:00:00,00000000270,20230922050000,0.105,0.001,0.028,0.0,0.0,0.0,1.0,0.95,26.67,4,0.0,0.0,589376
2023-09-22 06:00:00,00000000270,20230922060000,0.183,0.003,0.025,0.0,0.0,0.0,1.0,1.64,13.66,4,0.0,0.0,589376
2023-09-22 07:00:00,00000000270,20230922070000,0.224,0.002,0.006,0.0,0.0,0.0,1.0,0.89,2.68,4,0.0,0.0,589376
2023-09-22 08:00:00,00000000270,20230922080000,0.188,0.001,0.024,0.0,0.0,0.0,1.0,0.53,12.77,4,0.0,0.0,589376
2023-09-22 09:00:00,00000000270,20230922090000,0.271,0.0,0.027,0.0,0.0,0.0,1.0,0.0,9.96,4,0.0,0.0,589376
2023-09-22 10:00:00,00000000270,20230922100000,0.14,0.001,0.023,0.0,0.0,0.0,1.0,0.71,16.43,4,0.0,0.0,589376
2023-09-22 11:00:00,00000000270,20230922110000,0.17,0.0,0.029,0.0,0.0,0.0,1.0,0.0,17.06,4,0.0,0.0,589376
2023-09-22 12:00:00,00000000270,20230922120000,0.234,0.001,0.012,0.0,0.0,0.0,1.0,0.43,5.13,4,0.0,0.0,589376
2023-09-22 13:00:00,00000000270,20230922130000,0.184,0.0,0.032,0.0,0.0,0.0,1.0,0.0,17.39,4,0.0,0.0,589376
2023-09-22 14:00:00,00000000270,20230922140000,0.176,0.001,0.031,0.0,0.0,0.0,1.0,0.57,17.61,4,0.0,0.0,589376
2023-09-22 15:00:00,00000000270,20230922150000,0.181,0.0,0.02,0.0,0.0,0.0,1.0,0.0,11.05,4,0.0,0.0,589376
2023-09-22 16:00:00,00000000270,20230922160000,0.178,0.001,0.025,0.0,0.0,0.0,1.0,0.56,14.04,4,0.0,0.0,589376
2023-09-22 17:00:00,00000000270,20230922170000,0.262,0.0,0.024,0.0,0.0,0.0,1.0,0.0,9.16,4,0.0,0.0,589376
2023-09-22 18:00:00,00000000270,20230922180000,0.259,0.001,0.009,0.0,0.0,0.0,1.0,0.39,3.47,4,0.0,0.0,589376
2023-09-22 19:00:00,00000000270,20230922190000,0.239,0.016,0.021,0.0,0.0,0.0,1.0,6.69,8.79,4,0.0,0.0,589376
2023-09-22 20:00:00,00000000270,20230922200000,0.15,0.002,0.022,0.0,0.0,0.0,1.0,1.33,14.67,4,0.0,0.0,589376
2023-09-22 21:00:00,00000000270,20230922210000,0.111,0.001,0.024,0.0,0.0,0.0,1.0,0.9,21.62,4,0.0,0.0,589376
2023-09-22 22:00:00,00000000270,20230922220000,0.14,0.001,0.027,0.0,0.0,0.0,1.0,0.71,19.29,4,0.0,0.0,589376
2023-09-22 23:00:00,00000000270,20230922230000,0.181,0.001,0.028,0.0,0.0,0.0,1.0,0.55,15.47,4,0.0,0.0,589376
2023-09-23 00:00:00,00000000270,20230923000000,0.195,0.0,0.01,0.0,0.0,0.0,1.0,0.0,5.13,4,0.0,0.0,589376
2023-09-23 01:00:00,00000000270,20230923010000,0.113,0.001,0.03,0.0,0.0,0.0,1.0,0.88,26.55,4,0.0,0.0,589376
2023-09-23 02:00:00,00000000270,20230923020000,0.122,0.003,0.022,0.0,0.0,0.0,1.0,2.46,18.03,4,0.0,0.0,589376
2023-09-23 03:00:00,00000000270,20230923030000,0.133,0.004,0.014,0.0,0.0,0.0,1.0,3.01,10.53,4,0.0,0.0,589376
2023-09-23 04:00:00,00000000270,20230923040000,0.101,0.002,0.024,0.0,0.0,0.0,1.0,1.98,23.76,4,0.0,0.0,589376
2023-09-23 05:00:00,00000000270,20230923050000,0.199,0.001,0.027,0.0,0.0,0.0,1.0,0.5,13.57,4,0.0,0.0,589376
2023-09-23 06:00:00,00000000270,20230923060000,0.14,0.002,0.021,0.0,0.0,0.0,1.0,1.43,15.0,4,0.0,0.0,589376
2023-09-23 07:00:00,00000000270,20230923070000,0.114,0.003,0.019,0.0,0.0,0.0,1.0,2.63,16.67,4,0.0,0.0,589376
2023-09-23 08:00:00,00000000270,20230923080000,0.104,0.001,0.02,0.0,0.0,0.0,1.0,0.96,19.23,4,0.0,0.0,589376
2023-09-23 09:00:00,00000000270,20230923090000,0.02,0.0,0.001,0.0,0.0,0.0,1.0,0.0,5.0,4,0.0,0.0,589376
2023-09-23 10:00:00,00000000270,20230923100000,0.0,0.0,0.0,0.0,0.0,0.0,1.0,,,4,0.0,0.0,589376
2023-09-23 11:00:00,00000000270,20230923110000,0.16,0.0,0.007,0.0,0.0,0.0,1.0,0.0,4.38,4,0.0,0.0,589376
2023-09-23 12:00:00,00000000270,20230923120000,0.217,0.003,0.004,0.0,0.0,0.0,1.0,1.38,1.84,4,0.0,0.0,589376
2023-09-23 13:00:00,00000000270,20230923130000,0.119,0.002,0.015,0.0,0.0,0.0,1.0,1.68,12.61,4,0.0,0.0,589376
2023-09-23 14:00:00,00000000270,20230923140000,0.204,0.002,0.008,0.0,0.0,0.0,1.0,0.98,3.92,4,0.0,0.0,589376
2023-09-23 15:00:00,00000000270,20230923150000,0.219,0.0,0.012,0.0,0.0,0.0,1.0,0.0,5.48,4,0.0,0.0,589376
2023-09-23 16:00:00,00000000270,20230923160000,0.202,0.001,0.016,0.0,0.0,0.0,1.0,0.5,7.92,4,0.0,0.0,589376
2023-09-23 17:00:00,00000000270,20230923170000,0.25,0.0,0.034,0.0,0.0,0.0,1.0,0.0,13.6,4,0.0,0.0,589376
2023-09-23 18:00:00,00000000270,20230923180000,0.239,0.001,0.011,0.0,0.0,0.0,1.0,0.42,4.6,4,0.0,0.0,589376
2023-09-23 19:00:00,00000000270,20230923190000,0.176,0.001,0.008,0.0,0.0,0.0,1.0,0.57,4.55,4,0.0,0.0,589376
2023-09-23 20:00:00,00000000270,20230923200000,0.236,0.018,0.011,0.0,0.0,0.0,1.0,7.63,4.66,4,0.0,0.0,589376
2023-09-23 21:00:00,00000000270,20230923210000,0.194,0.007,0.031,0.0,0.0,0.0,1.0,3.61,15.98,4,0.0,0.0,589376
2023-09-23 22:00:00,00000000270,20230923220000,0.201,0.001,0.011,0.0,0.0,0.0,1.0,0.5,5.47,4,0.0,0.0,589376
2023-09-23 23:00:00,00000000270,20230923230000,0.159,0.0,0.033,0.0,0.0,0.0,1.0,0.0,20.75,4,0.0,0.0,589376
2023-09-24 00:00:00,00000000270,20230924000000,0.196,0.001,0.014,0.0,0.0,0.0,1.0,0.51,7.14,4,0.0,0.0,589376
2023-09-24 01:00:00,00000000270,20230924010000,0.117,0.004,0.022,0.0,0.0,0.0,1.0,3.42,18.8,4,0.0,0.0,589376
2023-09-24 02:00:00,00000000270,20230924020000,0.095,0.002,0.024,0.0,0.0,0.0,1.0,2.11,25.26,4,0.0,0.0,589376
2023-09-24 03:00:00,00000000270,20230924030000,0.094,0.001,0.019,0.0,0.0,0.0,1.0,1.06,20.21,4,0.0,0.0,589376
2023-09-24 04:00:00,00000000270,20230924040000,0.179,0.003,0.017,0.0,0.0,0.0,1.0,1.68,9.5,4,0.0,0.0,589376
2023-09-24 05:00:00,00000000270,20230924050000,0.147,0.006,0.013,0.0,0.0,0.0,1.0,4.08,8.84,4,0.0,0.0,589376
2023-09-24 06:00:00,00000000270,20230924060000,0.091,0.001,0.023,0.0,0.0,0.0,1.0,1.1,25.27,4,0.0,0.0,589376
2023-09-24 07:00:00,00000000270,20230924070000,0.109,0.001,0.03,0.0,0.0,0.0,1.0,0.92,27.52,4,0.0,0.0,589376
2023-09-24 08:00:00,00000000270,20230924080000,0.22,0.0,0.017,0.0,0.0,0.0,1.0,0.0,7.73,4,0.0,0.0,589376
2023-09-24 09:00:00,00000000270,20230924090000,0.188,0.001,0.035,0.0,0.0,0.0,1.0,0.53,18.62,4,0.0,0.0,589376
2023-09-24 10:00:00,00000000270,20230924100000,0.167,0.004,0.026,0.0,0.0,0.0,1.0,2.4,15.57,4,0.0,0.0,589376
2023-09-24 11:00:00,00000000270,20230924110000,0.225,0.135,0.012,0.0,0.0,0.0,1.0,60.0,5.33,4,0.0,0.0,589376
2023-09-24 12:00:00,00000000270,20230924120000,0.164,0.001,0.011,0.0,0.0,0.0,1.0,0.61,6.71,4,0.0,0.0,589376
2023-09-24 13:00:00,00000000270,20230924130000,0.156,0.003,0.003,0.0,0.0,0.0,1.0,1.92,1.92,4,0.0,0.0,589376
2023-09-24 14:00:00,00000000270,20230924140000,0.125,0.002,0.025,0.0,0.0,0.0,1.0,1.6,20.0,4,0.0,0.0,589376
2023-09-24 15:00:00,00000000270,20230924150000,0.224,0.003,0.005,0.0,0.0,0.0,1.0,1.34,2.23,4,0.0,0.0,589376
2023-09-24 16:00:00,00000000270,20230924160000,0.139,0.001,0.018,0.0,0.0,0.0,1.0,0.72,12.95,4,0.0,0.0,589376
2023-09-24 17:00:00,00000000270,20230924170000,1.17,0.005,0.003,0.0,0.0,0.0,1.0,0.43,0.26,4,0.0,0.0,589376
2023-09-24 18:00:00,00000000270,20230924180000,0.937,0.003,0.0,0.0,0.0,0.0,1.0,0.32,0.0,4,0.0,0.0,589376
2023-09-24 19:00:00,00000000270,20230924190000,0.178,0.001,0.012,0.0,0.0,0.0,1.0,0.56,6.74,4,0.0,0.0,589376
2023-09-24 20:00:00,00000000270,20230924200000,0.196,0.001,0.014,0.0,0.0,0.0,1.0,0.51,7.14,4,0.0,0.0,589376
2023-09-24 21:00:00,00000000270,20230924210000,0.205,0.0,0.012,0.0,0.0,0.0,1.0,0.0,5.85,4,0.0,0.0,589376
2023-09-24 22:00:00,00000000270,20230924220000,0.227,0.001,0.013,0.0,0.0,0.0,1.0,0.44,5.73,4,0.0,0.0,589376
2023-09-24 23:00:00,00000000270,20230924230000,0.203,0.0,0.012,0.0,0.0,0.0,1.0,0.0,5.91,4,0.0,0.0,589376
2023-09-25 00:00:00,00000000270,20230925000000,0.191,0.001,0.012,0.0,0.0,0.0,1.0,0.52,6.28,4,0.0,0.0,589376
2023-09-25 01:00:00,00000000270,20230925010000,0.152,0.003,0.006,0.0,0.0,0.0,1.0,1.97,3.95,4,0.0,0.0,589376
2023-09-25 02:00:00,00000000270,20230925020000,0.212,0.004,0.002,0.0,0.0,0.0,1.0,1.89,0.94,4,0.0,0.0,589376
2023-09-25 03:00:00,00000000270,20230925030000,0.128,0.002,0.024,0.0,0.0,0.0,1.0,1.56,18.75,4,0.0,0.0,589376
2023-09-25 04:00:00,00000000270,20230925040000,0.088,0.001,0.027,0.0,0.0,0.0,1.0,1.14,30.68,4,0.0,0.0,589376
2023-09-25 05:00:00,00000000270,20230925050000,0.181,0.003,0.005,0.0,0.0,0.0,1.0,1.66,2.76,4,0.0,0.0,589376
2023-09-25 06:00:00,00000000270,20230925060000,0.13,0.003,0.002,0.0,0.0,0.0,1.0,2.31,1.54,4,0.0,0.0,589376
2023-09-25 07:00:00,00000000270,20230925070000,0.122,0.004,0.018,0.0,0.0,0.0,1.0,3.28,14.75,4,0.0,0.0,589376
2023-09-25 08:00:00,00000000270,20230925080000,0.192,0.001,0.02,0.0,0.0,0.0,1.0,0.52,10.42,4,0.0,0.0,589376
2023-09-25 09:00:00,00000000270,20230925090000,0.186,0.0,0.018,0.0,0.0,0.0,1.0,0.0,9.68,4,0.0,0.0,589376
2023-09-25 10:00:00,00000000270,20230925100000,0.171,0.001,0.037,0.0,0.0,0.0,1.0,0.58,21.64,4,0.0,0.0,589376
2023-09-25 11:00:00,00000000270,20230925110000,0.193,0.0,0.009,0.0,0.0,0.0,1.0,0.0,4.66,4,0.0,0.0,589376
2023-09-25 12:00:00,00000000270,20230925120000,0.146,0.007,0.004,0.0,0.0,0.0,1.0,4.79,2.74,4,0.0,0.0,589376
2023-09-25 13:00:00,00000000270,20230925130000,0.188,0.003,0.01,0.0,0.0,0.0,1.0,1.6,5.32,4,0.0,0.0,589376
2023-09-25 14:00:00,00000000270,20230925140000,0.276,0.0,0.032,0.0,0.0,0.0,1.0,0.0,11.59,4,0.0,0.0,589376
2023-09-25 15:00:00,00000000270,20230925150000,0.201,0.004,0.003,0.0,0.0,0.0,1.0,1.99,1.49,4,0.0,0.0,589376
2023-09-25 16:00:00,00000000270,20230925160000,0.466,0.263,0.004,0.0,0.0,0.0,1.0,56.44,0.86,4,0.0,0.0,589376
2023-09-25 17:00:00,00000000270,20230925170000,0.179,0.099,0.01,0.0,0.0,0.0,1.0,55.31,5.59,4,0.0,0.0,589376
2023-09-25 18:00:00,00000000270,20230925180000,0.115,0.002,0.024,0.0,0.0,0.0,1.0,1.74,20.87,4,0.0,0.0,589376
2023-09-25 19:00:00,00000000270,20230925190000,0.126,0.001,0.021,0.0,0.0,0.0,1.0,0.79,16.67,4,0.0,0.0,589376
2023-09-25 20:00:00,00000000270,20230925200000,0.187,0.0,0.031,0.0,0.0,0.0,1.0,0.0,16.58,4,0.0,0.0,589376
2023-09-25 21:00:00,00000000270,20230925210000,0.16,0.001,0.038,0.0,0.0,0.0,1.0,0.62,23.75,4,0.0,0.0,589376
2023-09-25 22:00:00,00000000270,20230925220000,0.162,0.001,0.032,0.0,0.0,0.0,1.0,0.62,19.75,4,0.0,0.0,589376
2023-09-25 23:00:00,00000000270,20230925230000,0.171,0.0,0.03,0.0,0.0,0.0,1.0,0.0,17.54,4,0.0,0.0,589376
2023-09-26 00:00:00,00000000270,20230926000000,0.2,0.001,0.029,0.0,0.0,0.0,1.0,0.5,14.5,4,0.0,0.0,589376
2023-09-26 01:00:00,00000000270,20230926010000,0.15,0.002,0.022,0.0,0.0,0.0,1.0,1.33,14.67,4,0.0,0.0,589376
2023-09-26 02:00:00,00000000270,20230926020000,0.115,0.001,0.021,0.0,0.0,0.0,1.0,0.87,18.26,4,0.0,0.0,589376
2023-09-26 03:00:00,00000000270,20230926030000,0.115,0.001,0.027,0.0,0.0,0.0,1.0,0.87,23.48,4,0.0,0.0,589376
2023-09-26 04:00:00,00000000270,20230926040000,0.099,0.002,0.029,0.0,0.0,0.0,1.0,2.02,29.29,4,0.0,0.0,589376
2023-09-26 05:00:00,00000000270,20230926050000,0.15,0.049,0.006,0.0,0.0,0.0,1.0,32.67,4.0,4,0.0,0.0,589376
2023-09-26 06:00:00,00000000270,20230926060000,0.111,0.002,0.026,0.0,0.0,0.0,1.0,1.8,23.42,4,0.0,0.0,589376
2023-09-26 07:00:00,00000000270,20230926070000,0.078,0.0,0.021,0.0,0.0,0.0,1.0,0.0,26.92,4,0.0,0.0,589376
2023-09-26 08:00:00,00000000270,20230926080000,0.325,0.009,0.023,0.0,0.0,0.0,1.0,2.77,7.08,4,0.0,0.0,589376
2023-09-26 09:00:00,00000000270,20230926090000,0.167,0.0,0.038,0.0,0.0,0.0,1.0,0.0,22.75,4,0.0,0.0,589376
2023-09-26 10:00:00,00000000270,20230926100000,0.193,0.005,0.026,0.0,0.0,0.0,1.0,2.59,13.47,4,0.0,0.0,589376
2023-09-26 11:00:00,00000000270,20230926110000,0.628,0.08,0.017,0.0,0.0,0.0,1.0,12.74,2.71,4,0.0,0.0,589376
2023-09-26 12:00:00,00000000270,20230926120000,0.361,0.353,0.011,0.0,0.0,0.0,1.0,97.78,3.05,4,0.0,0.0,589376
2023-09-26 13:00:00,00000000270,20230926130000,0.147,0.003,0.021,0.0,0.0,0.0,1.0,2.04,14.29,4,0.0,0.0,589376
2023-09-26 14:00:00,00000000270,20230926140000,0.133,0.001,0.023,0.0,0.0,0.0,1.0,0.75,17.29,4,0.0,0.0,589376
2023-09-26 15:00:00,00000000270,20230926150000,0.119,0.002,0.023,0.0,0.0,0.0,1.0,1.68,19.33,4,0.0,0.0,589376
2023-09-26 16:00:00,00000000270,20230926160000,0.102,0.002,0.027,0.0,0.0,0.0,1.0,1.96,26.47,4,0.0,0.0,589376
2023-09-26 17:00:00,00000000270,20230926170000,0.549,0.001,0.028,0.0,0.0,0.0,1.0,0.18,5.1,4,0.0,0.0,589376
2023-09-26 18:00:00,00000000270,20230926180000,0.209,0.002,0.033,0.0,0.0,0.0,1.0,0.96,15.79,4,0.0,0.0,589376
2023-09-26 19:00:00,00000000270,20230926190000,0.601,0.117,0.024,0.0,0.0,0.0,1.0,19.47,3.99,4,0.0,0.0,589376
2023-09-26 20:00:00,00000000270,20230926200000,0.382,0.078,0.015,0.0,0.0,0.0,1.0,20.42,3.93,4,0.0,0.0,589376
2023-09-26 21:00:00,00000000270,20230926210000,0.224,0.036,0.015,0.0,0.0,0.0,1.0,16.07,6.7,4,0.0,0.0,589376
2023-09-26 22:00:00,00000000270,20230926220000,0.241,0.0,0.031,0.0,0.0,0.0,1.0,0.0,12.86,4,0.0,0.0,589376
2023-09-26 23:00:00,00000000270,20230926230000,0.179,0.001,0.033,0.0,0.0,0.0,1.0,0.56,18.44,4,0.0,0.0,589376
2023-09-27 00:00:00,00000000270,20230927000000,0.11,0.001,0.028,0.0,0.0,0.0,1.0,0.91,25.45,4,0.0,0.0,589376
2023-09-27 01:00:00,00000000270,20230927010000,0.085,0.0,0.025,0.0,0.0,0.0,1.0,0.0,29.41,4,0.0,0.0,589376
2023-09-27 02:00:00,00000000270,20230927020000,0.092,0.003,0.027,0.0,0.0,0.0,1.0,3.26,29.35,4,0.0,0.0,589376
2023-09-27 03:00:00,00000000270,20230927030000,0.101,0.004,0.023,0.0,0.0,0.0,1.0,3.96,22.77,4,0.0,0.0,589376
2023-09-27 04:00:00,00000000270,20230927040000,0.08,0.001,0.029,0.0,0.0,0.0,1.0,1.25,36.25,4,0.0,0.0,589376
2023-09-27 05:00:00,00000000270,20230927050000,0.092,0.002,0.022,0.0,0.0,0.0,1.0,2.17,23.91,4,0.0,0.0,589376
2023-09-27 06:00:00,00000000270,20230927060000,0.084,0.0,0.033,0.0,0.0,0.0,1.0,0.0,39.29,4,0.0,0.0,589376
2023-09-27 07:00:00,00000000270,20230927070000,0.111,0.004,0.026,0.0,0.0,0.0,1.0,3.6,23.42,4,0.0,0.0,589376
2023-09-27 08:00:00,00000000270,20230927080000,0.104,0.001,0.03,0.0,0.0,0.0,1.0,0.96,28.85,4,0.0,0.0,589376
2023-09-27 09:00:00,00000000270,20230927090000,0.29,0.002,0.022,0.0,0.0,0.0,1.0,0.69,7.59,4,0.0,0.0,589376
2023-09-27 10:00:00,00000000270,20230927100000,0.181,0.003,0.023,0.0,0.0,0.0,1.0,1.66,12.71,4,0.0,0.0,589376
2023-09-27 11:00:00,00000000270,20230927110000,0.153,0.002,0.015,0.0,0.0,0.0,1.0,1.31,9.8,4,0.0,0.0,589376
2023-09-27 12:00:00,00000000270,20230927120000,0.099,0.001,0.024,0.0,0.0,0.0,1.0,1.01,24.24,4,0.0,0.0,589376
2023-09-27 13:00:00,00000000270,20230927130000,0.104,0.003,0.02,0.0,0.0,0.0,1.0,2.88,19.23,4,0.0,0.0,589376
2023-09-27 14:00:00,00000000270,20230927140000,0.161,0.006,0.027,0.0,0.0,0.0,1.0,3.73,16.77,4,0.0,0.0,589376
2023-09-27 15:00:00,00000000270,20230927150000,0.105,0.001,0.021,0.0,0.0,0.0,1.0,0.95,20.0,4,0.0,0.0,589376
2023-09-27 16:00:00,00000000270,20230927160000,0.11,0.002,0.026,0.0,0.0,0.0,1.0,1.82,23.64,4,0.0,0.0,589376
2023-09-27 17:00:00,00000000270,20230927170000,0.169,0.0,0.03,0.0,0.0,0.0,1.0,0.0,17.75,4,0.0,0.0,589376
2023-09-27 18:00:00,00000000270,20230927180000,0.16,0.001,0.035,0.0,0.0,0.0,1.0,0.62,21.88,4,0.0,0.0,589376
2023-09-27 19:00:00,00000000270,20230927190000,0.181,0.016,0.022,0.0,0.0,0.0,1.0,8.84,12.15,4,0.0,0.0,589376
2023-09-27 20:00:00,00000000270,20230927200000,0.218,0.065,0.0,0.0,0.0,0.0,1.0,29.82,0.0,4,0.0,0.0,589376
2023-09-27 21:00:00,00000000270,20230927210000,0.203,0.039,0.015,0.0,0.0,0.0,1.0,19.21,7.39,4,0.0,0.0,589376
2023-09-27 22:00:00,00000000270,20230927220000,0.261,0.001,0.03,0.0,0.0,0.0,1.0,0.38,11.49,4,0.0,0.0,589376
2023-09-27 23:00:00,00000000270,20230927230000,0.151,0.0,0.033,0.0,0.0,0.0,1.0,0.0,21.85,4,0.0,0.0,589376
2023-09-28 00:00:00,00000000270,20230928000000,0.112,0.003,0.021,0.0,0.0,0.0,1.0,2.68,18.75,4,0.0,0.0,589376
2023-09-28 01:00:00,00000000270,20230928010000,0.081,0.002,0.029,0.0,0.0,0.0,1.0,2.47,35.8,4,0.0,0.0,589376
2023-09-28 02:00:00,00000000270,20230928020000,0.092,0.002,0.021,0.0,0.0,0.0,1.0,2.17,22.83,4,0.0,0.0,589376
2023-09-28 03:00:00,00000000270,20230928030000,0.081,0.002,0.032,0.0,0.0,0.0,1.0,2.47,39.51,4,0.0,0.0,589376
2023-09-28 04:00:00,00000000270,20230928040000,0.116,0.004,0.023,0.0,0.0,0.0,1.0,3.45,19.83,4,0.0,0.0,589376
2023-09-28 05:00:00,00000000270,20230928050000,0.098,0.0,0.029,0.0,0.0,0.0,1.0,0.0,29.59,4,0.0,0.0,589376
2023-09-28 06:00:00,00000000270,20230928060000,0.095,0.002,0.023,0.0,0.0,0.0,1.0,2.11,24.21,4,0.0,0.0,589376
2023-09-28 07:00:00,00000000270,20230928070000,0.086,0.002,0.035,0.0,0.0,0.0,1.0,2.33,40.7,4,0.0,0.0,589376
2023-09-28 08:00:00,00000000270,20230928080000,0.095,0.001,0.021,0.0,0.0,0.0,1.0,1.05,22.11,4,0.0,0.0,589376
2023-09-28 09:00:00,00000000270,20230928090000,0.142,0.001,0.032,0.0,0.0,0.0,1.0,0.7,22.54,4,0.0,0.0,589376
2023-09-28 10:00:00,00000000270,20230928100000,0.318,0.0,0.022,0.0,0.0,0.0,1.0,0.0,6.92,4,0.0,0.0,589376
2023-09-28 11:00:00,00000000270,20230928110000,0.289,0.003,0.018,0.0,0.0,0.0,1.0,1.04,6.23,4,0.0,0.0,589376
2023-09-28 12:00:00,00000000270,20230928120000,0.332,0.001,0.036,0.0,0.0,0.0,1.0,0.3,10.84,4,0.0,0.0,589376
2023-09-28 13:00:00,00000000270,20230928130000,0.125,0.004,0.023,0.0,0.0,0.0,1.0,3.2,18.4,4,0.0,0.0,589376
2023-09-28 14:00:00,00000000270,20230928140000,0.16,0.001,0.038,0.0,0.0,0.0,1.0,0.62,23.75,4,0.0,0.0,589376
2023-09-28 15:00:00,00000000270,20230928150000,0.153,0.001,0.028,0.0,0.0,0.0,1.0,0.65,18.3,4,0.0,0.0,589376
2023-09-28 16:00:00,00000000270,20230928160000,0.133,0.003,0.027,0.0,0.0,0.0,1.0,2.26,20.3,4,0.0,0.0,589376
2023-09-28 17:00:00,00000000270,20230928170000,0.178,0.0,0.037,0.0,0.0,0.0,1.0,0.0,20.79,4,0.0,0.0,589376
2023-09-28 18:00:00,00000000270,20230928180000,0.182,0.001,0.032,0.0,0.0,0.0,1.0,0.55,17.58,4,0.0,0.0,589376
2023-09-28 19:00:00,00000000270,20230928190000,0.178,0.001,0.044,0.0,0.0,0.0,1.0,0.56,24.72,4,0.0,0.0,589376
2023-09-28 20:00:00,00000000270,20230928200000,0.16,0.0,0.041,0.0,0.0,0.0,1.0,0.0,25.62,4,0.0,0.0,589376
2023-09-28 21:00:00,00000000270,20230928210000,0.148,0.001,0.033,0.0,0.0,0.0,1.0,0.68,22.3,4,0.0,0.0,589376
2023-09-28 22:00:00,00000000270,20230928220000,0.21,0.037,0.018,0.0,0.0,0.0,1.0,17.62,8.57,4,0.0,0.0,589376
2023-09-28 23:00:00,00000000270,20230928230000,0.255,0.0,0.034,0.0,0.0,0.0,1.0,0.0,13.33,4,0.0,0.0,589376
2023-09-29 00:00:00,00000000270,20230929000000,0.124,0.002,0.029,0.0,0.0,0.0,1.0,1.61,23.39,4,0.0,0.0,589376
2023-09-29 01:00:00,00000000270,20230929010000,0.102,0.003,0.022,0.0,0.0,0.0,1.0,2.94,21.57,4,0.0,0.0,589376
2023-09-29 02:00:00,00000000270,20230929020000,0.092,0.0,0.028,0.0,0.0,0.0,1.0,0.0,30.43,4,0.0,0.0,589376
2023-09-29 03:00:00,00000000270,20230929030000,0.09,0.003,0.025,0.0,0.0,0.0,1.0,3.33,27.78,4,0.0,0.0,589376
2023-09-29 04:00:00,00000000270,20230929040000,0.073,0.001,0.031,0.0,0.0,0.0,1.0,1.37,42.47,4,0.0,0.0,589376
2023-09-29 05:00:00,00000000270,20230929050000,0.087,0.002,0.024,0.0,0.0,0.0,1.0,2.3,27.59,4,0.0,0.0,589376
2023-09-29 06:00:00,00000000270,20230929060000,0.085,0.001,0.029,0.0,0.0,0.0,1.0,1.18,34.12,4,0.0,0.0,589376
2023-09-29 07:00:00,00000000270,20230929070000,0.107,0.003,0.023,0.0,0.0,0.0,1.0,2.8,21.5,4,0.0,0.0,589376
2023-09-29 08:00:00,00000000270,20230929080000,0.146,0.001,0.039,0.0,0.0,0.0,1.0,0.68,26.71,4,0.0,0.0,589376
2023-09-29 09:00:00,00000000270,20230929090000,0.17,0.0,0.032,0.0,0.0,0.0,1.0,0.0,18.82,4,0.0,0.0,589376
2023-09-29 10:00:00,00000000270,20230929100000,0.147,0.001,0.04,0.0,0.0,0.0,1.0,0.68,27.21,4,0.0,0.0,589376
2023-09-29 11:00:00,00000000270,20230929110000,0.166,0.0,0.032,0.0,0.0,0.0,1.0,0.0,19.28,4,0.0,0.0,589376
2023-09-29 12:00:00,00000000270,20230929120000,0.148,0.006,0.026,0.0,0.0,0.0,1.0,4.05,17.57,4,0.0,0.0,589376
2023-09-29 13:00:00,00000000270,20230929130000,0.087,0.001,0.028,0.0,0.0,0.0,1.0,1.15,32.18,4,0.0,0.0,589376
2023-09-29 14:00:00,00000000270,20230929140000,0.094,0.002,0.021,0.0,0.0,0.0,1.0,2.13,22.34,4,0.0,0.0,589376
2023-09-29 15:00:00,00000000270,20230929150000,0.076,0.001,0.03,0.0,0.0,0.0,1.0,1.32,39.47,4,0.0,0.0,589376
2023-09-29 16:00:00,00000000270,20230929160000,0.192,0.004,0.022,0.0,0.0,0.0,1.0,2.08,11.46,4,0.0,0.0,589376
2023-09-29 17:00:00,00000000270,20230929170000,0.125,0.001,0.02,0.0,0.0,0.0,1.0,0.8,16.0,4,0.0,0.0,589376
2023-09-29 18:00:00,00000000270,20230929180000,0.098,0.001,0.024,0.0,0.0,0.0,1.0,1.02,24.49,4,0.0,0.0,589376
2023-09-29 19:00:00,00000000270,20230929190000,0.103,0.002,0.02,0.0,0.0,0.0,1.0,1.94,19.42,4,0.0,0.0,589376
2023-09-29 20:00:00,00000000270,20230929200000,0.069,0.002,0.029,0.0,0.0,0.0,1.0,2.9,42.03,4,0.0,0.0,589376
2023-09-29 21:00:00,00000000270,20230929210000,0.081,0.0,0.022,0.0,0.0,0.0,1.0,0.0,27.16,4,0.0,0.0,589376
2023-09-29 22:00:00,00000000270,20230929220000,0.07,0.003,0.031,0.0,0.0,0.0,1.0,4.29,44.29,4,0.0,0.0,589376
2023-09-29 23:00:00,00000000270,20230929230000,0.091,0.001,0.022,0.0,0.0,0.0,1.0,1.1,24.18,4,0.0,0.0,589376
2023-09-30 00:00:00,00000000270,20230930000000,0.082,0.001,0.028,0.0,0.0,0.0,1.0,1.22,34.15,4,0.0,0.0,589376
2023-09-30 01:00:00,00000000270,20230930010000,0.089,0.003,0.025,0.0,0.0,0.0,1.0,3.37,28.09,4,0.0,0.0,589376
2023-09-30 02:00:00,00000000270,20230930020000,0.068,0.001,0.03,0.0,0.0,0.0,1.0,1.47,44.12,4,0.0,0.0,589376
2023-09-30 03:00:00,00000000270,20230930030000,0.131,0.001,0.024,0.0,0.0,0.0,1.0,0.76,18.32,4,0.0,0.0,589376
2023-09-30 04:00:00,00000000270,20230930040000,0.141,0.002,0.027,0.0,0.0,0.0,1.0,1.42,19.15,4,0.0,0.0,589376
2023-09-30 05:00:00,00000000270,20230930050000,0.102,0.003,0.023,0.0,0.0,0.0,1.0,2.94,22.55,4,0.0,0.0,589376
2023-09-30 06:00:00,00000000270,20230930060000,0.068,0.003,0.032,0.0,0.0,0.0,1.0,4.41,47.06,4,0.0,0.0,589376
2023-09-30 07:00:00,00000000270,20230930070000,0.076,0.002,0.024,0.0,0.0,0.0,1.0,2.63,31.58,4,0.0,0.0,589376
2023-09-30 08:00:00,00000000270,20230930080000,0.073,0.0,0.029,0.0,0.0,0.0,1.0,0.0,39.73,4,0.0,0.0,589376
2023-09-30 09:00:00,00000000270,20230930090000,0.082,0.003,0.028,0.0,0.0,0.0,1.0,3.66,34.15,4,0.0,0.0,589376
2023-09-30 10:00:00,00000000270,20230930100000,0.09,0.002,0.025,0.0,0.0,0.0,1.0,2.22,27.78,4,0.0,0.0,589376
2023-09-30 11:00:00,00000000270,20230930110000,0.063,0.001,0.031,0.0,0.0,0.0,1.0,1.59,49.21,4,0.0,0.0,589376
2023-09-30 12:00:00,00000000270,20230930120000,0.081,0.001,0.023,0.0,0.0,0.0,1.0,1.23,28.4,4,0.0,0.0,589376
2023-09-30 13:00:00,00000000270,20230930130000,0.073,0.0,0.03,0.0,0.0,0.0,1.0,0.0,41.1,4,0.0,0.0,589376
2023-09-30 14:00:00,00000000270,20230930140000,0.084,0.003,0.024,0.0,0.0,0.0,1.0,3.57,28.57,4,0.0,0.0,589376
2023-09-30 15:00:00,00000000270,20230930150000,0.076,0.001,0.028,0.0,0.0,0.0,1.0,1.32,36.84,4,0.0,0.0,589376
2023-09-30 16:00:00,00000000270,20230930160000,0.083,0.001,0.026,0.0,0.0,0.0,1.0,1.2,31.33,4,0.0,0.0,589376
2023-09-30 17:00:00,00000000270,20230930170000,0.077,0.001,0.024,0.0,0.0,0.0,1.0,1.3,31.17,4,0.0,0.0,589376
2023-09-30 18:00:00,00000000270,20230930180000,0.068,0.002,0.03,0.0,0.0,0.0,1.0,2.94,44.12,4,0.0,0.0,589376
2023-09-30 19:00:00,00000000270,20230930190000,0.08,0.0,0.021,0.0,0.0,0.0,1.0,0.0,26.25,4,0.0,0.0,589376
2023-09-30 20:00:00,00000000270,20230930200000,0.067,0.001,0.029,0.0,0.0,0.0,1.0,1.49,43.28,4,0.0,0.0,589376
2023-09-30 21:00:00,00000000270,20230930210000,0.079,0.003,0.026,0.0,0.0,0.0,1.0,3.8,32.91,4,0.0,0.0,589376
2023-09-30 22:00:00,00000000270,20230930220000,0.078,0.001,0.027,0.0,0.0,0.0,1.0,1.28,34.62,4,0.0,0.0,589376
2023-09-30 23:00:00,00000000270,20230930230000,0.079,0.0,0.028,0.0,0.0,0.0,1.0,0.0,35.44,4,0.0,0.0,589376
2023-10-01 00:00:00,00000000270,20231001000000,0.083,0.003,0.025,0.0,0.0,0.0,1.0,3.61,30.12,4,0.0,0.0,589376
2023-10-01 01:00:00,00000000270,20231001010000,0.075,0.001,0.029,0.0,0.0,0.0,1.0,1.33,38.67,4,0.0,0.0,589376
2023-10-01 02:00:00,00000000270,20231001020000,0.077,0.001,0.023,0.0,0.0,0.0,1.0,1.3,29.87,4,0.0,0.0,589376
2023-10-01 03:00:00,00000000270,20231001030000,0.066,0.002,0.031,0.0,0.0,0.0,1.0,3.03,46.97,4,0.0,0.0,589376
2023-10-01 04:00:00,00000000270,20231001040000,0.075,0.002,0.025,0.0,0.0,0.0,1.0,2.67,33.33,4,0.0,0.0,589376
2023-10-01 05:00:00,00000000270,20231001050000,0.072,0.001,0.029,0.0,0.0,0.0,1.0,1.39,40.28,4,0.0,0.0,589376
2023-10-01 06:00:00,00000000270,20231001060000,0.069,0.002,0.031,0.0,0.0,0.0,1.0,2.9,44.93,4,0.0,0.0,589376
2023-10-01 07:00:00,00000000270,20231001070000,0.085,0.003,0.026,0.0,0.0,0.0,1.0,3.53,30.59,4,0.0,0.0,589376
2023-10-01 08:00:00,00000000270,20231001080000,0.073,0.001,0.03,0.0,0.0,0.0,1.0,1.37,41.1,4,0.0,0.0,589376
2023-10-01 09:00:00,00000000270,20231001090000,0.087,0.003,0.025,0.0,0.0,0.0,1.0,3.45,28.74,4,0.0,0.0,589376
2023-10-01 10:00:00,00000000270,20231001100000,0.072,0.001,0.03,0.0,0.0,0.0,1.0,1.39,41.67,4,0.0,0.0,589376
2023-10-01 11:00:00,00000000270,20231001110000,0.072,0.001,0.027,0.0,0.0,0.0,1.0,1.39,37.5,4,0.0,0.0,589376
2023-10-01 12:00:00,00000000270,20231001120000,0.073,0.002,0.027,0.0,0.0,0.0,1.0,2.74,36.99,4,0.0,0.0,589376
2023-10-01 13:00:00,00000000270,20231001130000,0.066,0.003,0.033,0.0,0.0,0.0,1.0,4.55,50.0,4,0.0,0.0,589376
2023-10-01 14:00:00,00000000270,20231001140000,0.081,0.001,0.023,0.0,0.0,0.0,1.0,1.23,28.4,4,0.0,0.0,589376
2023-10-01 15:00:00,00000000270,20231001150000,0.069,0.0,0.029,0.0,0.0,0.0,1.0,0.0,42.03,4,0.0,0.0,589376
2023-10-01 16:00:00,00000000270,20231001160000,0.086,0.003,0.027,0.0,0.0,0.0,1.0,3.49,31.4,4,0.0,0.0,589376
2023-10-01 17:00:00,00000000270,20231001170000,0.08,0.002,0.027,0.0,0.0,0.0,1.0,2.5,33.75,4,0.0,0.0,589376
2023-10-01 18:00:00,00000000270,20231001180000,0.076,0.0,0.028,0.0,0.0,0.0,1.0,0.0,36.84,4,0.0,0.0,589376
2023-10-01 19:00:00,00000000270,20231001190000,0.083,0.002,0.022,0.0,0.0,0.0,1.0,2.41,26.51,4,0.0,0.0,589376
2023-10-01 20:00:00,00000000270,20231001200000,0.066,0.002,0.03,0.0,0.0,0.0,1.0,3.03,45.45,4,0.0,0.0,589376
2023-10-01 21:00:00,00000000270,20231001210000,0.076,0.001,0.024,0.0,0.0,0.0,1.0,1.32,31.58,4,0.0,0.0,589376
2023-10-01 22:00:00,00000000270,20231001220000,0.091,0.056,0.026,0.0,0.0,0.0,1.0,61.54,28.57,4,0.0,0.0,589376
2023-10-01 23:00:00,00000000270,20231001230000,0.234,0.138,0.023,0.0,0.0,0.0,1.0,58.97,9.83,4,0.0,0.0,589376
2023-10-02 00:00:00,00000000270,20231002000000,0.153,0.001,0.044,0.0,0.0,0.0,1.0,0.65,28.76,4,0.0,0.0,589376
2023-10-02 01:00:00,00000000270,20231002010000,0.104,0.004,0.024,0.0,0.0,0.0,1.0,3.85,23.08,4,0.0,0.0,589376
2023-10-02 02:00:00,00000000270,20231002020000,0.079,0.001,0.03,0.0,0.0,0.0,1.0,1.27,37.97,4,0.0,0.0,589376
2023-10-02 03:00:00,00000000270,20231002030000,0.09,0.002,0.022,0.0,0.0,0.0,1.0,2.22,24.44,4,0.0,0.0,589376
2023-10-02 04:00:00,00000000270,20231002040000,0.096,0.002,0.033,0.0,0.0,0.0,1.0,2.08,34.38,4,0.0,0.0,589376
2023-10-02 05:00:00,00000000270,20231002050000,0.186,0.004,0.021,0.0,0.0,0.0,1.0,2.15,11.29,4,0.0,0.0,589376
2023-10-02 06:00:00,00000000270,20231002060000,0.099,0.001,0.027,0.0,0.0,0.0,1.0,1.01,27.27,4,0.0,0.0,589376
2023-10-02 07:00:00,00000000270,20231002070000,0.122,0.001,0.03,0.0,0.0,0.0,1.0,0.82,24.59,4,0.0,0.0,589376
2023-10-02 08:00:00,00000000270,20231002080000,0.141,0.001,0.045,0.0,0.0,0.0,1.0,0.71,31.91,4,0.0,0.0,589376
2023-10-02 09:00:00,00000000270,20231002090000,0.207,0.178,0.016,0.0,0.0,0.0,1.0,85.99,7.73,4,0.0,0.0,589376
2023-10-02 10:00:00,00000000270,20231002100000,0.181,0.0,0.04,0.0,0.0,0.0,1.0,0.0,22.1,4,0.0,0.0,589376
2023-10-02 11:00:00,00000000270,20231002110000,0.183,0.001,0.034,0.0,0.0,0.0,1.0,0.55,18.58,4,0.0,0.0,589376
2023-10-02 12:00:00,00000000270,20231002120000,0.163,0.0,0.042,0.0,0.0,0.0,1.0,0.0,25.77,4,0.0,0.0,589376
2023-10-02 13:00:00,00000000270,20231002130000,0.159,0.001,0.034,0.0,0.0,0.0,1.0,0.63,21.38,4,0.0,0.0,589376
2023-10-02 14:00:00,00000000270,20231002140000,0.154,0.0,0.037,0.0,0.0,0.0,1.0,0.0,24.03,4,0.0,0.0,589376
2023-10-02 15:00:00,00000000270,20231002150000,0.574,0.001,0.036,0.0,0.0,0.0,1.0,0.17,6.27,4,0.0,0.0,589376
2023-10-02 16:00:00,00000000270,20231002160000,0.154,0.0,0.034,0.0,0.0,0.0,1.0,0.0,22.08,4,0.0,0.0,589376
2023-10-02 17:00:00,00000000270,20231002170000,0.144,0.001,0.04,0.0,0.0,0.0,1.0,0.69,27.78,4,0.0,0.0,589376
2023-10-02 18:00:00,00000000270,20231002180000,0.155,0.001,0.038,0.0,0.0,0.0,1.0,0.65,24.52,4,0.0,0.0,589376
2023-10-02 19:00:00,00000000270,20231002190000,0.201,0.0,0.037,0.0,0.0,0.0,1.0,0.0,18.41,4,0.0,0.0,589376
2023-10-02 20:00:00,00000000270,20231002200000,0.152,0.001,0.04,0.0,0.0,0.0,1.0,0.66,26.32,4,0.0,0.0,589376
2023-10-02 21:00:00,00000000270,20231002210000,0.164,0.0,0.032,0.0,0.0,0.0,1.0,0.0,19.51,4,0.0,0.0,589376
2023-10-02 22:00:00,00000000270,20231002220000,0.142,0.001,0.042,0.0,0.0,0.0,1.0,0.7,29.58,4,0.0,0.0,589376
2023-10-02 23:00:00,00000000270,20231002230000,0.153,0.0,0.04,0.0,0.0,0.0,1.0,0.0,26.14,4,0.0,0.0,589376
2023-10-03 00:00:00,00000000270,20231003000000,0.1,0.001,0.025,0.0,0.0,0.0,1.0,1.0,25.0,4,0.0,0.0,589376
2023-10-03 01:00:00,00000000270,20231003010000,0.071,0.002,0.03,0.0,0.0,0.0,1.0,2.82,42.25,4,0.0,0.0,589376
2023-10-03 02:00:00,00000000270,20231003020000,0.094,0.003,0.022,0.0,0.0,0.0,1.0,3.19,23.4,4,0.0,0.0,589376
2023-10-03 03:00:00,00000000270,20231003030000,0.076,0.002,0.029,0.0,0.0,0.0,1.0,2.63,38.16,4,0.0,0.0,589376
2023-10-03 04:00:00,00000000270,20231003040000,0.092,0.003,0.024,0.0,0.0,0.0,1.0,3.26,26.09,4,0.0,0.0,589376
2023-10-03 05:00:00,00000000270,20231003050000,0.086,0.003,0.029,0.0,0.0,0.0,1.0,3.49,33.72,4,0.0,0.0,589376
2023-10-03 06:00:00,00000000270,20231003060000,0.075,0.0,0.03,0.0,0.0,0.0,1.0,0.0,40.0,4,0.0,0.0,589376
2023-10-03 07:00:00,00000000270,20231003070000,0.101,0.002,0.023,0.0,0.0,0.0,1.0,1.98,22.77,4,0.0,0.0,589376
2023-10-03 08:00:00,00000000270,20231003080000,0.138,0.001,0.04,0.0,0.0,0.0,1.0,0.72,28.99,4,0.0,0.0,589376
2023-10-03 09:00:00,00000000270,20231003090000,0.124,0.001,0.034,0.0,0.0,0.0,1.0,0.81,27.42,4,0.0,0.0,589376
2023-10-03 10:00:00,00000000270,20231003100000,0.09,0.001,0.027,0.0,0.0,0.0,1.0,1.11,30.0,4,0.0,0.0,589376
2023-10-03 11:00:00,00000000270,20231003110000,0.084,0.0,0.032,0.0,0.0,0.0,1.0,0.0,38.1,4,0.0,0.0,589376
2023-10-03 12:00:00,00000000270,20231003120000,0.568,0.01,0.024,0.0,0.0,0.0,1.0,1.76,4.23,4,0.0,0.0,589376
2023-10-03 13:00:00,00000000270,20231003130000,0.283,0.0,0.03,0.0,0.0,0.0,1.0,0.0,10.6,4,0.0,0.0,589376
2023-10-03 14:00:00,00000000270,20231003140000,0.128,0.001,0.034,0.0,0.0,0.0,1.0,0.78,26.56,4,0.0,0.0,589376
2023-10-03 15:00:00,00000000270,20231003150000,0.171,0.001,0.03,0.0,0.0,0.0,1.0,0.58,17.54,4,0.0,0.0,589376
2023-10-03 16:00:00,00000000270,20231003160000,0.201,0.142,0.024,0.0,0.0,0.0,1.0,70.65,11.94,4,0.0,0.0,589376
2023-10-03 17:00:00,00000000270,20231003170000,0.105,0.002,0.024,0.0,0.0,0.0,1.0,1.9,22.86,4,0.0,0.0,589376
2023-10-03 18:00:00,00000000270,20231003180000,0.08,0.003,0.03,0.0,0.0,0.0,1.0,3.75,37.5,4,0.0,0.0,589376
2023-10-03 19:00:00,00000000270,20231003190000,0.083,0.001,0.03,0.0,0.0,0.0,1.0,1.2,36.14,4,0.0,0.0,589376
2023-10-03 20:00:00,00000000270,20231003200000,0.154,0.0,0.032,0.0,0.0,0.0,1.0,0.0,20.78,4,0.0,0.0,589376
2023-10-03 21:00:00,00000000270,20231003210000,0.15,0.001,0.038,0.0,0.0,0.0,1.0,0.67,25.33,4,0.0,0.0,589376
2023-10-03 22:00:00,00000000270,20231003220000,0.144,0.001,0.039,0.0,0.0,0.0,1.0,0.69,27.08,4,0.0,0.0,589376
2023-10-03 23:00:00,00000000270,20231003230000,0.149,0.0,0.039,0.0,0.0,0.0,1.0,0.0,26.17,4,0.0,0.0,589376
2023-10-04 00:00:00,00000000270,20231004000000,0.108,0.003,0.023,0.0,0.0,0.0,1.0,2.78,21.3,4,0.0,0.0,589376
2023-10-04 01:00:00,00000000270,20231004010000,0.079,0.002,0.03,0.0,0.0,0.0,1.0,2.53,37.97,4,0.0,0.0,589376
2023-10-04 02:00:00,00000000270,20231004020000,0.073,0.002,0.029,0.0,0.0,0.0,1.0,2.74,39.73,4,0.0,0.0,589376
2023-10-04 03:00:00,00000000270,20231004030000,0.068,0.001,0.03,0.0,0.0,0.0,1.0,1.47,44.12,4,0.0,0.0,589376
2023-10-04 04:00:00,00000000270,20231004040000,0.086,0.001,0.023,0.0,0.0,0.0,1.0,1.16,26.74,4,0.0,0.0,589376
2023-10-04 05:00:00,00000000270,20231004050000,0.083,0.001,0.028,0.0,0.0,0.0,1.0,1.2,33.73,4,0.0,0.0,589376
2023-10-04 06:00:00,00000000270,20231004060000,0.183,0.004,0.029,0.0,0.0,0.0,1.0,2.19,15.85,4,0.0,0.0,589376
2023-10-04 07:00:00,00000000270,20231004070000,0.121,0.006,0.011,0.0,0.0,0.0,1.0,4.96,9.09,4,0.0,0.0,589376
2023-10-04 08:00:00,00000000270,20231004080000,0.132,0.001,0.023,0.0,0.0,0.0,1.0,0.76,17.42,4,0.0,0.0,589376
2023-10-04 09:00:00,00000000270,20231004090000,0.166,0.001,0.038,0.0,0.0,0.0,1.0,0.6,22.89,4,0.0,0.0,589376
2023-10-04 10:00:00,00000000270,20231004100000,0.149,0.002,0.021,0.0,0.0,0.0,1.0,1.34,14.09,4,0.0,0.0,589376
2023-10-04 11:00:00,00000000270,20231004110000,0.133,0.0,0.028,0.0,0.0,0.0,1.0,0.0,21.05,4,0.0,0.0,589376
2023-10-04 12:00:00,00000000270,20231004120000,0.149,0.001,0.041,0.0,0.0,0.0,1.0,0.67,27.52,4,0.0,0.0,589376
2023-10-04 13:00:00,00000000270,20231004130000,0.174,0.0,0.033,0.0,0.0,0.0,1.0,0.0,18.97,4,0.0,0.0,589376
2023-10-04 14:00:00,00000000270,20231004140000,0.132,0.001,0.038,0.0,0.0,0.0,1.0,0.76,28.79,4,0.0,0.0,589376
2023-10-04 15:00:00,00000000270,20231004150000,0.093,0.003,0.03,0.0,0.0,0.0,1.0,3.23,32.26,4,0.0,0.0,589376
2023-10-04 16:00:00,00000000270,20231004160000,0.126,0.002,0.026,0.0,0.0,0.0,1.0,1.59,20.63,4,0.0,0.0,589376
2023-10-04 17:00:00,00000000270,20231004170000,0.151,0.0,0.036,0.0,0.0,0.0,1.0,0.0,23.84,4,0.0,0.0,589376
2023-10-04 18:00:00,00000000270,20231004180000,0.169,0.001,0.032,0.0,0.0,0.0,1.0,0.59,18.93,4,0.0,0.0,589376
2023-10-04 19:00:00,00000000270,20231004190000,0.15,0.0,0.036,0.0,0.0,0.0,1.0,0.0,24.0,4,0.0,0.0,589376
2023-10-04 20:00:00,00000000270,20231004200000,0.099,0.002,0.024,0.0,0.0,0.0,1.0,2.02,24.24,4,0.0,0.0,589376
2023-10-04 21:00:00,00000000270,20231004210000,0.141,0.001,0.041,0.0,0.0,0.0,1.0,0.71,29.08,4,0.0,0.0,589376
2023-10-04 22:00:00,00000000270,20231004220000,0.123,0.0,0.03,0.0,0.0,0.0,1.0,0.0,24.39,4,0.0,0.0,589376
2023-10-04 23:00:00,00000000270,20231004230000,0.078,0.002,0.025,0.0,0.0,0.0,1.0,2.56,32.05,4,0.0,0.0,589376
2023-10-05 00:00:00,00000000270,20231005000000,0.07,0.003,0.031,0.0,0.0,0.0,1.0,4.29,44.29,4,0.0,0.0,589376
2023-10-05 01:00:00,00000000270,20231005010000,0.082,0.003,0.027,0.0,0.0,0.0,1.0,3.66,32.93,4,0.0,0.0,589376
2023-10-05 02:00:00,00000000270,20231005020000,0.078,0.001,0.027,0.0,0.0,0.0,1.0,1.28,34.62,4,0.0,0.0,589376
2023-10-05 03:00:00,00000000270,20231005030000,0.072,0.001,0.029,0.0,0.0,0.0,1.0,1.39,40.28,4,0.0,0.0,589376
2023-10-05 04:00:00,00000000270,20231005040000,0.081,0.003,0.027,0.0,0.0,0.0,1.0,3.7,33.33,4,0.0,0.0,589376
2023-10-05 05:00:00,00000000270,20231005050000,0.087,0.001,0.026,0.0,0.0,0.0,1.0,1.15,29.89,4,0.0,0.0,589376
2023-10-05 06:00:00,00000000270,20231005060000,0.078,0.002,0.028,0.0,0.0,0.0,1.0,2.56,35.9,4,0.0,0.0,589376
2023-10-05 07:00:00,00000000270,20231005070000,0.076,0.001,0.029,0.0,0.0,0.0,1.0,1.32,38.16,4,0.0,0.0,589376
2023-10-05 08:00:00,00000000270,20231005080000,0.116,0.004,0.025,0.0,0.0,0.0,1.0,3.45,21.55,4,0.0,0.0,589376
2023-10-05 09:00:00,00000000270,20231005090000,0.08,0.004,0.029,0.0,0.0,0.0,1.0,5.0,36.25,4,0.0,0.0,589376
2023-10-05 10:00:00,00000000270,20231005100000,0.075,0.004,0.029,0.0,0.0,0.0,1.0,5.33,38.67,4,0.0,0.0,589376
2023-10-05 11:00:00,00000000270,20231005110000,0.148,0.0,0.035,0.0,0.0,0.0,1.0,0.0,23.65,4,0.0,0.0,589376
2023-10-05 12:00:00,00000000270,20231005120000,0.145,0.001,0.03,0.0,0.0,0.0,1.0,0.69,20.69,4,0.0,0.0,589376
2023-10-05 13:00:00,00000000270,20231005130000,0.119,0.002,0.023,0.0,0.0,0.0,1.0,1.68,19.33,4,0.0,0.0,589376
2023-10-05 14:00:00,00000000270,20231005140000,0.092,0.003,0.024,0.0,0.0,0.0,1.0,3.26,26.09,4,0.0,0.0,589376
2023-10-05 15:00:00,00000000270,20231005150000,0.079,0.001,0.025,0.0,0.0,0.0,1.0,1.27,31.65,4,0.0,0.0,589376
2023-10-05 16:00:00,00000000270,20231005160000,0.089,0.001,0.028,0.0,0.0,0.0,1.0,1.12,31.46,4,0.0,0.0,589376
2023-10-05 17:00:00,00000000270,20231005170000,0.149,0.0,0.035,0.0,0.0,0.0,1.0,0.0,23.49,4,0.0,0.0,589376
2023-10-05 18:00:00,00000000270,20231005180000,0.154,0.001,0.034,0.0,0.0,0.0,1.0,0.65,22.08,4,0.0,0.0,589376
2023-10-05 19:00:00,00000000270,20231005190000,0.151,0.0,0.032,0.0,0.0,0.0,1.0,0.0,21.19,4,0.0,0.0,589376
2023-10-05 20:00:00,00000000270,20231005200000,0.146,0.001,0.032,0.0,0.0,0.0,1.0,0.68,21.92,4,0.0,0.0,589376
2023-10-05 21:00:00,00000000270,20231005210000,0.144,0.0,0.034,0.0,0.0,0.0,1.0,0.0,23.61,4,0.0,0.0,589376
2023-10-05 22:00:00,00000000270,20231005220000,0.142,0.001,0.035,0.0,0.0,0.0,1.0,0.7,24.65,4,0.0,0.0,589376
2023-10-05 23:00:00,00000000270,20231005230000,0.149,0.001,0.037,0.0,0.0,0.0,1.0,0.67,24.83,4,0.0,0.0,589376
2023-10-06 00:00:00,00000000270,20231006000000,0.098,0.0,0.029,0.0,0.0,0.0,1.0,0.0,29.59,4,0.0,0.0,589376
2023-10-06 01:00:00,00000000270,20231006010000,0.077,0.001,0.025,0.0,0.0,0.0,1.0,1.3,32.47,4,0.0,0.0,589376
2023-10-06 02:00:00,00000000270,20231006020000,0.077,0.0,0.025,0.0,0.0,0.0,1.0,0.0,32.47,4,0.0,0.0,589376
2023-10-06 03:00:00,00000000270,20231006030000,0.079,0.001,0.023,0.0,0.0,0.0,1.0,1.27,29.11,4,0.0,0.0,589376
2023-10-06 04:00:00,00000000270,20231006040000,0.078,0.002,0.025,0.0,0.0,0.0,1.0,2.56,32.05,4,0.0,0.0,589376
2023-10-06 05:00:00,00000000270,20231006050000,0.074,0.002,0.029,0.0,0.0,0.0,1.0,2.7,39.19,4,0.0,0.0,589376
2023-10-06 06:00:00,00000000270,20231006060000,0.152,0.001,0.028,0.0,0.0,0.0,1.0,0.66,18.42,4,0.0,0.0,589376
2023-10-06 07:00:00,00000000270,20231006070000,0.13,0.002,0.026,0.0,0.0,0.0,1.0,1.54,20.0,4,0.0,0.0,589376
2023-10-06 08:00:00,00000000270,20231006080000,0.15,0.0,0.035,0.0,0.0,0.0,1.0,0.0,23.33,4,0.0,0.0,589376
2023-10-06 09:00:00,00000000270,20231006090000,0.154,0.001,0.035,0.0,0.0,0.0,1.0,0.65,22.73,4,0.0,0.0,589376
2023-10-06 10:00:00,00000000270,20231006100000,0.177,0.001,0.032,0.0,0.0,0.0,1.0,0.56,18.08,4,0.0,0.0,589376
2023-10-06 11:00:00,00000000270,20231006110000,0.163,0.0,0.031,0.0,0.0,0.0,1.0,0.0,19.02,4,0.0,0.0,589376
2023-10-06 12:00:00,00000000270,20231006120000,0.145,0.001,0.036,0.0,0.0,0.0,1.0,0.69,24.83,4,0.0,0.0,589376
2023-10-06 13:00:00,00000000270,20231006130000,0.146,0.0,0.035,0.0,0.0,0.0,1.0,0.0,23.97,4,0.0,0.0,589376
2023-10-06 14:00:00,00000000270,20231006140000,0.144,0.006,0.025,0.0,0.0,0.0,1.0,4.17,17.36,4,0.0,0.0,589376
2023-10-06 15:00:00,00000000270,20231006150000,0.078,0.002,0.027,0.0,0.0,0.0,1.0,2.56,34.62,4,0.0,0.0,589376
2023-10-06 16:00:00,00000000270,20231006160000,0.073,0.003,0.027,0.0,0.0,0.0,1.0,4.11,36.99,4,0.0,0.0,589376
2023-10-06 17:00:00,00000000270,20231006170000,0.085,0.003,0.024,0.0,0.0,0.0,1.0,3.53,28.24,4,0.0,0.0,589376
2023-10-06 18:00:00,00000000270,20231006180000,0.137,0.133,0.011,0.0,0.0,0.0,1.0,97.08,8.03,4,0.0,0.0,589376
2023-10-06 19:00:00,00000000270,20231006190000,0.15,0.001,0.034,0.0,0.0,0.0,1.0,0.67,22.67,4,0.0,0.0,589376
2023-10-06 20:00:00,00000000270,20231006200000,0.158,0.001,0.034,0.0,0.0,0.0,1.0,0.63,21.52,4,0.0,0.0,589376
2023-10-06 21:00:00,00000000270,20231006210000,0.208,0.115,0.017,0.0,0.0,0.0,1.0,55.29,8.17,4,0.0,0.0,589376
2023-10-06 22:00:00,00000000270,20231006220000,0.152,0.001,0.037,0.0,0.0,0.0,1.0,0.66,24.34,4,0.0,0.0,589376
2023-10-06 23:00:00,00000000270,20231006230000,0.144,0.0,0.032,0.0,0.0,0.0,1.0,0.0,22.22,4,0.0,0.0,589376
2023-10-07 00:00:00,00000000270,20231007000000,0.101,0.003,0.027,0.0,0.0,0.0,1.0,2.97,26.73,4,0.0,0.0,589376
2023-10-07 01:00:00,00000000270,20231007010000,0.083,0.0,0.028,0.0,0.0,0.0,1.0,0.0,33.73,4,0.0,0.0,589376
2023-10-07 02:00:00,00000000270,20231007020000,0.08,0.001,0.025,0.0,0.0,0.0,1.0,1.25,31.25,4,0.0,0.0,589376
2023-10-07 03:00:00,00000000270,20231007030000,0.08,0.0,0.023,0.0,0.0,0.0,1.0,0.0,28.75,4,0.0,0.0,589376
2023-10-07 04:00:00,00000000270,20231007040000,0.071,0.003,0.029,0.0,0.0,0.0,1.0,4.23,40.85,4,0.0,0.0,589376
2023-10-07 05:00:00,00000000270,20231007050000,0.072,0.001,0.027,0.0,0.0,0.0,1.0,1.39,37.5,4,0.0,0.0,589376
2023-10-07 06:00:00,00000000270,20231007060000,0.081,0.001,0.021,0.0,0.0,0.0,1.0,1.23,25.93,4,0.0,0.0,589376
2023-10-07 07:00:00,00000000270,20231007070000,0.073,0.0,0.029,0.0,0.0,0.0,1.0,0.0,39.73,4,0.0,0.0,589376
2023-10-07 08:00:00,00000000270,20231007080000,0.071,0.003,0.03,0.0,0.0,0.0,1.0,4.23,42.25,4,0.0,0.0,589376
2023-10-07 09:00:00,00000000270,20231007090000,0.091,0.002,0.02,0.0,0.0,0.0,1.0,2.2,21.98,4,0.0,0.0,589376
2023-10-07 10:00:00,00000000270,20231007100000,0.11,0.001,0.028,0.0,0.0,0.0,1.0,0.91,25.45,4,0.0,0.0,589376
2023-10-07 11:00:00,00000000270,20231007110000,0.151,0.0,0.031,0.0,0.0,0.0,1.0,0.0,20.53,4,0.0,0.0,589376
2023-10-07 12:00:00,00000000270,20231007120000,0.101,0.001,0.031,0.0,0.0,0.0,1.0,0.99,30.69,4,0.0,0.0,589376
2023-10-07 13:00:00,00000000270,20231007130000,0.12,0.001,0.023,0.0,0.0,0.0,1.0,0.83,19.17,4,0.0,0.0,589376
2023-10-07 14:00:00,00000000270,20231007140000,0.119,0.002,0.023,0.0,0.0,0.0,1.0,1.68,19.33,4,0.0,0.0,589376
2023-10-07 15:00:00,00000000270,20231007150000,0.104,0.001,0.031,0.0,0.0,0.0,1.0,0.96,29.81,4,0.0,0.0,589376
2023-10-07 16:00:00,00000000270,20231007160000,0.091,0.001,0.026,0.0,0.0,0.0,1.0,1.1,28.57,4,0.0,0.0,589376
2023-10-07 17:00:00,00000000270,20231007170000,0.117,0.0,0.028,0.0,0.0,0.0,1.0,0.0,23.93,4,0.0,0.0,589376
2023-10-07 18:00:00,00000000270,20231007180000,0.141,0.001,0.038,0.0,0.0,0.0,1.0,0.71,26.95,4,0.0,0.0,589376
2023-10-07 19:00:00,00000000270,20231007190000,0.162,0.0,0.034,0.0,0.0,0.0,1.0,0.0,20.99,4,0.0,0.0,589376
2023-10-07 20:00:00,00000000270,20231007200000,0.126,0.001,0.029,0.0,0.0,0.0,1.0,0.79,23.02,4,0.0,0.0,589376
2023-10-07 21:00:00,00000000270,20231007210000,0.142,0.0,0.036,0.0,0.0,0.0,1.0,0.0,25.35,4,0.0,0.0,589376
2023-10-07 22:00:00,00000000270,20231007220000,0.147,0.002,0.026,0.0,0.0,0.0,1.0,1.36,17.69,4,0.0,0.0,589376
2023-10-07 23:00:00,00000000270,20231007230000,0.09,0.001,0.027,0.0,0.0,0.0,1.0,1.11,30.0,4,0.0,0.0,589376
2023-10-08 00:00:00,00000000270,20231008000000,0.093,0.0,0.024,0.0,0.0,0.0,1.0,0.0,25.81,4,0.0,0.0,589376
2023-10-08 01:00:00,00000000270,20231008010000,0.082,0.002,0.021,0.0,0.0,0.0,1.0,2.44,25.61,4,0.0,0.0,589376
2023-10-08 02:00:00,00000000270,20231008020000,0.067,0.002,0.028,0.0,0.0,0.0,1.0,2.99,41.79,4,0.0,0.0,589376
2023-10-08 03:00:00,00000000270,20231008030000,0.079,0.001,0.024,0.0,0.0,0.0,1.0,1.27,30.38,4,0.0,0.0,589376
2023-10-08 04:00:00,00000000270,20231008040000,0.081,0.001,0.024,0.0,0.0,0.0,1.0,1.23,29.63,4,0.0,0.0,589376
2023-10-08 05:00:00,00000000270,20231008050000,0.069,0.002,0.029,0.0,0.0,0.0,1.0,2.9,42.03,4,0.0,0.0,589376
2023-10-08 06:00:00,00000000270,20231008060000,0.071,0.003,0.027,0.0,0.0,0.0,1.0,4.23,38.03,4,0.0,0.0,589376
2023-10-08 07:00:00,00000000270,20231008070000,0.168,0.0,0.022,0.0,0.0,0.0,1.0,0.0,13.1,4,0.0,0.0,589376
2023-10-08 08:00:00,00000000270,20231008080000,0.123,0.002,0.024,0.0,0.0,0.0,1.0,1.63,19.51,4,0.0,0.0,589376
2023-10-08 09:00:00,00000000270,20231008090000,0.143,0.001,0.033,0.0,0.0,0.0,1.0,0.7,23.08,4,0.0,0.0,589376
2023-10-08 10:00:00,00000000270,20231008100000,0.184,0.001,0.036,0.0,0.0,0.0,1.0,0.54,19.57,4,0.0,0.0,589376
2023-10-08 11:00:00,00000000270,20231008110000,0.14,0.0,0.041,0.0,0.0,0.0,1.0,0.0,29.29,4,0.0,0.0,589376
2023-10-08 12:00:00,00000000270,20231008120000,0.145,0.001,0.036,0.0,0.0,0.0,1.0,0.69,24.83,4,0.0,0.0,589376
2023-10-08 13:00:00,00000000270,20231008130000,0.126,0.0,0.037,0.0,0.0,0.0,1.0,0.0,29.37,4,0.0,0.0,589376
2023-10-08 14:00:00,00000000270,20231008140000,0.093,0.001,0.019,0.0,0.0,0.0,1.0,1.08,20.43,4,0.0,0.0,589376
2023-10-08 15:00:00,00000000270,20231008150000,0.073,0.001,0.027,0.0,0.0,0.0,1.0,1.37,36.99,4,0.0,0.0,589376
2023-10-08 16:00:00,00000000270,20231008160000,0.088,0.002,0.024,0.0,0.0,0.0,1.0,2.27,27.27,4,0.0,0.0,589376
2023-10-08 17:00:00,00000000270,20231008170000,0.095,0.001,0.021,0.0,0.0,0.0,1.0,1.05,22.11,4,0.0,0.0,589376
2023-10-08 18:00:00,00000000270,20231008180000,0.498,0.001,0.026,0.0,0.0,0.0,1.0,0.2,5.22,4,0.0,0.0,589376
2023-10-08 19:00:00,00000000270,20231008190000,0.147,0.0,0.035,0.0,0.0,0.0,1.0,0.0,23.81,4,0.0,0.0,589376
2023-10-08 20:00:00,00000000270,20231008200000,0.15,0.001,0.036,0.0,0.0,0.0,1.0,0.67,24.0,4,0.0,0.0,589376
2023-10-08 21:00:00,00000000270,20231008210000,0.142,0.0,0.04,0.0,0.0,0.0,1.0,0.0,28.17,4,0.0,0.0,589376
2023-10-08 22:00:00,00000000270,20231008220000,0.152,0.001,0.036,0.0,0.0,0.0,1.0,0.66,23.68,4,0.0,0.0,589376
2023-10-08 23:00:00,00000000270,20231008230000,0.135,0.001,0.036,0.0,0.0,0.0,1.0,0.74,26.67,4,0.0,0.0,589376
2023-10-09 00:00:00,00000000270,20231009000000,0.07,0.001,0.028,0.0,0.0,0.0,1.0,1.43,40.0,4,0.0,0.0,589376
2023-10-09 01:00:00,00000000270,20231009010000,0.078,0.001,0.023,0.0,0.0,0.0,1.0,1.28,29.49,4,0.0,0.0,589376
2023-10-09 02:00:00,00000000270,20231009020000,0.075,0.001,0.025,0.0,0.0,0.0,1.0,1.33,33.33,4,0.0,0.0,589376
2023-10-09 03:00:00,00000000270,20231009030000,0.076,0.001,0.028,0.0,0.0,0.0,1.0,1.32,36.84,4,0.0,0.0,589376
2023-10-09 04:00:00,00000000270,20231009040000,0.081,0.003,0.025,0.0,0.0,0.0,1.0,3.7,30.86,4,0.0,0.0,589376
2023-10-09 05:00:00,00000000270,20231009050000,0.076,0.001,0.025,0.0,0.0,0.0,1.0,1.32,32.89,4,0.0,0.0,589376
2023-10-09 06:00:00,00000000270,20231009060000,0.075,0.001,0.027,0.0,0.0,0.0,1.0,1.33,36.0,4,0.0,0.0,589376
2023-10-09 07:00:00,00000000270,20231009070000,0.102,0.001,0.024,0.0,0.0,0.0,1.0,0.98,23.53,4,0.0,0.0,589376
2023-10-09 08:00:00,00000000270,20231009080000,0.133,0.0,0.041,0.0,0.0,0.0,1.0,0.0,30.83,4,0.0,0.0,589376
2023-10-09 09:00:00,00000000270,20231009090000,0.163,0.001,0.036,0.0,0.0,0.0,1.0,0.61,22.09,4,0.0,0.0,589376
2023-10-09 10:00:00,00000000270,20231009100000,0.144,0.0,0.038,0.0,0.0,0.0,1.0,0.0,26.39,4,0.0,0.0,589376
2023-10-09 11:00:00,00000000270,20231009110000,0.364,0.001,0.039,0.0,0.0,0.0,1.0,0.27,10.71,4,0.0,0.0,589376
2023-10-09 12:00:00,00000000270,20231009120000,0.164,0.001,0.027,0.0,0.0,0.0,1.0,0.61,16.46,4,0.0,0.0,589376
2023-10-09 13:00:00,00000000270,20231009130000,0.087,0.002,0.029,0.0,0.0,0.0,1.0,2.3,33.33,4,0.0,0.0,589376
2023-10-09 14:00:00,00000000270,20231009140000,0.09,0.0,0.028,0.0,0.0,0.0,1.0,0.0,31.11,4,0.0,0.0,589376
2023-10-09 15:00:00,00000000270,20231009150000,0.08,0.001,0.027,0.0,0.0,0.0,1.0,1.25,33.75,4,0.0,0.0,589376
2023-10-09 16:00:00,00000000270,20231009160000,0.093,0.001,0.028,0.0,0.0,0.0,1.0,1.08,30.11,4,0.0,0.0,589376
2023-10-09 17:00:00,00000000270,20231009170000,0.106,0.001,0.028,0.0,0.0,0.0,1.0,0.94,26.42,4,0.0,0.0,589376
2023-10-09 18:00:00,00000000270,20231009180000,0.164,0.012,0.033,0.0,0.0,0.0,1.0,7.32,20.12,4,0.0,0.0,589376
2023-10-09 19:00:00,00000000270,20231009190000,0.217,0.045,0.0,0.0,0.0,0.0,1.0,20.74,0.0,4,0.0,0.0,589376
2023-10-09 20:00:00,00000000270,20231009200000,0.216,0.047,0.0,0.0,0.0,0.0,1.0,21.76,0.0,4,0.0,0.0,589376
2023-10-09 21:00:00,00000000270,20231009210000,0.172,0.009,0.026,0.0,0.0,0.0,1.0,5.23,15.12,4,0.0,0.0,589376
2023-10-09 22:00:00,00000000270,20231009220000,0.154,0.001,0.037,0.0,0.0,0.0,1.0,0.65,24.03,4,0.0,0.0,589376
2023-10-09 23:00:00,00000000270,20231009230000,0.161,0.0,0.038,0.0,0.0,0.0,1.0,0.0,23.6,4,0.0,0.0,589376
2023-10-10 00:00:00,00000000270,20231010000000,0.086,0.001,0.026,0.0,0.0,0.0,1.0,1.16,30.23,4,0.0,0.0,589376
2023-10-10 01:00:00,00000000270,20231010010000,0.153,0.001,0.028,0.0,0.0,0.0,1.0,0.65,18.3,4,0.0,0.0,589376
2023-10-10 02:00:00,00000000270,20231010020000,0.135,0.002,0.025,0.0,0.0,0.0,1.0,1.48,18.52,4,0.0,0.0,589376
2023-10-10 03:00:00,00000000270,20231010030000,0.074,0.001,0.028,0.0,0.0,0.0,1.0,1.35,37.84,4,0.0,0.0,589376
2023-10-10 04:00:00,00000000270,20231010040000,0.075,0.002,0.027,0.0,0.0,0.0,1.0,2.67,36.0,4,0.0,0.0,589376
2023-10-10 05:00:00,00000000270,20231010050000,0.074,0.001,0.028,0.0,0.0,0.0,1.0,1.35,37.84,4,0.0,0.0,589376
2023-10-10 06:00:00,00000000270,20231010060000,0.09,0.001,0.027,0.0,0.0,0.0,1.0,1.11,30.0,4,0.0,0.0,589376
2023-10-10 07:00:00,00000000270,20231010070000,0.299,0.003,0.023,0.0,0.0,0.0,1.0,1.0,7.69,4,0.0,0.0,589376
2023-10-10 08:00:00,00000000270,20231010080000,0.098,0.002,0.026,0.0,0.0,0.0,1.0,2.04,26.53,4,0.0,0.0,589376
2023-10-10 09:00:00,00000000270,20231010090000,0.127,0.001,0.032,0.0,0.0,0.0,1.0,0.79,25.2,4,0.0,0.0,589376
2023-10-10 10:00:00,00000000270,20231010100000,0.101,0.001,0.023,0.0,0.0,0.0,1.0,0.99,22.77,4,0.0,0.0,589376
2023-10-10 11:00:00,00000000270,20231010110000,0.073,0.001,0.029,0.0,0.0,0.0,1.0,1.37,39.73,4,0.0,0.0,589376
2023-10-10 12:00:00,00000000270,20231010120000,0.125,0.125,0.017,0.0,0.0,0.0,1.0,100.0,13.6,4,0.0,0.0,589376
2023-10-10 13:00:00,00000000270,20231010130000,0.109,0.001,0.031,0.0,0.0,0.0,1.0,0.92,28.44,4,0.0,0.0,589376
2023-10-10 14:00:00,00000000270,20231010140000,0.208,0.003,0.03,0.0,0.0,0.0,1.0,1.44,14.42,4,0.0,0.0,589376
2023-10-10 15:00:00,00000000270,20231010150000,0.124,0.001,0.025,0.0,0.0,0.0,1.0,0.81,20.16,4,0.0,0.0,589376
2023-10-10 16:00:00,00000000270,20231010160000,0.177,0.002,0.026,0.0,0.0,0.0,1.0,1.13,14.69,4,0.0,0.0,589376
2023-10-10 17:00:00,00000000270,20231010170000,0.375,0.0,0.032,0.0,0.0,0.0,1.0,0.0,8.53,4,0.0,0.0,589376
2023-10-10 18:00:00,00000000270,20231010180000,0.138,0.002,0.026,0.0,0.0,0.0,1.0,1.45,18.84,4,0.0,0.0,589376
2023-10-10 19:00:00,00000000270,20231010190000,0.173,0.0,0.038,0.0,0.0,0.0,1.0,0.0,21.97,4,0.0,0.0,589376
2023-10-10 20:00:00,00000000270,20231010200000,0.175,0.001,0.037,0.0,0.0,0.0,1.0,0.57,21.14,4,0.0,0.0,589376
2023-10-10 21:00:00,00000000270,20231010210000,0.163,0.0,0.034,0.0,0.0,0.0,1.0,0.0,20.86,4,0.0,0.0,589376
2023-10-10 22:00:00,00000000270,20231010220000,0.156,0.001,0.037,0.0,0.0,0.0,1.0,0.64,23.72,4,0.0,0.0,589376
2023-10-10 23:00:00,00000000270,20231010230000,0.139,0.001,0.038,0.0,0.0,0.0,1.0,0.72,27.34,4,0.0,0.0,589376
2023-10-11 00:00:00,00000000270,20231011000000,0.076,0.0,0.027,0.0,0.0,0.0,1.0,0.0,35.53,4,0.0,0.0,589376
2023-10-11 01:00:00,00000000270,20231011010000,0.08,0.002,0.027,0.0,0.0,0.0,1.0,2.5,33.75,4,0.0,0.0,589376
2023-10-11 02:00:00,00000000270,20231011020000,0.08,0.001,0.025,0.0,0.0,0.0,1.0,1.25,31.25,4,0.0,0.0,589376
2023-10-11 03:00:00,00000000270,20231011030000,0.087,0.002,0.027,0.0,0.0,0.0,1.0,2.3,31.03,4,0.0,0.0,589376
2023-10-11 04:00:00,00000000270,20231011040000,0.083,0.001,0.027,0.0,0.0,0.0,1.0,1.2,32.53,4,0.0,0.0,589376
2023-10-11 05:00:00,00000000270,20231011050000,0.112,0.045,0.01,0.0,0.0,0.0,1.0,40.18,8.93,4,0.0,0.0,589376
2023-10-11 06:00:00,00000000270,20231011060000,0.177,0.008,0.024,0.0,0.0,0.0,1.0,4.52,13.56,4,0.0,0.0,589376
2023-10-11 07:00:00,00000000270,20231011070000,0.116,0.002,0.027,0.0,0.0,0.0,1.0,1.72,23.28,4,0.0,0.0,589376
2023-10-11 08:00:00,00000000270,20231011080000,0.31,0.0,0.034,0.0,0.0,0.0,1.0,0.0,10.97,4,0.0,0.0,589376
2023-10-11 09:00:00,00000000270,20231011090000,0.172,0.001,0.03,0.0,0.0,0.0,1.0,0.58,17.44,4,0.0,0.0,589376
2023-10-11 10:00:00,00000000270,20231011100000,0.105,0.002,0.029,0.0,0.0,0.0,1.0,1.9,27.62,4,0.0,0.0,589376
2023-10-11 11:00:00,00000000270,20231011110000,0.17,0.001,0.034,0.0,0.0,0.0,1.0,0.59,20.0,4,0.0,0.0,589376
2023-10-11 12:00:00,00000000270,20231011120000,0.163,0.0,0.034,0.0,0.0,0.0,1.0,0.0,20.86,4,0.0,0.0,589376
2023-10-11 13:00:00,00000000270,20231011130000,0.145,0.001,0.035,0.0,0.0,0.0,1.0,0.69,24.14,4,0.0,0.0,589376
2023-10-11 14:00:00,00000000270,20231011140000,0.149,0.0,0.037,0.0,0.0,0.0,1.0,0.0,24.83,4,0.0,0.0,589376
2023-10-11 15:00:00,00000000270,20231011150000,0.104,0.001,0.033,0.0,0.0,0.0,1.0,0.96,31.73,4,0.0,0.0,589376
2023-10-11 16:00:00,00000000270,20231011160000,0.089,0.001,0.025,0.0,0.0,0.0,1.0,1.12,28.09,4,0.0,0.0,589376
2023-10-11 17:00:00,00000000270,20231011170000,0.086,0.001,0.028,0.0,0.0,0.0,1.0,1.16,32.56,4,0.0,0.0,589376
2023-10-11 18:00:00,00000000270,20231011180000,0.161,0.001,0.036,0.0,0.0,0.0,1.0,0.62,22.36,4,0.0,0.0,589376
2023-10-11 19:00:00,00000000270,20231011190000,0.361,0.001,0.034,0.0,0.0,0.0,1.0,0.28,9.42,4,0.0,0.0,589376
2023-10-11 20:00:00,00000000270,20231011200000,0.237,0.0,0.038,0.0,0.0,0.0,1.0,0.0,16.03,4,0.0,0.0,589376
2023-10-11 21:00:00,00000000270,20231011210000,0.224,0.001,0.038,0.0,0.0,0.0,1.0,0.45,16.96,4,0.0,0.0,589376
2023-10-11 22:00:00,00000000270,20231011220000,0.115,0.001,0.027,0.0,0.0,0.0,1.0,0.87,23.48,4,0.0,0.0,589376
2023-10-11 23:00:00,00000000270,20231011230000,0.083,0.001,0.025,0.0,0.0,0.0,1.0,1.2,30.12,4,0.0,0.0,589376
2023-10-12 00:00:00,00000000270,20231012000000,0.074,0.001,0.029,0.0,0.0,0.0,1.0,1.35,39.19,4,0.0,0.0,589376
2023-10-12 01:00:00,00000000270,20231012010000,0.068,0.002,0.028,0.0,0.0,0.0,1.0,2.94,41.18,4,0.0,0.0,589376
2023-10-12 02:00:00,00000000270,20231012020000,0.07,0.001,0.026,0.0,0.0,0.0,1.0,1.43,37.14,4,0.0,0.0,589376
2023-10-12 03:00:00,00000000270,20231012030000,0.076,0.002,0.028,0.0,0.0,0.0,1.0,2.63,36.84,4,0.0,0.0,589376
2023-10-12 04:00:00,00000000270,20231012040000,0.068,0.001,0.029,0.0,0.0,0.0,1.0,1.47,42.65,4,0.0,0.0,589376
2023-10-12 05:00:00,00000000270,20231012050000,0.074,0.001,0.028,0.0,0.0,0.0,1.0,1.35,37.84,4,0.0,0.0,589376
2023-10-12 06:00:00,00000000270,20231012060000,0.074,0.002,0.027,0.0,0.0,0.0,1.0,2.7,36.49,4,0.0,0.0,589376
2023-10-12 07:00:00,00000000270,20231012070000,0.092,0.001,0.028,0.0,0.0,0.0,1.0,1.09,30.43,4,0.0,0.0,589376
2023-10-12 08:00:00,00000000270,20231012080000,0.224,0.001,0.035,0.0,0.0,0.0,1.0,0.45,15.62,4,0.0,0.0,589376
2023-10-12 09:00:00,00000000270,20231012090000,0.138,0.001,0.036,0.0,0.0,0.0,1.0,0.72,26.09,4,0.0,0.0,589376
2023-10-12 10:00:00,00000000270,20231012100000,0.25,0.001,0.036,0.0,0.0,0.0,1.0,0.4,14.4,4,0.0,0.0,589376
2023-10-12 11:00:00,00000000270,20231012110000,0.085,0.001,0.026,0.0,0.0,0.0,1.0,1.18,30.59,4,0.0,0.0,589376
2023-10-12 12:00:00,00000000270,20231012120000,0.079,0.001,0.028,0.0,0.0,0.0,1.0,1.27,35.44,4,0.0,0.0,589376
2023-10-12 13:00:00,00000000270,20231012130000,0.073,0.001,0.027,0.0,0.0,0.0,1.0,1.37,36.99,4,0.0,0.0,589376
2023-10-12 14:00:00,00000000270,20231012140000,0.072,0.001,0.027,0.0,0.0,0.0,1.0,1.39,37.5,4,0.0,0.0,589376
2023-10-12 15:00:00,00000000270,20231012150000,0.085,0.002,0.025,0.0,0.0,0.0,1.0,2.35,29.41,4,0.0,0.0,589376
2023-10-12 16:00:00,00000000270,20231012160000,0.091,0.001,0.025,0.0,0.0,0.0,1.0,1.1,27.47,4,0.0,0.0,589376
2023-10-12 17:00:00,00000000270,20231012170000,0.102,0.0,0.028,0.0,0.0,0.0,1.0,0.0,27.45,4,0.0,0.0,589376
2023-10-12 18:00:00,00000000270,20231012180000,0.2,0.119,0.025,0.0,0.0,0.0,1.0,59.5,12.5,4,0.0,0.0,589376
2023-10-12 19:00:00,00000000270,20231012190000,0.278,0.004,0.042,0.0,0.0,0.0,1.0,1.44,15.11,4,0.0,0.0,589376
2023-10-12 20:00:00,00000000270,20231012200000,0.156,0.001,0.039,0.0,0.0,0.0,1.0,0.64,25.0,4,0.0,0.0,589376
2023-10-12 21:00:00,00000000270,20231012210000,0.165,0.0,0.037,0.0,0.0,0.0,1.0,0.0,22.42,4,0.0,0.0,589376
2023-10-12 22:00:00,00000000270,20231012220000,0.144,0.001,0.034,0.0,0.0,0.0,1.0,0.69,23.61,4,0.0,0.0,589376
2023-10-12 23:00:00,00000000270,20231012230000,0.107,0.001,0.028,0.0,0.0,0.0,1.0,0.93,26.17,4,0.0,0.0,589376
2023-10-13 00:00:00,00000000270,20231013000000,0.162,0.001,0.025,0.0,0.0,0.0,1.0,0.62,15.43,4,0.0,0.0,589376
2023-10-13 01:00:00,00000000270,20231013010000,0.095,0.002,0.027,0.0,0.0,0.0,1.0,2.11,28.42,4,0.0,0.0,589376
2023-10-13 02:00:00,00000000270,20231013020000,0.074,0.001,0.026,0.0,0.0,0.0,1.0,1.35,35.14,4,0.0,0.0,589376
2023-10-13 03:00:00,00000000270,20231013030000,0.092,0.001,0.026,0.0,0.0,0.0,1.0,1.09,28.26,4,0.0,0.0,589376
2023-10-13 04:00:00,00000000270,20231013040000,0.083,0.002,0.027,0.0,0.0,0.0,1.0,2.41,32.53,4,0.0,0.0,589376
2023-10-13 05:00:00,00000000270,20231013050000,0.079,0.001,0.027,0.0,0.0,0.0,1.0,1.27,34.18,4,0.0,0.0,589376
2023-10-13 06:00:00,00000000270,20231013060000,0.065,0.001,0.03,0.0,0.0,0.0,1.0,1.54,46.15,4,0.0,0.0,589376
2023-10-13 07:00:00,00000000270,20231013070000,0.08,0.002,0.028,0.0,0.0,0.0,1.0,2.5,35.0,4,0.0,0.0,589376
2023-10-13 08:00:00,00000000270,20231013080000,0.151,0.001,0.036,0.0,0.0,0.0,1.0,0.66,23.84,4,0.0,0.0,589376
2023-10-13 09:00:00,00000000270,20231013090000,0.104,0.001,0.028,0.0,0.0,0.0,1.0,0.96,26.92,4,0.0,0.0,589376
2023-10-13 10:00:00,00000000270,20231013100000,0.986,0.01,0.011,0.0,0.0,0.0,1.0,1.01,1.12,4,0.0,0.0,589376
2023-10-13 11:00:00,00000000270,20231013110000,0.662,0.005,0.02,0.0,0.0,0.0,1.0,0.76,3.02,4,0.0,0.0,589376
2023-10-13 12:00:00,00000000270,20231013120000,0.083,0.001,0.027,0.0,0.0,0.0,1.0,1.2,32.53,4,0.0,0.0,589376
2023-10-13 13:00:00,00000000270,20231013130000,0.074,0.001,0.026,0.0,0.0,0.0,1.0,1.35,35.14,4,0.0,0.0,589376
2023-10-13 14:00:00,00000000270,20231013140000,0.145,0.001,0.032,0.0,0.0,0.0,1.0,0.69,22.07,4,0.0,0.0,589376
2023-10-13 15:00:00,00000000270,20231013150000,0.208,0.001,0.028,0.0,0.0,0.0,1.0,0.48,13.46,4,0.0,0.0,589376
2023-10-13 16:00:00,00000000270,20231013160000,0.482,0.0,0.033,0.0,0.0,0.0,1.0,0.0,6.85,4,0.0,0.0,589376
2023-10-13 17:00:00,00000000270,20231013170000,0.092,0.002,0.027,0.0,0.0,0.0,1.0,2.17,29.35,4,0.0,0.0,589376
2023-10-13 18:00:00,00000000270,20231013180000,0.077,0.001,0.027,0.0,0.0,0.0,1.0,1.3,35.06,4,0.0,0.0,589376
2023-10-13 19:00:00,00000000270,20231013190000,0.084,0.0,0.023,0.0,0.0,0.0,1.0,0.0,27.38,4,0.0,0.0,589376
2023-10-13 20:00:00,00000000270,20231013200000,0.081,0.001,0.023,0.0,0.0,0.0,1.0,1.23,28.4,4,0.0,0.0,589376
2023-10-13 21:00:00,00000000270,20231013210000,0.061,0.001,0.028,0.0,0.0,0.0,1.0,1.64,45.9,4,0.0,0.0,589376
2023-10-13 22:00:00,00000000270,20231013220000,0.076,0.002,0.026,0.0,0.0,0.0,1.0,2.63,34.21,4,0.0,0.0,589376
2023-10-13 23:00:00,00000000270,20231013230000,0.076,0.0,0.024,0.0,0.0,0.0,1.0,0.0,31.58,4,0.0,0.0,589376
2023-10-14 00:00:00,00000000270,20231014000000,0.063,0.002,0.029,0.0,0.0,0.0,1.0,3.17,46.03,4,0.0,0.0,589376
2023-10-14 01:00:00,00000000270,20231014010000,0.079,0.001,0.026,0.0,0.0,0.0,1.0,1.27,32.91,4,0.0,0.0,589376
2023-10-14 02:00:00,00000000270,20231014020000,0.071,0.001,0.023,0.0,0.0,0.0,1.0,1.41,32.39,4,0.0,0.0,589376
2023-10-14 03:00:00,00000000270,20231014030000,0.066,0.001,0.03,0.0,0.0,0.0,1.0,1.52,45.45,4,0.0,0.0,589376
2023-10-14 04:00:00,00000000270,20231014040000,0.075,0.0,0.025,0.0,0.0,0.0,1.0,0.0,33.33,4,0.0,0.0,589376
2023-10-14 05:00:00,00000000270,20231014050000,0.065,0.002,0.027,0.0,0.0,0.0,1.0,3.08,41.54,4,0.0,0.0,589376
2023-10-14 06:00:00,00000000270,20231014060000,0.07,0.001,0.029,0.0,0.0,0.0,1.0,1.43,41.43,4,0.0,0.0,589376
2023-10-14 07:00:00,00000000270,20231014070000,0.071,0.001,0.025,0.0,0.0,0.0,1.0,1.41,35.21,4,0.0,0.0,589376
2023-10-14 08:00:00,00000000270,20231014080000,0.068,0.001,0.031,0.0,0.0,0.0,1.0,1.47,45.59,4,0.0,0.0,589376
2023-10-14 09:00:00,00000000270,20231014090000,0.07,0.001,0.024,0.0,0.0,0.0,1.0,1.43,34.29,4,0.0,0.0,589376
2023-10-14 10:00:00,00000000270,20231014100000,0.076,0.002,0.026,0.0,0.0,0.0,1.0,2.63,34.21,4,0.0,0.0,589376
2023-10-14 11:00:00,00000000270,20231014110000,0.061,0.0,0.029,0.0,0.0,0.0,1.0,0.0,47.54,4,0.0,0.0,589376
2023-10-14 12:00:00,00000000270,20231014120000,0.073,0.001,0.024,0.0,0.0,0.0,1.0,1.37,32.88,4,0.0,0.0,589376
2023-10-14 13:00:00,00000000270,20231014130000,0.075,0.001,0.028,0.0,0.0,0.0,1.0,1.33,37.33,4,0.0,0.0,589376
2023-10-14 14:00:00,00000000270,20231014140000,0.078,0.001,0.026,0.0,0.0,0.0,1.0,1.28,33.33,4,0.0,0.0,589376
2023-10-14 15:00:00,00000000270,20231014150000,0.077,0.002,0.024,0.0,0.0,0.0,1.0,2.6,31.17,4,0.0,0.0,589376
2023-10-14 16:00:00,00000000270,20231014160000,0.067,0.0,0.028,0.0,0.0,0.0,1.0,0.0,41.79,4,0.0,0.0,589376
2023-10-14 17:00:00,00000000270,20231014170000,0.079,0.002,0.025,0.0,0.0,0.0,1.0,2.53,31.65,4,0.0,0.0,589376
2023-10-14 18:00:00,00000000270,20231014180000,0.076,0.0,0.026,0.0,0.0,0.0,1.0,0.0,34.21,4,0.0,0.0,589376
2023-10-14 19:00:00,00000000270,20231014190000,0.067,0.001,0.026,0.0,0.0,0.0,1.0,1.49,38.81,4,0.0,0.0,589376
2023-10-14 20:00:00,00000000270,20231014200000,0.072,0.002,0.025,0.0,0.0,0.0,1.0,2.78,34.72,4,0.0,0.0,589376
2023-10-14 21:00:00,00000000270,20231014210000,0.07,0.001,0.028,0.0,0.0,0.0,1.0,1.43,40.0,4,0.0,0.0,589376
2023-10-14 22:00:00,00000000270,20231014220000,0.07,0.001,0.027,0.0,0.0,0.0,1.0,1.43,38.57,4,0.0,0.0,589376
2023-10-14 23:00:00,00000000270,20231014230000,0.072,0.001,0.024,0.0,0.0,0.0,1.0,1.39,33.33,4,0.0,0.0,589376
2023-10-15 00:00:00,00000000270,20231015000000,0.066,0.001,0.03,0.0,0.0,0.0,1.0,1.52,45.45,4,0.0,0.0,589376
2023-10-15 01:00:00,00000000270,20231015010000,0.073,0.002,0.026,0.0,0.0,0.0,1.0,2.74,35.62,4,0.0,0.0,589376
2023-10-15 02:00:00,00000000270,20231015020000,0.071,0.001,0.025,0.0,0.0,0.0,1.0,1.41,35.21,4,0.0,0.0,589376
2023-10-15 03:00:00,00000000270,20231015030000,0.067,0.001,0.032,0.0,0.0,0.0,1.0,1.49,47.76,4,0.0,0.0,589376
2023-10-15 04:00:00,00000000270,20231015040000,0.069,0.001,0.025,0.0,0.0,0.0,1.0,1.45,36.23,4,0.0,0.0,589376
2023-10-15 05:00:00,00000000270,20231015050000,0.072,0.001,0.028,0.0,0.0,0.0,1.0,1.39,38.89,4,0.0,0.0,589376
2023-10-15 06:00:00,00000000270,20231015060000,0.065,0.001,0.028,0.0,0.0,0.0,1.0,1.54,43.08,4,0.0,0.0,589376
2023-10-15 07:00:00,00000000270,20231015070000,0.074,0.0,0.026,0.0,0.0,0.0,1.0,0.0,35.14,4,0.0,0.0,589376
2023-10-15 08:00:00,00000000270,20231015080000,0.064,0.001,0.031,0.0,0.0,0.0,1.0,1.56,48.44,4,0.0,0.0,589376
2023-10-15 09:00:00,00000000270,20231015090000,0.071,0.001,0.025,0.0,0.0,0.0,1.0,1.41,35.21,4,0.0,0.0,589376
2023-10-15 10:00:00,00000000270,20231015100000,0.069,0.001,0.028,0.0,0.0,0.0,1.0,1.45,40.58,4,0.0,0.0,589376
2023-10-15 11:00:00,00000000270,20231015110000,0.067,0.001,0.03,0.0,0.0,0.0,1.0,1.49,44.78,4,0.0,0.0,589376
2023-10-15 12:00:00,00000000270,20231015120000,0.071,0.002,0.026,0.0,0.0,0.0,1.0,2.82,36.62,4,0.0,0.0,589376
2023-10-15 13:00:00,00000000270,20231015130000,0.066,0.0,0.03,0.0,0.0,0.0,1.0,0.0,45.45,4,0.0,0.0,589376
2023-10-15 14:00:00,00000000270,20231015140000,0.073,0.002,0.028,0.0,0.0,0.0,1.0,2.74,38.36,4,0.0,0.0,589376
2023-10-15 15:00:00,00000000270,20231015150000,0.071,0.0,0.026,0.0,0.0,0.0,1.0,0.0,36.62,4,0.0,0.0,589376
2023-10-15 16:00:00,00000000270,20231015160000,0.117,0.002,0.029,0.0,0.0,0.0,1.0,1.71,24.79,4,0.0,0.0,589376
2023-10-15 17:00:00,00000000270,20231015170000,0.142,0.002,0.023,0.0,0.0,0.0,1.0,1.41,16.2,4,0.0,0.0,589376
2023-10-15 18:00:00,00000000270,20231015180000,0.081,0.0,0.027,0.0,0.0,0.0,1.0,0.0,33.33,4,0.0,0.0,589376
2023-10-15 19:00:00,00000000270,20231015190000,0.07,0.002,0.026,0.0,0.0,0.0,1.0,2.86,37.14,4,0.0,0.0,589376
2023-10-15 20:00:00,00000000270,20231015200000,0.072,0.001,0.025,0.0,0.0,0.0,1.0,1.39,34.72,4,0.0,0.0,589376
2023-10-15 21:00:00,00000000270,20231015210000,0.066,0.001,0.03,0.0,0.0,0.0,1.0,1.52,45.45,4,0.0,0.0,589376
2023-10-15 22:00:00,00000000270,20231015220000,0.082,0.002,0.029,0.0,0.0,0.0,1.0,2.44,35.37,4,0.0,0.0,589376
2023-10-15 23:00:00,00000000270,20231015230000,0.135,0.0,0.037,0.0,0.0,0.0,1.0,0.0,27.41,4,0.0,0.0,589376
2023-10-16 00:00:00,00000000270,20231016000000,0.07,0.001,0.026,0.0,0.0,0.0,1.0,1.43,37.14,4,0.0,0.0,589376
2023-10-16 01:00:00,00000000270,20231016010000,0.067,0.002,0.029,0.0,0.0,0.0,1.0,2.99,43.28,4,0.0,0.0,589376
2023-10-16 02:00:00,00000000270,20231016020000,0.074,0.001,0.029,0.0,0.0,0.0,1.0,1.35,39.19,4,0.0,0.0,589376
2023-10-16 03:00:00,00000000270,20231016030000,0.074,0.0,0.027,0.0,0.0,0.0,1.0,0.0,36.49,4,0.0,0.0,589376
2023-10-16 04:00:00,00000000270,20231016040000,0.068,0.001,0.028,0.0,0.0,0.0,1.0,1.47,41.18,4,0.0,0.0,589376
2023-10-16 05:00:00,00000000270,20231016050000,0.068,0.001,0.028,0.0,0.0,0.0,1.0,1.47,41.18,4,0.0,0.0,589376
2023-10-16 06:00:00,00000000270,20231016060000,0.074,0.001,0.026,0.0,0.0,0.0,1.0,1.35,35.14,4,0.0,0.0,589376
2023-10-16 07:00:00,00000000270,20231016070000,0.115,0.001,0.034,0.0,0.0,0.0,1.0,0.87,29.57,4,0.0,0.0,589376
2023-10-16 08:00:00,00000000270,20231016080000,0.183,0.058,0.032,0.0,0.0,0.0,1.0,31.69,17.49,4,0.0,0.0,589376
2023-10-16 09:00:00,00000000270,20231016090000,0.162,0.061,0.029,0.0,0.0,0.0,1.0,37.65,17.9,4,0.0,0.0,589376
2023-10-16 10:00:00,00000000270,20231016100000,0.147,0.001,0.033,0.0,0.0,0.0,1.0,0.68,22.45,4,0.0,0.0,589376
2023-10-16 11:00:00,00000000270,20231016110000,0.164,0.001,0.036,0.0,0.0,0.0,1.0,0.61,21.95,4,0.0,0.0,589376
2023-10-16 12:00:00,00000000270,20231016120000,0.152,0.0,0.036,0.0,0.0,0.0,1.0,0.0,23.68,4,0.0,0.0,589376
2023-10-16 13:00:00,00000000270,20231016130000,0.1,0.001,0.031,0.0,0.0,0.0,1.0,1.0,31.0,4,0.0,0.0,589376
2023-10-16 14:00:00,00000000270,20231016140000,0.144,0.001,0.035,0.0,0.0,0.0,1.0,0.69,24.31,4,0.0,0.0,589376
2023-10-16 15:00:00,00000000270,20231016150000,0.141,0.001,0.04,0.0,0.0,0.0,1.0,0.71,28.37,4,0.0,0.0,589376
2023-10-16 16:00:00,00000000270,20231016160000,0.156,0.0,0.036,0.0,0.0,0.0,1.0,0.0,23.08,4,0.0,0.0,589376
2023-10-16 17:00:00,00000000270,20231016170000,0.158,0.001,0.037,0.0,0.0,0.0,1.0,0.63,23.42,4,0.0,0.0,589376
2023-10-16 18:00:00,00000000270,20231016180000,0.155,0.0,0.037,0.0,0.0,0.0,1.0,0.0,23.87,4,0.0,0.0,589376
2023-10-16 19:00:00,00000000270,20231016190000,0.186,0.009,0.036,0.0,0.0,0.0,1.0,4.84,19.35,4,0.0,0.0,589376
2023-10-16 20:00:00,00000000270,20231016200000,0.141,0.001,0.037,0.0,0.0,0.0,1.0,0.71,26.24,4,0.0,0.0,589376
2023-10-16 21:00:00,00000000270,20231016210000,0.135,0.0,0.042,0.0,0.0,0.0,1.0,0.0,31.11,4,0.0,0.0,589376
2023-10-16 22:00:00,00000000270,20231016220000,0.133,0.001,0.037,0.0,0.0,0.0,1.0,0.75,27.82,4,0.0,0.0,589376
2023-10-16 23:00:00,00000000270,20231016230000,0.12,0.001,0.034,0.0,0.0,0.0,1.0,0.83,28.33,4,0.0,0.0,589376
2023-10-17 00:00:00,00000000270,20231017000000,0.15,0.001,0.028,0.0,0.0,0.0,1.0,0.67,18.67,4,0.0,0.0,589376
2023-10-17 01:00:00,00000000270,20231017010000,0.105,0.002,0.025,0.0,0.0,0.0,1.0,1.9,23.81,4,0.0,0.0,589376
2023-10-17 02:00:00,00000000270,20231017020000,0.07,0.001,0.026,0.0,0.0,0.0,1.0,1.43,37.14,4,0.0,0.0,589376
2023-10-17 03:00:00,00000000270,20231017030000,0.063,0.001,0.03,0.0,0.0,0.0,1.0,1.59,47.62,4,0.0,0.0,589376
2023-10-17 04:00:00,00000000270,20231017040000,0.073,0.001,0.027,0.0,0.0,0.0,1.0,1.37,36.99,4,0.0,0.0,589376
2023-10-17 05:00:00,00000000270,20231017050000,0.069,0.001,0.025,0.0,0.0,0.0,1.0,1.45,36.23,4,0.0,0.0,589376
2023-10-17 06:00:00,00000000270,20231017060000,0.064,0.001,0.031,0.0,0.0,0.0,1.0,1.56,48.44,4,0.0,0.0,589376
2023-10-17 07:00:00,00000000270,20231017070000,0.084,0.001,0.027,0.0,0.0,0.0,1.0,1.19,32.14,4,0.0,0.0,589376
2023-10-17 08:00:00,00000000270,20231017080000,0.094,0.039,0.025,0.0,0.0,0.0,1.0,41.49,26.6,4,0.0,0.0,589376
2023-10-17 09:00:00,00000000270,20231017090000,0.188,0.152,0.019,0.0,0.0,0.0,1.0,80.85,10.11,4,0.0,0.0,589376
2023-10-17 10:00:00,00000000270,20231017100000,0.083,0.002,0.029,0.0,0.0,0.0,1.0,2.41,34.94,4,0.0,0.0,589376
2023-10-17 11:00:00,00000000270,20231017110000,0.143,0.0,0.034,0.0,0.0,0.0,1.0,0.0,23.78,4,0.0,0.0,589376
2023-10-17 12:00:00,00000000270,20231017120000,0.159,0.001,0.037,0.0,0.0,0.0,1.0,0.63,23.27,4,0.0,0.0,589376
2023-10-17 13:00:00,00000000270,20231017130000,0.142,0.0,0.035,0.0,0.0,0.0,1.0,0.0,24.65,4,0.0,0.0,589376
2023-10-17 14:00:00,00000000270,20231017140000,0.148,0.001,0.036,0.0,0.0,0.0,1.0,0.68,24.32,4,0.0,0.0,589376
2023-10-17 15:00:00,00000000270,20231017150000,0.135,0.001,0.034,0.0,0.0,0.0,1.0,0.74,25.19,4,0.0,0.0,589376
2023-10-17 16:00:00,00000000270,20231017160000,0.143,0.0,0.037,0.0,0.0,0.0,1.0,0.0,25.87,4,0.0,0.0,589376
2023-10-17 17:00:00,00000000270,20231017170000,0.363,0.001,0.037,0.0,0.0,0.0,1.0,0.28,10.19,4,0.0,0.0,589376
2023-10-17 18:00:00,00000000270,20231017180000,0.595,0.001,0.035,0.0,0.0,0.0,1.0,0.17,5.88,4,0.0,0.0,589376
2023-10-17 19:00:00,00000000270,20231017190000,0.151,0.0,0.039,0.0,0.0,0.0,1.0,0.0,25.83,4,0.0,0.0,589376
2023-10-17 20:00:00,00000000270,20231017200000,0.145,0.001,0.04,0.0,0.0,0.0,1.0,0.69,27.59,4,0.0,0.0,589376
2023-10-17 21:00:00,00000000270,20231017210000,0.152,0.0,0.038,0.0,0.0,0.0,1.0,0.0,25.0,4,0.0,0.0,589376
2023-10-17 22:00:00,00000000270,20231017220000,0.143,0.001,0.031,0.0,0.0,0.0,1.0,0.7,21.68,4,0.0,0.0,589376
2023-10-17 23:00:00,00000000270,20231017230000,0.128,0.001,0.033,0.0,0.0,0.0,1.0,0.78,25.78,4,0.0,0.0,589376
2023-10-18 00:00:00,00000000270,20231018000000,0.069,0.001,0.026,0.0,0.0,0.0,1.0,1.45,37.68,4,0.0,0.0,589376
2023-10-18 01:00:00,00000000270,20231018010000,0.065,0.001,0.025,0.0,0.0,0.0,1.0,1.54,38.46,4,0.0,0.0,589376
2023-10-18 02:00:00,00000000270,20231018020000,0.16,0.002,0.026,0.0,0.0,0.0,1.0,1.25,16.25,4,0.0,0.0,589376
2023-10-18 03:00:00,00000000270,20231018030000,0.076,0.002,0.025,0.0,0.0,0.0,1.0,2.63,32.89,4,0.0,0.0,589376
2023-10-18 04:00:00,00000000270,20231018040000,0.076,0.001,0.025,0.0,0.0,0.0,1.0,1.32,32.89,4,0.0,0.0,589376
2023-10-18 05:00:00,00000000270,20231018050000,0.064,0.001,0.026,0.0,0.0,0.0,1.0,1.56,40.62,4,0.0,0.0,589376
2023-10-18 06:00:00,00000000270,20231018060000,0.069,0.001,0.027,0.0,0.0,0.0,1.0,1.45,39.13,4,0.0,0.0,589376
2023-10-18 07:00:00,00000000270,20231018070000,0.082,0.001,0.027,0.0,0.0,0.0,1.0,1.22,32.93,4,0.0,0.0,589376
2023-10-18 08:00:00,00000000270,20231018080000,0.149,0.001,0.039,0.0,0.0,0.0,1.0,0.67,26.17,4,0.0,0.0,589376
2023-10-18 09:00:00,00000000270,20231018090000,0.157,0.0,0.035,0.0,0.0,0.0,1.0,0.0,22.29,4,0.0,0.0,589376
2023-10-18 10:00:00,00000000270,20231018100000,0.148,0.001,0.036,0.0,0.0,0.0,1.0,0.68,24.32,4,0.0,0.0,589376
2023-10-18 11:00:00,00000000270,20231018110000,0.156,0.001,0.035,0.0,0.0,0.0,1.0,0.64,22.44,4,0.0,0.0,589376
2023-10-18 12:00:00,00000000270,20231018120000,0.229,0.0,0.037,0.0,0.0,0.0,1.0,0.0,16.16,4,0.0,0.0,589376
2023-10-18 13:00:00,00000000270,20231018130000,0.142,0.001,0.033,0.0,0.0,0.0,1.0,0.7,23.24,4,0.0,0.0,589376
2023-10-18 14:00:00,00000000270,20231018140000,0.143,0.0,0.034,0.0,0.0,0.0,1.0,0.0,23.78,4,0.0,0.0,589376
2023-10-18 15:00:00,00000000270,20231018150000,0.143,0.001,0.035,0.0,0.0,0.0,1.0,0.7,24.48,4,0.0,0.0,589376
2023-10-18 16:00:00,00000000270,20231018160000,0.141,0.001,0.034,0.0,0.0,0.0,1.0,0.71,24.11,4,0.0,0.0,589376
2023-10-18 17:00:00,00000000270,20231018170000,0.139,0.0,0.033,0.0,0.0,0.0,1.0,0.0,23.74,4,0.0,0.0,589376
2023-10-18 18:00:00,00000000270,20231018180000,0.16,0.001,0.04,0.0,0.0,0.0,1.0,0.62,25.0,4,0.0,0.0,589376
2023-10-18 19:00:00,00000000270,20231018190000,0.16,0.001,0.043,0.0,0.0,0.0,1.0,0.62,26.88,4,0.0,0.0,589376
2023-10-18 20:00:00,00000000270,20231018200000,0.102,0.0,0.032,0.0,0.0,0.0,1.0,0.0,31.37,4,0.0,0.0,589376
2023-10-18 21:00:00,00000000270,20231018210000,0.067,0.001,0.025,0.0,0.0,0.0,1.0,1.49,37.31,4,0.0,0.0,589376
2023-10-18 22:00:00,00000000270,20231018220000,0.064,0.001,0.026,0.0,0.0,0.0,1.0,1.56,40.62,4,0.0,0.0,589376
2023-10-18 23:00:00,00000000270,20231018230000,0.068,0.001,0.029,0.0,0.0,0.0,1.0,1.47,42.65,4,0.0,0.0,589376
2023-10-19 00:00:00,00000000270,20231019000000,0.085,0.001,0.027,0.0,0.0,0.0,1.0,1.18,31.76,4,0.0,0.0,589376
2023-10-19 01:00:00,00000000270,20231019010000,0.082,0.001,0.026,0.0,0.0,0.0,1.0,1.22,31.71,4,0.0,0.0,589376
2023-10-19 02:00:00,00000000270,20231019020000,0.068,0.002,0.03,0.0,0.0,0.0,1.0,2.94,44.12,4,0.0,0.0,589376
2023-10-19 03:00:00,00000000270,20231019030000,0.134,0.0,0.026,0.0,0.0,0.0,1.0,0.0,19.4,4,0.0,0.0,589376
2023-10-19 04:00:00,00000000270,20231019040000,0.121,0.002,0.025,0.0,0.0,0.0,1.0,1.65,20.66,4,0.0,0.0,589376
2023-10-19 05:00:00,00000000270,20231019050000,0.066,0.002,0.029,0.0,0.0,0.0,1.0,3.03,43.94,4,0.0,0.0,589376
2023-10-19 06:00:00,00000000270,20231019060000,0.072,0.001,0.025,0.0,0.0,0.0,1.0,1.39,34.72,4,0.0,0.0,589376
2023-10-19 07:00:00,00000000270,20231019070000,0.09,0.001,0.029,0.0,0.0,0.0,1.0,1.11,32.22,4,0.0,0.0,589376
2023-10-19 08:00:00,00000000270,20231019080000,0.143,0.001,0.039,0.0,0.0,0.0,1.0,0.7,27.27,4,0.0,0.0,589376
2023-10-19 09:00:00,00000000270,20231019090000,0.161,0.001,0.034,0.0,0.0,0.0,1.0,0.62,21.12,4,0.0,0.0,589376
2023-10-19 10:00:00,00000000270,20231019100000,0.139,0.0,0.034,0.0,0.0,0.0,1.0,0.0,24.46,4,0.0,0.0,589376
2023-10-19 11:00:00,00000000270,20231019110000,0.133,0.001,0.038,0.0,0.0,0.0,1.0,0.75,28.57,4,0.0,0.0,589376
2023-10-19 12:00:00,00000000270,20231019120000,0.144,0.001,0.036,0.0,0.0,0.0,1.0,0.69,25.0,4,0.0,0.0,589376
2023-10-19 13:00:00,00000000270,20231019130000,0.159,0.0,0.037,0.0,0.0,0.0,1.0,0.0,23.27,4,0.0,0.0,589376
2023-10-19 14:00:00,00000000270,20231019140000,0.084,0.001,0.03,0.0,0.0,0.0,1.0,1.19,35.71,4,0.0,0.0,589376
2023-10-19 15:00:00,00000000270,20231019150000,0.072,0.001,0.026,0.0,0.0,0.0,1.0,1.39,36.11,4,0.0,0.0,589376
2023-10-19 16:00:00,00000000270,20231019160000,0.198,0.187,0.014,0.0,0.0,0.0,1.0,94.44,7.07,4,0.0,0.0,589376
2023-10-19 17:00:00,00000000270,20231019170000,0.179,0.055,0.03,0.0,0.0,0.0,1.0,30.73,16.76,4,0.0,0.0,589376
2023-10-19 18:00:00,00000000270,20231019180000,0.15,0.0,0.037,0.0,0.0,0.0,1.0,0.0,24.67,4,0.0,0.0,589376
2023-10-19 19:00:00,00000000270,20231019190000,0.155,0.001,0.037,0.0,0.0,0.0,1.0,0.65,23.87,4,0.0,0.0,589376
2023-10-19 20:00:00,00000000270,20231019200000,0.14,0.0,0.039,0.0,0.0,0.0,1.0,0.0,27.86,4,0.0,0.0,589376
2023-10-19 21:00:00,00000000270,20231019210000,0.145,0.001,0.037,0.0,0.0,0.0,1.0,0.69,25.52,4,0.0,0.0,589376
2023-10-19 22:00:00,00000000270,20231019220000,0.136,0.001,0.036,0.0,0.0,0.0,1.0,0.74,26.47,4,0.0,0.0,589376
2023-10-19 23:00:00,00000000270,20231019230000,0.086,0.001,0.03,0.0,0.0,0.0,1.0,1.16,34.88,4,0.0,0.0,589376
2023-10-20 00:00:00,00000000270,20231020000000,0.081,0.001,0.025,0.0,0.0,0.0,1.0,1.23,30.86,4,0.0,0.0,589376
2023-10-20 01:00:00,00000000270,20231020010000,0.063,0.0,0.03,0.0,0.0,0.0,1.0,0.0,47.62,4,0.0,0.0,589376
2023-10-20 02:00:00,00000000270,20231020020000,0.07,0.001,0.026,0.0,0.0,0.0,1.0,1.43,37.14,4,0.0,0.0,589376
2023-10-20 03:00:00,00000000270,20231020030000,0.056,0.002,0.03,0.0,0.0,0.0,1.0,3.57,53.57,4,0.0,0.0,589376
2023-10-20 04:00:00,00000000270,20231020040000,0.072,0.001,0.027,0.0,0.0,0.0,1.0,1.39,37.5,4,0.0,0.0,589376
2023-10-20 05:00:00,00000000270,20231020050000,0.132,0.0,0.03,0.0,0.0,0.0,1.0,0.0,22.73,4,0.0,0.0,589376
2023-10-20 06:00:00,00000000270,20231020060000,0.085,0.001,0.024,0.0,0.0,0.0,1.0,1.18,28.24,4,0.0,0.0,589376
2023-10-20 07:00:00,00000000270,20231020070000,0.075,0.001,0.031,0.0,0.0,0.0,1.0,1.33,41.33,4,0.0,0.0,589376
2023-10-20 08:00:00,00000000270,20231020080000,0.165,0.001,0.036,0.0,0.0,0.0,1.0,0.61,21.82,4,0.0,0.0,589376
2023-10-20 09:00:00,00000000270,20231020090000,0.148,0.001,0.036,0.0,0.0,0.0,1.0,0.68,24.32,4,0.0,0.0,589376
2023-10-20 10:00:00,00000000270,20231020100000,0.145,0.0,0.035,0.0,0.0,0.0,1.0,0.0,24.14,4,0.0,0.0,589376
2023-10-20 11:00:00,00000000270,20231020110000,0.148,0.001,0.039,0.0,0.0,0.0,1.0,0.68,26.35,4,0.0,0.0,589376
2023-10-20 12:00:00,00000000270,20231020120000,0.14,0.001,0.038,0.0,0.0,0.0,1.0,0.71,27.14,4,0.0,0.0,589376
2023-10-20 13:00:00,00000000270,20231020130000,0.167,0.0,0.04,0.0,0.0,0.0,1.0,0.0,23.95,4,0.0,0.0,589376
2023-10-20 14:00:00,00000000270,20231020140000,0.118,0.001,0.035,0.0,0.0,0.0,1.0,0.85,29.66,4,0.0,0.0,589376
2023-10-20 15:00:00,00000000270,20231020150000,0.105,0.001,0.032,0.0,0.0,0.0,1.0,0.95,30.48,4,0.0,0.0,589376
2023-10-20 16:00:00,00000000270,20231020160000,0.142,0.0,0.034,0.0,0.0,0.0,1.0,0.0,23.94,4,0.0,0.0,589376
2023-10-20 17:00:00,00000000270,20231020170000,0.142,0.001,0.035,0.0,0.0,0.0,1.0,0.7,24.65,4,0.0,0.0,589376
2023-10-20 18:00:00,00000000270,20231020180000,0.134,0.001,0.033,0.0,0.0,0.0,1.0,0.75,24.63,4,0.0,0.0,589376
2023-10-20 19:00:00,00000000270,20231020190000,0.139,0.0,0.038,0.0,0.0,0.0,1.0,0.0,27.34,4,0.0,0.0,589376
2023-10-20 20:00:00,00000000270,20231020200000,0.13,0.001,0.034,0.0,0.0,0.0,1.0,0.77,26.15,4,0.0,0.0,589376
2023-10-20 21:00:00,00000000270,20231020210000,0.148,0.0,0.035,0.0,0.0,0.0,1.0,0.0,23.65,4,0.0,0.0,589376
2023-10-20 22:00:00,00000000270,20231020220000,0.153,0.001,0.041,0.0,0.0,0.0,1.0,0.65,26.8,4,0.0,0.0,589376
2023-10-20 23:00:00,00000000270,20231020230000,0.242,0.001,0.035,0.0,0.0,0.0,1.0,0.41,14.46,4,0.0,0.0,589376
2023-10-21 00:00:00,00000000270,20231021000000,0.143,0.0,0.033,0.0,0.0,0.0,1.0,0.0,23.08,4,0.0,0.0,589376
2023-10-21 01:00:00,00000000270,20231021010000,0.08,0.002,0.025,0.0,0.0,0.0,1.0,2.5,31.25,4,0.0,0.0,589376
2023-10-21 02:00:00,00000000270,20231021020000,0.077,0.0,0.031,0.0,0.0,0.0,1.0,0.0,40.26,4,0.0,0.0,589376
2023-10-21 03:00:00,00000000270,20231021030000,0.075,0.001,0.026,0.0,0.0,0.0,1.0,1.33,34.67,4,0.0,0.0,589376
2023-10-21 04:00:00,00000000270,20231021040000,0.079,0.001,0.026,0.0,0.0,0.0,1.0,1.27,32.91,4,0.0,0.0,589376
2023-10-21 05:00:00,00000000270,20231021050000,0.062,0.001,0.029,0.0,0.0,0.0,1.0,1.61,46.77,4,0.0,0.0,589376
2023-10-21 06:00:00,00000000270,20231021060000,0.069,0.001,0.029,0.0,0.0,0.0,1.0,1.45,42.03,4,0.0,0.0,589376
2023-10-21 07:00:00,00000000270,20231021070000,0.075,0.001,0.027,0.0,0.0,0.0,1.0,1.33,36.0,4,0.0,0.0,589376
2023-10-21 08:00:00,00000000270,20231021080000,0.143,0.001,0.041,0.0,0.0,0.0,1.0,0.7,28.67,4,0.0,0.0,589376
2023-10-21 09:00:00,00000000270,20231021090000,0.199,0.003,0.032,0.0,0.0,0.0,1.0,1.51,16.08,4,0.0,0.0,589376
2023-10-21 10:00:00,00000000270,20231021100000,0.085,0.002,0.027,0.0,0.0,0.0,1.0,2.35,31.76,4,0.0,0.0,589376
2023-10-21 11:00:00,00000000270,20231021110000,0.094,0.0,0.029,0.0,0.0,0.0,1.0,0.0,30.85,4,0.0,0.0,589376
2023-10-21 12:00:00,00000000270,20231021120000,0.127,0.008,0.025,0.0,0.0,0.0,1.0,6.3,19.69,4,0.0,0.0,589376
2023-10-21 13:00:00,00000000270,20231021130000,0.135,0.006,0.027,0.0,0.0,0.0,1.0,4.44,20.0,4,0.0,0.0,589376
2023-10-21 14:00:00,00000000270,20231021140000,0.114,0.002,0.026,0.0,0.0,0.0,1.0,1.75,22.81,4,0.0,0.0,589376
2023-10-21 15:00:00,00000000270,20231021150000,0.188,0.0,0.021,0.0,0.0,0.0,1.0,0.0,11.17,4,0.0,0.0,589376
2023-10-21 16:00:00,00000000270,20231021160000,0.126,0.002,0.037,0.0,0.0,0.0,1.0,1.59,29.37,4,0.0,0.0,589376
2023-10-21 17:00:00,00000000270,20231021170000,0.117,0.0,0.054,0.0,0.0,0.0,1.0,0.0,46.15,4,0.0,0.0,589376
2023-10-21 18:00:00,00000000270,20231021180000,0.15,0.004,0.04,0.0,0.0,0.0,1.0,2.67,26.67,4,0.0,0.0,589376
2023-10-21 19:00:00,00000000270,20231021190000,0.231,0.022,0.0,0.0,0.0,0.0,1.0,9.52,0.0,4,0.0,0.0,589376
2023-10-21 20:00:00,00000000270,20231021200000,0.222,0.022,0.0,0.0,0.0,0.0,1.0,9.91,0.0,4,0.0,0.0,589376
2023-10-21 21:00:00,00000000270,20231021210000,0.522,0.0,0.055,0.0,0.0,0.0,1.0,0.0,10.54,4,0.0,0.0,589376
2023-10-21 22:00:00,00000000270,20231021220000,0.154,0.001,0.062,0.0,0.0,0.0,1.0,0.65,40.26,4,0.0,0.0,589376
2023-10-21 23:00:00,00000000270,20231021230000,0.154,0.0,0.061,0.0,0.0,0.0,1.0,0.0,39.61,4,0.0,0.0,589376
2023-10-22 00:00:00,00000000270,20231022000000,0.099,0.001,0.055,0.0,0.0,0.0,1.0,1.01,55.56,4,0.0,0.0,589376
2023-10-22 01:00:00,00000000270,20231022010000,0.083,0.001,0.053,0.0,0.0,0.0,1.0,1.2,63.86,4,0.0,0.0,589376
2023-10-22 02:00:00,00000000270,20231022020000,0.081,0.0,0.05,0.0,0.0,0.0,1.0,0.0,61.73,4,0.0,0.0,589376
2023-10-22 03:00:00,00000000270,20231022030000,0.063,0.001,0.054,0.0,0.0,0.0,1.0,1.59,85.71,4,0.0,0.0,589376
2023-10-22 04:00:00,00000000270,20231022040000,0.076,0.0,0.05,0.0,0.0,0.0,1.0,0.0,65.79,4,0.0,0.0,589376
2023-10-22 05:00:00,00000000270,20231022050000,0.113,0.001,0.052,0.0,0.0,0.0,1.0,0.88,46.02,4,0.0,0.0,589376
2023-10-22 06:00:00,00000000270,20231022060000,0.14,0.0,0.049,0.0,0.0,0.0,1.0,0.0,35.0,4,0.0,0.0,589376
2023-10-22 07:00:00,00000000270,20231022070000,0.08,0.001,0.05,0.0,0.0,0.0,1.0,1.25,62.5,4,0.0,0.0,589376
2023-10-22 08:00:00,00000000270,20231022080000,0.094,0.001,0.054,0.0,0.0,0.0,1.0,1.06,57.45,4,0.0,0.0,589376
2023-10-22 09:00:00,00000000270,20231022090000,0.124,0.0,0.066,0.0,0.0,0.0,1.0,0.0,53.23,4,0.0,0.0,589376
2023-10-22 10:00:00,00000000270,20231022100000,0.149,0.001,0.064,0.0,0.0,0.0,1.0,0.67,42.95,4,0.0,0.0,589376
2023-10-22 11:00:00,00000000270,20231022110000,0.201,0.0,0.056,0.0,0.0,0.0,1.0,0.0,27.86,4,0.0,0.0,589376
2023-10-22 12:00:00,00000000270,20231022120000,0.091,0.001,0.052,0.0,0.0,0.0,1.0,1.1,57.14,4,0.0,0.0,589376
2023-10-22 13:00:00,00000000270,20231022130000,0.105,0.0,0.051,0.0,0.0,0.0,1.0,0.0,48.57,4,0.0,0.0,589376
2023-10-22 14:00:00,00000000270,20231022140000,0.095,0.001,0.048,0.0,0.0,0.0,1.0,1.05,50.53,4,0.0,0.0,589376
2023-10-22 15:00:00,00000000270,20231022150000,0.085,0.001,0.047,0.0,0.0,0.0,1.0,1.18,55.29,4,0.0,0.0,589376
2023-10-22 16:00:00,00000000270,20231022160000,0.105,0.0,0.054,0.0,0.0,0.0,1.0,0.0,51.43,4,0.0,0.0,589376
2023-10-22 17:00:00,00000000270,20231022170000,0.103,0.001,0.054,0.0,0.0,0.0,1.0,0.97,52.43,4,0.0,0.0,589376
2023-10-22 18:00:00,00000000270,20231022180000,0.142,0.009,0.043,0.0,0.0,0.0,1.0,6.34,30.28,4,0.0,0.0,589376
2023-10-22 19:00:00,00000000270,20231022190000,0.215,0.02,0.001,0.0,0.0,0.0,1.0,9.3,0.47,4,0.0,0.0,589376
2023-10-22 20:00:00,00000000270,20231022200000,0.297,0.022,0.0,0.0,0.0,0.0,1.0,7.41,0.0,4,0.0,0.0,589376
2023-10-22 21:00:00,00000000270,20231022210000,0.211,0.026,0.0,0.0,0.0,0.0,1.0,12.32,0.0,4,0.0,0.0,589376
2023-10-22 22:00:00,00000000270,20231022220000,0.17,0.007,0.05,0.0,0.0,0.0,1.0,4.12,29.41,4,0.0,0.0,589376
2023-10-22 23:00:00,00000000270,20231022230000,0.085,0.001,0.05,0.0,0.0,0.0,1.0,1.18,58.82,4,0.0,0.0,589376
2023-10-23 00:00:00,00000000270,20231023000000,0.071,0.0,0.054,0.0,0.0,0.0,1.0,0.0,76.06,4,0.0,0.0,589376
2023-10-23 01:00:00,00000000270,20231023010000,0.071,0.001,0.05,0.0,0.0,0.0,1.0,1.41,70.42,4,0.0,0.0,589376
2023-10-23 02:00:00,00000000270,20231023020000,0.073,0.001,0.051,0.0,0.0,0.0,1.0,1.37,69.86,4,0.0,0.0,589376
2023-10-23 03:00:00,00000000270,20231023030000,0.074,0.0,0.055,0.0,0.0,0.0,1.0,0.0,74.32,4,0.0,0.0,589376
2023-10-23 04:00:00,00000000270,20231023040000,0.076,0.001,0.051,0.0,0.0,0.0,1.0,1.32,67.11,4,0.0,0.0,589376
2023-10-23 05:00:00,00000000270,20231023050000,0.069,0.0,0.052,0.0,0.0,0.0,1.0,0.0,75.36,4,0.0,0.0,589376
2023-10-23 06:00:00,00000000270,20231023060000,0.065,0.001,0.051,0.0,0.0,0.0,1.0,1.54,78.46,4,0.0,0.0,589376
2023-10-23 07:00:00,00000000270,20231023070000,0.082,0.0,0.05,0.0,0.0,0.0,1.0,0.0,60.98,4,0.0,0.0,589376
2023-10-23 08:00:00,00000000270,20231023080000,0.158,0.001,0.061,0.0,0.0,0.0,1.0,0.63,38.61,4,0.0,0.0,589376
2023-10-23 09:00:00,00000000270,20231023090000,0.245,0.0,0.059,0.0,0.0,0.0,1.0,0.0,24.08,4,0.0,0.0,589376
2023-10-23 10:00:00,00000000270,20231023100000,0.192,0.001,0.054,0.0,0.0,0.0,1.0,0.52,28.12,4,0.0,0.0,589376
2023-10-23 11:00:00,00000000270,20231023110000,0.147,0.001,0.042,0.0,0.0,0.0,1.0,0.68,28.57,4,0.0,0.0,589376
2023-10-23 12:00:00,00000000270,20231023120000,0.092,0.0,0.047,0.0,0.0,0.0,1.0,0.0,51.09,4,0.0,0.0,589376
2023-10-23 13:00:00,00000000270,20231023130000,0.086,0.001,0.043,0.0,0.0,0.0,1.0,1.16,50.0,4,0.0,0.0,589376
2023-10-23 14:00:00,00000000270,20231023140000,0.083,0.0,0.048,0.0,0.0,0.0,1.0,0.0,57.83,4,0.0,0.0,589376
2023-10-23 15:00:00,00000000270,20231023150000,0.15,0.001,0.058,0.0,0.0,0.0,1.0,0.67,38.67,4,0.0,0.0,589376
2023-10-23 16:00:00,00000000270,20231023160000,0.127,0.0,0.051,0.0,0.0,0.0,1.0,0.0,40.16,4,0.0,0.0,589376
2023-10-23 17:00:00,00000000270,20231023170000,0.093,0.001,0.049,0.0,0.0,0.0,1.0,1.08,52.69,4,0.0,0.0,589376
2023-10-23 18:00:00,00000000270,20231023180000,0.179,0.001,0.061,0.0,0.0,0.0,1.0,0.56,34.08,4,0.0,0.0,589376
2023-10-23 19:00:00,00000000270,20231023190000,0.168,0.0,0.059,0.0,0.0,0.0,1.0,0.0,35.12,4,0.0,0.0,589376
2023-10-23 20:00:00,00000000270,20231023200000,0.192,0.013,0.026,0.0,0.0,0.0,1.0,6.77,13.54,4,0.0,0.0,589376
2023-10-23 21:00:00,00000000270,20231023210000,0.167,0.001,0.057,0.0,0.0,0.0,1.0,0.6,34.13,4,0.0,0.0,589376
2023-10-23 22:00:00,00000000270,20231023220000,0.158,0.0,0.057,0.0,0.0,0.0,1.0,0.0,36.08,4,0.0,0.0,589376
2023-10-23 23:00:00,00000000270,20231023230000,0.14,0.001,0.06,0.0,0.0,0.0,1.0,0.71,42.86,4,0.0,0.0,589376
2023-10-24 00:00:00,00000000270,20231024000000,0.117,0.0,0.056,0.0,0.0,0.0,1.0,0.0,47.86,4,0.0,0.0,589376
2023-10-24 01:00:00,00000000270,20231024010000,0.174,0.001,0.047,0.0,0.0,0.0,1.0,0.57,27.01,4,0.0,0.0,589376
2023-10-24 02:00:00,00000000270,20231024020000,0.099,0.0,0.048,0.0,0.0,0.0,1.0,0.0,48.48,4,0.0,0.0,589376
2023-10-24 03:00:00,00000000270,20231024030000,0.078,0.001,0.052,0.0,0.0,0.0,1.0,1.28,66.67,4,0.0,0.0,589376
2023-10-24 04:00:00,00000000270,20231024040000,0.069,0.0,0.051,0.0,0.0,0.0,1.0,0.0,73.91,4,0.0,0.0,589376
2023-10-24 05:00:00,00000000270,20231024050000,0.081,0.001,0.048,0.0,0.0,0.0,1.0,1.23,59.26,4,0.0,0.0,589376
2023-10-24 06:00:00,00000000270,20231024060000,0.079,0.001,0.052,0.0,0.0,0.0,1.0,1.27,65.82,4,0.0,0.0,589376
2023-10-24 07:00:00,00000000270,20231024070000,0.082,0.0,0.051,0.0,0.0,0.0,1.0,0.0,62.2,4,0.0,0.0,589376
2023-10-24 08:00:00,00000000270,20231024080000,0.302,0.001,0.043,0.0,0.0,0.0,1.0,0.33,14.24,4,0.0,0.0,589376
2023-10-24 09:00:00,00000000270,20231024090000,0.094,0.0,0.048,0.0,0.0,0.0,1.0,0.0,51.06,4,0.0,0.0,589376
2023-10-24 10:00:00,00000000270,20231024100000,0.287,0.05,0.03,0.0,0.0,0.0,1.0,17.42,10.45,4,0.0,0.0,589376
2023-10-24 11:00:00,00000000270,20231024110000,0.17,0.001,0.05,0.0,0.0,0.0,1.0,0.59,29.41,4,0.0,0.0,589376
2023-10-24 12:00:00,00000000270,20231024120000,0.084,0.0,0.045,0.0,0.0,0.0,1.0,0.0,53.57,4,0.0,0.0,589376
2023-10-24 13:00:00,00000000270,20231024130000,0.108,0.001,0.045,0.0,0.0,0.0,1.0,0.93,41.67,4,0.0,0.0,589376
2023-10-24 14:00:00,00000000270,20231024140000,0.094,0.001,0.047,0.0,0.0,0.0,1.0,1.06,50.0,4,0.0,0.0,589376
2023-10-24 15:00:00,00000000270,20231024150000,0.167,0.0,0.051,0.0,0.0,0.0,1.0,0.0,30.54,4,0.0,0.0,589376
2023-10-24 16:00:00,00000000270,20231024160000,0.119,0.001,0.044,0.0,0.0,0.0,1.0,0.84,36.97,4,0.0,0.0,589376
2023-10-24 17:00:00,00000000270,20231024170000,0.093,0.0,0.047,0.0,0.0,0.0,1.0,0.0,50.54,4,0.0,0.0,589376
2023-10-24 18:00:00,00000000270,20231024180000,0.213,0.114,0.034,0.0,0.0,0.0,1.0,53.52,15.96,4,0.0,0.0,589376
2023-10-24 19:00:00,00000000270,20231024190000,0.229,0.026,0.0,0.0,0.0,0.0,1.0,11.35,0.0,4,0.0,0.0,589376
2023-10-24 20:00:00,00000000270,20231024200000,0.233,0.027,0.0,0.0,0.0,0.0,1.0,11.59,0.0,4,0.0,0.0,589376
2023-10-24 21:00:00,00000000270,20231024210000,0.214,0.027,0.0,0.0,0.0,0.0,1.0,12.62,0.0,4,0.0,0.0,589376
2023-10-24 22:00:00,00000000270,20231024220000,0.183,0.012,0.034,0.0,0.0,0.0,1.0,6.56,18.58,4,0.0,0.0,589376
2023-10-24 23:00:00,00000000270,20231024230000,0.149,0.0,0.058,0.0,0.0,0.0,1.0,0.0,38.93,4,0.0,0.0,589376
2023-10-25 00:00:00,00000000270,20231025000000,0.132,0.001,0.058,0.0,0.0,0.0,1.0,0.76,43.94,4,0.0,0.0,589376
2023-10-25 01:00:00,00000000270,20231025010000,0.084,0.001,0.049,0.0,0.0,0.0,1.0,1.19,58.33,4,0.0,0.0,589376
2023-10-25 02:00:00,00000000270,20231025020000,0.077,0.0,0.049,0.0,0.0,0.0,1.0,0.0,63.64,4,0.0,0.0,589376
2023-10-25 03:00:00,00000000270,20231025030000,0.085,0.001,0.048,0.0,0.0,0.0,1.0,1.18,56.47,4,0.0,0.0,589376
2023-10-25 04:00:00,00000000270,20231025040000,0.082,0.001,0.048,0.0,0.0,0.0,1.0,1.22,58.54,4,0.0,0.0,589376
2023-10-25 05:00:00,00000000270,20231025050000,0.172,0.0,0.052,0.0,0.0,0.0,1.0,0.0,30.23,4,0.0,0.0,589376
2023-10-25 06:00:00,00000000270,20231025060000,0.094,0.001,0.052,0.0,0.0,0.0,1.0,1.06,55.32,4,0.0,0.0,589376
2023-10-25 07:00:00,00000000270,20231025070000,0.144,0.0,0.047,0.0,0.0,0.0,1.0,0.0,32.64,4,0.0,0.0,589376
2023-10-25 08:00:00,00000000270,20231025080000,0.145,0.001,0.048,0.0,0.0,0.0,1.0,0.69,33.1,4,0.0,0.0,589376
2023-10-25 09:00:00,00000000270,20231025090000,0.16,0.006,0.05,0.0,0.0,0.0,1.0,3.75,31.25,4,0.0,0.0,589376
2023-10-25 10:00:00,00000000270,20231025100000,0.18,0.001,0.05,0.0,0.0,0.0,1.0,0.56,27.78,4,0.0,0.0,589376
2023-10-25 11:00:00,00000000270,20231025110000,0.077,0.0,0.049,0.0,0.0,0.0,1.0,0.0,63.64,4,0.0,0.0,589376
2023-10-25 12:00:00,00000000270,20231025120000,0.081,0.001,0.05,0.0,0.0,0.0,1.0,1.23,61.73,4,0.0,0.0,589376
2023-10-25 13:00:00,00000000270,20231025130000,0.074,0.0,0.049,0.0,0.0,0.0,1.0,0.0,66.22,4,0.0,0.0,589376
2023-10-25 14:00:00,00000000270,20231025140000,0.1,0.001,0.048,0.0,0.0,0.0,1.0,1.0,48.0,4,0.0,0.0,589376
2023-10-25 15:00:00,00000000270,20231025150000,0.1,0.0,0.045,0.0,0.0,0.0,1.0,0.0,45.0,4,0.0,0.0,589376
2023-10-25 16:00:00,00000000270,20231025160000,0.101,0.001,0.048,0.0,0.0,0.0,1.0,0.99,47.52,4,0.0,0.0,589376
2023-10-25 17:00:00,00000000270,20231025170000,0.098,0.001,0.048,0.0,0.0,0.0,1.0,1.02,48.98,4,0.0,0.0,589376
2023-10-25 18:00:00,00000000270,20231025180000,0.088,0.0,0.051,0.0,0.0,0.0,1.0,0.0,57.95,4,0.0,0.0,589376
2023-10-25 19:00:00,00000000270,20231025190000,0.25,0.025,0.006,0.0,0.0,0.0,1.0,10.0,2.4,4,0.0,0.0,589376
2023-10-25 20:00:00,00000000270,20231025200000,0.203,0.0,0.057,0.0,0.0,0.0,1.0,0.0,28.08,4,0.0,0.0,589376
2023-10-25 21:00:00,00000000270,20231025210000,0.183,0.001,0.06,0.0,0.0,0.0,1.0,0.55,32.79,4,0.0,0.0,589376
2023-10-25 22:00:00,00000000270,20231025220000,0.156,0.0,0.058,0.0,0.0,0.0,1.0,0.0,37.18,4,0.0,0.0,589376
2023-10-25 23:00:00,00000000270,20231025230000,0.148,0.001,0.059,0.0,0.0,0.0,1.0,0.68,39.86,4,0.0,0.0,589376
2023-10-26 00:00:00,00000000270,20231026000000,0.121,0.001,0.055,0.0,0.0,0.0,1.0,0.83,45.45,4,0.0,0.0,589376
2023-10-26 01:00:00,00000000270,20231026010000,0.079,0.0,0.05,0.0,0.0,0.0,1.0,0.0,63.29,4,0.0,0.0,589376
2023-10-26 02:00:00,00000000270,20231026020000,0.074,0.001,0.05,0.0,0.0,0.0,1.0,1.35,67.57,4,0.0,0.0,589376
2023-10-26 03:00:00,00000000270,20231026030000,0.069,0.0,0.054,0.0,0.0,0.0,1.0,0.0,78.26,4,0.0,0.0,589376
2023-10-26 04:00:00,00000000270,20231026040000,0.075,0.001,0.051,0.0,0.0,0.0,1.0,1.33,68.0,4,0.0,0.0,589376
2023-10-26 05:00:00,00000000270,20231026050000,0.073,0.0,0.05,0.0,0.0,0.0,1.0,0.0,68.49,4,0.0,0.0,589376
2023-10-26 06:00:00,00000000270,20231026060000,0.082,0.001,0.053,0.0,0.0,0.0,1.0,1.22,64.63,4,0.0,0.0,589376
2023-10-26 07:00:00,00000000270,20231026070000,0.109,0.001,0.053,0.0,0.0,0.0,1.0,0.92,48.62,4,0.0,0.0,589376
2023-10-26 08:00:00,00000000270,20231026080000,0.215,0.0,0.051,0.0,0.0,0.0,1.0,0.0,23.72,4,0.0,0.0,589376
2023-10-26 09:00:00,00000000270,20231026090000,1.938,0.001,0.046,0.0,0.0,0.0,1.0,0.05,2.37,4,0.0,0.0,589376
2023-10-26 10:00:00,00000000270,20231026100000,0.666,0.0,0.046,0.0,0.0,0.0,1.0,0.0,6.91,4,0.0,0.0,589376
2023-10-26 11:00:00,00000000270,20231026110000,0.079,0.001,0.052,0.0,0.0,0.0,1.0,1.27,65.82,4,0.0,0.0,589376
2023-10-26 12:00:00,00000000270,20231026120000,0.188,0.0,0.05,0.0,0.0,0.0,1.0,0.0,26.6,4,0.0,0.0,589376
2023-10-26 13:00:00,00000000270,20231026130000,1.292,0.043,0.044,0.0,0.0,0.0,1.0,3.33,3.41,4,0.0,0.0,589376
2023-10-26 14:00:00,00000000270,20231026140000,0.825,0.486,0.019,0.0,0.0,0.0,1.0,58.91,2.3,4,0.0,0.0,589376
2023-10-26 15:00:00,00000000270,20231026150000,0.181,0.344,0.021,0.0,0.0,0.0,1.0,190.06,11.6,4,0.0,0.0,589376
2023-10-26 16:00:00,00000000270,20231026160000,0.094,0.001,0.048,0.0,0.0,0.0,1.0,1.06,51.06,4,0.0,0.0,589376
2023-10-26 17:00:00,00000000270,20231026170000,0.435,0.0,0.052,0.0,0.0,0.0,1.0,0.0,11.95,4,0.0,0.0,589376
2023-10-26 18:00:00,00000000270,20231026180000,0.697,0.015,0.024,0.0,0.0,0.0,1.0,2.15,3.44,4,0.0,0.0,589376
2023-10-26 19:00:00,00000000270,20231026190000,0.212,0.018,0.0,0.0,0.0,0.0,1.0,8.49,0.0,4,0.0,0.0,589376
2023-10-26 20:00:00,00000000270,20231026200000,0.203,0.021,0.0,0.0,0.0,0.0,1.0,10.34,0.0,4,0.0,0.0,589376
2023-10-26 21:00:00,00000000270,20231026210000,0.2,0.026,0.0,0.0,0.0,0.0,1.0,13.0,0.0,4,0.0,0.0,589376
2023-10-26 22:00:00,00000000270,20231026220000,0.131,0.037,0.0,0.0,0.0,0.0,1.0,28.24,0.0,4,0.0,0.0,589376
2023-10-26 23:00:00,00000000270,20231026230000,0.384,0.023,0.018,0.0,0.0,0.0,1.0,5.99,4.69,4,0.0,0.0,589376
2023-10-27 00:00:00,00000000270,20231027000000,0.175,0.0,0.051,0.0,0.0,0.0,1.0,0.0,29.14,4,0.0,0.0,589376
2023-10-27 01:00:00,00000000270,20231027010000,0.101,0.001,0.046,0.0,0.0,0.0,1.0,0.99,45.54,4,0.0,0.0,589376
2023-10-27 02:00:00,00000000270,20231027020000,0.082,0.0,0.05,0.0,0.0,0.0,1.0,0.0,60.98,4,0.0,0.0,589376
2023-10-27 03:00:00,00000000270,20231027030000,0.071,0.001,0.055,0.0,0.0,0.0,1.0,1.41,77.46,4,0.0,0.0,589376
2023-10-27 04:00:00,00000000270,20231027040000,0.081,0.0,0.05,0.0,0.0,0.0,1.0,0.0,61.73,4,0.0,0.0,589376
2023-10-27 05:00:00,00000000270,20231027050000,0.341,0.001,0.052,0.0,0.0,0.0,1.0,0.29,15.25,4,0.0,0.0,589376
2023-10-27 06:00:00,00000000270,20231027060000,0.08,0.001,0.051,0.0,0.0,0.0,1.0,1.25,63.75,4,0.0,0.0,589376
2023-10-27 07:00:00,00000000270,20231027070000,0.11,0.0,0.053,0.0,0.0,0.0,1.0,0.0,48.18,4,0.0,0.0,589376
2023-10-27 08:00:00,00000000270,20231027080000,0.142,0.001,0.059,0.0,0.0,0.0,1.0,0.7,41.55,4,0.0,0.0,589376
2023-10-27 09:00:00,00000000270,20231027090000,0.076,0.0,0.049,0.0,0.0,0.0,1.0,0.0,64.47,4,0.0,0.0,589376
2023-10-27 10:00:00,00000000270,20231027100000,0.276,0.001,0.05,0.0,0.0,0.0,1.0,0.36,18.12,4,0.0,0.0,589376
2023-10-27 11:00:00,00000000270,20231027110000,0.17,0.0,0.046,0.0,0.0,0.0,1.0,0.0,27.06,4,0.0,0.0,589376
2023-10-27 12:00:00,00000000270,20231027120000,0.097,0.001,0.051,0.0,0.0,0.0,1.0,1.03,52.58,4,0.0,0.0,589376
2023-10-27 13:00:00,00000000270,20231027130000,0.128,0.0,0.051,0.0,0.0,0.0,1.0,0.0,39.84,4,0.0,0.0,589376
2023-10-27 14:00:00,00000000270,20231027140000,0.187,0.001,0.05,0.0,0.0,0.0,1.0,0.53,26.74,4,0.0,0.0,589376
2023-10-27 15:00:00,00000000270,20231027150000,0.118,0.0,0.052,0.0,0.0,0.0,1.0,0.0,44.07,4,0.0,0.0,589376
2023-10-27 16:00:00,00000000270,20231027160000,0.103,0.001,0.05,0.0,0.0,0.0,1.0,0.97,48.54,4,0.0,0.0,589376
2023-10-27 17:00:00,00000000270,20231027170000,0.121,0.0,0.05,0.0,0.0,0.0,1.0,0.0,41.32,4,0.0,0.0,589376
2023-10-27 18:00:00,00000000270,20231027180000,0.265,0.193,0.03,0.0,0.0,0.0,1.0,72.83,11.32,4,0.0,0.0,589376
2023-10-27 19:00:00,00000000270,20231027190000,0.174,0.019,0.031,0.0,0.0,0.0,1.0,10.92,17.82,4,0.0,0.0,589376
2023-10-27 20:00:00,00000000270,20231027200000,0.286,0.033,0.0,0.0,0.0,0.0,1.0,11.54,0.0,4,0.0,0.0,589376
2023-10-27 21:00:00,00000000270,20231027210000,0.274,0.023,0.023,0.0,0.0,0.0,1.0,8.39,8.39,4,0.0,0.0,589376
2023-10-27 22:00:00,00000000270,20231027220000,0.198,0.011,0.029,0.0,0.0,0.0,1.0,5.56,14.65,4,0.0,0.0,589376
2023-10-27 23:00:00,00000000270,20231027230000,0.182,0.001,0.063,0.0,0.0,0.0,1.0,0.55,34.62,4,0.0,0.0,589376
2023-10-28 00:00:00,00000000270,20231028000000,0.179,0.001,0.064,0.0,0.0,0.0,1.0,0.56,35.75,4,0.0,0.0,589376
2023-10-28 01:00:00,00000000270,20231028010000,0.208,0.0,0.053,0.0,0.0,0.0,1.0,0.0,25.48,4,0.0,0.0,589376
2023-10-28 02:00:00,00000000270,20231028020000,0.12,0.001,0.049,0.0,0.0,0.0,1.0,0.83,40.83,4,0.0,0.0,589376
2023-10-28 03:00:00,00000000270,20231028030000,0.104,0.0,0.054,0.0,0.0,0.0,1.0,0.0,51.92,4,0.0,0.0,589376
2023-10-28 04:00:00,00000000270,20231028040000,0.097,0.01,0.047,0.0,0.0,0.0,1.0,10.31,48.45,4,0.0,0.0,589376
2023-10-28 05:00:00,00000000270,20231028050000,0.118,0.016,0.036,0.0,0.0,0.0,1.0,13.56,30.51,4,0.0,0.0,589376
2023-10-28 06:00:00,00000000270,20231028060000,0.133,0.023,0.022,0.0,0.0,0.0,1.0,17.29,16.54,4,0.0,0.0,589376
2023-10-28 07:00:00,00000000270,20231028070000,0.176,0.028,0.008,0.0,0.0,0.0,1.0,15.91,4.55,4,0.0,0.0,589376
2023-10-28 08:00:00,00000000270,20231028080000,0.169,0.0,0.065,0.0,0.0,0.0,1.0,0.0,38.46,4,0.0,0.0,589376
2023-10-28 09:00:00,00000000270,20231028090000,0.162,0.001,0.054,0.0,0.0,0.0,1.0,0.62,33.33,4,0.0,0.0,589376
2023-10-28 10:00:00,00000000270,20231028100000,0.098,0.0,0.054,0.0,0.0,0.0,1.0,0.0,55.1,4,0.0,0.0,589376
2023-10-28 11:00:00,00000000270,20231028110000,0.102,0.001,0.049,0.0,0.0,0.0,1.0,0.98,48.04,4,0.0,0.0,589376
2023-10-28 12:00:00,00000000270,20231028120000,0.106,0.0,0.049,0.0,0.0,0.0,1.0,0.0,46.23,4,0.0,0.0,589376
2023-10-28 13:00:00,00000000270,20231028130000,0.131,0.001,0.055,0.0,0.0,0.0,1.0,0.76,41.98,4,0.0,0.0,589376
2023-10-28 14:00:00,00000000270,20231028140000,0.175,0.0,0.05,0.0,0.0,0.0,1.0,0.0,28.57,4,0.0,0.0,589376
2023-10-28 15:00:00,00000000270,20231028150000,0.103,0.001,0.047,0.0,0.0,0.0,1.0,0.97,45.63,4,0.0,0.0,589376
2023-10-28 16:00:00,00000000270,20231028160000,0.099,0.0,0.052,0.0,0.0,0.0,1.0,0.0,52.53,4,0.0,0.0,589376
2023-10-28 17:00:00,00000000270,20231028170000,0.162,0.001,0.068,0.0,0.0,0.0,1.0,0.62,41.98,4,0.0,0.0,589376
2023-10-28 18:00:00,00000000270,20231028180000,0.173,0.0,0.066,0.0,0.0,0.0,1.0,0.0,38.15,4,0.0,0.0,589376
2023-10-28 19:00:00,00000000270,20231028190000,0.167,0.001,0.062,0.0,0.0,0.0,1.0,0.6,37.13,4,0.0,0.0,589376
2023-10-28 20:00:00,00000000270,20231028200000,0.161,0.001,0.065,0.0,0.0,0.0,1.0,0.62,40.37,4,0.0,0.0,589376
2023-10-28 21:00:00,00000000270,20231028210000,0.171,0.0,0.066,0.0,0.0,0.0,1.0,0.0,38.6,4,0.0,0.0,589376
2023-10-28 22:00:00,00000000270,20231028220000,0.162,0.001,0.06,0.0,0.0,0.0,1.0,0.62,37.04,4,0.0,0.0,589376
2023-10-28 23:00:00,00000000270,20231028230000,0.097,0.0,0.053,0.0,0.0,0.0,1.0,0.0,54.64,4,0.0,0.0,589376
2023-10-29 00:00:00,00000000270,20231029000000,0.068,0.001,0.053,0.0,0.0,0.0,1.0,1.47,77.94,4,0.0,0.0,589376
2023-10-29 01:00:00,00000000270,20231029010000,0.076,0.0,0.05,0.0,0.0,0.0,1.0,0.0,65.79,4,0.0,0.0,589376
2023-10-29 02:00:00,00000000270,20231029020000,0.075,0.001,0.052,0.0,0.0,0.0,1.0,1.33,69.33,4,0.0,0.0,589376
2023-10-29 03:00:00,00000000270,20231029030000,0.075,0.0,0.053,0.0,0.0,0.0,1.0,0.0,70.67,4,0.0,0.0,589376
2023-10-29 04:00:00,00000000270,20231029040000,0.084,0.001,0.053,0.0,0.0,0.0,1.0,1.19,63.1,4,0.0,0.0,589376
2023-10-29 05:00:00,00000000270,20231029050000,0.079,0.001,0.054,0.0,0.0,0.0,1.0,1.27,68.35,4,0.0,0.0,589376
2023-10-29 06:00:00,00000000270,20231029060000,0.08,0.0,0.051,0.0,0.0,0.0,1.0,0.0,63.75,4,0.0,0.0,589376
2023-10-29 07:00:00,00000000270,20231029070000,0.083,0.001,0.049,0.0,0.0,0.0,1.0,1.2,59.04,4,0.0,0.0,589376
2023-10-29 08:00:00,00000000270,20231029080000,0.088,0.0,0.054,0.0,0.0,0.0,1.0,0.0,61.36,4,0.0,0.0,589376
2023-10-29 09:00:00,00000000270,20231029090000,0.072,0.001,0.055,0.0,0.0,0.0,1.0,1.39,76.39,4,0.0,0.0,589376
2023-10-29 10:00:00,00000000270,20231029100000,0.116,0.002,0.047,0.0,0.0,0.0,1.0,1.72,40.52,4,0.0,0.0,589376
2023-10-29 11:00:00,00000000270,20231029110000,0.085,0.001,0.048,0.0,0.0,0.0,1.0,1.18,56.47,4,0.0,0.0,589376
2023-10-29 12:00:00,00000000270,20231029120000,0.553,0.0,0.052,0.0,0.0,0.0,1.0,0.0,9.4,4,0.0,0.0,589376
2023-10-29 13:00:00,00000000270,20231029130000,0.112,0.001,0.052,0.0,0.0,0.0,1.0,0.89,46.43,4,0.0,0.0,589376
2023-10-29 14:00:00,00000000270,20231029140000,0.098,0.0,0.048,0.0,0.0,0.0,1.0,0.0,48.98,4,0.0,0.0,589376
2023-10-29 15:00:00,00000000270,20231029150000,0.078,0.001,0.049,0.0,0.0,0.0,1.0,1.28,62.82,4,0.0,0.0,589376
2023-10-29 16:00:00,00000000270,20231029160000,0.083,0.0,0.047,0.0,0.0,0.0,1.0,0.0,56.63,4,0.0,0.0,589376
2023-10-29 17:00:00,00000000270,20231029170000,0.093,0.001,0.048,0.0,0.0,0.0,1.0,1.08,51.61,4,0.0,0.0,589376
2023-10-29 18:00:00,00000000270,20231029180000,0.11,0.0,0.053,0.0,0.0,0.0,1.0,0.0,48.18,4,0.0,0.0,589376
2023-10-29 19:00:00,00000000270,20231029190000,0.14,0.001,0.057,0.0,0.0,0.0,1.0,0.71,40.71,4,0.0,0.0,589376
2023-10-29 20:00:00,00000000270,20231029200000,0.075,0.0,0.055,0.0,0.0,0.0,1.0,0.0,73.33,4,0.0,0.0,589376
2023-10-29 21:00:00,00000000270,20231029210000,0.138,0.001,0.061,0.0,0.0,0.0,1.0,0.72,44.2,4,0.0,0.0,589376
2023-10-29 22:00:00,00000000270,20231029220000,0.147,0.001,0.061,0.0,0.0,0.0,1.0,0.68,41.5,4,0.0,0.0,589376
2023-10-29 23:00:00,00000000270,20231029230000,0.147,0.0,0.062,0.0,0.0,0.0,1.0,0.0,42.18,4,0.0,0.0,589376
2023-10-30 00:00:00,00000000270,20231030000000,0.094,0.001,0.054,0.0,0.0,0.0,1.0,1.06,57.45,4,0.0,0.0,589376
2023-10-30 01:00:00,00000000270,20231030010000,0.078,0.0,0.048,0.0,0.0,0.0,1.0,0.0,61.54,4,0.0,0.0,589376
2023-10-30 02:00:00,00000000270,20231030020000,0.072,0.001,0.052,0.0,0.0,0.0,1.0,1.39,72.22,4,0.0,0.0,589376
2023-10-30 03:00:00,00000000270,20231030030000,0.08,0.0,0.05,0.0,0.0,0.0,1.0,0.0,62.5,4,0.0,0.0,589376
2023-10-30 04:00:00,00000000270,20231030040000,0.079,0.001,0.05,0.0,0.0,0.0,1.0,1.27,63.29,4,0.0,0.0,589376
2023-10-30 05:00:00,00000000270,20231030050000,0.084,0.001,0.05,0.0,0.0,0.0,1.0,1.19,59.52,4,0.0,0.0,589376
2023-10-30 06:00:00,00000000270,20231030060000,0.07,0.0,0.054,0.0,0.0,0.0,1.0,0.0,77.14,4,0.0,0.0,589376
2023-10-30 07:00:00,00000000270,20231030070000,0.09,0.001,0.052,0.0,0.0,0.0,1.0,1.11,57.78,4,0.0,0.0,589376
2023-10-30 08:00:00,00000000270,20231030080000,0.12,0.0,0.055,0.0,0.0,0.0,1.0,0.0,45.83,4,0.0,0.0,589376
2023-10-30 09:00:00,00000000270,20231030090000,0.163,0.001,0.059,0.0,0.0,0.0,1.0,0.61,36.2,4,0.0,0.0,589376
2023-10-30 10:00:00,00000000270,20231030100000,0.134,0.0,0.058,0.0,0.0,0.0,1.0,0.0,43.28,4,0.0,0.0,589376
2023-10-30 11:00:00,00000000270,20231030110000,0.082,0.001,0.052,0.0,0.0,0.0,1.0,1.22,63.41,4,0.0,0.0,589376
2023-10-30 12:00:00,00000000270,20231030120000,0.198,0.003,0.053,0.0,0.0,0.0,1.0,1.52,26.77,4,0.0,0.0,589376
2023-10-30 13:00:00,00000000270,20231030130000,0.099,0.0,0.055,0.0,0.0,0.0,1.0,0.0,55.56,4,0.0,0.0,589376
2023-10-30 14:00:00,00000000270,20231030140000,0.102,0.001,0.047,0.0,0.0,0.0,1.0,0.98,46.08,4,0.0,0.0,589376
2023-10-30 15:00:00,00000000270,20231030150000,0.214,0.0,0.047,0.0,0.0,0.0,1.0,0.0,21.96,4,0.0,0.0,589376
2023-10-30 16:00:00,00000000270,20231030160000,0.116,0.001,0.045,0.0,0.0,0.0,1.0,0.86,38.79,4,0.0,0.0,589376
2023-10-30 17:00:00,00000000270,20231030170000,0.102,0.0,0.045,0.0,0.0,0.0,1.0,0.0,44.12,4,0.0,0.0,589376
2023-10-30 18:00:00,00000000270,20231030180000,0.147,0.001,0.057,0.0,0.0,0.0,1.0,0.68,38.78,4,0.0,0.0,589376
2023-10-30 19:00:00,00000000270,20231030190000,0.16,0.0,0.057,0.0,0.0,0.0,1.0,0.0,35.62,4,0.0,0.0,589376
2023-10-30 20:00:00,00000000270,20231030200000,0.153,0.001,0.055,0.0,0.0,0.0,1.0,0.65,35.95,4,0.0,0.0,589376
2023-10-30 21:00:00,00000000270,20231030210000,0.13,0.0,0.058,0.0,0.0,0.0,1.0,0.0,44.62,4,0.0,0.0,589376
2023-10-30 22:00:00,00000000270,20231030220000,0.131,0.001,0.057,0.0,0.0,0.0,1.0,0.76,43.51,4,0.0,0.0,589376
2023-10-30 23:00:00,00000000270,20231030230000,0.138,0.0,0.052,0.0,0.0,0.0,1.0,0.0,37.68,4,0.0,0.0,589376
2023-10-31 00:00:00,00000000270,20231031000000,0.077,0.001,0.05,0.0,0.0,0.0,1.0,1.3,64.94,4,0.0,0.0,589376
2023-10-31 01:00:00,00000000270,20231031010000,0.074,0.0,0.05,0.0,0.0,0.0,1.0,0.0,67.57,4,0.0,0.0,589376
2023-10-31 02:00:00,00000000270,20231031020000,0.076,0.001,0.048,0.0,0.0,0.0,1.0,1.32,63.16,4,0.0,0.0,589376
2023-10-31 03:00:00,00000000270,20231031030000,0.083,0.0,0.045,0.0,0.0,0.0,1.0,0.0,54.22,4,0.0,0.0,589376
2023-10-31 04:00:00,00000000270,20231031040000,0.078,0.001,0.051,0.0,0.0,0.0,1.0,1.28,65.38,4,0.0,0.0,589376
2023-10-31 05:00:00,00000000270,20231031050000,0.075,0.0,0.052,0.0,0.0,0.0,1.0,0.0,69.33,4,0.0,0.0,589376
2023-10-31 06:00:00,00000000270,20231031060000,0.073,0.001,0.05,0.0,0.0,0.0,1.0,1.37,68.49,4,0.0,0.0,589376
2023-10-31 07:00:00,00000000270,20231031070000,0.103,0.001,0.045,0.0,0.0,0.0,1.0,0.97,43.69,4,0.0,0.0,589376
2023-10-31 08:00:00,00000000270,20231031080000,0.116,0.0,0.057,0.0,0.0,0.0,1.0,0.0,49.14,4,0.0,0.0,589376
2023-10-31 09:00:00,00000000270,20231031090000,0.081,0.001,0.052,0.0,0.0,0.0,1.0,1.23,64.2,4,0.0,0.0,589376
2023-10-31 10:00:00,00000000270,20231031100000,0.086,0.0,0.048,0.0,0.0,0.0,1.0,0.0,55.81,4,0.0,0.0,589376
2023-10-31 11:00:00,00000000270,20231031110000,0.151,0.001,0.053,0.0,0.0,0.0,1.0,0.66,35.1,4,0.0,0.0,589376
2023-10-31 12:00:00,00000000270,20231031120000,0.092,0.0,0.055,0.0,0.0,0.0,1.0,0.0,59.78,4,0.0,0.0,589376
2023-10-31 13:00:00,00000000270,20231031130000,0.133,0.001,0.058,0.0,0.0,0.0,1.0,0.75,43.61,4,0.0,0.0,589376
2023-10-31 14:00:00,00000000270,20231031140000,0.139,0.0,0.055,0.0,0.0,0.0,1.0,0.0,39.57,4,0.0,0.0,589376
2023-10-31 15:00:00,00000000270,20231031150000,0.149,0.001,0.054,0.0,0.0,0.0,1.0,0.67,36.24,4,0.0,0.0,589376
2023-10-31 16:00:00,00000000270,20231031160000,0.161,0.0,0.05,0.0,0.0,0.0,1.0,0.0,31.06,4,0.0,0.0,589376
2023-10-31 17:00:00,00000000270,20231031170000,0.187,0.091,0.031,0.0,0.0,0.0,1.0,48.66,16.58,4,0.0,0.0,589376
2023-10-31 18:00:00,00000000270,20231031180000,0.17,0.119,0.031,0.0,0.0,0.0,1.0,70.0,18.24,4,0.0,0.0,589376
2023-10-31 19:00:00,00000000270,20231031190000,0.134,0.001,0.049,0.0,0.0,0.0,1.0,0.75,36.57,4,0.0,0.0,589376
2023-10-31 20:00:00,00000000270,20231031200000,0.107,0.0,0.057,0.0,0.0,0.0,1.0,0.0,53.27,4,0.0,0.0,589376
2023-10-31 21:00:00,00000000270,20231031210000,0.133,0.001,0.055,0.0,0.0,0.0,1.0,0.75,41.35,4,0.0,0.0,589376
2023-10-31 22:00:00,00000000270,20231031220000,0.113,0.0,0.057,0.0,0.0,0.0,1.0,0.0,50.44,4,0.0,0.0,589376
2023-10-31 23:00:00,00000000270,20231031230000,0.123,0.001,0.038,0.0,0.0,0.0,1.0,0.81,30.89,4,0.0,0.0,589376
2023-11-01 00:00:00,00000000270,20231101000000,0.109,0.0,0.039,0.0,0.0,0.0,1.0,0.0,35.78,4,0.0,0.0,589376
2023-11-01 01:00:00,00000000270,20231101010000,0.094,0.001,0.047,0.0,0.0,0.0,1.0,1.06,50.0,4,0.0,0.0,589376
2023-11-01 02:00:00,00000000270,20231101020000,0.094,0.0,0.049,0.0,0.0,0.0,1.0,0.0,52.13,4,0.0,0.0,589376
2023-11-01 03:00:00,00000000270,20231101030000,0.1,0.001,0.045,0.0,0.0,0.0,1.0,1.0,45.0,4,0.0,0.0,589376
2023-11-01 04:00:00,00000000270,20231101040000,0.091,0.001,0.053,0.0,0.0,0.0,1.0,1.1,58.24,4,0.0,0.0,589376
2023-11-01 05:00:00,00000000270,20231101050000,0.098,0.0,0.048,0.0,0.0,0.0,1.0,0.0,48.98,4,0.0,0.0,589376
2023-11-01 06:00:00,00000000270,20231101060000,0.091,0.001,0.051,0.0,0.0,0.0,1.0,1.1,56.04,4,0.0,0.0,589376
2023-11-01 07:00:00,00000000270,20231101070000,0.093,0.0,0.052,0.0,0.0,0.0,1.0,0.0,55.91,4,0.0,0.0,589376
2023-11-01 08:00:00,00000000270,20231101080000,0.103,0.001,0.053,0.0,0.0,0.0,1.0,0.97,51.46,4,0.0,0.0,589376
2023-11-01 09:00:00,00000000270,20231101090000,0.104,0.0,0.05,0.0,0.0,0.0,1.0,0.0,48.08,4,0.0,0.0,589376
2023-11-01 10:00:00,00000000270,20231101100000,0.086,0.001,0.049,0.0,0.0,0.0,1.0,1.16,56.98,4,0.0,0.0,589376
2023-11-01 11:00:00,00000000270,20231101110000,0.091,0.0,0.046,0.0,0.0,0.0,1.0,0.0,50.55,4,0.0,0.0,589376
2023-11-01 12:00:00,00000000270,20231101120000,0.08,0.001,0.054,0.0,0.0,0.0,1.0,1.25,67.5,4,0.0,0.0,589376
2023-11-01 13:00:00,00000000270,20231101130000,0.095,0.0,0.046,0.0,0.0,0.0,1.0,0.0,48.42,4,0.0,0.0,589376
2023-11-01 14:00:00,00000000270,20231101140000,0.09,0.001,0.053,0.0,0.0,0.0,1.0,1.11,58.89,4,0.0,0.0,589376
2023-11-01 15:00:00,00000000270,20231101150000,0.084,0.0,0.054,0.0,0.0,0.0,1.0,0.0,64.29,4,0.0,0.0,589376
2023-11-01 16:00:00,00000000270,20231101160000,0.196,0.001,0.046,0.0,0.0,0.0,1.0,0.51,23.47,4,0.0,0.0,589376
2023-11-01 17:00:00,00000000270,20231101170000,0.122,0.0,0.051,0.0,0.0,0.0,1.0,0.0,41.8,4,0.0,0.0,589376
2023-11-01 18:00:00,00000000270,20231101180000,0.152,0.001,0.053,0.0,0.0,0.0,1.0,0.66,34.87,4,0.0,0.0,589376
2023-11-01 19:00:00,00000000270,20231101190000,0.178,0.0,0.064,0.0,0.0,0.0,1.0,0.0,35.96,4,0.0,0.0,589376
2023-11-01 20:00:00,00000000270,20231101200000,0.163,0.001,0.066,0.0,0.0,0.0,1.0,0.61,40.49,4,0.0,0.0,589376
2023-11-01 21:00:00,00000000270,20231101210000,0.179,0.0,0.058,0.0,0.0,0.0,1.0,0.0,32.4,4,0.0,0.0,589376
2023-11-01 22:00:00,00000000270,20231101220000,0.138,0.001,0.059,0.0,0.0,0.0,1.0,0.72,42.75,4,0.0,0.0,589376
2023-11-01 23:00:00,00000000270,20231101230000,0.076,0.0,0.048,0.0,0.0,0.0,1.0,0.0,63.16,4,0.0,0.0,589376
2023-11-02 00:00:00,00000000270,20231102000000,0.084,0.001,0.044,0.0,0.0,0.0,1.0,1.19,52.38,4,0.0,0.0,589376
2023-11-02 01:00:00,00000000270,20231102010000,0.074,0.0,0.051,0.0,0.0,0.0,1.0,0.0,68.92,4,0.0,0.0,589376
2023-11-02 02:00:00,00000000270,20231102020000,0.074,0.001,0.051,0.0,0.0,0.0,1.0,1.35,68.92,4,0.0,0.0,589376
2023-11-02 03:00:00,00000000270,20231102030000,0.076,0.0,0.05,0.0,0.0,0.0,1.0,0.0,65.79,4,0.0,0.0,589376
2023-11-02 04:00:00,00000000270,20231102040000,0.11,0.001,0.039,0.0,0.0,0.0,1.0,0.91,35.45,4,0.0,0.0,589376
2023-11-02 05:00:00,00000000270,20231102050000,0.088,0.0,0.049,0.0,0.0,0.0,1.0,0.0,55.68,4,0.0,0.0,589376
2023-11-02 06:00:00,00000000270,20231102060000,0.093,0.001,0.045,0.0,0.0,0.0,1.0,1.08,48.39,4,0.0,0.0,589376
2023-11-02 07:00:00,00000000270,20231102070000,0.103,0.0,0.053,0.0,0.0,0.0,1.0,0.0,51.46,4,0.0,0.0,589376
2023-11-02 08:00:00,00000000270,20231102080000,0.154,0.001,0.053,0.0,0.0,0.0,1.0,0.65,34.42,4,0.0,0.0,589376
2023-11-02 09:00:00,00000000270,20231102090000,0.151,0.0,0.054,0.0,0.0,0.0,1.0,0.0,35.76,4,0.0,0.0,589376
2023-11-02 10:00:00,00000000270,20231102100000,0.101,0.001,0.053,0.0,0.0,0.0,1.0,0.99,52.48,4,0.0,0.0,589376
2023-11-02 11:00:00,00000000270,20231102110000,0.073,0.0,0.048,0.0,0.0,0.0,1.0,0.0,65.75,4,0.0,0.0,589376
2023-11-02 12:00:00,00000000270,20231102120000,0.086,0.001,0.043,0.0,0.0,0.0,1.0,1.16,50.0,4,0.0,0.0,589376
2023-11-02 13:00:00,00000000270,20231102130000,0.077,0.0,0.047,0.0,0.0,0.0,1.0,0.0,61.04,4,0.0,0.0,589376
2023-11-02 14:00:00,00000000270,20231102140000,0.075,0.001,0.049,0.0,0.0,0.0,1.0,1.33,65.33,4,0.0,0.0,589376
2023-11-02 15:00:00,00000000270,20231102150000,0.072,0.0,0.048,0.0,0.0,0.0,1.0,0.0,66.67,4,0.0,0.0,589376
2023-11-02 16:00:00,00000000270,20231102160000,0.078,0.001,0.05,0.0,0.0,0.0,1.0,1.28,64.1,4,0.0,0.0,589376
2023-11-02 17:00:00,00000000270,20231102170000,0.077,0.0,0.049,0.0,0.0,0.0,1.0,0.0,63.64,4,0.0,0.0,589376
2023-11-02 18:00:00,00000000270,20231102180000,0.153,0.001,0.05,0.0,0.0,0.0,1.0,0.65,32.68,4,0.0,0.0,589376
2023-11-02 19:00:00,00000000270,20231102190000,0.162,0.001,0.057,0.0,0.0,0.0,1.0,0.62,35.19,4,0.0,0.0,589376
2023-11-02 20:00:00,00000000270,20231102200000,0.142,0.0,0.059,0.0,0.0,0.0,1.0,0.0,41.55,4,0.0,0.0,589376
2023-11-02 21:00:00,00000000270,20231102210000,0.303,0.0,0.061,0.0,0.0,0.0,1.0,0.0,20.13,4,0.0,0.0,589376
2023-11-02 22:00:00,00000000270,20231102220000,0.276,0.147,0.032,0.0,0.0,0.0,1.0,53.26,11.59,4,0.0,0.0,589376
2023-11-02 23:00:00,00000000270,20231102230000,0.152,0.003,0.055,0.0,0.0,0.0,1.0,1.97,36.18,4,0.0,0.0,589376
2023-11-03 00:00:00,00000000270,20231103000000,0.099,0.0,0.046,0.0,0.0,0.0,1.0,0.0,46.46,4,0.0,0.0,589376
2023-11-03 01:00:00,00000000270,20231103010000,0.09,0.001,0.048,0.0,0.0,0.0,1.0,1.11,53.33,4,0.0,0.0,589376
2023-11-03 02:00:00,00000000270,20231103020000,0.078,0.0,0.05,0.0,0.0,0.0,1.0,0.0,64.1,4,0.0,0.0,589376
2023-11-03 03:00:00,00000000270,20231103030000,0.076,0.001,0.05,0.0,0.0,0.0,1.0,1.32,65.79,4,0.0,0.0,589376
2023-11-03 04:00:00,00000000270,20231103040000,0.07,0.0,0.05,0.0,0.0,0.0,1.0,0.0,71.43,4,0.0,0.0,589376
2023-11-03 05:00:00,00000000270,20231103050000,0.07,0.001,0.05,0.0,0.0,0.0,1.0,1.43,71.43,4,0.0,0.0,589376
2023-11-03 06:00:00,00000000270,20231103060000,0.075,0.001,0.05,0.0,0.0,0.0,1.0,1.33,66.67,4,0.0,0.0,589376
2023-11-03 07:00:00,00000000270,20231103070000,0.221,0.0,0.048,0.0,0.0,0.0,1.0,0.0,21.72,4,0.0,0.0,589376
2023-11-03 08:00:00,00000000270,20231103080000,0.168,0.001,0.057,0.0,0.0,0.0,1.0,0.6,33.93,4,0.0,0.0,589376
2023-11-03 09:00:00,00000000270,20231103090000,0.149,0.0,0.058,0.0,0.0,0.0,1.0,0.0,38.93,4,0.0,0.0,589376
2023-11-03 10:00:00,00000000270,20231103100000,0.109,0.0,0.053,0.0,0.0,0.0,1.0,0.0,48.62,4,0.0,0.0,589376
2023-11-03 11:00:00,00000000270,20231103110000,0.072,0.001,0.05,0.0,0.0,0.0,1.0,1.39,69.44,4,0.0,0.0,589376
2023-11-03 12:00:00,00000000270,20231103120000,0.072,0.001,0.051,0.0,0.0,0.0,1.0,1.39,70.83,4,0.0,0.0,589376
2023-11-03 13:00:00,00000000270,20231103130000,0.08,0.0,0.048,0.0,0.0,0.0,1.0,0.0,60.0,4,0.0,0.0,589376
2023-11-03 14:00:00,00000000270,20231103140000,0.077,0.001,0.048,0.0,0.0,0.0,1.0,1.3,62.34,4,0.0,0.0,589376
2023-11-03 15:00:00,00000000270,20231103150000,0.073,0.0,0.051,0.0,0.0,0.0,1.0,0.0,69.86,4,0.0,0.0,589376
2023-11-03 16:00:00,00000000270,20231103160000,0.076,0.001,0.054,0.0,0.0,0.0,1.0,1.32,71.05,4,0.0,0.0,589376
2023-11-03 17:00:00,00000000270,20231103170000,0.14,0.0,0.051,0.0,0.0,0.0,1.0,0.0,36.43,4,0.0,0.0,589376
2023-11-03 18:00:00,00000000270,20231103180000,0.105,0.0,0.044,0.0,0.0,0.0,1.0,0.0,41.9,4,0.0,0.0,589376
2023-11-03 19:00:00,00000000270,20231103190000,0.066,0.001,0.048,0.0,0.0,0.0,1.0,1.52,72.73,4,0.0,0.0,589376
2023-11-03 20:00:00,00000000270,20231103200000,0.071,0.001,0.047,0.0,0.0,0.0,1.0,1.41,66.2,4,0.0,0.0,589376
2023-11-03 21:00:00,00000000270,20231103210000,0.074,0.0,0.046,0.0,0.0,0.0,1.0,0.0,62.16,4,0.0,0.0,589376
2023-11-03 22:00:00,00000000270,20231103220000,0.065,0.0,0.05,0.0,0.0,0.0,1.0,0.0,76.92,4,0.0,0.0,589376
2023-11-03 23:00:00,00000000270,20231103230000,0.067,0.001,0.051,0.0,0.0,0.0,1.0,1.49,76.12,4,0.0,0.0,589376
2023-11-04 00:00:00,00000000270,20231104000000,0.066,0.001,0.051,0.0,0.0,0.0,1.0,1.52,77.27,4,0.0,0.0,589376
2023-11-04 01:00:00,00000000270,20231104010000,0.067,0.0,0.052,0.0,0.0,0.0,1.0,0.0,77.61,4,0.0,0.0,589376
2023-11-04 02:00:00,00000000270,20231104020000,0.067,0.001,0.051,0.0,0.0,0.0,1.0,1.49,76.12,4,0.0,0.0,589376
2023-11-04 03:00:00,00000000270,20231104030000,0.075,0.0,0.048,0.0,0.0,0.0,1.0,0.0,64.0,4,0.0,0.0,589376
2023-11-04 04:00:00,00000000270,20231104040000,0.072,0.001,0.049,0.0,0.0,0.0,1.0,1.39,68.06,4,0.0,0.0,589376
2023-11-04 05:00:00,00000000270,20231104050000,0.067,0.0,0.052,0.0,0.0,0.0,1.0,0.0,77.61,4,0.0,0.0,589376
2023-11-04 06:00:00,00000000270,20231104060000,0.067,0.001,0.052,0.0,0.0,0.0,1.0,1.49,77.61,4,0.0,0.0,589376
2023-11-04 07:00:00,00000000270,20231104070000,0.067,0.0,0.052,0.0,0.0,0.0,1.0,0.0,77.61,4,0.0,0.0,589376
2023-11-04 08:00:00,00000000270,20231104080000,0.066,0.001,0.052,0.0,0.0,0.0,1.0,1.52,78.79,4,0.0,0.0,589376
2023-11-04 09:00:00,00000000270,20231104090000,0.069,0.0,0.049,0.0,0.0,0.0,1.0,0.0,71.01,4,0.0,0.0,589376
2023-11-04 10:00:00,00000000270,20231104100000,0.074,0.001,0.045,0.0,0.0,0.0,1.0,1.35,60.81,4,0.0,0.0,589376
2023-11-04 11:00:00,00000000270,20231104110000,0.066,0.0,0.05,0.0,0.0,0.0,1.0,0.0,75.76,4,0.0,0.0,589376
2023-11-04 12:00:00,00000000270,20231104120000,0.065,0.001,0.05,0.0,0.0,0.0,1.0,1.54,76.92,4,0.0,0.0,589376
2023-11-04 13:00:00,00000000270,20231104130000,0.066,0.0,0.05,0.0,0.0,0.0,1.0,0.0,75.76,4,0.0,0.0,589376
2023-11-04 14:00:00,00000000270,20231104140000,0.07,0.001,0.05,0.0,0.0,0.0,1.0,1.43,71.43,4,0.0,0.0,589376
2023-11-04 15:00:00,00000000270,20231104150000,0.06,0.0,0.024,0.0,0.0,0.0,1.0,0.0,40.0,4,0.0,0.0,589376
2023-11-04 16:00:00,00000000270,20231104160000,0.0,0.0,0.0,0.0,0.0,0.0,1.0,,,4,0.0,0.0,589376
2023-11-04 17:00:00,00000000270,20231104170000,0.0,0.0,0.0,0.0,0.0,0.0,1.0,,,4,0.0,0.0,589376
2023-11-04 18:00:00,00000000270,20231104180000,0.0,0.0,0.0,0.0,0.0,0.0,1.0,,,4,0.0,0.0,589376
2023-11-04 19:00:00,00000000270,20231104190000,0.0,0.0,0.0,0.0,0.0,0.0,1.0,,,4,0.0,0.0,589376
2023-11-04 20:00:00,00000000270,20231104200000,0.049,0.014,0.002,0.0,0.0,0.0,1.0,28.57,4.08,4,0.0,0.0,589376
2023-11-04 21:00:00,00000000270,20231104210000,0.154,0.001,0.036,0.0,0.0,0.0,1.0,0.65,23.38,4,0.0,0.0,589376
2023-11-04 22:00:00,00000000270,20231104220000,0.098,0.0,0.044,0.0,0.0,0.0,1.0,0.0,44.9,4,0.0,0.0,589376
2023-11-04 23:00:00,00000000270,20231104230000,0.078,0.001,0.048,0.0,0.0,0.0,1.0,1.28,61.54,4,0.0,0.0,589376
2023-11-05 00:00:00,00000000270,20231105000000,0.172,0.0,0.048,0.0,0.0,0.0,1.0,0.0,27.91,4,0.0,0.0,589376
2023-11-05 01:00:00,00000000270,20231105010000,0.109,0.001,0.043,0.0,0.0,0.0,1.0,0.92,39.45,4,0.0,0.0,589376
2023-11-05 02:00:00,00000000270,20231105020000,0.08,0.0,0.051,0.0,0.0,0.0,1.0,0.0,63.75,4,0.0,0.0,589376
2023-11-05 03:00:00,00000000270,20231105030000,0.062,0.001,0.052,0.0,0.0,0.0,1.0,1.61,83.87,4,0.0,0.0,589376
2023-11-05 04:00:00,00000000270,20231105040000,0.072,0.0,0.051,0.0,0.0,0.0,1.0,0.0,70.83,4,0.0,0.0,589376
2023-11-05 05:00:00,00000000270,20231105050000,0.088,0.001,0.047,0.0,0.0,0.0,1.0,1.14,53.41,4,0.0,0.0,589376
2023-11-05 06:00:00,00000000270,20231105060000,0.075,0.001,0.05,0.0,0.0,0.0,1.0,1.33,66.67,4,0.0,0.0,589376
2023-11-05 07:00:00,00000000270,20231105070000,0.018,0.0,0.025,0.0,0.0,0.0,1.0,0.0,138.89,4,0.0,0.0,589376
2023-11-05 08:00:00,00000000270,20231105080000,0.0,0.0,0.0,0.0,0.0,0.0,1.0,,,4,0.0,0.0,589376
2023-11-05 09:00:00,00000000270,20231105090000,0.0,0.0,0.0,0.0,0.0,0.0,1.0,,,4,0.0,0.0,589376
2023-11-05 10:00:00,00000000270,20231105100000,0.0,0.0,0.0,0.0,0.0,0.0,1.0,,,4,0.0,0.0,589376
2023-11-05 11:00:00,00000000270,20231105110000,0.0,0.0,0.0,0.0,0.0,0.0,1.0,,,4,0.0,0.0,589376
2023-11-05 12:00:00,00000000270,20231105120000,0.0,0.0,0.0,0.0,0.0,0.0,1.0,,,4,0.0,0.0,589376
2023-11-05 13:00:00,00000000270,20231105130000,0.0,0.0,0.0,0.0,0.0,0.0,1.0,,,4,0.0,0.0,589376
2023-11-05 14:00:00,00000000270,20231105140000,0.0,0.0,0.0,0.0,0.0,0.0,1.0,,,4,0.0,0.0,589376
2023-11-05 15:00:00,00000000270,20231105150000,0.0,0.0,0.0,0.0,0.0,0.0,1.0,,,4,0.0,0.0,589376
2023-11-05 16:00:00,00000000270,20231105160000,0.0,0.0,0.0,0.0,0.0,0.0,1.0,,,4,0.0,0.0,589376
2023-11-05 17:00:00,00000000270,20231105170000,0.0,0.0,0.0,0.0,0.0,0.0,1.0,,,4,0.0,0.0,589376
2023-11-05 18:00:00,00000000270,20231105180000,0.047,0.013,0.001,0.0,0.0,0.0,1.0,27.66,2.13,4,0.0,0.0,589376
2023-11-05 19:00:00,00000000270,20231105190000,0.177,0.009,0.021,0.0,0.0,0.0,1.0,5.08,11.86,4,0.0,0.0,589376
2023-11-05 20:00:00,00000000270,20231105200000,0.27,0.0,0.038,0.0,0.0,0.0,1.0,0.0,14.07,4,0.0,0.0,589376
2023-11-05 21:00:00,00000000270,20231105210000,0.24,0.0,0.045,0.0,0.0,0.0,1.0,0.0,18.75,4,0.0,0.0,589376
2023-11-05 22:00:00,00000000270,20231105220000,0.187,0.001,0.057,0.0,0.0,0.0,1.0,0.53,30.48,4,0.0,0.0,589376
2023-11-05 23:00:00,00000000270,20231105230000,0.183,0.0,0.056,0.0,0.0,0.0,1.0,0.0,30.6,4,0.0,0.0,589376
2023-11-06 00:00:00,00000000270,20231106000000,0.108,0.001,0.042,0.0,0.0,0.0,1.0,0.93,38.89,4,0.0,0.0,589376
2023-11-06 01:00:00,00000000270,20231106010000,0.099,0.0,0.05,0.0,0.0,0.0,1.0,0.0,50.51,4,0.0,0.0,589376
2023-11-06 02:00:00,00000000270,20231106020000,0.104,0.001,0.049,0.0,0.0,0.0,1.0,0.96,47.12,4,0.0,0.0,589376
2023-11-06 03:00:00,00000000270,20231106030000,0.087,0.0,0.046,0.0,0.0,0.0,1.0,0.0,52.87,4,0.0,0.0,589376
2023-11-06 04:00:00,00000000270,20231106040000,0.08,0.001,0.053,0.0,0.0,0.0,1.0,1.25,66.25,4,0.0,0.0,589376
2023-11-06 05:00:00,00000000270,20231106050000,0.096,0.001,0.05,0.0,0.0,0.0,1.0,1.04,52.08,4,0.0,0.0,589376
2023-11-06 06:00:00,00000000270,20231106060000,0.091,0.0,0.047,0.0,0.0,0.0,1.0,0.0,51.65,4,0.0,0.0,589376
2023-11-06 07:00:00,00000000270,20231106070000,0.098,0.001,0.052,0.0,0.0,0.0,1.0,1.02,53.06,4,0.0,0.0,589376
2023-11-06 08:00:00,00000000270,20231106080000,0.16,0.032,0.057,0.0,0.0,0.0,1.0,20.0,35.62,4,0.0,0.0,589376
2023-11-06 09:00:00,00000000270,20231106090000,0.274,0.117,0.039,0.0,0.0,0.0,1.0,42.7,14.23,4,0.0,0.0,589376
2023-11-06 10:00:00,00000000270,20231106100000,0.097,0.0,0.048,0.0,0.0,0.0,1.0,0.0,49.48,4,0.0,0.0,589376
2023-11-06 11:00:00,00000000270,20231106110000,0.086,0.001,0.047,0.0,0.0,0.0,1.0,1.16,54.65,4,0.0,0.0,589376
2023-11-06 12:00:00,00000000270,20231106120000,0.09,0.0,0.049,0.0,0.0,0.0,1.0,0.0,54.44,4,0.0,0.0,589376
2023-11-06 13:00:00,00000000270,20231106130000,0.137,0.001,0.053,0.0,0.0,0.0,1.0,0.73,38.69,4,0.0,0.0,589376
2023-11-06 14:00:00,00000000270,20231106140000,0.127,0.0,0.044,0.0,0.0,0.0,1.0,0.0,34.65,4,0.0,0.0,589376
2023-11-06 15:00:00,00000000270,20231106150000,0.076,0.001,0.049,0.0,0.0,0.0,1.0,1.32,64.47,4,0.0,0.0,589376
2023-11-06 16:00:00,00000000270,20231106160000,0.111,0.0,0.049,0.0,0.0,0.0,1.0,0.0,44.14,4,0.0,0.0,589376
2023-11-06 17:00:00,00000000270,20231106170000,0.143,0.001,0.053,0.0,0.0,0.0,1.0,0.7,37.06,4,0.0,0.0,589376
2023-11-06 18:00:00,00000000270,20231106180000,0.156,0.0,0.059,0.0,0.0,0.0,1.0,0.0,37.82,4,0.0,0.0,589376
2023-11-06 19:00:00,00000000270,20231106190000,0.163,0.001,0.059,0.0,0.0,0.0,1.0,0.61,36.2,4,0.0,0.0,589376
2023-11-06 20:00:00,00000000270,20231106200000,0.163,0.0,0.051,0.0,0.0,0.0,1.0,0.0,31.29,4,0.0,0.0,589376
2023-11-06 21:00:00,00000000270,20231106210000,0.135,0.001,0.058,0.0,0.0,0.0,1.0,0.74,42.96,4,0.0,0.0,589376
2023-11-06 22:00:00,00000000270,20231106220000,0.111,0.0,0.056,0.0,0.0,0.0,1.0,0.0,50.45,4,0.0,0.0,589376
2023-11-06 23:00:00,00000000270,20231106230000,0.089,0.001,0.051,0.0,0.0,0.0,1.0,1.12,57.3,4,0.0,0.0,589376
2023-11-07 00:00:00,00000000270,20231107000000,0.092,0.001,0.045,0.0,0.0,0.0,1.0,1.09,48.91,4,0.0,0.0,589376
2023-11-07 01:00:00,00000000270,20231107010000,0.076,0.0,0.051,0.0,0.0,0.0,1.0,0.0,67.11,4,0.0,0.0,589376
2023-11-07 02:00:00,00000000270,20231107020000,0.07,0.001,0.05,0.0,0.0,0.0,1.0,1.43,71.43,4,0.0,0.0,589376
2023-11-07 03:00:00,00000000270,20231107030000,0.072,0.0,0.052,0.0,0.0,0.0,1.0,0.0,72.22,4,0.0,0.0,589376
2023-11-07 04:00:00,00000000270,20231107040000,0.072,0.001,0.051,0.0,0.0,0.0,1.0,1.39,70.83,4,0.0,0.0,589376
2023-11-07 05:00:00,00000000270,20231107050000,0.084,0.0,0.046,0.0,0.0,0.0,1.0,0.0,54.76,4,0.0,0.0,589376
2023-11-07 06:00:00,00000000270,20231107060000,0.074,0.001,0.051,0.0,0.0,0.0,1.0,1.35,68.92,4,0.0,0.0,589376
2023-11-07 07:00:00,00000000270,20231107070000,0.082,0.0,0.053,0.0,0.0,0.0,1.0,0.0,64.63,4,0.0,0.0,589376
2023-11-07 08:00:00,00000000270,20231107080000,0.085,0.001,0.053,0.0,0.0,0.0,1.0,1.18,62.35,4,0.0,0.0,589376
2023-11-07 09:00:00,00000000270,20231107090000,0.082,0.0,0.047,0.0,0.0,0.0,1.0,0.0,57.32,4,0.0,0.0,589376
2023-11-07 10:00:00,00000000270,20231107100000,0.076,0.001,0.047,0.0,0.0,0.0,1.0,1.32,61.84,4,0.0,0.0,589376
2023-11-07 11:00:00,00000000270,20231107110000,0.067,0.0,0.049,0.0,0.0,0.0,1.0,0.0,73.13,4,0.0,0.0,589376
2023-11-07 12:00:00,00000000270,20231107120000,0.07,0.001,0.051,0.0,0.0,0.0,1.0,1.43,72.86,4,0.0,0.0,589376
2023-11-07 13:00:00,00000000270,20231107130000,0.074,0.001,0.049,0.0,0.0,0.0,1.0,1.35,66.22,4,0.0,0.0,589376
2023-11-07 14:00:00,00000000270,20231107140000,0.083,0.0,0.048,0.0,0.0,0.0,1.0,0.0,57.83,4,0.0,0.0,589376
2023-11-07 15:00:00,00000000270,20231107150000,0.086,0.001,0.044,0.0,0.0,0.0,1.0,1.16,51.16,4,0.0,0.0,589376
2023-11-07 16:00:00,00000000270,20231107160000,0.132,0.0,0.059,0.0,0.0,0.0,1.0,0.0,44.7,4,0.0,0.0,589376
2023-11-07 17:00:00,00000000270,20231107170000,0.138,0.001,0.058,0.0,0.0,0.0,1.0,0.72,42.03,4,0.0,0.0,589376
2023-11-07 18:00:00,00000000270,20231107180000,0.195,0.0,0.053,0.0,0.0,0.0,1.0,0.0,27.18,4,0.0,0.0,589376
2023-11-07 19:00:00,00000000270,20231107190000,0.168,0.001,0.061,0.0,0.0,0.0,1.0,0.6,36.31,4,0.0,0.0,589376
2023-11-07 20:00:00,00000000270,20231107200000,0.22,0.158,0.041,0.0,0.0,0.0,1.0,71.82,18.64,4,0.0,0.0,589376
2023-11-07 21:00:00,00000000270,20231107210000,0.177,0.052,0.052,0.0,0.0,0.0,1.0,29.38,29.38,4,0.0,0.0,589376
2023-11-07 22:00:00,00000000270,20231107220000,0.137,0.001,0.054,0.0,0.0,0.0,1.0,0.73,39.42,4,0.0,0.0,589376
2023-11-07 23:00:00,00000000270,20231107230000,0.135,0.0,0.059,0.0,0.0,0.0,1.0,0.0,43.7,4,0.0,0.0,589376
2023-11-08 00:00:00,00000000270,20231108000000,0.088,0.001,0.052,0.0,0.0,0.0,1.0,1.14,59.09,4,0.0,0.0,589376
2023-11-08 01:00:00,00000000270,20231108010000,0.087,0.0,0.044,0.0,0.0,0.0,1.0,0.0,50.57,4,0.0,0.0,589376
2023-11-08 02:00:00,00000000270,20231108020000,0.074,0.001,0.05,0.0,0.0,0.0,1.0,1.35,67.57,4,0.0,0.0,589376
2023-11-08 03:00:00,00000000270,20231108030000,0.074,0.0,0.052,0.0,0.0,0.0,1.0,0.0,70.27,4,0.0,0.0,589376
2023-11-08 04:00:00,00000000270,20231108040000,0.071,0.001,0.051,0.0,0.0,0.0,1.0,1.41,71.83,4,0.0,0.0,589376
2023-11-08 05:00:00,00000000270,20231108050000,0.073,0.0,0.049,0.0,0.0,0.0,1.0,0.0,67.12,4,0.0,0.0,589376
2023-11-08 06:00:00,00000000270,20231108060000,0.079,0.001,0.046,0.0,0.0,0.0,1.0,1.27,58.23,4,0.0,0.0,589376
2023-11-08 07:00:00,00000000270,20231108070000,0.095,0.001,0.052,0.0,0.0,0.0,1.0,1.05,54.74,4,0.0,0.0,589376
2023-11-08 08:00:00,00000000270,20231108080000,0.14,0.0,0.062,0.0,0.0,0.0,1.0,0.0,44.29,4,0.0,0.0,589376
2023-11-08 09:00:00,00000000270,20231108090000,0.146,0.001,0.056,0.0,0.0,0.0,1.0,0.68,38.36,4,0.0,0.0,589376
2023-11-08 10:00:00,00000000270,20231108100000,0.084,0.0,0.049,0.0,0.0,0.0,1.0,0.0,58.33,4,0.0,0.0,589376
2023-11-08 11:00:00,00000000270,20231108110000,0.071,0.001,0.051,0.0,0.0,0.0,1.0,1.41,71.83,4,0.0,0.0,589376
2023-11-08 12:00:00,00000000270,20231108120000,0.072,0.0,0.053,0.0,0.0,0.0,1.0,0.0,73.61,4,0.0,0.0,589376
2023-11-08 13:00:00,00000000270,20231108130000,0.074,0.001,0.05,0.0,0.0,0.0,1.0,1.35,67.57,4,0.0,0.0,589376
2023-11-08 14:00:00,00000000270,20231108140000,0.168,0.0,0.045,0.0,0.0,0.0,1.0,0.0,26.79,4,0.0,0.0,589376
2023-11-08 15:00:00,00000000270,20231108150000,0.117,0.001,0.046,0.0,0.0,0.0,1.0,0.85,39.32,4,0.0,0.0,589376
2023-11-08 16:00:00,00000000270,20231108160000,0.126,0.0,0.056,0.0,0.0,0.0,1.0,0.0,44.44,4,0.0,0.0,589376
2023-11-08 17:00:00,00000000270,20231108170000,0.085,0.001,0.048,0.0,0.0,0.0,1.0,1.18,56.47,4,0.0,0.0,589376
2023-11-08 18:00:00,00000000270,20231108180000,0.16,0.0,0.052,0.0,0.0,0.0,1.0,0.0,32.5,4,0.0,0.0,589376
2023-11-08 19:00:00,00000000270,20231108190000,0.151,0.001,0.059,0.0,0.0,0.0,1.0,0.66,39.07,4,0.0,0.0,589376
2023-11-08 20:00:00,00000000270,20231108200000,0.167,0.001,0.057,0.0,0.0,0.0,1.0,0.6,34.13,4,0.0,0.0,589376
2023-11-08 21:00:00,00000000270,20231108210000,0.114,0.0,0.05,0.0,0.0,0.0,1.0,0.0,43.86,4,0.0,0.0,589376
2023-11-08 22:00:00,00000000270,20231108220000,0.132,0.001,0.058,0.0,0.0,0.0,1.0,0.76,43.94,4,0.0,0.0,589376
2023-11-08 23:00:00,00000000270,20231108230000,0.09,0.0,0.051,0.0,0.0,0.0,1.0,0.0,56.67,4,0.0,0.0,589376
2023-11-09 00:00:00,00000000270,20231109000000,0.08,0.001,0.049,0.0,0.0,0.0,1.0,1.25,61.25,4,0.0,0.0,589376
2023-11-09 01:00:00,00000000270,20231109010000,0.078,0.0,0.048,0.0,0.0,0.0,1.0,0.0,61.54,4,0.0,0.0,589376
2023-11-09 02:00:00,00000000270,20231109020000,0.079,0.001,0.045,0.0,0.0,0.0,1.0,1.27,56.96,4,0.0,0.0,589376
2023-11-09 03:00:00,00000000270,20231109030000,0.07,0.0,0.051,0.0,0.0,0.0,1.0,0.0,72.86,4,0.0,0.0,589376
2023-11-09 04:00:00,00000000270,20231109040000,0.073,0.001,0.05,0.0,0.0,0.0,1.0,1.37,68.49,4,0.0,0.0,589376
2023-11-09 05:00:00,00000000270,20231109050000,0.075,0.0,0.052,0.0,0.0,0.0,1.0,0.0,69.33,4,0.0,0.0,589376
2023-11-09 06:00:00,00000000270,20231109060000,0.071,0.001,0.05,0.0,0.0,0.0,1.0,1.41,70.42,4,0.0,0.0,589376
2023-11-09 07:00:00,00000000270,20231109070000,0.111,0.001,0.048,0.0,0.0,0.0,1.0,0.9,43.24,4,0.0,0.0,589376
2023-11-09 08:00:00,00000000270,20231109080000,0.143,0.0,0.064,0.0,0.0,0.0,1.0,0.0,44.76,4,0.0,0.0,589376
2023-11-09 09:00:00,00000000270,20231109090000,0.167,0.001,0.059,0.0,0.0,0.0,1.0,0.6,35.33,4,0.0,0.0,589376
2023-11-09 10:00:00,00000000270,20231109100000,0.126,0.0,0.053,0.0,0.0,0.0,1.0,0.0,42.06,4,0.0,0.0,589376
2023-11-09 11:00:00,00000000270,20231109110000,0.067,0.001,0.051,0.0,0.0,0.0,1.0,1.49,76.12,4,0.0,0.0,589376
2023-11-09 12:00:00,00000000270,20231109120000,0.069,0.0,0.051,0.0,0.0,0.0,1.0,0.0,73.91,4,0.0,0.0,589376
2023-11-09 13:00:00,00000000270,20231109130000,0.069,0.001,0.051,0.0,0.0,0.0,1.0,1.45,73.91,4,0.0,0.0,589376
2023-11-09 14:00:00,00000000270,20231109140000,0.076,0.001,0.045,0.0,0.0,0.0,1.0,1.32,59.21,4,0.0,0.0,589376
2023-11-09 15:00:00,00000000270,20231109150000,0.075,0.0,0.05,0.0,0.0,0.0,1.0,0.0,66.67,4,0.0,0.0,589376
2023-11-09 16:00:00,00000000270,20231109160000,0.107,0.001,0.058,0.0,0.0,0.0,1.0,0.93,54.21,4,0.0,0.0,589376
2023-11-09 17:00:00,00000000270,20231109170000,0.132,0.0,0.058,0.0,0.0,0.0,1.0,0.0,43.94,4,0.0,0.0,589376
2023-11-09 18:00:00,00000000270,20231109180000,0.184,0.081,0.049,0.0,0.0,0.0,1.0,44.02,26.63,4,0.0,0.0,589376
2023-11-09 19:00:00,00000000270,20231109190000,0.188,0.09,0.037,0.0,0.0,0.0,1.0,47.87,19.68,4,0.0,0.0,589376
2023-11-09 20:00:00,00000000270,20231109200000,0.142,0.001,0.06,0.0,0.0,0.0,1.0,0.7,42.25,4,0.0,0.0,589376
2023-11-09 21:00:00,00000000270,20231109210000,0.138,0.001,0.06,0.0,0.0,0.0,1.0,0.72,43.48,4,0.0,0.0,589376
2023-11-09 22:00:00,00000000270,20231109220000,0.144,0.0,0.059,0.0,0.0,0.0,1.0,0.0,40.97,4,0.0,0.0,589376
2023-11-09 23:00:00,00000000270,20231109230000,0.135,0.001,0.056,0.0,0.0,0.0,1.0,0.74,41.48,4,0.0,0.0,589376
2023-11-10 00:00:00,00000000270,20231110000000,0.081,0.0,0.052,0.0,0.0,0.0,1.0,0.0,64.2,4,0.0,0.0,589376
2023-11-10 01:00:00,00000000270,20231110010000,0.078,0.001,0.052,0.0,0.0,0.0,1.0,1.28,66.67,4,0.0,0.0,589376
2023-11-10 02:00:00,00000000270,20231110020000,0.069,0.001,0.049,0.0,0.0,0.0,1.0,1.45,71.01,4,0.0,0.0,589376
2023-11-10 03:00:00,00000000270,20231110030000,0.078,0.0,0.048,0.0,0.0,0.0,1.0,0.0,61.54,4,0.0,0.0,589376
2023-11-10 04:00:00,00000000270,20231110040000,0.069,0.001,0.052,0.0,0.0,0.0,1.0,1.45,75.36,4,0.0,0.0,589376
2023-11-10 05:00:00,00000000270,20231110050000,0.066,0.0,0.051,0.0,0.0,0.0,1.0,0.0,77.27,4,0.0,0.0,589376
2023-11-10 06:00:00,00000000270,20231110060000,0.07,0.001,0.051,0.0,0.0,0.0,1.0,1.43,72.86,4,0.0,0.0,589376
2023-11-10 07:00:00,00000000270,20231110070000,0.08,0.001,0.055,0.0,0.0,0.0,1.0,1.25,68.75,4,0.0,0.0,589376
2023-11-10 08:00:00,00000000270,20231110080000,0.081,0.0,0.048,0.0,0.0,0.0,1.0,0.0,59.26,4,0.0,0.0,589376
2023-11-10 09:00:00,00000000270,20231110090000,0.152,0.004,0.044,0.0,0.0,0.0,1.0,2.63,28.95,4,0.0,0.0,589376
2023-11-10 10:00:00,00000000270,20231110100000,0.067,0.001,0.05,0.0,0.0,0.0,1.0,1.49,74.63,4,0.0,0.0,589376
2023-11-10 11:00:00,00000000270,20231110110000,0.171,0.0,0.049,0.0,0.0,0.0,1.0,0.0,28.65,4,0.0,0.0,589376
2023-11-10 12:00:00,00000000270,20231110120000,0.087,0.001,0.05,0.0,0.0,0.0,1.0,1.15,57.47,4,0.0,0.0,589376
2023-11-10 13:00:00,00000000270,20231110130000,0.07,0.001,0.05,0.0,0.0,0.0,1.0,1.43,71.43,4,0.0,0.0,589376
2023-11-10 14:00:00,00000000270,20231110140000,0.07,0.0,0.051,0.0,0.0,0.0,1.0,0.0,72.86,4,0.0,0.0,589376
2023-11-10 15:00:00,00000000270,20231110150000,0.076,0.001,0.046,0.0,0.0,0.0,1.0,1.32,60.53,4,0.0,0.0,589376
2023-11-10 16:00:00,00000000270,20231110160000,0.078,0.0,0.049,0.0,0.0,0.0,1.0,0.0,62.82,4,0.0,0.0,589376
2023-11-10 17:00:00,00000000270,20231110170000,0.07,0.001,0.051,0.0,0.0,0.0,1.0,1.43,72.86,4,0.0,0.0,589376
2023-11-10 18:00:00,00000000270,20231110180000,0.061,0.001,0.049,0.0,0.0,0.0,1.0,1.64,80.33,4,0.0,0.0,589376
2023-11-10 19:00:00,00000000270,20231110190000,0.057,0.0,0.048,0.0,0.0,0.0,1.0,0.0,84.21,4,0.0,0.0,589376
2023-11-10 20:00:00,00000000270,20231110200000,0.062,0.001,0.049,0.0,0.0,0.0,1.0,1.61,79.03,4,0.0,0.0,589376
2023-11-10 21:00:00,00000000270,20231110210000,0.055,0.0,0.05,0.0,0.0,0.0,1.0,0.0,90.91,4,0.0,0.0,589376
2023-11-10 22:00:00,00000000270,20231110220000,0.064,0.001,0.051,0.0,0.0,0.0,1.0,1.56,79.69,4,0.0,0.0,589376
2023-11-10 23:00:00,00000000270,20231110230000,0.067,0.0,0.047,0.0,0.0,0.0,1.0,0.0,70.15,4,0.0,0.0,589376
2023-11-11 00:00:00,00000000270,20231111000000,0.068,0.001,0.05,0.0,0.0,0.0,1.0,1.47,73.53,4,0.0,0.0,589376
2023-11-11 01:00:00,00000000270,20231111010000,0.061,0.001,0.051,0.0,0.0,0.0,1.0,1.64,83.61,4,0.0,0.0,589376
2023-11-11 02:00:00,00000000270,20231111020000,0.063,0.0,0.052,0.0,0.0,0.0,1.0,0.0,82.54,4,0.0,0.0,589376
2023-11-11 03:00:00,00000000270,20231111030000,0.059,0.001,0.052,0.0,0.0,0.0,1.0,1.69,88.14,4,0.0,0.0,589376
2023-11-11 04:00:00,00000000270,20231111040000,0.065,0.0,0.053,0.0,0.0,0.0,1.0,0.0,81.54,4,0.0,0.0,589376
2023-11-11 05:00:00,00000000270,20231111050000,0.063,0.001,0.052,0.0,0.0,0.0,1.0,1.59,82.54,4,0.0,0.0,589376
2023-11-11 06:00:00,00000000270,20231111060000,0.062,0.0,0.052,0.0,0.0,0.0,1.0,0.0,83.87,4,0.0,0.0,589376
2023-11-11 07:00:00,00000000270,20231111070000,0.074,0.001,0.05,0.0,0.0,0.0,1.0,1.35,67.57,4,0.0,0.0,589376
2023-11-11 08:00:00,00000000270,20231111080000,0.066,0.0,0.048,0.0,0.0,0.0,1.0,0.0,72.73,4,0.0,0.0,589376
2023-11-11 09:00:00,00000000270,20231111090000,0.064,0.001,0.052,0.0,0.0,0.0,1.0,1.56,81.25,4,0.0,0.0,589376
2023-11-11 10:00:00,00000000270,20231111100000,0.067,0.001,0.051,0.0,0.0,0.0,1.0,1.49,76.12,4,0.0,0.0,589376
2023-11-11 11:00:00,00000000270,20231111110000,0.062,0.0,0.052,0.0,0.0,0.0,1.0,0.0,83.87,4,0.0,0.0,589376
2023-11-11 12:00:00,00000000270,20231111120000,0.116,0.001,0.052,0.0,0.0,0.0,1.0,0.86,44.83,4,0.0,0.0,589376
2023-11-11 13:00:00,00000000270,20231111130000,0.129,0.0,0.048,0.0,0.0,0.0,1.0,0.0,37.21,4,0.0,0.0,589376
2023-11-11 14:00:00,00000000270,20231111140000,0.048,0.001,0.025,0.0,0.0,0.0,1.0,2.08,52.08,4,0.0,0.0,589376
2023-11-11 15:00:00,00000000270,20231111150000,0.093,0.0,0.047,0.0,0.0,0.0,1.0,0.0,50.54,4,0.0,0.0,589376
2023-11-11 16:00:00,00000000270,20231111160000,0.067,0.001,0.05,0.0,0.0,0.0,1.0,1.49,74.63,4,0.0,0.0,589376
2023-11-11 17:00:00,00000000270,20231111170000,0.063,0.0,0.052,0.0,0.0,0.0,1.0,0.0,82.54,4,0.0,0.0,589376
2023-11-11 18:00:00,00000000270,20231111180000,0.061,0.001,0.049,0.0,0.0,0.0,1.0,1.64,80.33,4,0.0,0.0,589376
2023-11-11 19:00:00,00000000270,20231111190000,0.062,0.0,0.049,0.0,0.0,0.0,1.0,0.0,79.03,4,0.0,0.0,589376
2023-11-11 20:00:00,00000000270,20231111200000,0.065,0.001,0.049,0.0,0.0,0.0,1.0,1.54,75.38,4,0.0,0.0,589376
2023-11-11 21:00:00,00000000270,20231111210000,0.063,0.0,0.048,0.0,0.0,0.0,1.0,0.0,76.19,4,0.0,0.0,589376
2023-11-11 22:00:00,00000000270,20231111220000,0.066,0.001,0.047,0.0,0.0,0.0,1.0,1.52,71.21,4,0.0,0.0,589376
2023-11-11 23:00:00,00000000270,20231111230000,0.064,0.001,0.051,0.0,0.0,0.0,1.0,1.56,79.69,4,0.0,0.0,589376
2023-11-12 00:00:00,00000000270,20231112000000,0.056,0.0,0.05,0.0,0.0,0.0,1.0,0.0,89.29,4,0.0,0.0,589376
2023-11-12 01:00:00,00000000270,20231112010000,0.066,0.001,0.052,0.0,0.0,0.0,1.0,1.52,78.79,4,0.0,0.0,589376
2023-11-12 02:00:00,00000000270,20231112020000,0.061,0.0,0.05,0.0,0.0,0.0,1.0,0.0,81.97,4,0.0,0.0,589376
2023-11-12 03:00:00,00000000270,20231112030000,0.067,0.001,0.052,0.0,0.0,0.0,1.0,1.49,77.61,4,0.0,0.0,589376
2023-11-12 04:00:00,00000000270,20231112040000,0.062,0.0,0.051,0.0,0.0,0.0,1.0,0.0,82.26,4,0.0,0.0,589376
2023-11-12 05:00:00,00000000270,20231112050000,0.069,0.001,0.051,0.0,0.0,0.0,1.0,1.45,73.91,4,0.0,0.0,589376
2023-11-12 06:00:00,00000000270,20231112060000,0.067,0.001,0.046,0.0,0.0,0.0,1.0,1.49,68.66,4,0.0,0.0,589376
2023-11-12 07:00:00,00000000270,20231112070000,0.069,0.0,0.05,0.0,0.0,0.0,1.0,0.0,72.46,4,0.0,0.0,589376
2023-11-12 08:00:00,00000000270,20231112080000,0.065,0.001,0.053,0.0,0.0,0.0,1.0,1.54,81.54,4,0.0,0.0,589376
2023-11-12 09:00:00,00000000270,20231112090000,0.062,0.0,0.051,0.0,0.0,0.0,1.0,0.0,82.26,4,0.0,0.0,589376
2023-11-12 10:00:00,00000000270,20231112100000,0.066,0.001,0.052,0.0,0.0,0.0,1.0,1.52,78.79,4,0.0,0.0,589376
2023-11-12 11:00:00,00000000270,20231112110000,0.064,0.001,0.051,0.0,0.0,0.0,1.0,1.56,79.69,4,0.0,0.0,589376
2023-11-12 12:00:00,00000000270,20231112120000,0.063,0.0,0.051,0.0,0.0,0.0,1.0,0.0,80.95,4,0.0,0.0,589376
2023-11-12 13:00:00,00000000270,20231112130000,0.062,0.001,0.052,0.0,0.0,0.0,1.0,1.61,83.87,4,0.0,0.0,589376
2023-11-12 14:00:00,00000000270,20231112140000,0.158,0.0,0.047,0.0,0.0,0.0,1.0,0.0,29.75,4,0.0,0.0,589376
2023-11-12 15:00:00,00000000270,20231112150000,0.08,0.001,0.047,0.0,0.0,0.0,1.0,1.25,58.75,4,0.0,0.0,589376
2023-11-12 16:00:00,00000000270,20231112160000,0.069,0.001,0.05,0.0,0.0,0.0,1.0,1.45,72.46,4,0.0,0.0,589376
2023-11-12 17:00:00,00000000270,20231112170000,0.067,0.0,0.049,0.0,0.0,0.0,1.0,0.0,73.13,4,0.0,0.0,589376
2023-11-12 18:00:00,00000000270,20231112180000,0.064,0.001,0.049,0.0,0.0,0.0,1.0,1.56,76.56,4,0.0,0.0,589376
2023-11-12 19:00:00,00000000270,20231112190000,0.061,0.0,0.047,0.0,0.0,0.0,1.0,0.0,77.05,4,0.0,0.0,589376
2023-11-12 20:00:00,00000000270,20231112200000,0.064,0.001,0.049,0.0,0.0,0.0,1.0,1.56,76.56,4,0.0,0.0,589376
2023-11-12 21:00:00,00000000270,20231112210000,0.056,0.0,0.05,0.0,0.0,0.0,1.0,0.0,89.29,4,0.0,0.0,589376
2023-11-12 22:00:00,00000000270,20231112220000,0.07,0.001,0.048,0.0,0.0,0.0,1.0,1.43,68.57,4,0.0,0.0,589376
2023-11-12 23:00:00,00000000270,20231112230000,0.063,0.001,0.046,0.0,0.0,0.0,1.0,1.59,73.02,4,0.0,0.0,589376
2023-11-13 00:00:00,00000000270,20231113000000,0.062,0.0,0.052,0.0,0.0,0.0,1.0,0.0,83.87,4,0.0,0.0,589376
2023-11-13 01:00:00,00000000270,20231113010000,0.058,0.001,0.051,0.0,0.0,0.0,1.0,1.72,87.93,4,0.0,0.0,589376
2023-11-13 02:00:00,00000000270,20231113020000,0.066,0.0,0.053,0.0,0.0,0.0,1.0,0.0,80.3,4,0.0,0.0,589376
2023-11-13 03:00:00,00000000270,20231113030000,0.06,0.001,0.051,0.0,0.0,0.0,1.0,1.67,85.0,4,0.0,0.0,589376
2023-11-13 04:00:00,00000000270,20231113040000,0.067,0.0,0.053,0.0,0.0,0.0,1.0,0.0,79.1,4,0.0,0.0,589376
2023-11-13 05:00:00,00000000270,20231113050000,0.061,0.001,0.052,0.0,0.0,0.0,1.0,1.64,85.25,4,0.0,0.0,589376
2023-11-13 06:00:00,00000000270,20231113060000,0.075,0.001,0.049,0.0,0.0,0.0,1.0,1.33,65.33,4,0.0,0.0,589376
2023-11-13 07:00:00,00000000270,20231113070000,0.066,0.0,0.047,0.0,0.0,0.0,1.0,0.0,71.21,4,0.0,0.0,589376
2023-11-13 08:00:00,00000000270,20231113080000,0.067,0.001,0.052,0.0,0.0,0.0,1.0,1.49,77.61,4,0.0,0.0,589376
2023-11-13 09:00:00,00000000270,20231113090000,0.059,0.0,0.05,0.0,0.0,0.0,1.0,0.0,84.75,4,0.0,0.0,589376
2023-11-13 10:00:00,00000000270,20231113100000,0.067,0.001,0.051,0.0,0.0,0.0,1.0,1.49,76.12,4,0.0,0.0,589376
2023-11-13 11:00:00,00000000270,20231113110000,0.062,0.001,0.05,0.0,0.0,0.0,1.0,1.61,80.65,4,0.0,0.0,589376
2023-11-13 12:00:00,00000000270,20231113120000,0.064,0.0,0.051,0.0,0.0,0.0,1.0,0.0,79.69,4,0.0,0.0,589376
2023-11-13 13:00:00,00000000270,20231113130000,0.063,0.001,0.051,0.0,0.0,0.0,1.0,1.59,80.95,4,0.0,0.0,589376
2023-11-13 14:00:00,00000000270,20231113140000,0.066,0.0,0.047,0.0,0.0,0.0,1.0,0.0,71.21,4,0.0,0.0,589376
2023-11-13 15:00:00,00000000270,20231113150000,0.102,0.001,0.048,0.0,0.0,0.0,1.0,0.98,47.06,4,0.0,0.0,589376
2023-11-13 16:00:00,00000000270,20231113160000,0.142,0.001,0.048,0.0,0.0,0.0,1.0,0.7,33.8,4,0.0,0.0,589376
2023-11-13 17:00:00,00000000270,20231113170000,0.067,0.0,0.049,0.0,0.0,0.0,1.0,0.0,73.13,4,0.0,0.0,589376
2023-11-13 18:00:00,00000000270,20231113180000,0.061,0.001,0.049,0.0,0.0,0.0,1.0,1.64,80.33,4,0.0,0.0,589376
2023-11-13 19:00:00,00000000270,20231113190000,0.06,0.0,0.049,0.0,0.0,0.0,1.0,0.0,81.67,4,0.0,0.0,589376
2023-11-13 20:00:00,00000000270,20231113200000,0.062,0.001,0.049,0.0,0.0,0.0,1.0,1.61,79.03,4,0.0,0.0,589376
2023-11-13 21:00:00,00000000270,20231113210000,0.061,0.001,0.05,0.0,0.0,0.0,1.0,1.64,81.97,4,0.0,0.0,589376
2023-11-13 22:00:00,00000000270,20231113220000,0.06,0.0,0.05,0.0,0.0,0.0,1.0,0.0,83.33,4,0.0,0.0,589376
2023-11-13 23:00:00,00000000270,20231113230000,0.063,0.001,0.05,0.0,0.0,0.0,1.0,1.59,79.37,4,0.0,0.0,589376
2023-11-14 00:00:00,00000000270,20231114000000,0.06,0.001,0.048,0.0,0.0,0.0,1.0,1.67,80.0,4,0.0,0.0,589376
2023-11-14 01:00:00,00000000270,20231114010000,0.067,0.0,0.049,0.0,0.0,0.0,1.0,0.0,73.13,4,0.0,0.0,589376
2023-11-14 02:00:00,00000000270,20231114020000,0.066,0.001,0.052,0.0,0.0,0.0,1.0,1.52,78.79,4,0.0,0.0,589376
2023-11-14 03:00:00,00000000270,20231114030000,0.065,0.001,0.051,0.0,0.0,0.0,1.0,1.54,78.46,4,0.0,0.0,589376
2023-11-14 04:00:00,00000000270,20231114040000,0.066,0.0,0.053,0.0,0.0,0.0,1.0,0.0,80.3,4,0.0,0.0,589376
2023-11-14 05:00:00,00000000270,20231114050000,0.061,0.001,0.051,0.0,0.0,0.0,1.0,1.64,83.61,4,0.0,0.0,589376
2023-11-14 06:00:00,00000000270,20231114060000,0.065,0.001,0.051,0.0,0.0,0.0,1.0,1.54,78.46,4,0.0,0.0,589376
2023-11-14 07:00:00,00000000270,20231114070000,0.065,0.001,0.051,0.0,0.0,0.0,1.0,1.54,78.46,4,0.0,0.0,589376
2023-11-14 08:00:00,00000000270,20231114080000,0.064,0.0,0.051,0.0,0.0,0.0,1.0,0.0,79.69,4,0.0,0.0,589376
2023-11-14 09:00:00,00000000270,20231114090000,0.066,0.001,0.05,0.0,0.0,0.0,1.0,1.52,75.76,4,0.0,0.0,589376
2023-11-14 10:00:00,00000000270,20231114100000,0.06,0.001,0.051,0.0,0.0,0.0,1.0,1.67,85.0,4,0.0,0.0,589376
2023-11-14 11:00:00,00000000270,20231114110000,0.059,0.001,0.049,0.0,0.0,0.0,1.0,1.69,83.05,4,0.0,0.0,589376
2023-11-14 12:00:00,00000000270,20231114120000,0.058,0.0,0.051,0.0,0.0,0.0,1.0,0.0,87.93,4,0.0,0.0,589376
2023-11-14 13:00:00,00000000270,20231114130000,0.061,0.001,0.052,0.0,0.0,0.0,1.0,1.64,85.25,4,0.0,0.0,589376
2023-11-14 14:00:00,00000000270,20231114140000,0.057,0.001,0.051,0.0,0.0,0.0,1.0,1.75,89.47,4,0.0,0.0,589376
2023-11-14 15:00:00,00000000270,20231114150000,0.063,0.0,0.05,0.0,0.0,0.0,1.0,0.0,79.37,4,0.0,0.0,589376
2023-11-14 16:00:00,00000000270,20231114160000,0.063,0.001,0.051,0.0,0.0,0.0,1.0,1.59,80.95,4,0.0,0.0,589376
2023-11-14 17:00:00,00000000270,20231114170000,0.144,0.0,0.05,0.0,0.0,0.0,1.0,0.0,34.72,4,0.0,0.0,589376
2023-11-14 18:00:00,00000000270,20231114180000,0.098,0.001,0.045,0.0,0.0,0.0,1.0,1.02,45.92,4,0.0,0.0,589376
2023-11-14 19:00:00,00000000270,20231114190000,0.064,0.001,0.048,0.0,0.0,0.0,1.0,1.56,75.0,4,0.0,0.0,589376
2023-11-14 20:00:00,00000000270,20231114200000,0.066,0.0,0.048,0.0,0.0,0.0,1.0,0.0,72.73,4,0.0,0.0,589376
2023-11-14 21:00:00,00000000270,20231114210000,0.068,0.001,0.048,0.0,0.0,0.0,1.0,1.47,70.59,4,0.0,0.0,589376
2023-11-14 22:00:00,00000000270,20231114220000,0.068,0.001,0.048,0.0,0.0,0.0,1.0,1.47,70.59,4,0.0,0.0,589376
2023-11-14 23:00:00,00000000270,20231114230000,0.067,0.0,0.049,0.0,0.0,0.0,1.0,0.0,73.13,4,0.0,0.0,589376
2023-11-15 00:00:00,00000000270,20231115000000,0.064,0.001,0.051,0.0,0.0,0.0,1.0,1.56,79.69,4,0.0,0.0,589376
2023-11-15 01:00:00,00000000270,20231115010000,0.064,0.001,0.052,0.0,0.0,0.0,1.0,1.56,81.25,4,0.0,0.0,589376
2023-11-15 02:00:00,00000000270,20231115020000,0.063,0.0,0.052,0.0,0.0,0.0,1.0,0.0,82.54,4,0.0,0.0,589376
2023-11-15 03:00:00,00000000270,20231115030000,0.065,0.001,0.051,0.0,0.0,0.0,1.0,1.54,78.46,4,0.0,0.0,589376
2023-11-15 04:00:00,00000000270,20231115040000,0.063,0.001,0.052,0.0,0.0,0.0,1.0,1.59,82.54,4,0.0,0.0,589376
2023-11-15 05:00:00,00000000270,20231115050000,0.061,0.0,0.052,0.0,0.0,0.0,1.0,0.0,85.25,4,0.0,0.0,589376
2023-11-15 06:00:00,00000000270,20231115060000,0.057,0.001,0.052,0.0,0.0,0.0,1.0,1.75,91.23,4,0.0,0.0,589376
2023-11-15 07:00:00,00000000270,20231115070000,0.064,0.001,0.052,0.0,0.0,0.0,1.0,1.56,81.25,4,0.0,0.0,589376
2023-11-15 08:00:00,00000000270,20231115080000,0.06,0.0,0.053,0.0,0.0,0.0,1.0,0.0,88.33,4,0.0,0.0,589376
2023-11-15 09:00:00,00000000270,20231115090000,0.065,0.001,0.052,0.0,0.0,0.0,1.0,1.54,80.0,4,0.0,0.0,589376
2023-11-15 10:00:00,00000000270,20231115100000,0.06,0.0,0.051,0.0,0.0,0.0,1.0,0.0,85.0,4,0.0,0.0,589376
2023-11-15 11:00:00,00000000270,20231115110000,0.065,0.001,0.051,0.0,0.0,0.0,1.0,1.54,78.46,4,0.0,0.0,589376
2023-11-15 12:00:00,00000000270,20231115120000,0.068,0.001,0.052,0.0,0.0,0.0,1.0,1.47,76.47,4,0.0,0.0,589376
2023-11-15 13:00:00,00000000270,20231115130000,0.067,0.0,0.052,0.0,0.0,0.0,1.0,0.0,77.61,4,0.0,0.0,589376
2023-11-15 14:00:00,00000000270,20231115140000,0.064,0.001,0.051,0.0,0.0,0.0,1.0,1.56,79.69,4,0.0,0.0,589376
2023-11-15 15:00:00,00000000270,20231115150000,0.063,0.0,0.051,0.0,0.0,0.0,1.0,0.0,80.95,4,0.0,0.0,589376
2023-11-15 16:00:00,00000000270,20231115160000,0.068,0.001,0.051,0.0,0.0,0.0,1.0,1.47,75.0,4,0.0,0.0,589376
2023-11-15 17:00:00,00000000270,20231115170000,0.065,0.001,0.05,0.0,0.0,0.0,1.0,1.54,76.92,4,0.0,0.0,589376
2023-11-15 18:00:00,00000000270,20231115180000,0.065,0.0,0.048,0.0,0.0,0.0,1.0,0.0,73.85,4,0.0,0.0,589376
2023-11-15 19:00:00,00000000270,20231115190000,0.147,0.001,0.047,0.0,0.0,0.0,1.0,0.68,31.97,4,0.0,0.0,589376
2023-11-15 20:00:00,00000000270,20231115200000,0.077,0.001,0.046,0.0,0.0,0.0,1.0,1.3,59.74,4,0.0,0.0,589376
2023-11-15 21:00:00,00000000270,20231115210000,0.067,0.0,0.047,0.0,0.0,0.0,1.0,0.0,70.15,4,0.0,0.0,589376
2023-11-15 22:00:00,00000000270,20231115220000,0.07,0.001,0.049,0.0,0.0,0.0,1.0,1.43,70.0,4,0.0,0.0,589376
2023-11-15 23:00:00,00000000270,20231115230000,0.067,0.0,0.051,0.0,0.0,0.0,1.0,0.0,76.12,4,0.0,0.0,589376
2023-11-16 00:00:00,00000000270,20231116000000,0.065,0.001,0.05,0.0,0.0,0.0,1.0,1.54,76.92,4,0.0,0.0,589376
2023-11-16 01:00:00,00000000270,20231116010000,0.07,0.001,0.052,0.0,0.0,0.0,1.0,1.43,74.29,4,0.0,0.0,589376
2023-11-16 02:00:00,00000000270,20231116020000,0.069,0.0,0.052,0.0,0.0,0.0,1.0,0.0,75.36,4,0.0,0.0,589376
2023-11-16 03:00:00,00000000270,20231116030000,0.064,0.001,0.051,0.0,0.0,0.0,1.0,1.56,79.69,4,0.0,0.0,589376
2023-11-16 04:00:00,00000000270,20231116040000,0.068,0.0,0.053,0.0,0.0,0.0,1.0,0.0,77.94,4,0.0,0.0,589376
2023-11-16 05:00:00,00000000270,20231116050000,0.061,0.001,0.053,0.0,0.0,0.0,1.0,1.64,86.89,4,0.0,0.0,589376
2023-11-16 06:00:00,00000000270,20231116060000,0.062,0.001,0.052,0.0,0.0,0.0,1.0,1.61,83.87,4,0.0,0.0,589376
2023-11-16 07:00:00,00000000270,20231116070000,0.059,0.0,0.052,0.0,0.0,0.0,1.0,0.0,88.14,4,0.0,0.0,589376
2023-11-16 08:00:00,00000000270,20231116080000,0.066,0.001,0.052,0.0,0.0,0.0,1.0,1.52,78.79,4,0.0,0.0,589376
2023-11-16 09:00:00,00000000270,20231116090000,0.06,0.001,0.051,0.0,0.0,0.0,1.0,1.67,85.0,4,0.0,0.0,589376
2023-11-16 10:00:00,00000000270,20231116100000,0.069,0.0,0.049,0.0,0.0,0.0,1.0,0.0,71.01,4,0.0,0.0,589376
2023-11-16 11:00:00,00000000270,20231116110000,0.064,0.001,0.049,0.0,0.0,0.0,1.0,1.56,76.56,4,0.0,0.0,589376
2023-11-16 12:00:00,00000000270,20231116120000,0.064,0.001,0.049,0.0,0.0,0.0,1.0,1.56,76.56,4,0.0,0.0,589376
2023-11-16 13:00:00,00000000270,20231116130000,0.067,0.0,0.051,0.0,0.0,0.0,1.0,0.0,76.12,4,0.0,0.0,589376
2023-11-16 14:00:00,00000000270,20231116140000,0.066,0.001,0.051,0.0,0.0,0.0,1.0,1.52,77.27,4,0.0,0.0,589376
2023-11-16 15:00:00,00000000270,20231116150000,0.065,0.0,0.051,0.0,0.0,0.0,1.0,0.0,78.46,4,0.0,0.0,589376
2023-11-16 16:00:00,00000000270,20231116160000,0.064,0.001,0.052,0.0,0.0,0.0,1.0,1.56,81.25,4,0.0,0.0,589376
2023-11-16 17:00:00,00000000270,20231116170000,0.063,0.001,0.05,0.0,0.0,0.0,1.0,1.59,79.37,4,0.0,0.0,589376
2023-11-16 18:00:00,00000000270,20231116180000,0.332,0.011,0.029,0.0,0.0,0.0,1.0,3.31,8.73,4,0.0,0.0,589376
2023-11-16 19:00:00,00000000270,20231116190000,0.122,0.027,0.0,0.0,0.0,0.0,1.0,22.13,0.0,4,0.0,0.0,589376
2023-11-16 20:00:00,00000000270,20231116200000,0.127,0.024,0.0,0.0,0.0,0.0,1.0,18.9,0.0,4,0.0,0.0,589376
2023-11-16 21:00:00,00000000270,20231116210000,0.082,0.002,0.048,0.0,0.0,0.0,1.0,2.44,58.54,4,0.0,0.0,589376
2023-11-16 22:00:00,00000000270,20231116220000,0.082,0.001,0.05,0.0,0.0,0.0,1.0,1.22,60.98,4,0.0,0.0,589376
2023-11-16 23:00:00,00000000270,20231116230000,0.071,0.0,0.052,0.0,0.0,0.0,1.0,0.0,73.24,4,0.0,0.0,589376
2023-11-17 00:00:00,00000000270,20231117000000,0.067,0.001,0.051,0.0,0.0,0.0,1.0,1.49,76.12,4,0.0,0.0,589376
2023-11-17 01:00:00,00000000270,20231117010000,0.07,0.001,0.052,0.0,0.0,0.0,1.0,1.43,74.29,4,0.0,0.0,589376
2023-11-17 02:00:00,00000000270,20231117020000,0.067,0.0,0.051,0.0,0.0,0.0,1.0,0.0,76.12,4,0.0,0.0,589376
2023-11-17 03:00:00,00000000270,20231117030000,0.067,0.001,0.053,0.0,0.0,0.0,1.0,1.49,79.1,4,0.0,0.0,589376
2023-11-17 04:00:00,00000000270,20231117040000,0.067,0.001,0.053,0.0,0.0,0.0,1.0,1.49,79.1,4,0.0,0.0,589376
2023-11-17 05:00:00,00000000270,20231117050000,0.065,0.001,0.053,0.0,0.0,0.0,1.0,1.54,81.54,4,0.0,0.0,589376
2023-11-17 06:00:00,00000000270,20231117060000,0.077,0.0,0.054,0.0,0.0,0.0,1.0,0.0,70.13,4,0.0,0.0,589376
2023-11-17 07:00:00,00000000270,20231117070000,0.055,0.001,0.052,0.0,0.0,0.0,1.0,1.82,94.55,4,0.0,0.0,589376
2023-11-17 08:00:00,00000000270,20231117080000,0.058,0.001,0.054,0.0,0.0,0.0,1.0,1.72,93.1,4,0.0,0.0,589376
2023-11-17 09:00:00,00000000270,20231117090000,0.06,0.001,0.053,0.0,0.0,0.0,1.0,1.67,88.33,4,0.0,0.0,589376
2023-11-17 10:00:00,00000000270,20231117100000,1.393,0.001,0.048,0.0,0.0,0.0,1.0,0.07,3.45,4,0.0,0.0,589376
2023-11-17 11:00:00,00000000270,20231117110000,2.004,0.0,0.045,0.0,0.0,0.0,1.0,0.0,2.25,4,0.0,0.0,589376
2023-11-17 12:00:00,00000000270,20231117120000,0.292,0.001,0.053,0.0,0.0,0.0,1.0,0.34,18.15,4,0.0,0.0,589376
2023-11-17 13:00:00,00000000270,20231117130000,0.108,0.001,0.054,0.0,0.0,0.0,1.0,0.93,50.0,4,0.0,0.0,589376
2023-11-17 14:00:00,00000000270,20231117140000,0.107,0.001,0.053,0.0,0.0,0.0,1.0,0.93,49.53,4,0.0,0.0,589376
2023-11-17 15:00:00,00000000270,20231117150000,0.107,0.0,0.053,0.0,0.0,0.0,1.0,0.0,49.53,4,0.0,0.0,589376
2023-11-17 16:00:00,00000000270,20231117160000,0.358,0.001,0.054,0.0,0.0,0.0,1.0,0.28,15.08,4,0.0,0.0,589376
2023-11-17 17:00:00,00000000270,20231117170000,0.099,0.001,0.053,0.0,0.0,0.0,1.0,1.01,53.54,4,0.0,0.0,589376
2023-11-17 18:00:00,00000000270,20231117180000,0.197,0.007,0.03,0.0,0.0,0.0,1.0,3.55,15.23,4,0.0,0.0,589376
2023-11-17 19:00:00,00000000270,20231117190000,0.804,0.022,0.006,0.0,0.0,0.0,1.0,2.74,0.75,4,0.0,0.0,589376
2023-11-17 20:00:00,00000000270,20231117200000,0.061,0.001,0.052,0.0,0.0,0.0,1.0,1.64,85.25,4,0.0,0.0,589376
2023-11-17 21:00:00,00000000270,20231117210000,0.088,0.001,0.051,0.0,0.0,0.0,1.0,1.14,57.95,4,0.0,0.0,589376
2023-11-17 22:00:00,00000000270,20231117220000,0.077,0.001,0.053,0.0,0.0,0.0,1.0,1.3,68.83,4,0.0,0.0,589376
2023-11-17 23:00:00,00000000270,20231117230000,0.153,0.0,0.051,0.0,0.0,0.0,1.0,0.0,33.33,4,0.0,0.0,589376
2023-11-18 00:00:00,00000000270,20231118000000,0.254,0.001,0.052,0.0,0.0,0.0,1.0,0.39,20.47,4,0.0,0.0,589376
2023-11-18 01:00:00,00000000270,20231118010000,0.07,0.001,0.053,0.0,0.0,0.0,1.0,1.43,75.71,4,0.0,0.0,589376
2023-11-18 02:00:00,00000000270,20231118020000,0.069,0.0,0.053,0.0,0.0,0.0,1.0,0.0,76.81,4,0.0,0.0,589376
2023-11-18 03:00:00,00000000270,20231118030000,0.067,0.001,0.054,0.0,0.0,0.0,1.0,1.49,80.6,4,0.0,0.0,589376
2023-11-18 04:00:00,00000000270,20231118040000,0.425,0.001,0.05,0.0,0.0,0.0,1.0,0.24,11.76,4,0.0,0.0,589376
2023-11-18 05:00:00,00000000270,20231118050000,0.069,0.0,0.054,0.0,0.0,0.0,1.0,0.0,78.26,4,0.0,0.0,589376
2023-11-18 06:00:00,00000000270,20231118060000,0.066,0.001,0.054,0.0,0.0,0.0,1.0,1.52,81.82,4,0.0,0.0,589376
2023-11-18 07:00:00,00000000270,20231118070000,0.063,0.0,0.054,0.0,0.0,0.0,1.0,0.0,85.71,4,0.0,0.0,589376
2023-11-18 08:00:00,00000000270,20231118080000,0.061,0.001,0.056,0.0,0.0,0.0,1.0,1.64,91.8,4,0.0,0.0,589376
2023-11-18 09:00:00,00000000270,20231118090000,0.093,0.001,0.052,0.0,0.0,0.0,1.0,1.08,55.91,4,0.0,0.0,589376
2023-11-18 10:00:00,00000000270,20231118100000,0.068,0.0,0.05,0.0,0.0,0.0,1.0,0.0,73.53,4,0.0,0.0,589376
2023-11-18 11:00:00,00000000270,20231118110000,0.069,0.001,0.052,0.0,0.0,0.0,1.0,1.45,75.36,4,0.0,0.0,589376
2023-11-18 12:00:00,00000000270,20231118120000,0.068,0.001,0.05,0.0,0.0,0.0,1.0,1.47,73.53,4,0.0,0.0,589376
2023-11-18 13:00:00,00000000270,20231118130000,0.071,0.001,0.048,0.0,0.0,0.0,1.0,1.41,67.61,4,0.0,0.0,589376
2023-11-18 14:00:00,00000000270,20231118140000,0.068,0.0,0.049,0.0,0.0,0.0,1.0,0.0,72.06,4,0.0,0.0,589376
2023-11-18 15:00:00,00000000270,20231118150000,0.074,0.001,0.049,0.0,0.0,0.0,1.0,1.35,66.22,4,0.0,0.0,589376
2023-11-18 16:00:00,00000000270,20231118160000,0.063,0.001,0.048,0.0,0.0,0.0,1.0,1.59,76.19,4,0.0,0.0,589376
2023-11-18 17:00:00,00000000270,20231118170000,0.06,0.001,0.05,0.0,0.0,0.0,1.0,1.67,83.33,4,0.0,0.0,589376
2023-11-18 18:00:00,00000000270,20231118180000,0.736,0.0,0.048,0.0,0.0,0.0,1.0,0.0,6.52,4,0.0,0.0,589376
2023-11-18 19:00:00,00000000270,20231118190000,0.06,0.001,0.048,0.0,0.0,0.0,1.0,1.67,80.0,4,0.0,0.0,589376
2023-11-18 20:00:00,00000000270,20231118200000,0.065,0.001,0.048,0.0,0.0,0.0,1.0,1.54,73.85,4,0.0,0.0,589376
2023-11-18 21:00:00,00000000270,20231118210000,0.149,0.0,0.051,0.0,0.0,0.0,1.0,0.0,34.23,4,0.0,0.0,589376
2023-11-18 22:00:00,00000000270,20231118220000,0.116,0.001,0.046,0.0,0.0,0.0,1.0,0.86,39.66,4,0.0,0.0,589376
2023-11-18 23:00:00,00000000270,20231118230000,0.068,0.001,0.051,0.0,0.0,0.0,1.0,1.47,75.0,4,0.0,0.0,589376
2023-11-19 00:00:00,00000000270,20231119000000,0.064,0.001,0.053,0.0,0.0,0.0,1.0,1.56,82.81,4,0.0,0.0,589376
2023-11-19 01:00:00,00000000270,20231119010000,0.057,0.001,0.054,0.0,0.0,0.0,1.0,1.75,94.74,4,0.0,0.0,589376
2023-11-19 02:00:00,00000000270,20231119020000,0.057,0.0,0.053,0.0,0.0,0.0,1.0,0.0,92.98,4,0.0,0.0,589376
2023-11-19 03:00:00,00000000270,20231119030000,0.065,0.001,0.053,0.0,0.0,0.0,1.0,1.54,81.54,4,0.0,0.0,589376
2023-11-19 04:00:00,00000000270,20231119040000,0.061,0.001,0.052,0.0,0.0,0.0,1.0,1.64,85.25,4,0.0,0.0,589376
2023-11-19 05:00:00,00000000270,20231119050000,0.07,0.001,0.053,0.0,0.0,0.0,1.0,1.43,75.71,4,0.0,0.0,589376
2023-11-19 06:00:00,00000000270,20231119060000,0.066,0.0,0.053,0.0,0.0,0.0,1.0,0.0,80.3,4,0.0,0.0,589376
2023-11-19 07:00:00,00000000270,20231119070000,0.051,0.001,0.053,0.0,0.0,0.0,1.0,1.96,103.92,4,0.0,0.0,589376
2023-11-19 08:00:00,00000000270,20231119080000,0.05,0.001,0.054,0.0,0.0,0.0,1.0,2.0,108.0,4,0.0,0.0,589376
2023-11-19 09:00:00,00000000270,20231119090000,0.059,0.001,0.058,0.0,0.0,0.0,1.0,1.69,98.31,4,0.0,0.0,589376
2023-11-19 10:00:00,00000000270,20231119100000,0.066,0.0,0.05,0.0,0.0,0.0,1.0,0.0,75.76,4,0.0,0.0,589376
2023-11-19 11:00:00,00000000270,20231119110000,0.77,0.001,0.046,0.0,0.0,0.0,1.0,0.13,5.97,4,0.0,0.0,589376
2023-11-19 12:00:00,00000000270,20231119120000,1.68,0.003,0.033,0.0,0.0,0.0,1.0,0.18,1.96,4,0.0,0.0,589376
2023-11-19 13:00:00,00000000270,20231119130000,0.462,0.0,0.059,0.0,0.0,0.0,1.0,0.0,12.77,4,0.0,0.0,589376
2023-11-19 14:00:00,00000000270,20231119140000,0.113,0.001,0.05,0.0,0.0,0.0,1.0,0.88,44.25,4,0.0,0.0,589376
2023-11-19 15:00:00,00000000270,20231119150000,0.171,0.001,0.049,0.0,0.0,0.0,1.0,0.58,28.65,4,0.0,0.0,589376
2023-11-19 16:00:00,00000000270,20231119160000,1.074,0.001,0.048,0.0,0.0,0.0,1.0,0.09,4.47,4,0.0,0.0,589376
2023-11-19 17:00:00,00000000270,20231119170000,0.074,0.0,0.049,0.0,0.0,0.0,1.0,0.0,66.22,4,0.0,0.0,589376
2023-11-19 18:00:00,00000000270,20231119180000,0.114,0.014,0.012,0.0,0.0,0.0,1.0,12.28,10.53,4,0.0,0.0,589376
2023-11-19 19:00:00,00000000270,20231119190000,0.225,0.015,0.001,0.0,0.0,0.0,1.0,6.67,0.44,4,0.0,0.0,589376
2023-11-19 20:00:00,00000000270,20231119200000,0.175,0.022,0.001,0.0,0.0,0.0,1.0,12.57,0.57,4,0.0,0.0,589376
2023-11-19 21:00:00,00000000270,20231119210000,0.325,0.007,0.04,0.0,0.0,0.0,1.0,2.15,12.31,4,0.0,0.0,589376
2023-11-19 22:00:00,00000000270,20231119220000,0.072,0.001,0.046,0.0,0.0,0.0,1.0,1.39,63.89,4,0.0,0.0,589376
2023-11-19 23:00:00,00000000270,20231119230000,0.069,0.0,0.049,0.0,0.0,0.0,1.0,0.0,71.01,4,0.0,0.0,589376
2023-11-20 00:00:00,00000000270,20231120000000,0.066,0.001,0.051,0.0,0.0,0.0,1.0,1.52,77.27,4,0.0,0.0,589376
2023-11-20 01:00:00,00000000270,20231120010000,0.072,0.001,0.051,0.0,0.0,0.0,1.0,1.39,70.83,4,0.0,0.0,589376
2023-11-20 02:00:00,00000000270,20231120020000,0.077,0.001,0.05,0.0,0.0,0.0,1.0,1.3,64.94,4,0.0,0.0,589376
2023-11-20 03:00:00,00000000270,20231120030000,0.066,0.001,0.054,0.0,0.0,0.0,1.0,1.52,81.82,4,0.0,0.0,589376
2023-11-20 04:00:00,00000000270,20231120040000,0.067,0.001,0.053,0.0,0.0,0.0,1.0,1.49,79.1,4,0.0,0.0,589376
2023-11-20 05:00:00,00000000270,20231120050000,0.066,0.0,0.054,0.0,0.0,0.0,1.0,0.0,81.82,4,0.0,0.0,589376
2023-11-20 06:00:00,00000000270,20231120060000,0.068,0.001,0.052,0.0,0.0,0.0,1.0,1.47,76.47,4,0.0,0.0,589376
2023-11-20 07:00:00,00000000270,20231120070000,0.069,0.001,0.051,0.0,0.0,0.0,1.0,1.45,73.91,4,0.0,0.0,589376
2023-11-20 08:00:00,00000000270,20231120080000,0.163,0.001,0.05,0.0,0.0,0.0,1.0,0.61,30.67,4,0.0,0.0,589376
2023-11-20 09:00:00,00000000270,20231120090000,0.172,0.003,0.053,0.0,0.0,0.0,1.0,1.74,30.81,4,0.0,0.0,589376
2023-11-20 10:00:00,00000000270,20231120100000,0.064,0.0,0.05,0.0,0.0,0.0,1.0,0.0,78.12,4,0.0,0.0,589376
2023-11-20 11:00:00,00000000270,20231120110000,0.076,0.001,0.049,0.0,0.0,0.0,1.0,1.32,64.47,4,0.0,0.0,589376
2023-11-20 12:00:00,00000000270,20231120120000,0.067,0.001,0.048,0.0,0.0,0.0,1.0,1.49,71.64,4,0.0,0.0,589376
2023-11-20 13:00:00,00000000270,20231120130000,0.074,0.001,0.049,0.0,0.0,0.0,1.0,1.35,66.22,4,0.0,0.0,589376
2023-11-20 14:00:00,00000000270,20231120140000,0.074,0.001,0.048,0.0,0.0,0.0,1.0,1.35,64.86,4,0.0,0.0,589376
2023-11-20 15:00:00,00000000270,20231120150000,0.079,0.0,0.048,0.0,0.0,0.0,1.0,0.0,60.76,4,0.0,0.0,589376
2023-11-20 16:00:00,00000000270,20231120160000,0.715,0.001,0.052,0.0,0.0,0.0,1.0,0.14,7.27,4,0.0,0.0,589376
2023-11-20 17:00:00,00000000270,20231120170000,1.031,0.001,0.059,0.0,0.0,0.0,1.0,0.1,5.72,4,0.0,0.0,589376
2023-11-20 18:00:00,00000000270,20231120180000,0.119,0.004,0.048,0.0,0.0,0.0,1.0,3.36,40.34,4,0.0,0.0,589376
2023-11-20 19:00:00,00000000270,20231120190000,0.189,0.013,0.001,0.0,0.0,0.0,1.0,6.88,0.53,4,0.0,0.0,589376
2023-11-20 20:00:00,00000000270,20231120200000,0.199,0.014,0.0,0.0,0.0,0.0,1.0,7.04,0.0,4,0.0,0.0,589376
2023-11-20 21:00:00,00000000270,20231120210000,0.765,0.001,0.058,0.0,0.0,0.0,1.0,0.13,7.58,4,0.0,0.0,589376
2023-11-20 22:00:00,00000000270,20231120220000,0.591,0.001,0.06,0.0,0.0,0.0,1.0,0.17,10.15,4,0.0,0.0,589376
2023-11-20 23:00:00,00000000270,20231120230000,0.071,0.0,0.05,0.0,0.0,0.0,1.0,0.0,70.42,4,0.0,0.0,589376
2023-11-21 00:00:00,00000000270,20231121000000,0.073,0.001,0.051,0.0,0.0,0.0,1.0,1.37,69.86,4,0.0,0.0,589376
2023-11-21 01:00:00,00000000270,20231121010000,0.076,0.001,0.053,0.0,0.0,0.0,1.0,1.32,69.74,4,0.0,0.0,589376
2023-11-21 02:00:00,00000000270,20231121020000,0.159,0.0,0.051,0.0,0.0,0.0,1.0,0.0,32.08,4,0.0,0.0,589376
2023-11-21 03:00:00,00000000270,20231121030000,0.066,0.001,0.056,0.0,0.0,0.0,1.0,1.52,84.85,4,0.0,0.0,589376
2023-11-21 04:00:00,00000000270,20231121040000,0.077,0.0,0.06,0.0,0.0,0.0,1.0,0.0,77.92,4,0.0,0.0,589376
2023-11-21 05:00:00,00000000270,20231121050000,0.122,0.005,0.042,0.0,0.0,0.0,1.0,4.1,34.43,4,0.0,0.0,589376
2023-11-21 06:00:00,00000000270,20231121060000,0.078,0.001,0.05,0.0,0.0,0.0,1.0,1.28,64.1,4,0.0,0.0,589376
2023-11-21 07:00:00,00000000270,20231121070000,0.09,0.001,0.057,0.0,0.0,0.0,1.0,1.11,63.33,4,0.0,0.0,589376
2023-11-21 08:00:00,00000000270,20231121080000,0.074,0.001,0.053,0.0,0.0,0.0,1.0,1.35,71.62,4,0.0,0.0,589376
2023-11-21 09:00:00,00000000270,20231121090000,0.058,0.0,0.053,0.0,0.0,0.0,1.0,0.0,91.38,4,0.0,0.0,589376
2023-11-21 10:00:00,00000000270,20231121100000,0.064,0.001,0.052,0.0,0.0,0.0,1.0,1.56,81.25,4,0.0,0.0,589376
2023-11-21 11:00:00,00000000270,20231121110000,0.07,0.0,0.05,0.0,0.0,0.0,1.0,0.0,71.43,4,0.0,0.0,589376
2023-11-21 12:00:00,00000000270,20231121120000,0.072,0.001,0.052,0.0,0.0,0.0,1.0,1.39,72.22,4,0.0,0.0,589376
2023-11-21 13:00:00,00000000270,20231121130000,0.077,0.001,0.052,0.0,0.0,0.0,1.0,1.3,67.53,4,0.0,0.0,589376
2023-11-21 14:00:00,00000000270,20231121140000,0.057,0.0,0.053,0.0,0.0,0.0,1.0,0.0,92.98,4,0.0,0.0,589376
2023-11-21 15:00:00,00000000270,20231121150000,0.06,0.001,0.053,0.0,0.0,0.0,1.0,1.67,88.33,4,0.0,0.0,589376
2023-11-21 16:00:00,00000000270,20231121160000,0.077,0.0,0.051,0.0,0.0,0.0,1.0,0.0,66.23,4,0.0,0.0,589376
2023-11-21 17:00:00,00000000270,20231121170000,0.086,0.001,0.045,0.0,0.0,0.0,1.0,1.16,52.33,4,0.0,0.0,589376
2023-11-21 18:00:00,00000000270,20231121180000,0.104,0.001,0.049,0.0,0.0,0.0,1.0,0.96,47.12,4,0.0,0.0,589376
2023-11-21 19:00:00,00000000270,20231121190000,0.089,0.0,0.052,0.0,0.0,0.0,1.0,0.0,58.43,4,0.0,0.0,589376
2023-11-21 20:00:00,00000000270,20231121200000,0.199,0.137,0.037,0.0,0.0,0.0,1.0,68.84,18.59,4,0.0,0.0,589376
2023-11-21 21:00:00,00000000270,20231121210000,0.273,0.117,0.032,0.0,0.0,0.0,1.0,42.86,11.72,4,0.0,0.0,589376
2023-11-21 22:00:00,00000000270,20231121220000,0.159,0.0,0.058,0.0,0.0,0.0,1.0,0.0,36.48,4,0.0,0.0,589376
2023-11-21 23:00:00,00000000270,20231121230000,0.138,0.001,0.061,0.0,0.0,0.0,1.0,0.72,44.2,4,0.0,0.0,589376
2023-11-22 00:00:00,00000000270,20231122000000,0.119,0.001,0.059,0.0,0.0,0.0,1.0,0.84,49.58,4,0.0,0.0,589376
2023-11-22 01:00:00,00000000270,20231122010000,0.072,0.0,0.05,0.0,0.0,0.0,1.0,0.0,69.44,4,0.0,0.0,589376
2023-11-22 02:00:00,00000000270,20231122020000,0.061,0.001,0.053,0.0,0.0,0.0,1.0,1.64,86.89,4,0.0,0.0,589376
2023-11-22 03:00:00,00000000270,20231122030000,0.061,0.0,0.054,0.0,0.0,0.0,1.0,0.0,88.52,4,0.0,0.0,589376
2023-11-22 04:00:00,00000000270,20231122040000,0.071,0.001,0.053,0.0,0.0,0.0,1.0,1.41,74.65,4,0.0,0.0,589376
2023-11-22 05:00:00,00000000270,20231122050000,0.071,0.001,0.054,0.0,0.0,0.0,1.0,1.41,76.06,4,0.0,0.0,589376
2023-11-22 06:00:00,00000000270,20231122060000,0.072,0.001,0.052,0.0,0.0,0.0,1.0,1.39,72.22,4,0.0,0.0,589376
2023-11-22 07:00:00,00000000270,20231122070000,0.07,0.0,0.055,0.0,0.0,0.0,1.0,0.0,78.57,4,0.0,0.0,589376
2023-11-22 08:00:00,00000000270,20231122080000,0.153,0.001,0.062,0.0,0.0,0.0,1.0,0.65,40.52,4,0.0,0.0,589376
2023-11-22 09:00:00,00000000270,20231122090000,0.148,0.001,0.057,0.0,0.0,0.0,1.0,0.68,38.51,4,0.0,0.0,589376
2023-11-22 10:00:00,00000000270,20231122100000,0.12,0.0,0.056,0.0,0.0,0.0,1.0,0.0,46.67,4,0.0,0.0,589376
2023-11-22 11:00:00,00000000270,20231122110000,0.083,0.001,0.044,0.0,0.0,0.0,1.0,1.2,53.01,4,0.0,0.0,589376
2023-11-22 12:00:00,00000000270,20231122120000,0.066,0.001,0.051,0.0,0.0,0.0,1.0,1.52,77.27,4,0.0,0.0,589376
2023-11-22 13:00:00,00000000270,20231122130000,0.068,0.0,0.05,0.0,0.0,0.0,1.0,0.0,73.53,4,0.0,0.0,589376
2023-11-22 14:00:00,00000000270,20231122140000,0.067,0.001,0.048,0.0,0.0,0.0,1.0,1.49,71.64,4,0.0,0.0,589376
2023-11-22 15:00:00,00000000270,20231122150000,0.059,0.001,0.052,0.0,0.0,0.0,1.0,1.69,88.14,4,0.0,0.0,589376
2023-11-22 16:00:00,00000000270,20231122160000,0.081,0.0,0.048,0.0,0.0,0.0,1.0,0.0,59.26,4,0.0,0.0,589376
2023-11-22 17:00:00,00000000270,20231122170000,0.075,0.001,0.048,0.0,0.0,0.0,1.0,1.33,64.0,4,0.0,0.0,589376
2023-11-22 18:00:00,00000000270,20231122180000,0.107,0.001,0.048,0.0,0.0,0.0,1.0,0.93,44.86,4,0.0,0.0,589376
2023-11-22 19:00:00,00000000270,20231122190000,0.182,0.117,0.028,0.0,0.0,0.0,1.0,64.29,15.38,4,0.0,0.0,589376
2023-11-22 20:00:00,00000000270,20231122200000,0.153,0.018,0.05,0.0,0.0,0.0,1.0,11.76,32.68,4,0.0,0.0,589376
2023-11-22 21:00:00,00000000270,20231122210000,0.151,0.0,0.053,0.0,0.0,0.0,1.0,0.0,35.1,4,0.0,0.0,589376
2023-11-22 22:00:00,00000000270,20231122220000,0.138,0.001,0.059,0.0,0.0,0.0,1.0,0.72,42.75,4,0.0,0.0,589376
2023-11-22 23:00:00,00000000270,20231122230000,0.231,0.001,0.048,0.0,0.0,0.0,1.0,0.43,20.78,4,0.0,0.0,589376
2023-11-23 00:00:00,00000000270,20231123000000,0.09,0.0,0.05,0.0,0.0,0.0,1.0,0.0,55.56,4,0.0,0.0,589376
2023-11-23 01:00:00,00000000270,20231123010000,0.102,0.001,0.045,0.0,0.0,0.0,1.0,0.98,44.12,4,0.0,0.0,589376
2023-11-23 02:00:00,00000000270,20231123020000,0.077,0.001,0.052,0.0,0.0,0.0,1.0,1.3,67.53,4,0.0,0.0,589376
2023-11-23 03:00:00,00000000270,20231123030000,0.085,0.0,0.049,0.0,0.0,0.0,1.0,0.0,57.65,4,0.0,0.0,589376
2023-11-23 04:00:00,00000000270,20231123040000,0.069,0.001,0.053,0.0,0.0,0.0,1.0,1.45,76.81,4,0.0,0.0,589376
2023-11-23 05:00:00,00000000270,20231123050000,0.079,0.001,0.047,0.0,0.0,0.0,1.0,1.27,59.49,4,0.0,0.0,589376
2023-11-23 06:00:00,00000000270,20231123060000,0.069,0.001,0.052,0.0,0.0,0.0,1.0,1.45,75.36,4,0.0,0.0,589376
2023-11-23 07:00:00,00000000270,20231123070000,0.063,0.0,0.053,0.0,0.0,0.0,1.0,0.0,84.13,4,0.0,0.0,589376
2023-11-23 08:00:00,00000000270,20231123080000,0.072,0.007,0.044,0.0,0.0,0.0,1.0,9.72,61.11,4,0.0,0.0,589376
2023-11-23 09:00:00,00000000270,20231123090000,0.504,0.0,0.053,0.0,0.0,0.0,1.0,0.0,10.52,4,0.0,0.0,589376
2023-11-23 10:00:00,00000000270,20231123100000,0.085,0.001,0.043,0.0,0.0,0.0,1.0,1.18,50.59,4,0.0,0.0,589376
2023-11-23 11:00:00,00000000270,20231123110000,0.071,0.001,0.049,0.0,0.0,0.0,1.0,1.41,69.01,4,0.0,0.0,589376
2023-11-23 12:00:00,00000000270,20231123120000,0.073,0.001,0.05,0.0,0.0,0.0,1.0,1.37,68.49,4,0.0,0.0,589376
2023-11-23 13:00:00,00000000270,20231123130000,0.083,0.0,0.045,0.0,0.0,0.0,1.0,0.0,54.22,4,0.0,0.0,589376
2023-11-23 14:00:00,00000000270,20231123140000,0.065,0.001,0.05,0.0,0.0,0.0,1.0,1.54,76.92,4,0.0,0.0,589376
2023-11-23 15:00:00,00000000270,20231123150000,0.073,0.001,0.047,0.0,0.0,0.0,1.0,1.37,64.38,4,0.0,0.0,589376
2023-11-23 16:00:00,00000000270,20231123160000,0.069,0.0,0.053,0.0,0.0,0.0,1.0,0.0,76.81,4,0.0,0.0,589376
2023-11-23 17:00:00,00000000270,20231123170000,0.061,0.001,0.052,0.0,0.0,0.0,1.0,1.64,85.25,4,0.0,0.0,589376
2023-11-23 18:00:00,00000000270,20231123180000,0.067,0.001,0.048,0.0,0.0,0.0,1.0,1.49,71.64,4,0.0,0.0,589376
2023-11-23 19:00:00,00000000270,20231123190000,0.071,0.001,0.049,0.0,0.0,0.0,1.0,1.41,69.01,4,0.0,0.0,589376
2023-11-23 20:00:00,00000000270,20231123200000,0.076,0.0,0.046,0.0,0.0,0.0,1.0,0.0,60.53,4,0.0,0.0,589376
2023-11-23 21:00:00,00000000270,20231123210000,0.07,0.001,0.049,0.0,0.0,0.0,1.0,1.43,70.0,4,0.0,0.0,589376
2023-11-23 22:00:00,00000000270,20231123220000,0.067,0.001,0.05,0.0,0.0,0.0,1.0,1.49,74.63,4,0.0,0.0,589376
2023-11-23 23:00:00,00000000270,20231123230000,0.076,0.0,0.054,0.0,0.0,0.0,1.0,0.0,71.05,4,0.0,0.0,589376
2023-11-24 00:00:00,00000000270,20231124000000,0.084,0.001,0.055,0.0,0.0,0.0,1.0,1.19,65.48,4,0.0,0.0,589376
2023-11-24 01:00:00,00000000270,20231124010000,0.174,0.001,0.054,0.0,0.0,0.0,1.0,0.57,31.03,4,0.0,0.0,589376
2023-11-24 02:00:00,00000000270,20231124020000,0.077,0.0,0.056,0.0,0.0,0.0,1.0,0.0,72.73,4,0.0,0.0,589376
2023-11-24 03:00:00,00000000270,20231124030000,0.074,0.001,0.057,0.0,0.0,0.0,1.0,1.35,77.03,4,0.0,0.0,589376
2023-11-24 04:00:00,00000000270,20231124040000,0.081,0.001,0.057,0.0,0.0,0.0,1.0,1.23,70.37,4,0.0,0.0,589376
2023-11-24 05:00:00,00000000270,20231124050000,0.088,0.0,0.053,0.0,0.0,0.0,1.0,0.0,60.23,4,0.0,0.0,589376
2023-11-24 06:00:00,00000000270,20231124060000,0.072,0.001,0.05,0.0,0.0,0.0,1.0,1.39,69.44,4,0.0,0.0,589376
2023-11-24 07:00:00,00000000270,20231124070000,0.073,0.001,0.052,0.0,0.0,0.0,1.0,1.37,71.23,4,0.0,0.0,589376
2023-11-24 08:00:00,00000000270,20231124080000,0.073,0.001,0.052,0.0,0.0,0.0,1.0,1.37,71.23,4,0.0,0.0,589376
2023-11-24 09:00:00,00000000270,20231124090000,0.074,0.0,0.051,0.0,0.0,0.0,1.0,0.0,68.92,4,0.0,0.0,589376
2023-11-24 10:00:00,00000000270,20231124100000,0.105,0.001,0.053,0.0,0.0,0.0,1.0,0.95,50.48,4,0.0,0.0,589376
2023-11-24 11:00:00,00000000270,20231124110000,0.088,0.082,0.04,0.0,0.0,0.0,1.0,93.18,45.45,4,0.0,0.0,589376
2023-11-24 12:00:00,00000000270,20231124120000,0.106,0.085,0.036,0.0,0.0,0.0,1.0,80.19,33.96,4,0.0,0.0,589376
2023-11-24 13:00:00,00000000270,20231124130000,0.073,0.001,0.051,0.0,0.0,0.0,1.0,1.37,69.86,4,0.0,0.0,589376
2023-11-24 14:00:00,00000000270,20231124140000,0.093,0.0,0.054,0.0,0.0,0.0,1.0,0.0,58.06,4,0.0,0.0,589376
2023-11-24 15:00:00,00000000270,20231124150000,0.113,0.001,0.057,0.0,0.0,0.0,1.0,0.88,50.44,4,0.0,0.0,589376
2023-11-24 16:00:00,00000000270,20231124160000,0.072,0.001,0.05,0.0,0.0,0.0,1.0,1.39,69.44,4,0.0,0.0,589376
2023-11-24 17:00:00,00000000270,20231124170000,0.057,0.0,0.052,0.0,0.0,0.0,1.0,0.0,91.23,4,0.0,0.0,589376
2023-11-24 18:00:00,00000000270,20231124180000,0.095,0.001,0.054,0.0,0.0,0.0,1.0,1.05,56.84,4,0.0,0.0,589376
2023-11-24 19:00:00,00000000270,20231124190000,0.161,0.001,0.053,0.0,0.0,0.0,1.0,0.62,32.92,4,0.0,0.0,589376
2023-11-24 20:00:00,00000000270,20231124200000,0.132,0.0,0.058,0.0,0.0,0.0,1.0,0.0,43.94,4,0.0,0.0,589376
2023-11-24 21:00:00,00000000270,20231124210000,0.132,0.001,0.06,0.0,0.0,0.0,1.0,0.76,45.45,4,0.0,0.0,589376
2023-11-24 22:00:00,00000000270,20231124220000,0.133,0.001,0.057,0.0,0.0,0.0,1.0,0.75,42.86,4,0.0,0.0,589376
2023-11-24 23:00:00,00000000270,20231124230000,0.076,0.0,0.047,0.0,0.0,0.0,1.0,0.0,61.84,4,0.0,0.0,589376
2023-11-25 00:00:00,00000000270,20231125000000,0.061,0.001,0.052,0.0,0.0,0.0,1.0,1.64,85.25,4,0.0,0.0,589376
2023-11-25 01:00:00,00000000270,20231125010000,0.058,0.001,0.052,0.0,0.0,0.0,1.0,1.72,89.66,4,0.0,0.0,589376
2023-11-25 02:00:00,00000000270,20231125020000,0.151,0.0,0.052,0.0,0.0,0.0,1.0,0.0,34.44,4,0.0,0.0,589376
2023-11-25 03:00:00,00000000270,20231125030000,0.1,0.001,0.049,0.0,0.0,0.0,1.0,1.0,49.0,4,0.0,0.0,589376
2023-11-25 04:00:00,00000000270,20231125040000,0.081,0.001,0.049,0.0,0.0,0.0,1.0,1.23,60.49,4,0.0,0.0,589376
2023-11-25 05:00:00,00000000270,20231125050000,0.077,0.0,0.049,0.0,0.0,0.0,1.0,0.0,63.64,4,0.0,0.0,589376
2023-11-25 06:00:00,00000000270,20231125060000,0.073,0.001,0.052,0.0,0.0,0.0,1.0,1.37,71.23,4,0.0,0.0,589376
2023-11-25 07:00:00,00000000270,20231125070000,0.072,0.001,0.052,0.0,0.0,0.0,1.0,1.39,72.22,4,0.0,0.0,589376
2023-11-25 08:00:00,00000000270,20231125080000,0.061,0.0,0.054,0.0,0.0,0.0,1.0,0.0,88.52,4,0.0,0.0,589376
2023-11-25 09:00:00,00000000270,20231125090000,0.099,0.001,0.057,0.0,0.0,0.0,1.0,1.01,57.58,4,0.0,0.0,589376
2023-11-25 10:00:00,00000000270,20231125100000,0.139,0.0,0.061,0.0,0.0,0.0,1.0,0.0,43.88,4,0.0,0.0,589376
2023-11-25 11:00:00,00000000270,20231125110000,0.104,0.001,0.046,0.0,0.0,0.0,1.0,0.96,44.23,4,0.0,0.0,589376
2023-11-25 12:00:00,00000000270,20231125120000,0.075,0.001,0.051,0.0,0.0,0.0,1.0,1.33,68.0,4,0.0,0.0,589376
2023-11-25 13:00:00,00000000270,20231125130000,0.073,0.0,0.051,0.0,0.0,0.0,1.0,0.0,69.86,4,0.0,0.0,589376
2023-11-25 14:00:00,00000000270,20231125140000,0.068,0.001,0.051,0.0,0.0,0.0,1.0,1.47,75.0,4,0.0,0.0,589376
2023-11-25 15:00:00,00000000270,20231125150000,0.07,0.001,0.053,0.0,0.0,0.0,1.0,1.43,75.71,4,0.0,0.0,589376
2023-11-25 16:00:00,00000000270,20231125160000,0.075,0.0,0.049,0.0,0.0,0.0,1.0,0.0,65.33,4,0.0,0.0,589376
2023-11-25 17:00:00,00000000270,20231125170000,0.098,0.001,0.051,0.0,0.0,0.0,1.0,1.02,52.04,4,0.0,0.0,589376
2023-11-25 18:00:00,00000000270,20231125180000,0.082,0.001,0.054,0.0,0.0,0.0,1.0,1.22,65.85,4,0.0,0.0,589376
2023-11-25 19:00:00,00000000270,20231125190000,0.069,0.0,0.049,0.0,0.0,0.0,1.0,0.0,71.01,4,0.0,0.0,589376
2023-11-25 20:00:00,00000000270,20231125200000,0.178,0.105,0.031,0.0,0.0,0.0,1.0,58.99,17.42,4,0.0,0.0,589376
2023-11-25 21:00:00,00000000270,20231125210000,0.368,0.001,0.063,0.0,0.0,0.0,1.0,0.27,17.12,4,0.0,0.0,589376
2023-11-25 22:00:00,00000000270,20231125220000,0.555,0.115,0.041,0.0,0.0,0.0,1.0,20.72,7.39,4,0.0,0.0,589376
2023-11-25 23:00:00,00000000270,20231125230000,0.315,0.002,0.044,0.0,0.0,0.0,1.0,0.63,13.97,4,0.0,0.0,589376
2023-11-26 00:00:00,00000000270,20231126000000,0.755,0.015,0.005,0.0,0.0,0.0,1.0,1.99,0.66,4,0.0,0.0,589376
2023-11-26 01:00:00,00000000270,20231126010000,0.075,0.001,0.052,0.0,0.0,0.0,1.0,1.33,69.33,4,0.0,0.0,589376
2023-11-26 02:00:00,00000000270,20231126020000,0.063,0.0,0.053,0.0,0.0,0.0,1.0,0.0,84.13,4,0.0,0.0,589376
2023-11-26 03:00:00,00000000270,20231126030000,0.072,0.001,0.052,0.0,0.0,0.0,1.0,1.39,72.22,4,0.0,0.0,589376
2023-11-26 04:00:00,00000000270,20231126040000,0.164,0.001,0.048,0.0,0.0,0.0,1.0,0.61,29.27,4,0.0,0.0,589376
2023-11-26 05:00:00,00000000270,20231126050000,0.08,0.0,0.05,0.0,0.0,0.0,1.0,0.0,62.5,4,0.0,0.0,589376
2023-11-26 06:00:00,00000000270,20231126060000,0.072,0.001,0.05,0.0,0.0,0.0,1.0,1.39,69.44,4,0.0,0.0,589376
2023-11-26 07:00:00,00000000270,20231126070000,0.071,0.001,0.051,0.0,0.0,0.0,1.0,1.41,71.83,4,0.0,0.0,589376
2023-11-26 08:00:00,00000000270,20231126080000,0.07,0.0,0.053,0.0,0.0,0.0,1.0,0.0,75.71,4,0.0,0.0,589376
2023-11-26 09:00:00,00000000270,20231126090000,1.092,0.001,0.029,0.0,0.0,0.0,1.0,0.09,2.66,4,0.0,0.0,589376
2023-11-26 10:00:00,00000000270,20231126100000,0.295,0.001,0.048,0.0,0.0,0.0,1.0,0.34,16.27,4,0.0,0.0,589376
2023-11-26 11:00:00,00000000270,20231126110000,0.093,0.001,0.057,0.0,0.0,0.0,1.0,1.08,61.29,4,0.0,0.0,589376
2023-11-26 12:00:00,00000000270,20231126120000,0.085,0.001,0.056,0.0,0.0,0.0,1.0,1.18,65.88,4,0.0,0.0,589376
2023-11-26 13:00:00,00000000270,20231126130000,0.68,0.0,0.062,0.0,0.0,0.0,1.0,0.0,9.12,4,0.0,0.0,589376
2023-11-26 14:00:00,00000000270,20231126140000,0.221,0.001,0.056,0.0,0.0,0.0,1.0,0.45,25.34,4,0.0,0.0,589376
2023-11-26 15:00:00,00000000270,20231126150000,0.074,0.001,0.05,0.0,0.0,0.0,1.0,1.35,67.57,4,0.0,0.0,589376
2023-11-26 16:00:00,00000000270,20231126160000,0.471,0.002,0.042,0.0,0.0,0.0,1.0,0.42,8.92,4,0.0,0.0,589376
2023-11-26 17:00:00,00000000270,20231126170000,1.151,0.003,0.023,0.0,0.0,0.0,1.0,0.26,2.0,4,0.0,0.0,589376
2023-11-26 18:00:00,00000000270,20231126180000,0.732,0.001,0.034,0.0,0.0,0.0,1.0,0.14,4.64,4,0.0,0.0,589376
2023-11-26 19:00:00,00000000270,20231126190000,0.526,0.012,0.008,0.0,0.0,0.0,1.0,2.28,1.52,4,0.0,0.0,589376
2023-11-26 20:00:00,00000000270,20231126200000,0.538,0.007,0.007,0.0,0.0,0.0,1.0,1.3,1.3,4,0.0,0.0,589376
2023-11-26 21:00:00,00000000270,20231126210000,0.494,0.009,0.008,0.0,0.0,0.0,1.0,1.82,1.62,4,0.0,0.0,589376
2023-11-26 22:00:00,00000000270,20231126220000,0.106,0.002,0.045,0.0,0.0,0.0,1.0,1.89,42.45,4,0.0,0.0,589376
2023-11-26 23:00:00,00000000270,20231126230000,0.068,0.0,0.049,0.0,0.0,0.0,1.0,0.0,72.06,4,0.0,0.0,589376
2023-11-27 00:00:00,00000000270,20231127000000,0.059,0.001,0.053,0.0,0.0,0.0,1.0,1.69,89.83,4,0.0,0.0,589376
2023-11-27 01:00:00,00000000270,20231127010000,0.055,0.001,0.053,0.0,0.0,0.0,1.0,1.82,96.36,4,0.0,0.0,589376
2023-11-27 02:00:00,00000000270,20231127020000,0.064,0.001,0.053,0.0,0.0,0.0,1.0,1.56,82.81,4,0.0,0.0,589376
2023-11-27 03:00:00,00000000270,20231127030000,0.068,0.0,0.053,0.0,0.0,0.0,1.0,0.0,77.94,4,0.0,0.0,589376
2023-11-27 04:00:00,00000000270,20231127040000,0.07,0.001,0.052,0.0,0.0,0.0,1.0,1.43,74.29,4,0.0,0.0,589376
2023-11-27 05:00:00,00000000270,20231127050000,0.112,0.001,0.055,0.0,0.0,0.0,1.0,0.89,49.11,4,0.0,0.0,589376
2023-11-27 06:00:00,00000000270,20231127060000,0.11,0.001,0.048,0.0,0.0,0.0,1.0,0.91,43.64,4,0.0,0.0,589376
2023-11-27 07:00:00,00000000270,20231127070000,0.075,0.0,0.052,0.0,0.0,0.0,1.0,0.0,69.33,4,0.0,0.0,589376
2023-11-27 08:00:00,00000000270,20231127080000,0.09,0.001,0.052,0.0,0.0,0.0,1.0,1.11,57.78,4,0.0,0.0,589376
2023-11-27 09:00:00,00000000270,20231127090000,0.063,0.001,0.05,0.0,0.0,0.0,1.0,1.59,79.37,4,0.0,0.0,589376
2023-11-27 10:00:00,00000000270,20231127100000,0.073,0.001,0.05,0.0,0.0,0.0,1.0,1.37,68.49,4,0.0,0.0,589376
2023-11-27 11:00:00,00000000270,20231127110000,0.071,0.0,0.047,0.0,0.0,0.0,1.0,0.0,66.2,4,0.0,0.0,589376
2023-11-27 12:00:00,00000000270,20231127120000,0.059,0.001,0.054,0.0,0.0,0.0,1.0,1.69,91.53,4,0.0,0.0,589376
2023-11-27 13:00:00,00000000270,20231127130000,0.073,0.0,0.048,0.0,0.0,0.0,1.0,0.0,65.75,4,0.0,0.0,589376
2023-11-27 14:00:00,00000000270,20231127140000,0.073,0.001,0.052,0.0,0.0,0.0,1.0,1.37,71.23,4,0.0,0.0,589376
2023-11-27 15:00:00,00000000270,20231127150000,0.076,0.0,0.059,0.0,0.0,0.0,1.0,0.0,77.63,4,0.0,0.0,589376
2023-11-27 16:00:00,00000000270,20231127160000,0.071,0.001,0.054,0.0,0.0,0.0,1.0,1.41,76.06,4,0.0,0.0,589376
2023-11-27 17:00:00,00000000270,20231127170000,0.051,0.0,0.036,0.0,0.0,0.0,1.0,0.0,70.59,4,0.0,0.0,589376
2023-11-27 18:00:00,00000000270,20231127180000,0.067,0.0,0.047,0.0,0.0,0.0,1.0,0.0,70.15,4,0.0,0.0,589376
2023-11-27 19:00:00,00000000270,20231127190000,0.072,0.001,0.048,0.0,0.0,0.0,1.0,1.39,66.67,4,0.0,0.0,589376
2023-11-27 20:00:00,00000000270,20231127200000,0.187,0.003,0.04,0.0,0.0,0.0,1.0,1.6,21.39,4,0.0,0.0,589376
2023-11-27 21:00:00,00000000270,20231127210000,0.046,0.001,0.054,0.0,0.0,0.0,1.0,2.17,117.39,4,0.0,0.0,589376
2023-11-27 22:00:00,00000000270,20231127220000,0.062,0.0,0.049,0.0,0.0,0.0,1.0,0.0,79.03,4,0.0,0.0,589376
2023-11-27 23:00:00,00000000270,20231127230000,0.062,0.001,0.049,0.0,0.0,0.0,1.0,1.61,79.03,4,0.0,0.0,589376
2023-11-28 00:00:00,00000000270,20231128000000,0.057,0.0,0.049,0.0,0.0,0.0,1.0,0.0,85.96,4,0.0,0.0,589376
2023-11-28 01:00:00,00000000270,20231128010000,0.031,0.001,0.059,0.0,0.0,0.0,1.0,3.23,190.32,4,0.0,0.0,589376
2023-11-28 02:00:00,00000000270,20231128020000,0.066,0.001,0.051,0.0,0.0,0.0,1.0,1.52,77.27,4,0.0,0.0,589376
2023-11-28 03:00:00,00000000270,20231128030000,0.065,0.001,0.051,0.0,0.0,0.0,1.0,1.54,78.46,4,0.0,0.0,589376
2023-11-28 04:00:00,00000000270,20231128040000,0.049,0.0,0.058,0.0,0.0,0.0,1.0,0.0,118.37,4,0.0,0.0,589376
2023-11-28 05:00:00,00000000270,20231128050000,0.045,0.001,0.053,0.0,0.0,0.0,1.0,2.22,117.78,4,0.0,0.0,589376
2023-11-28 06:00:00,00000000270,20231128060000,0.071,0.001,0.052,0.0,0.0,0.0,1.0,1.41,73.24,4,0.0,0.0,589376
2023-11-28 07:00:00,00000000270,20231128070000,0.137,0.001,0.053,0.0,0.0,0.0,1.0,0.73,38.69,4,0.0,0.0,589376
2023-11-28 08:00:00,00000000270,20231128080000,0.065,0.001,0.051,0.0,0.0,0.0,1.0,1.54,78.46,4,0.0,0.0,589376
2023-11-28 09:00:00,00000000270,20231128090000,0.054,0.0,0.05,0.0,0.0,0.0,1.0,0.0,92.59,4,0.0,0.0,589376
2023-11-28 10:00:00,00000000270,20231128100000,0.054,0.001,0.054,0.0,0.0,0.0,1.0,1.85,100.0,4,0.0,0.0,589376
2023-11-28 11:00:00,00000000270,20231128110000,0.063,0.001,0.047,0.0,0.0,0.0,1.0,1.59,74.6,4,0.0,0.0,589376
2023-11-28 12:00:00,00000000270,20231128120000,0.05,0.0,0.054,0.0,0.0,0.0,1.0,0.0,108.0,4,0.0,0.0,589376
2023-11-28 13:00:00,00000000270,20231128130000,0.049,0.001,0.05,0.0,0.0,0.0,1.0,2.04,102.04,4,0.0,0.0,589376
2023-11-28 14:00:00,00000000270,20231128140000,0.052,0.0,0.048,0.0,0.0,0.0,1.0,0.0,92.31,4,0.0,0.0,589376
2023-11-28 15:00:00,00000000270,20231128150000,0.049,0.001,0.053,0.0,0.0,0.0,1.0,2.04,108.16,4,0.0,0.0,589376
2023-11-28 16:00:00,00000000270,20231128160000,0.076,0.0,0.048,0.0,0.0,0.0,1.0,0.0,63.16,4,0.0,0.0,589376
2023-11-28 17:00:00,00000000270,20231128170000,0.059,0.001,0.049,0.0,0.0,0.0,1.0,1.69,83.05,4,0.0,0.0,589376
2023-11-28 18:00:00,00000000270,20231128180000,0.058,0.0,0.047,0.0,0.0,0.0,1.0,0.0,81.03,4,0.0,0.0,589376
2023-11-28 19:00:00,00000000270,20231128190000,0.074,0.0,0.04,0.0,0.0,0.0,1.0,0.0,54.05,4,0.0,0.0,589376
2023-11-28 20:00:00,00000000270,20231128200000,0.062,0.001,0.049,0.0,0.0,0.0,1.0,1.61,79.03,4,0.0,0.0,589376
2023-11-28 21:00:00,00000000270,20231128210000,0.056,0.0,0.048,0.0,0.0,0.0,1.0,0.0,85.71,4,0.0,0.0,589376
2023-11-28 22:00:00,00000000270,20231128220000,0.036,0.001,0.056,0.0,0.0,0.0,1.0,2.78,155.56,4,0.0,0.0,589376
2023-11-28 23:00:00,00000000270,20231128230000,0.056,0.001,0.053,0.0,0.0,0.0,1.0,1.79,94.64,4,0.0,0.0,589376
2023-11-29 00:00:00,00000000270,20231129000000,0.065,0.001,0.05,0.0,0.0,0.0,1.0,1.54,76.92,4,0.0,0.0,589376
2023-11-29 01:00:00,00000000270,20231129010000,0.062,0.0,0.052,0.0,0.0,0.0,1.0,0.0,83.87,4,0.0,0.0,589376
2023-11-29 02:00:00,00000000270,20231129020000,0.044,0.001,0.054,0.0,0.0,0.0,1.0,2.27,122.73,4,0.0,0.0,589376
2023-11-29 03:00:00,00000000270,20231129030000,0.057,0.001,0.052,0.0,0.0,0.0,1.0,1.75,91.23,4,0.0,0.0,589376
2023-11-29 04:00:00,00000000270,20231129040000,0.064,0.001,0.053,0.0,0.0,0.0,1.0,1.56,82.81,4,0.0,0.0,589376
2023-11-29 05:00:00,00000000270,20231129050000,0.06,0.0,0.051,0.0,0.0,0.0,1.0,0.0,85.0,4,0.0,0.0,589376
2023-11-29 06:00:00,00000000270,20231129060000,0.057,0.001,0.053,0.0,0.0,0.0,1.0,1.75,92.98,4,0.0,0.0,589376
2023-11-29 07:00:00,00000000270,20231129070000,0.038,0.001,0.055,0.0,0.0,0.0,1.0,2.63,144.74,4,0.0,0.0,589376
2023-11-29 08:00:00,00000000270,20231129080000,0.14,0.001,0.055,0.0,0.0,0.0,1.0,0.71,39.29,4,0.0,0.0,589376
2023-11-29 09:00:00,00000000270,20231129090000,0.07,0.0,0.054,0.0,0.0,0.0,1.0,0.0,77.14,4,0.0,0.0,589376
2023-11-29 10:00:00,00000000270,20231129100000,0.054,0.001,0.055,0.0,0.0,0.0,1.0,1.85,101.85,4,0.0,0.0,589376
2023-11-29 11:00:00,00000000270,20231129110000,0.051,0.0,0.057,0.0,0.0,0.0,1.0,0.0,111.76,4,0.0,0.0,589376
2023-11-29 12:00:00,00000000270,20231129120000,0.051,0.001,0.057,0.0,0.0,0.0,1.0,1.96,111.76,4,0.0,0.0,589376
2023-11-29 13:00:00,00000000270,20231129130000,0.047,0.001,0.059,0.0,0.0,0.0,1.0,2.13,125.53,4,0.0,0.0,589376
2023-11-29 14:00:00,00000000270,20231129140000,0.033,0.0,0.058,0.0,0.0,0.0,1.0,0.0,175.76,4,0.0,0.0,589376
2023-11-29 15:00:00,00000000270,20231129150000,0.054,0.001,0.056,0.0,0.0,0.0,1.0,1.85,103.7,4,0.0,0.0,589376
2023-11-29 16:00:00,00000000270,20231129160000,0.053,0.001,0.056,0.0,0.0,0.0,1.0,1.89,105.66,4,0.0,0.0,589376
2023-11-29 17:00:00,00000000270,20231129170000,0.051,0.0,0.055,0.0,0.0,0.0,1.0,0.0,107.84,4,0.0,0.0,589376
2023-11-29 18:00:00,00000000270,20231129180000,0.046,0.001,0.055,0.0,0.0,0.0,1.0,2.17,119.57,4,0.0,0.0,589376
2023-11-29 19:00:00,00000000270,20231129190000,0.036,0.001,0.055,0.0,0.0,0.0,1.0,2.78,152.78,4,0.0,0.0,589376
2023-11-29 20:00:00,00000000270,20231129200000,0.046,0.0,0.055,0.0,0.0,0.0,1.0,0.0,119.57,4,0.0,0.0,589376
2023-11-29 21:00:00,00000000270,20231129210000,0.055,0.001,0.056,0.0,0.0,0.0,1.0,1.82,101.82,4,0.0,0.0,589376
2023-11-29 22:00:00,00000000270,20231129220000,0.051,0.001,0.056,0.0,0.0,0.0,1.0,1.96,109.8,4,0.0,0.0,589376
2023-11-29 23:00:00,00000000270,20231129230000,0.047,0.0,0.057,0.0,0.0,0.0,1.0,0.0,121.28,4,0.0,0.0,589376
2023-11-30 00:00:00,00000000270,20231130000000,0.038,0.001,0.059,0.0,0.0,0.0,1.0,2.63,155.26,4,0.0,0.0,589376
2023-11-30 01:00:00,00000000270,20231130010000,0.046,0.001,0.057,0.0,0.0,0.0,1.0,2.17,123.91,4,0.0,0.0,589376
2023-11-30 02:00:00,00000000270,20231130020000,0.054,0.0,0.058,0.0,0.0,0.0,1.0,0.0,107.41,4,0.0,0.0,589376
2023-11-30 03:00:00,00000000270,20231130030000,0.054,0.001,0.059,0.0,0.0,0.0,1.0,1.85,109.26,4,0.0,0.0,589376
2023-11-30 04:00:00,00000000270,20231130040000,0.047,0.001,0.058,0.0,0.0,0.0,1.0,2.13,123.4,4,0.0,0.0,589376
2023-11-30 05:00:00,00000000270,20231130050000,0.038,0.0,0.061,0.0,0.0,0.0,1.0,0.0,160.53,4,0.0,0.0,589376
2023-11-30 06:00:00,00000000270,20231130060000,0.045,0.001,0.057,0.0,0.0,0.0,1.0,2.22,126.67,4,0.0,0.0,589376
2023-11-30 07:00:00,00000000270,20231130070000,0.055,0.001,0.057,0.0,0.0,0.0,1.0,1.82,103.64,4,0.0,0.0,589376
2023-11-30 08:00:00,00000000270,20231130080000,0.051,0.0,0.057,0.0,0.0,0.0,1.0,0.0,111.76,4,0.0,0.0,589376
2023-11-30 09:00:00,00000000270,20231130090000,0.048,0.001,0.056,0.0,0.0,0.0,1.0,2.08,116.67,4,0.0,0.0,589376
2023-11-30 10:00:00,00000000270,20231130100000,0.138,0.001,0.055,0.0,0.0,0.0,1.0,0.72,39.86,4,0.0,0.0,589376
2023-11-30 11:00:00,00000000270,20231130110000,0.051,0.0,0.056,0.0,0.0,0.0,1.0,0.0,109.8,4,0.0,0.0,589376
2023-11-30 12:00:00,00000000270,20231130120000,0.058,0.001,0.056,0.0,0.0,0.0,1.0,1.72,96.55,4,0.0,0.0,589376
2023-11-30 13:00:00,00000000270,20231130130000,0.051,0.001,0.057,0.0,0.0,0.0,1.0,1.96,111.76,4,0.0,0.0,589376
2023-11-30 14:00:00,00000000270,20231130140000,0.054,0.0,0.056,0.0,0.0,0.0,1.0,0.0,103.7,4,0.0,0.0,589376
2023-11-30 15:00:00,00000000270,20231130150000,0.055,0.001,0.057,0.0,0.0,0.0,1.0,1.82,103.64,4,0.0,0.0,589376
2023-11-30 16:00:00,00000000270,20231130160000,0.039,0.001,0.058,0.0,0.0,0.0,1.0,2.56,148.72,4,0.0,0.0,589376
2023-11-30 17:00:00,00000000270,20231130170000,0.039,0.0,0.057,0.0,0.0,0.0,1.0,0.0,146.15,4,0.0,0.0,589376
2023-11-30 18:00:00,00000000270,20231130180000,0.054,0.001,0.053,0.0,0.0,0.0,1.0,1.85,98.15,4,0.0,0.0,589376
2023-11-30 19:00:00,00000000270,20231130190000,0.05,0.0,0.052,0.0,0.0,0.0,1.0,0.0,104.0,4,0.0,0.0,589376
2023-11-30 20:00:00,00000000270,20231130200000,0.053,0.001,0.053,0.0,0.0,0.0,1.0,1.89,100.0,4,0.0,0.0,589376
2023-11-30 21:00:00,00000000270,20231130210000,0.052,0.001,0.054,0.0,0.0,0.0,1.0,1.92,103.85,4,0.0,0.0,589376
2023-11-30 22:00:00,00000000270,20231130220000,0.031,0.0,0.056,0.0,0.0,0.0,1.0,0.0,180.65,4,0.0,0.0,589376
2023-11-30 23:00:00,00000000270,20231130230000,0.049,0.001,0.057,0.0,0.0,0.0,1.0,2.04,116.33,4,0.0,0.0,589376
2023-12-01 00:00:00,00000000270,20231201000000,0.052,0.001,0.057,0.0,0.0,0.0,1.0,1.92,109.62,4,0.0,0.0,589376
2023-12-01 01:00:00,00000000270,20231201010000,0.052,0.0,0.058,0.0,0.0,0.0,1.0,0.0,111.54,4,0.0,0.0,589376
2023-12-01 02:00:00,00000000270,20231201020000,0.055,0.001,0.058,0.0,0.0,0.0,1.0,1.82,105.45,4,0.0,0.0,589376
2023-12-01 03:00:00,00000000270,20231201030000,0.042,0.001,0.06,0.0,0.0,0.0,1.0,2.38,142.86,4,0.0,0.0,589376
2023-12-01 04:00:00,00000000270,20231201040000,0.036,0.0,0.061,0.0,0.0,0.0,1.0,0.0,169.44,4,0.0,0.0,589376
2023-12-01 05:00:00,00000000270,20231201050000,0.057,0.001,0.06,0.0,0.0,0.0,1.0,1.75,105.26,4,0.0,0.0,589376
2023-12-01 06:00:00,00000000270,20231201060000,0.053,0.001,0.058,0.0,0.0,0.0,1.0,1.89,109.43,4,0.0,0.0,589376
2023-12-01 07:00:00,00000000270,20231201070000,0.054,0.0,0.058,0.0,0.0,0.0,1.0,0.0,107.41,4,0.0,0.0,589376
2023-12-01 08:00:00,00000000270,20231201080000,0.045,0.001,0.059,0.0,0.0,0.0,1.0,2.22,131.11,4,0.0,0.0,589376
2023-12-01 09:00:00,00000000270,20231201090000,0.035,0.001,0.059,0.0,0.0,0.0,1.0,2.86,168.57,4,0.0,0.0,589376
2023-12-01 10:00:00,00000000270,20231201100000,0.054,0.0,0.058,0.0,0.0,0.0,1.0,0.0,107.41,4,0.0,0.0,589376
2023-12-01 11:00:00,00000000270,20231201110000,0.116,0.001,0.057,0.0,0.0,0.0,1.0,0.86,49.14,4,0.0,0.0,589376
2023-12-01 12:00:00,00000000270,20231201120000,0.095,0.0,0.055,0.0,0.0,0.0,1.0,0.0,57.89,4,0.0,0.0,589376
2023-12-01 13:00:00,00000000270,20231201130000,0.059,0.001,0.058,0.0,0.0,0.0,1.0,1.69,98.31,4,0.0,0.0,589376
2023-12-01 14:00:00,00000000270,20231201140000,0.045,0.001,0.058,0.0,0.0,0.0,1.0,2.22,128.89,4,0.0,0.0,589376
2023-12-01 15:00:00,00000000270,20231201150000,0.039,0.0,0.059,0.0,0.0,0.0,1.0,0.0,151.28,4,0.0,0.0,589376
2023-12-01 16:00:00,00000000270,20231201160000,0.049,0.001,0.058,0.0,0.0,0.0,1.0,2.04,118.37,4,0.0,0.0,589376
2023-12-01 17:00:00,00000000270,20231201170000,0.051,0.001,0.055,0.0,0.0,0.0,1.0,1.96,107.84,4,0.0,0.0,589376
2023-12-01 18:00:00,00000000270,20231201180000,0.053,0.0,0.053,0.0,0.0,0.0,1.0,0.0,100.0,4,0.0,0.0,589376
2023-12-01 19:00:00,00000000270,20231201190000,0.054,0.001,0.054,0.0,0.0,0.0,1.0,1.85,100.0,4,0.0,0.0,589376
2023-12-01 20:00:00,00000000270,20231201200000,0.051,0.001,0.054,0.0,0.0,0.0,1.0,1.96,105.88,4,0.0,0.0,589376
2023-12-01 21:00:00,00000000270,20231201210000,0.049,0.0,0.055,0.0,0.0,0.0,1.0,0.0,112.24,4,0.0,0.0,589376
2023-12-01 22:00:00,00000000270,20231201220000,0.036,0.001,0.057,0.0,0.0,0.0,1.0,2.78,158.33,4,0.0,0.0,589376
2023-12-01 23:00:00,00000000270,20231201230000,0.048,0.001,0.058,0.0,0.0,0.0,1.0,2.08,120.83,4,0.0,0.0,589376
2023-12-02 00:00:00,00000000270,20231202000000,0.054,0.0,0.057,0.0,0.0,0.0,1.0,0.0,105.56,4,0.0,0.0,589376
2023-12-02 01:00:00,00000000270,20231202010000,0.052,0.001,0.057,0.0,0.0,0.0,1.0,1.92,109.62,4,0.0,0.0,589376
2023-12-02 02:00:00,00000000270,20231202020000,0.054,0.001,0.058,0.0,0.0,0.0,1.0,1.85,107.41,4,0.0,0.0,589376
2023-12-02 03:00:00,00000000270,20231202030000,0.054,0.0,0.06,0.0,0.0,0.0,1.0,0.0,111.11,4,0.0,0.0,589376
2023-12-02 04:00:00,00000000270,20231202040000,0.05,0.001,0.059,0.0,0.0,0.0,1.0,2.0,118.0,4,0.0,0.0,589376
2023-12-02 05:00:00,00000000270,20231202050000,0.042,0.0,0.059,0.0,0.0,0.0,1.0,0.0,140.48,4,0.0,0.0,589376
2023-12-02 06:00:00,00000000270,20231202060000,0.041,0.001,0.059,0.0,0.0,0.0,1.0,2.44,143.9,4,0.0,0.0,589376
2023-12-02 07:00:00,00000000270,20231202070000,0.05,0.001,0.059,0.0,0.0,0.0,1.0,2.0,118.0,4,0.0,0.0,589376
2023-12-02 08:00:00,00000000270,20231202080000,0.055,0.0,0.059,0.0,0.0,0.0,1.0,0.0,107.27,4,0.0,0.0,589376
2023-12-02 09:00:00,00000000270,20231202090000,0.053,0.001,0.058,0.0,0.0,0.0,1.0,1.89,109.43,4,0.0,0.0,589376
2023-12-02 10:00:00,00000000270,20231202100000,0.053,0.001,0.056,0.0,0.0,0.0,1.0,1.89,105.66,4,0.0,0.0,589376
2023-12-02 11:00:00,00000000270,20231202110000,0.049,0.0,0.057,0.0,0.0,0.0,1.0,0.0,116.33,4,0.0,0.0,589376
2023-12-02 12:00:00,00000000270,20231202120000,0.037,0.001,0.059,0.0,0.0,0.0,1.0,2.7,159.46,4,0.0,0.0,589376
2023-12-02 13:00:00,00000000270,20231202130000,0.14,0.001,0.056,0.0,0.0,0.0,1.0,0.71,40.0,4,0.0,0.0,589376
2023-12-02 14:00:00,00000000270,20231202140000,0.071,0.0,0.056,0.0,0.0,0.0,1.0,0.0,78.87,4,0.0,0.0,589376
2023-12-02 15:00:00,00000000270,20231202150000,0.056,0.001,0.057,0.0,0.0,0.0,1.0,1.79,101.79,4,0.0,0.0,589376
2023-12-02 16:00:00,00000000270,20231202160000,0.053,0.0,0.057,0.0,0.0,0.0,1.0,0.0,107.55,4,0.0,0.0,589376
2023-12-02 17:00:00,00000000270,20231202170000,0.033,0.007,0.035,0.0,0.0,0.0,1.0,21.21,106.06,4,0.0,0.0,589376
2023-12-02 18:00:00,00000000270,20231202180000,0.062,0.001,0.053,0.0,0.0,0.0,1.0,1.61,85.48,4,0.0,0.0,589376
2023-12-02 19:00:00,00000000270,20231202190000,0.054,0.0,0.054,0.0,0.0,0.0,1.0,0.0,100.0,4,0.0,0.0,589376
2023-12-02 20:00:00,00000000270,20231202200000,0.053,0.001,0.055,0.0,0.0,0.0,1.0,1.89,103.77,4,0.0,0.0,589376
2023-12-02 21:00:00,00000000270,20231202210000,0.052,0.001,0.057,0.0,0.0,0.0,1.0,1.92,109.62,4,0.0,0.0,589376
2023-12-02 22:00:00,00000000270,20231202220000,0.053,0.0,0.056,0.0,0.0,0.0,1.0,0.0,105.66,4,0.0,0.0,589376
2023-12-02 23:00:00,00000000270,20231202230000,0.049,0.001,0.057,0.0,0.0,0.0,1.0,2.04,116.33,4,0.0,0.0,589376
2023-12-03 00:00:00,00000000270,20231203000000,0.044,0.0,0.059,0.0,0.0,0.0,1.0,0.0,134.09,4,0.0,0.0,589376
2023-12-03 01:00:00,00000000270,20231203010000,0.042,0.001,0.059,0.0,0.0,0.0,1.0,2.38,140.48,4,0.0,0.0,589376
2023-12-03 02:00:00,00000000270,20231203020000,0.052,0.001,0.059,0.0,0.0,0.0,1.0,1.92,113.46,4,0.0,0.0,589376
2023-12-03 03:00:00,00000000270,20231203030000,0.054,0.0,0.059,0.0,0.0,0.0,1.0,0.0,109.26,4,0.0,0.0,589376
2023-12-03 04:00:00,00000000270,20231203040000,0.055,0.001,0.059,0.0,0.0,0.0,1.0,1.82,107.27,4,0.0,0.0,589376
2023-12-03 05:00:00,00000000270,20231203050000,0.054,0.001,0.058,0.0,0.0,0.0,1.0,1.85,107.41,4,0.0,0.0,589376
2023-12-03 06:00:00,00000000270,20231203060000,0.055,0.0,0.058,0.0,0.0,0.0,1.0,0.0,105.45,4,0.0,0.0,589376
2023-12-03 07:00:00,00000000270,20231203070000,0.046,0.001,0.059,0.0,0.0,0.0,1.0,2.17,128.26,4,0.0,0.0,589376
2023-12-03 08:00:00,00000000270,20231203080000,0.042,0.0,0.061,0.0,0.0,0.0,1.0,0.0,145.24,4,0.0,0.0,589376
2023-12-03 09:00:00,00000000270,20231203090000,0.048,0.001,0.059,0.0,0.0,0.0,1.0,2.08,122.92,4,0.0,0.0,589376
2023-12-03 10:00:00,00000000270,20231203100000,0.055,0.001,0.058,0.0,0.0,0.0,1.0,1.82,105.45,4,0.0,0.0,589376
2023-12-03 11:00:00,00000000270,20231203110000,0.053,0.0,0.058,0.0,0.0,0.0,1.0,0.0,109.43,4,0.0,0.0,589376
2023-12-03 12:00:00,00000000270,20231203120000,0.055,0.001,0.057,0.0,0.0,0.0,1.0,1.82,103.64,4,0.0,0.0,589376
2023-12-03 13:00:00,00000000270,20231203130000,0.054,0.0,0.058,0.0,0.0,0.0,1.0,0.0,107.41,4,0.0,0.0,589376
2023-12-03 14:00:00,00000000270,20231203140000,0.053,0.001,0.057,0.0,0.0,0.0,1.0,1.89,107.55,4,0.0,0.0,589376
2023-12-03 15:00:00,00000000270,20231203150000,0.146,0.001,0.056,0.0,0.0,0.0,1.0,0.68,38.36,4,0.0,0.0,589376
2023-12-03 16:00:00,00000000270,20231203160000,0.051,0.0,0.057,0.0,0.0,0.0,1.0,0.0,111.76,4,0.0,0.0,589376
2023-12-03 17:00:00,00000000270,20231203170000,0.051,0.001,0.056,0.0,0.0,0.0,1.0,1.96,109.8,4,0.0,0.0,589376
2023-12-03 18:00:00,00000000270,20231203180000,0.048,0.0,0.055,0.0,0.0,0.0,1.0,0.0,114.58,4,0.0,0.0,589376
2023-12-03 19:00:00,00000000270,20231203190000,0.054,0.001,0.055,0.0,0.0,0.0,1.0,1.85,101.85,4,0.0,0.0,589376
2023-12-03 20:00:00,00000000270,20231203200000,0.054,0.0,0.055,0.0,0.0,0.0,1.0,0.0,101.85,4,0.0,0.0,589376
2023-12-03 21:00:00,00000000270,20231203210000,0.054,0.001,0.056,0.0,0.0,0.0,1.0,1.85,103.7,4,0.0,0.0,589376
2023-12-03 22:00:00,00000000270,20231203220000,0.053,0.001,0.058,0.0,0.0,0.0,1.0,1.89,109.43,4,0.0,0.0,589376
2023-12-03 23:00:00,00000000270,20231203230000,0.055,0.0,0.057,0.0,0.0,0.0,1.0,0.0,103.64,4,0.0,0.0,589376
2023-12-04 00:00:00,00000000270,20231204000000,0.052,0.001,0.057,0.0,0.0,0.0,1.0,1.92,109.62,4,0.0,0.0,589376
2023-12-04 01:00:00,00000000270,20231204010000,0.055,0.0,0.059,0.0,0.0,0.0,1.0,0.0,107.27,4,0.0,0.0,589376
2023-12-04 02:00:00,00000000270,20231204020000,0.053,0.001,0.059,0.0,0.0,0.0,1.0,1.89,111.32,4,0.0,0.0,589376
2023-12-04 03:00:00,00000000270,20231204030000,0.051,0.001,0.059,0.0,0.0,0.0,1.0,1.96,115.69,4,0.0,0.0,589376
2023-12-04 04:00:00,00000000270,20231204040000,0.048,0.0,0.06,0.0,0.0,0.0,1.0,0.0,125.0,4,0.0,0.0,589376
2023-12-04 05:00:00,00000000270,20231204050000,0.042,0.001,0.061,0.0,0.0,0.0,1.0,2.38,145.24,4,0.0,0.0,589376
2023-12-04 06:00:00,00000000270,20231204060000,0.045,0.0,0.059,0.0,0.0,0.0,1.0,0.0,131.11,4,0.0,0.0,589376
2023-12-04 07:00:00,00000000270,20231204070000,0.054,0.001,0.057,0.0,0.0,0.0,1.0,1.85,105.56,4,0.0,0.0,589376
2023-12-04 08:00:00,00000000270,20231204080000,0.055,0.001,0.057,0.0,0.0,0.0,1.0,1.82,103.64,4,0.0,0.0,589376
2023-12-04 09:00:00,00000000270,20231204090000,0.052,0.0,0.057,0.0,0.0,0.0,1.0,0.0,109.62,4,0.0,0.0,589376
2023-12-04 10:00:00,00000000270,20231204100000,0.054,0.001,0.055,0.0,0.0,0.0,1.0,1.85,101.85,4,0.0,0.0,589376
2023-12-04 11:00:00,00000000270,20231204110000,0.051,0.0,0.055,0.0,0.0,0.0,1.0,0.0,107.84,4,0.0,0.0,589376
2023-12-04 12:00:00,00000000270,20231204120000,0.041,0.001,0.056,0.0,0.0,0.0,1.0,2.44,136.59,4,0.0,0.0,589376
2023-12-04 13:00:00,00000000270,20231204130000,0.044,0.001,0.056,0.0,0.0,0.0,1.0,2.27,127.27,4,0.0,0.0,589376
2023-12-04 14:00:00,00000000270,20231204140000,0.047,0.0,0.055,0.0,0.0,0.0,1.0,0.0,117.02,4,0.0,0.0,589376
2023-12-04 15:00:00,00000000270,20231204150000,0.052,0.001,0.054,0.0,0.0,0.0,1.0,1.92,103.85,4,0.0,0.0,589376
2023-12-04 16:00:00,00000000270,20231204160000,0.105,0.001,0.054,0.0,0.0,0.0,1.0,0.95,51.43,4,0.0,0.0,589376
2023-12-04 17:00:00,00000000270,20231204170000,0.107,0.0,0.051,0.0,0.0,0.0,1.0,0.0,47.66,4,0.0,0.0,589376
2023-12-04 18:00:00,00000000270,20231204180000,0.053,0.001,0.052,0.0,0.0,0.0,1.0,1.89,98.11,4,0.0,0.0,589376
2023-12-04 19:00:00,00000000270,20231204190000,0.046,0.0,0.052,0.0,0.0,0.0,1.0,0.0,113.04,4,0.0,0.0,589376
2023-12-04 20:00:00,00000000270,20231204200000,0.04,0.001,0.055,0.0,0.0,0.0,1.0,2.5,137.5,4,0.0,0.0,589376
2023-12-04 21:00:00,00000000270,20231204210000,0.04,0.0,0.054,0.0,0.0,0.0,1.0,0.0,135.0,4,0.0,0.0,589376
2023-12-04 22:00:00,00000000270,20231204220000,0.052,0.0,0.055,0.0,0.0,0.0,1.0,0.0,105.77,4,0.0,0.0,589376
2023-12-04 23:00:00,00000000270,20231204230000,0.052,0.001,0.054,0.0,0.0,0.0,1.0,1.92,103.85,4,0.0,0.0,589376
2023-12-05 00:00:00,00000000270,20231205000000,0.053,0.001,0.055,0.0,0.0,0.0,1.0,1.89,103.77,4,0.0,0.0,589376
2023-12-05 01:00:00,00000000270,20231205010000,0.054,0.0,0.058,0.0,0.0,0.0,1.0,0.0,107.41,4,0.0,0.0,589376
2023-12-05 02:00:00,00000000270,20231205020000,0.04,0.001,0.058,0.0,0.0,0.0,1.0,2.5,145.0,4,0.0,0.0,589376
2023-12-05 03:00:00,00000000270,20231205030000,0.044,0.001,0.059,0.0,0.0,0.0,1.0,2.27,134.09,4,0.0,0.0,589376
2023-12-05 04:00:00,00000000270,20231205040000,0.047,0.0,0.059,0.0,0.0,0.0,1.0,0.0,125.53,4,0.0,0.0,589376
2023-12-05 05:00:00,00000000270,20231205050000,0.052,0.001,0.057,0.0,0.0,0.0,1.0,1.92,109.62,4,0.0,0.0,589376
2023-12-05 06:00:00,00000000270,20231205060000,0.054,0.001,0.056,0.0,0.0,0.0,1.0,1.85,103.7,4,0.0,0.0,589376
2023-12-05 07:00:00,00000000270,20231205070000,0.052,0.0,0.056,0.0,0.0,0.0,1.0,0.0,107.69,4,0.0,0.0,589376
2023-12-05 08:00:00,00000000270,20231205080000,0.036,0.001,0.057,0.0,0.0,0.0,1.0,2.78,158.33,4,0.0,0.0,589376
2023-12-05 09:00:00,00000000270,20231205090000,0.043,0.001,0.057,0.0,0.0,0.0,1.0,2.33,132.56,4,0.0,0.0,589376
2023-12-05 10:00:00,00000000270,20231205100000,0.051,0.0,0.054,0.0,0.0,0.0,1.0,0.0,105.88,4,0.0,0.0,589376
2023-12-05 11:00:00,00000000270,20231205110000,0.052,0.001,0.055,0.0,0.0,0.0,1.0,1.92,105.77,4,0.0,0.0,589376
2023-12-05 12:00:00,00000000270,20231205120000,0.054,0.001,0.055,0.0,0.0,0.0,1.0,1.85,101.85,4,0.0,0.0,589376
2023-12-05 13:00:00,00000000270,20231205130000,0.042,0.0,0.055,0.0,0.0,0.0,1.0,0.0,130.95,4,0.0,0.0,589376
2023-12-05 14:00:00,00000000270,20231205140000,0.035,0.001,0.056,0.0,0.0,0.0,1.0,2.86,160.0,4,0.0,0.0,589376
2023-12-05 15:00:00,00000000270,20231205150000,0.052,0.001,0.055,0.0,0.0,0.0,1.0,1.92,105.77,4,0.0,0.0,589376
2023-12-05 16:00:00,00000000270,20231205160000,0.05,0.0,0.054,0.0,0.0,0.0,1.0,0.0,108.0,4,0.0,0.0,589376
2023-12-05 17:00:00,00000000270,20231205170000,0.055,0.001,0.054,0.0,0.0,0.0,1.0,1.82,98.18,4,0.0,0.0,589376
2023-12-05 18:00:00,00000000270,20231205180000,0.112,0.0,0.052,0.0,0.0,0.0,1.0,0.0,46.43,4,0.0,0.0,589376
2023-12-05 19:00:00,00000000270,20231205190000,0.07,0.001,0.05,0.0,0.0,0.0,1.0,1.43,71.43,4,0.0,0.0,589376
2023-12-05 20:00:00,00000000270,20231205200000,0.052,0.0,0.052,0.0,0.0,0.0,1.0,0.0,100.0,4,0.0,0.0,589376
2023-12-05 21:00:00,00000000270,20231205210000,0.049,0.001,0.053,0.0,0.0,0.0,1.0,2.04,108.16,4,0.0,0.0,589376
2023-12-05 22:00:00,00000000270,20231205220000,0.054,0.0,0.054,0.0,0.0,0.0,1.0,0.0,100.0,4,0.0,0.0,589376
2023-12-05 23:00:00,00000000270,20231205230000,0.044,0.001,0.056,0.0,0.0,0.0,1.0,2.27,127.27,4,0.0,0.0,589376
2023-12-06 00:00:00,00000000270,20231206000000,0.034,0.0,0.057,0.0,0.0,0.0,1.0,0.0,167.65,4,0.0,0.0,589376
2023-12-06 01:00:00,00000000270,20231206010000,0.05,0.001,0.056,0.0,0.0,0.0,1.0,2.0,112.0,4,0.0,0.0,589376
2023-12-06 02:00:00,00000000270,20231206020000,0.053,0.001,0.057,0.0,0.0,0.0,1.0,1.89,107.55,4,0.0,0.0,589376
2023-12-06 03:00:00,00000000270,20231206030000,0.052,0.0,0.058,0.0,0.0,0.0,1.0,0.0,111.54,4,0.0,0.0,589376
2023-12-06 04:00:00,00000000270,20231206040000,0.048,0.001,0.057,0.0,0.0,0.0,1.0,2.08,118.75,4,0.0,0.0,589376
2023-12-06 05:00:00,00000000270,20231206050000,0.037,0.001,0.06,0.0,0.0,0.0,1.0,2.7,162.16,4,0.0,0.0,589376
2023-12-06 06:00:00,00000000270,20231206060000,0.045,0.0,0.057,0.0,0.0,0.0,1.0,0.0,126.67,4,0.0,0.0,589376
2023-12-06 07:00:00,00000000270,20231206070000,0.055,0.001,0.056,0.0,0.0,0.0,1.0,1.82,101.82,4,0.0,0.0,589376
2023-12-06 08:00:00,00000000270,20231206080000,0.05,0.001,0.056,0.0,0.0,0.0,1.0,2.0,112.0,4,0.0,0.0,589376
2023-12-06 09:00:00,00000000270,20231206090000,0.046,0.0,0.056,0.0,0.0,0.0,1.0,0.0,121.74,4,0.0,0.0,589376
2023-12-06 10:00:00,00000000270,20231206100000,0.033,0.001,0.055,0.0,0.0,0.0,1.0,3.03,166.67,4,0.0,0.0,589376
2023-12-06 11:00:00,00000000270,20231206110000,0.049,0.001,0.053,0.0,0.0,0.0,1.0,2.04,108.16,4,0.0,0.0,589376
2023-12-06 12:00:00,00000000270,20231206120000,0.053,0.0,0.053,0.0,0.0,0.0,1.0,0.0,100.0,4,0.0,0.0,589376
2023-12-06 13:00:00,00000000270,20231206130000,0.05,0.001,0.053,0.0,0.0,0.0,1.0,2.0,106.0,4,0.0,0.0,589376
2023-12-06 14:00:00,00000000270,20231206140000,0.04,0.0,0.053,0.0,0.0,0.0,1.0,0.0,132.5,4,0.0,0.0,589376
2023-12-06 15:00:00,00000000270,20231206150000,0.035,0.001,0.055,0.0,0.0,0.0,1.0,2.86,157.14,4,0.0,0.0,589376
2023-12-06 16:00:00,00000000270,20231206160000,0.053,0.0,0.055,0.0,0.0,0.0,1.0,0.0,103.77,4,0.0,0.0,589376
2023-12-06 17:00:00,00000000270,20231206170000,0.05,0.001,0.052,0.0,0.0,0.0,1.0,2.0,104.0,4,0.0,0.0,589376
2023-12-06 18:00:00,00000000270,20231206180000,0.052,0.001,0.053,0.0,0.0,0.0,1.0,1.92,101.92,4,0.0,0.0,589376
2023-12-06 19:00:00,00000000270,20231206190000,0.043,0.0,0.055,0.0,0.0,0.0,1.0,0.0,127.91,4,0.0,0.0,589376
2023-12-06 20:00:00,00000000270,20231206200000,0.128,0.0,0.051,0.0,0.0,0.0,1.0,0.0,39.84,4,0.0,0.0,589376
2023-12-06 21:00:00,00000000270,20231206210000,0.054,0.001,0.054,0.0,0.0,0.0,1.0,1.85,100.0,4,0.0,0.0,589376
2023-12-06 22:00:00,00000000270,20231206220000,0.036,0.0,0.055,0.0,0.0,0.0,1.0,0.0,152.78,4,0.0,0.0,589376
2023-12-06 23:00:00,00000000270,20231206230000,0.054,0.001,0.055,0.0,0.0,0.0,1.0,1.85,101.85,4,0.0,0.0,589376
2023-12-07 00:00:00,00000000270,20231207000000,0.048,0.0,0.056,0.0,0.0,0.0,1.0,0.0,116.67,4,0.0,0.0,589376
2023-12-07 01:00:00,00000000270,20231207010000,0.055,0.001,0.057,0.0,0.0,0.0,1.0,1.82,103.64,4,0.0,0.0,589376
2023-12-07 02:00:00,00000000270,20231207020000,0.047,0.001,0.057,0.0,0.0,0.0,1.0,2.13,121.28,4,0.0,0.0,589376
2023-12-07 03:00:00,00000000270,20231207030000,0.05,0.0,0.058,0.0,0.0,0.0,1.0,0.0,116.0,4,0.0,0.0,589376
2023-12-07 04:00:00,00000000270,20231207040000,0.038,0.001,0.058,0.0,0.0,0.0,1.0,2.63,152.63,4,0.0,0.0,589376
2023-12-07 05:00:00,00000000270,20231207050000,0.039,0.001,0.06,0.0,0.0,0.0,1.0,2.56,153.85,4,0.0,0.0,589376
2023-12-07 06:00:00,00000000270,20231207060000,0.051,0.001,0.056,0.0,0.0,0.0,1.0,1.96,109.8,4,0.0,0.0,589376
2023-12-07 07:00:00,00000000270,20231207070000,0.053,0.0,0.057,0.0,0.0,0.0,1.0,0.0,107.55,4,0.0,0.0,589376
2023-12-07 08:00:00,00000000270,20231207080000,0.05,0.001,0.056,0.0,0.0,0.0,1.0,2.0,112.0,4,0.0,0.0,589376
2023-12-07 09:00:00,00000000270,20231207090000,0.029,0.001,0.057,0.0,0.0,0.0,1.0,3.45,196.55,4,0.0,0.0,589376
2023-12-07 10:00:00,00000000270,20231207100000,0.051,0.0,0.055,0.0,0.0,0.0,1.0,0.0,107.84,4,0.0,0.0,589376
2023-12-07 11:00:00,00000000270,20231207110000,0.048,0.001,0.052,0.0,0.0,0.0,1.0,2.08,108.33,4,0.0,0.0,589376
2023-12-07 12:00:00,00000000270,20231207120000,0.053,0.001,0.054,0.0,0.0,0.0,1.0,1.89,101.89,4,0.0,0.0,589376
2023-12-07 13:00:00,00000000270,20231207130000,0.034,0.0,0.056,0.0,0.0,0.0,1.0,0.0,164.71,4,0.0,0.0,589376
2023-12-07 14:00:00,00000000270,20231207140000,0.043,0.001,0.057,0.0,0.0,0.0,1.0,2.33,132.56,4,0.0,0.0,589376
2023-12-07 15:00:00,00000000270,20231207150000,0.051,0.001,0.055,0.0,0.0,0.0,1.0,1.96,107.84,4,0.0,0.0,589376
2023-12-07 16:00:00,00000000270,20231207160000,0.051,0.0,0.054,0.0,0.0,0.0,1.0,0.0,105.88,4,0.0,0.0,589376
2023-12-07 17:00:00,00000000270,20231207170000,0.048,0.001,0.055,0.0,0.0,0.0,1.0,2.08,114.58,4,0.0,0.0,589376
2023-12-07 18:00:00,00000000270,20231207180000,0.03,0.001,0.054,0.0,0.0,0.0,1.0,3.33,180.0,4,0.0,0.0,589376
2023-12-07 19:00:00,00000000270,20231207190000,0.049,0.0,0.054,0.0,0.0,0.0,1.0,0.0,110.2,4,0.0,0.0,589376
2023-12-07 20:00:00,00000000270,20231207200000,0.048,0.0,0.052,0.0,0.0,0.0,1.0,0.0,108.33,4,0.0,0.0,589376
2023-12-07 21:00:00,00000000270,20231207210000,0.106,0.001,0.057,0.0,0.0,0.0,1.0,0.94,53.77,4,0.0,0.0,589376
2023-12-07 22:00:00,00000000270,20231207220000,0.083,0.0,0.052,0.0,0.0,0.0,1.0,0.0,62.65,4,0.0,0.0,589376
2023-12-07 23:00:00,00000000270,20231207230000,0.048,0.001,0.056,0.0,0.0,0.0,1.0,2.08,116.67,4,0.0,0.0,589376
2023-12-08 00:00:00,00000000270,20231208000000,0.052,0.001,0.056,0.0,0.0,0.0,1.0,1.92,107.69,4,0.0,0.0,589376
2023-12-08 01:00:00,00000000270,20231208010000,0.049,0.001,0.059,0.0,0.0,0.0,1.0,2.04,120.41,4,0.0,0.0,589376
2023-12-08 02:00:00,00000000270,20231208020000,0.044,0.0,0.058,0.0,0.0,0.0,1.0,0.0,131.82,4,0.0,0.0,589376
2023-12-08 03:00:00,00000000270,20231208030000,0.039,0.001,0.061,0.0,0.0,0.0,1.0,2.56,156.41,4,0.0,0.0,589376
2023-12-08 04:00:00,00000000270,20231208040000,0.044,0.001,0.06,0.0,0.0,0.0,1.0,2.27,136.36,4,0.0,0.0,589376
2023-12-08 05:00:00,00000000270,20231208050000,0.053,0.0,0.059,0.0,0.0,0.0,1.0,0.0,111.32,4,0.0,0.0,589376
2023-12-08 06:00:00,00000000270,20231208060000,0.049,0.001,0.057,0.0,0.0,0.0,1.0,2.04,116.33,4,0.0,0.0,589376
2023-12-08 07:00:00,00000000270,20231208070000,0.042,0.001,0.057,0.0,0.0,0.0,1.0,2.38,135.71,4,0.0,0.0,589376
2023-12-08 08:00:00,00000000270,20231208080000,0.037,0.0,0.058,0.0,0.0,0.0,1.0,0.0,156.76,4,0.0,0.0,589376
2023-12-08 09:00:00,00000000270,20231208090000,0.049,0.001,0.055,0.0,0.0,0.0,1.0,2.04,112.24,4,0.0,0.0,589376
2023-12-08 10:00:00,00000000270,20231208100000,0.049,0.0,0.055,0.0,0.0,0.0,1.0,0.0,112.24,4,0.0,0.0,589376
2023-12-08 11:00:00,00000000270,20231208110000,0.043,0.001,0.055,0.0,0.0,0.0,1.0,2.33,127.91,4,0.0,0.0,589376
2023-12-08 12:00:00,00000000270,20231208120000,0.033,0.0,0.056,0.0,0.0,0.0,1.0,0.0,169.7,4,0.0,0.0,589376
2023-12-08 13:00:00,00000000270,20231208130000,0.049,0.001,0.053,0.0,0.0,0.0,1.0,2.04,108.16,4,0.0,0.0,589376
2023-12-08 14:00:00,00000000270,20231208140000,0.049,0.0,0.053,0.0,0.0,0.0,1.0,0.0,108.16,4,0.0,0.0,589376
2023-12-08 15:00:00,00000000270,20231208150000,0.046,0.0,0.054,0.0,0.0,0.0,1.0,0.0,117.39,4,0.0,0.0,589376
2023-12-08 16:00:00,00000000270,20231208160000,0.027,0.001,0.055,0.0,0.0,0.0,1.0,3.7,203.7,4,0.0,0.0,589376
2023-12-08 17:00:00,00000000270,20231208170000,0.049,0.0,0.052,0.0,0.0,0.0,1.0,0.0,106.12,4,0.0,0.0,589376
2023-12-08 18:00:00,00000000270,20231208180000,0.049,0.0,0.051,0.0,0.0,0.0,1.0,0.0,104.08,4,0.0,0.0,589376
2023-12-08 19:00:00,00000000270,20231208190000,0.047,0.001,0.053,0.0,0.0,0.0,1.0,2.13,112.77,4,0.0,0.0,589376
2023-12-08 20:00:00,00000000270,20231208200000,0.025,0.0,0.055,0.0,0.0,0.0,1.0,0.0,220.0,4,0.0,0.0,589376
2023-12-08 21:00:00,00000000270,20231208210000,0.049,0.0,0.054,0.0,0.0,0.0,1.0,0.0,110.2,4,0.0,0.0,589376
2023-12-08 22:00:00,00000000270,20231208220000,0.048,0.001,0.055,0.0,0.0,0.0,1.0,2.08,114.58,4,0.0,0.0,589376
2023-12-08 23:00:00,00000000270,20231208230000,0.14,0.0,0.054,0.0,0.0,0.0,1.0,0.0,38.57,4,0.0,0.0,589376
2023-12-09 00:00:00,00000000270,20231209000000,0.041,0.0,0.056,0.0,0.0,0.0,1.0,0.0,136.59,4,0.0,0.0,589376
2023-12-09 01:00:00,00000000270,20231209010000,0.049,0.001,0.057,0.0,0.0,0.0,1.0,2.04,116.33,4,0.0,0.0,589376
2023-12-09 02:00:00,00000000270,20231209020000,0.049,0.0,0.057,0.0,0.0,0.0,1.0,0.0,116.33,4,0.0,0.0,589376
2023-12-09 03:00:00,00000000270,20231209030000,0.051,0.001,0.057,0.0,0.0,0.0,1.0,1.96,111.76,4,0.0,0.0,589376
2023-12-09 04:00:00,00000000270,20231209040000,0.036,0.001,0.059,0.0,0.0,0.0,1.0,2.78,163.89,4,0.0,0.0,589376
2023-12-09 05:00:00,00000000270,20231209050000,0.037,0.0,0.059,0.0,0.0,0.0,1.0,0.0,159.46,4,0.0,0.0,589376
2023-12-09 06:00:00,00000000270,20231209060000,0.051,0.001,0.057,0.0,0.0,0.0,1.0,1.96,111.76,4,0.0,0.0,589376
2023-12-09 07:00:00,00000000270,20231209070000,0.049,0.001,0.057,0.0,0.0,0.0,1.0,2.04,116.33,4,0.0,0.0,589376
2023-12-09 08:00:00,00000000270,20231209080000,0.028,0.001,0.059,0.0,0.0,0.0,1.0,3.57,210.71,4,0.0,0.0,589376
2023-12-09 09:00:00,00000000270,20231209090000,0.057,0.007,0.055,0.0,0.0,0.0,1.0,12.28,96.49,4,0.0,0.0,589376
2023-12-09 10:00:00,00000000270,20231209100000,0.048,0.001,0.053,0.0,0.0,0.0,1.0,2.08,110.42,4,0.0,0.0,589376
2023-12-09 11:00:00,00000000270,20231209110000,0.045,0.0,0.053,0.0,0.0,0.0,1.0,0.0,117.78,4,0.0,0.0,589376
2023-12-09 12:00:00,00000000270,20231209120000,0.025,0.0,0.055,0.0,0.0,0.0,1.0,0.0,220.0,4,0.0,0.0,589376
2023-12-09 13:00:00,00000000270,20231209130000,0.056,0.001,0.052,0.0,0.0,0.0,1.0,1.79,92.86,4,0.0,0.0,589376
2023-12-09 14:00:00,00000000270,20231209140000,0.046,0.0,0.053,0.0,0.0,0.0,1.0,0.0,115.22,4,0.0,0.0,589376
2023-12-09 15:00:00,00000000270,20231209150000,0.048,0.0,0.053,0.0,0.0,0.0,1.0,0.0,110.42,4,0.0,0.0,589376
2023-12-09 16:00:00,00000000270,20231209160000,0.042,0.001,0.053,0.0,0.0,0.0,1.0,2.38,126.19,4,0.0,0.0,589376
2023-12-09 17:00:00,00000000270,20231209170000,0.029,0.0,0.054,0.0,0.0,0.0,1.0,0.0,186.21,4,0.0,0.0,589376
2023-12-09 18:00:00,00000000270,20231209180000,0.047,0.0,0.051,0.0,0.0,0.0,1.0,0.0,108.51,4,0.0,0.0,589376
2023-12-09 19:00:00,00000000270,20231209190000,0.048,0.001,0.052,0.0,0.0,0.0,1.0,2.08,108.33,4,0.0,0.0,589376
2023-12-09 20:00:00,00000000270,20231209200000,0.047,0.0,0.053,0.0,0.0,0.0,1.0,0.0,112.77,4,0.0,0.0,589376
2023-12-09 21:00:00,00000000270,20231209210000,0.025,0.0,0.056,0.0,0.0,0.0,1.0,0.0,224.0,4,0.0,0.0,589376
2023-12-09 22:00:00,00000000270,20231209220000,0.047,0.0,0.054,0.0,0.0,0.0,1.0,0.0,114.89,4,0.0,0.0,589376
2023-12-09 23:00:00,00000000270,20231209230000,0.049,0.001,0.054,0.0,0.0,0.0,1.0,2.04,110.2,4,0.0,0.0,589376
2023-12-10 00:00:00,00000000270,20231210000000,0.096,0.0,0.058,0.0,0.0,0.0,1.0,0.0,60.42,4,0.0,0.0,589376
2023-12-10 01:00:00,00000000270,20231210010000,0.08,0.0,0.054,0.0,0.0,0.0,1.0,0.0,67.5,4,0.0,0.0,589376
2023-12-10 02:00:00,00000000270,20231210020000,0.045,0.001,0.057,0.0,0.0,0.0,1.0,2.22,126.67,4,0.0,0.0,589376
2023-12-10 03:00:00,00000000270,20231210030000,0.029,0.0,0.06,0.0,0.0,0.0,1.0,0.0,206.9,4,0.0,0.0,589376
2023-12-10 04:00:00,00000000270,20231210040000,0.052,0.001,0.058,0.0,0.0,0.0,1.0,1.92,111.54,4,0.0,0.0,589376
2023-12-10 05:00:00,00000000270,20231210050000,0.045,0.0,0.059,0.0,0.0,0.0,1.0,0.0,131.11,4,0.0,0.0,589376
2023-12-10 06:00:00,00000000270,20231210060000,0.048,0.0,0.057,0.0,0.0,0.0,1.0,0.0,118.75,4,0.0,0.0,589376
2023-12-10 07:00:00,00000000270,20231210070000,0.046,0.001,0.057,0.0,0.0,0.0,1.0,2.17,123.91,4,0.0,0.0,589376
2023-12-10 08:00:00,00000000270,20231210080000,0.027,0.0,0.06,0.0,0.0,0.0,1.0,0.0,222.22,4,0.0,0.0,589376
2023-12-10 09:00:00,00000000270,20231210090000,0.046,0.0,0.057,0.0,0.0,0.0,1.0,0.0,123.91,4,0.0,0.0,589376
2023-12-10 10:00:00,00000000270,20231210100000,0.051,0.001,0.055,0.0,0.0,0.0,1.0,1.96,107.84,4,0.0,0.0,589376
2023-12-10 11:00:00,00000000270,20231210110000,0.044,0.0,0.055,0.0,0.0,0.0,1.0,0.0,125.0,4,0.0,0.0,589376
2023-12-10 12:00:00,00000000270,20231210120000,0.024,0.0,0.058,0.0,0.0,0.0,1.0,0.0,241.67,4,0.0,0.0,589376
2023-12-10 13:00:00,00000000270,20231210130000,0.049,0.001,0.055,0.0,0.0,0.0,1.0,2.04,112.24,4,0.0,0.0,589376
2023-12-10 14:00:00,00000000270,20231210140000,0.045,0.0,0.056,0.0,0.0,0.0,1.0,0.0,124.44,4,0.0,0.0,589376
2023-12-10 15:00:00,00000000270,20231210150000,0.046,0.0,0.056,0.0,0.0,0.0,1.0,0.0,121.74,4,0.0,0.0,589376
2023-12-10 16:00:00,00000000270,20231210160000,0.029,0.0,0.059,0.0,0.0,0.0,1.0,0.0,203.45,4,0.0,0.0,589376
2023-12-10 17:00:00,00000000270,20231210170000,0.05,0.001,0.052,0.0,0.0,0.0,1.0,2.0,104.0,4,0.0,0.0,589376
2023-12-10 18:00:00,00000000270,20231210180000,0.049,0.0,0.05,0.0,0.0,0.0,1.0,0.0,102.04,4,0.0,0.0,589376
2023-12-10 19:00:00,00000000270,20231210190000,0.023,0.0,0.052,0.0,0.0,0.0,1.0,0.0,226.09,4,0.0,0.0,589376
2023-12-10 20:00:00,00000000270,20231210200000,0.049,0.001,0.051,0.0,0.0,0.0,1.0,2.04,104.08,4,0.0,0.0,589376
2023-12-10 21:00:00,00000000270,20231210210000,0.046,0.0,0.053,0.0,0.0,0.0,1.0,0.0,115.22,4,0.0,0.0,589376
2023-12-10 22:00:00,00000000270,20231210220000,0.044,0.0,0.053,0.0,0.0,0.0,1.0,0.0,120.45,4,0.0,0.0,589376
2023-12-10 23:00:00,00000000270,20231210230000,0.027,0.001,0.057,0.0,0.0,0.0,1.0,3.7,211.11,4,0.0,0.0,589376
2023-12-11 00:00:00,00000000270,20231211000000,0.045,0.0,0.055,0.0,0.0,0.0,1.0,0.0,122.22,4,0.0,0.0,589376
2023-12-11 01:00:00,00000000270,20231211010000,0.049,0.0,0.057,0.0,0.0,0.0,1.0,0.0,116.33,4,0.0,0.0,589376
2023-12-11 02:00:00,00000000270,20231211020000,0.132,0.001,0.057,0.0,0.0,0.0,1.0,0.76,43.18,4,0.0,0.0,589376
2023-12-11 03:00:00,00000000270,20231211030000,0.038,0.0,0.059,0.0,0.0,0.0,1.0,0.0,155.26,4,0.0,0.0,589376
2023-12-11 04:00:00,00000000270,20231211040000,0.054,0.0,0.058,0.0,0.0,0.0,1.0,0.0,107.41,4,0.0,0.0,589376
2023-12-11 05:00:00,00000000270,20231211050000,0.046,0.001,0.059,0.0,0.0,0.0,1.0,2.17,128.26,4,0.0,0.0,589376
2023-12-11 06:00:00,00000000270,20231211060000,0.025,0.0,0.06,0.0,0.0,0.0,1.0,0.0,240.0,4,0.0,0.0,589376
2023-12-11 07:00:00,00000000270,20231211070000,0.057,0.0,0.055,0.0,0.0,0.0,1.0,0.0,96.49,4,0.0,0.0,589376
2023-12-11 08:00:00,00000000270,20231211080000,0.05,0.001,0.055,0.0,0.0,0.0,1.0,2.0,110.0,4,0.0,0.0,589376
2023-12-11 09:00:00,00000000270,20231211090000,0.047,0.0,0.055,0.0,0.0,0.0,1.0,0.0,117.02,4,0.0,0.0,589376
2023-12-11 10:00:00,00000000270,20231211100000,0.025,0.0,0.054,0.0,0.0,0.0,1.0,0.0,216.0,4,0.0,0.0,589376
2023-12-11 11:00:00,00000000270,20231211110000,0.047,0.001,0.053,0.0,0.0,0.0,1.0,2.13,112.77,4,0.0,0.0,589376
2023-12-11 12:00:00,00000000270,20231211120000,0.047,0.0,0.054,0.0,0.0,0.0,1.0,0.0,114.89,4,0.0,0.0,589376
2023-12-11 13:00:00,00000000270,20231211130000,0.048,0.0,0.054,0.0,0.0,0.0,1.0,0.0,112.5,4,0.0,0.0,589376
2023-12-11 14:00:00,00000000270,20231211140000,0.027,0.001,0.056,0.0,0.0,0.0,1.0,3.7,207.41,4,0.0,0.0,589376
2023-12-11 15:00:00,00000000270,20231211150000,0.042,0.0,0.054,0.0,0.0,0.0,1.0,0.0,128.57,4,0.0,0.0,589376
2023-12-11 16:00:00,00000000270,20231211160000,0.048,0.0,0.055,0.0,0.0,0.0,1.0,0.0,114.58,4,0.0,0.0,589376
2023-12-11 17:00:00,00000000270,20231211170000,0.048,0.001,0.054,0.0,0.0,0.0,1.0,2.08,112.5,4,0.0,0.0,589376
2023-12-11 18:00:00,00000000270,20231211180000,0.024,0.0,0.053,0.0,0.0,0.0,1.0,0.0,220.83,4,0.0,0.0,589376
2023-12-11 19:00:00,00000000270,20231211190000,0.046,0.0,0.052,0.0,0.0,0.0,1.0,0.0,113.04,4,0.0,0.0,589376
2023-12-11 20:00:00,00000000270,20231211200000,0.049,0.0,0.051,0.0,0.0,0.0,1.0,0.0,104.08,4,0.0,0.0,589376
2023-12-11 21:00:00,00000000270,20231211210000,0.044,0.001,0.052,0.0,0.0,0.0,1.0,2.27,118.18,4,0.0,0.0,589376
2023-12-11 22:00:00,00000000270,20231211220000,0.026,0.0,0.056,0.0,0.0,0.0,1.0,0.0,215.38,4,0.0,0.0,589376
2023-12-11 23:00:00,00000000270,20231211230000,0.049,0.0,0.054,0.0,0.0,0.0,1.0,0.0,110.2,4,0.0,0.0,589376
2023-12-12 00:00:00,00000000270,20231212000000,0.046,0.001,0.055,0.0,0.0,0.0,1.0,2.17,119.57,4,0.0,0.0,589376
2023-12-12 01:00:00,00000000270,20231212010000,0.036,0.0,0.058,0.0,0.0,0.0,1.0,0.0,161.11,4,0.0,0.0,589376
2023-12-12 02:00:00,00000000270,20231212020000,0.038,0.0,0.059,0.0,0.0,0.0,1.0,0.0,155.26,4,0.0,0.0,589376
2023-12-12 03:00:00,00000000270,20231212030000,0.125,0.001,0.058,0.0,0.0,0.0,1.0,0.8,46.4,4,0.0,0.0,589376
2023-12-12 04:00:00,00000000270,20231212040000,0.068,0.0,0.056,0.0,0.0,0.0,1.0,0.0,82.35,4,0.0,0.0,589376
2023-12-12 05:00:00,00000000270,20231212050000,0.034,0.001,0.058,0.0,0.0,0.0,1.0,2.94,170.59,4,0.0,0.0,589376
2023-12-12 06:00:00,00000000270,20231212060000,0.043,0.0,0.057,0.0,0.0,0.0,1.0,0.0,132.56,4,0.0,0.0,589376
2023-12-12 07:00:00,00000000270,20231212070000,0.044,0.0,0.056,0.0,0.0,0.0,1.0,0.0,127.27,4,0.0,0.0,589376
2023-12-12 08:00:00,00000000270,20231212080000,0.054,0.001,0.055,0.0,0.0,0.0,1.0,1.85,101.85,4,0.0,0.0,589376
2023-12-12 09:00:00,00000000270,20231212090000,0.041,0.0,0.056,0.0,0.0,0.0,1.0,0.0,136.59,4,0.0,0.0,589376
2023-12-12 10:00:00,00000000270,20231212100000,0.031,0.0,0.057,0.0,0.0,0.0,1.0,0.0,183.87,4,0.0,0.0,589376
2023-12-12 11:00:00,00000000270,20231212110000,0.045,0.001,0.055,0.0,0.0,0.0,1.0,2.22,122.22,4,0.0,0.0,589376
2023-12-12 12:00:00,00000000270,20231212120000,0.046,0.0,0.054,0.0,0.0,0.0,1.0,0.0,117.39,4,0.0,0.0,589376
2023-12-12 13:00:00,00000000270,20231212130000,0.048,0.0,0.053,0.0,0.0,0.0,1.0,0.0,110.42,4,0.0,0.0,589376
2023-12-12 14:00:00,00000000270,20231212140000,0.031,0.001,0.056,0.0,0.0,0.0,1.0,3.23,180.65,4,0.0,0.0,589376
2023-12-12 15:00:00,00000000270,20231212150000,0.043,0.0,0.055,0.0,0.0,0.0,1.0,0.0,127.91,4,0.0,0.0,589376
2023-12-12 16:00:00,00000000270,20231212160000,0.05,0.0,0.054,0.0,0.0,0.0,1.0,0.0,108.0,4,0.0,0.0,589376
2023-12-12 17:00:00,00000000270,20231212170000,0.047,0.001,0.055,0.0,0.0,0.0,1.0,2.13,117.02,4,0.0,0.0,589376
2023-12-12 18:00:00,00000000270,20231212180000,0.028,0.0,0.052,0.0,0.0,0.0,1.0,0.0,185.71,4,0.0,0.0,589376
2023-12-12 19:00:00,00000000270,20231212190000,0.04,0.0,0.052,0.0,0.0,0.0,1.0,0.0,130.0,4,0.0,0.0,589376
2023-12-12 20:00:00,00000000270,20231212200000,0.048,0.0,0.053,0.0,0.0,0.0,1.0,0.0,110.42,4,0.0,0.0,589376
2023-12-12 21:00:00,00000000270,20231212210000,0.047,0.001,0.052,0.0,0.0,0.0,1.0,2.13,110.64,4,0.0,0.0,589376
2023-12-12 22:00:00,00000000270,20231212220000,0.027,0.0,0.056,0.0,0.0,0.0,1.0,0.0,207.41,4,0.0,0.0,589376
2023-12-12 23:00:00,00000000270,20231212230000,0.044,0.0,0.054,0.0,0.0,0.0,1.0,0.0,122.73,4,0.0,0.0,589376
2023-12-13 00:00:00,00000000270,20231213000000,0.049,0.001,0.056,0.0,0.0,0.0,1.0,2.04,114.29,4,0.0,0.0,589376
2023-12-13 01:00:00,00000000270,20231213010000,0.048,0.0,0.056,0.0,0.0,0.0,1.0,0.0,116.67,4,0.0,0.0,589376
2023-12-13 02:00:00,00000000270,20231213020000,0.027,0.0,0.059,0.0,0.0,0.0,1.0,0.0,218.52,4,0.0,0.0,589376
2023-12-13 03:00:00,00000000270,20231213030000,0.048,0.001,0.058,0.0,0.0,0.0,1.0,2.08,120.83,4,0.0,0.0,589376
2023-12-13 04:00:00,00000000270,20231213040000,0.046,0.0,0.057,0.0,0.0,0.0,1.0,0.0,123.91,4,0.0,0.0,589376
2023-12-13 05:00:00,00000000270,20231213050000,0.124,0.001,0.058,0.0,0.0,0.0,1.0,0.81,46.77,4,0.0,0.0,589376
2023-12-13 06:00:00,00000000270,20231213060000,0.047,0.0,0.057,0.0,0.0,0.0,1.0,0.0,121.28,4,0.0,0.0,589376
2023-12-13 07:00:00,00000000270,20231213070000,0.053,0.0,0.055,0.0,0.0,0.0,1.0,0.0,103.77,4,0.0,0.0,589376
2023-12-13 08:00:00,00000000270,20231213080000,0.042,0.001,0.055,0.0,0.0,0.0,1.0,2.38,130.95,4,0.0,0.0,589376
2023-12-13 09:00:00,00000000270,20231213090000,0.025,0.0,0.058,0.0,0.0,0.0,1.0,0.0,232.0,4,0.0,0.0,589376
2023-12-13 10:00:00,00000000270,20231213100000,0.056,0.0,0.052,0.0,0.0,0.0,1.0,0.0,92.86,4,0.0,0.0,589376
2023-12-13 11:00:00,00000000270,20231213110000,0.043,0.0,0.054,0.0,0.0,0.0,1.0,0.0,125.58,4,0.0,0.0,589376
2023-12-13 12:00:00,00000000270,20231213120000,0.048,0.001,0.054,0.0,0.0,0.0,1.0,2.08,112.5,4,0.0,0.0,589376
2023-12-13 13:00:00,00000000270,20231213130000,0.038,0.0,0.056,0.0,0.0,0.0,1.0,0.0,147.37,4,0.0,0.0,589376
2023-12-13 14:00:00,00000000270,20231213140000,0.033,0.0,0.057,0.0,0.0,0.0,1.0,0.0,172.73,4,0.0,0.0,589376
2023-12-13 15:00:00,00000000270,20231213150000,0.049,0.001,0.057,0.0,0.0,0.0,1.0,2.04,116.33,4,0.0,0.0,589376
2023-12-13 16:00:00,00000000270,20231213160000,0.048,0.0,0.056,0.0,0.0,0.0,1.0,0.0,116.67,4,0.0,0.0,589376
2023-12-13 17:00:00,00000000270,20231213170000,0.049,0.0,0.055,0.0,0.0,0.0,1.0,0.0,112.24,4,0.0,0.0,589376
2023-12-13 18:00:00,00000000270,20231213180000,0.026,0.001,0.056,0.0,0.0,0.0,1.0,3.85,215.38,4,0.0,0.0,589376
2023-12-13 19:00:00,00000000270,20231213190000,0.044,0.0,0.054,0.0,0.0,0.0,1.0,0.0,122.73,4,0.0,0.0,589376
2023-12-13 20:00:00,00000000270,20231213200000,0.05,0.0,0.053,0.0,0.0,0.0,1.0,0.0,106.0,4,0.0,0.0,589376
2023-12-13 21:00:00,00000000270,20231213210000,0.045,0.001,0.054,0.0,0.0,0.0,1.0,2.22,120.0,4,0.0,0.0,589376
2023-12-13 22:00:00,00000000270,20231213220000,0.03,0.0,0.056,0.0,0.0,0.0,1.0,0.0,186.67,4,0.0,0.0,589376
2023-12-13 23:00:00,00000000270,20231213230000,0.041,0.0,0.056,0.0,0.0,0.0,1.0,0.0,136.59,4,0.0,0.0,589376
2023-12-14 00:00:00,00000000270,20231214000000,0.046,0.001,0.056,0.0,0.0,0.0,1.0,2.17,121.74,4,0.0,0.0,589376
2023-12-14 01:00:00,00000000270,20231214010000,0.025,0.0,0.06,0.0,0.0,0.0,1.0,0.0,240.0,4,0.0,0.0,589376
2023-12-14 02:00:00,00000000270,20231214020000,0.048,0.001,0.058,0.0,0.0,0.0,1.0,2.08,120.83,4,0.0,0.0,589376
2023-12-14 03:00:00,00000000270,20231214030000,0.052,0.0,0.058,0.0,0.0,0.0,1.0,0.0,111.54,4,0.0,0.0,589376
2023-12-14 04:00:00,00000000270,20231214040000,0.023,0.001,0.061,0.0,0.0,0.0,1.0,4.35,265.22,4,0.0,0.0,589376
2023-12-14 05:00:00,00000000270,20231214050000,0.05,0.001,0.058,0.0,0.0,0.0,1.0,2.0,116.0,4,0.0,0.0,589376
2023-12-14 06:00:00,00000000270,20231214060000,0.052,0.001,0.057,0.0,0.0,0.0,1.0,1.92,109.62,4,0.0,0.0,589376
2023-12-14 07:00:00,00000000270,20231214070000,0.137,0.0,0.056,0.0,0.0,0.0,1.0,0.0,40.88,4,0.0,0.0,589376
2023-12-14 08:00:00,00000000270,20231214080000,0.037,0.001,0.058,0.0,0.0,0.0,1.0,2.7,156.76,4,0.0,0.0,589376
2023-12-14 09:00:00,00000000270,20231214090000,0.054,0.001,0.057,0.0,0.0,0.0,1.0,1.85,105.56,4,0.0,0.0,589376
2023-12-14 10:00:00,00000000270,20231214100000,0.05,0.0,0.056,0.0,0.0,0.0,1.0,0.0,112.0,4,0.0,0.0,589376
2023-12-14 11:00:00,00000000270,20231214110000,0.051,0.001,0.056,0.0,0.0,0.0,1.0,1.96,109.8,4,0.0,0.0,589376
2023-12-14 12:00:00,00000000270,20231214120000,0.029,0.001,0.058,0.0,0.0,0.0,1.0,3.45,200.0,4,0.0,0.0,589376
2023-12-14 13:00:00,00000000270,20231214130000,0.044,0.0,0.056,0.0,0.0,0.0,1.0,0.0,127.27,4,0.0,0.0,589376
2023-12-14 14:00:00,00000000270,20231214140000,0.051,0.001,0.057,0.0,0.0,0.0,1.0,1.96,111.76,4,0.0,0.0,589376
2023-12-14 15:00:00,00000000270,20231214150000,0.052,0.001,0.057,0.0,0.0,0.0,1.0,1.92,109.62,4,0.0,0.0,589376
2023-12-14 16:00:00,00000000270,20231214160000,0.033,0.001,0.057,0.0,0.0,0.0,1.0,3.03,172.73,4,0.0,0.0,589376
2023-12-14 17:00:00,00000000270,20231214170000,0.04,0.0,0.055,0.0,0.0,0.0,1.0,0.0,137.5,4,0.0,0.0,589376
2023-12-14 18:00:00,00000000270,20231214180000,0.051,0.001,0.054,0.0,0.0,0.0,1.0,1.96,105.88,4,0.0,0.0,589376
2023-12-14 19:00:00,00000000270,20231214190000,0.049,0.0,0.053,0.0,0.0,0.0,1.0,0.0,108.16,4,0.0,0.0,589376
2023-12-14 20:00:00,00000000270,20231214200000,0.035,0.0,0.054,0.0,0.0,0.0,1.0,0.0,154.29,4,0.0,0.0,589376
2023-12-14 21:00:00,00000000270,20231214210000,0.038,0.001,0.057,0.0,0.0,0.0,1.0,2.63,150.0,4,0.0,0.0,589376
2023-12-14 22:00:00,00000000270,20231214220000,0.051,0.0,0.055,0.0,0.0,0.0,1.0,0.0,107.84,4,0.0,0.0,589376
2023-12-14 23:00:00,00000000270,20231214230000,0.052,0.001,0.057,0.0,0.0,0.0,1.0,1.92,109.62,4,0.0,0.0,589376
2023-12-15 00:00:00,00000000270,20231215000000,0.042,0.001,0.058,0.0,0.0,0.0,1.0,2.38,138.1,4,0.0,0.0,589376
2023-12-15 01:00:00,00000000270,20231215010000,0.033,0.0,0.059,0.0,0.0,0.0,1.0,0.0,178.79,4,0.0,0.0,589376
2023-12-15 02:00:00,00000000270,20231215020000,0.053,0.001,0.059,0.0,0.0,0.0,1.0,1.89,111.32,4,0.0,0.0,589376
2023-12-15 03:00:00,00000000270,20231215030000,0.051,0.001,0.059,0.0,0.0,0.0,1.0,1.96,115.69,4,0.0,0.0,589376
2023-12-15 04:00:00,00000000270,20231215040000,0.048,0.0,0.058,0.0,0.0,0.0,1.0,0.0,120.83,4,0.0,0.0,589376
2023-12-15 05:00:00,00000000270,20231215050000,0.034,0.001,0.06,0.0,0.0,0.0,1.0,2.94,176.47,4,0.0,0.0,589376
2023-12-15 06:00:00,00000000270,20231215060000,0.047,0.001,0.059,0.0,0.0,0.0,1.0,2.13,125.53,4,0.0,0.0,589376
2023-12-15 07:00:00,00000000270,20231215070000,0.049,0.001,0.057,0.0,0.0,0.0,1.0,2.04,116.33,4,0.0,0.0,589376
2023-12-15 08:00:00,00000000270,20231215080000,0.098,0.0,0.059,0.0,0.0,0.0,1.0,0.0,60.2,4,0.0,0.0,589376
2023-12-15 09:00:00,00000000270,20231215090000,0.091,0.001,0.053,0.0,0.0,0.0,1.0,1.1,58.24,4,0.0,0.0,589376
2023-12-15 10:00:00,00000000270,20231215100000,0.051,0.001,0.056,0.0,0.0,0.0,1.0,1.96,109.8,4,0.0,0.0,589376
2023-12-15 11:00:00,00000000270,20231215110000,0.051,0.0,0.056,0.0,0.0,0.0,1.0,0.0,109.8,4,0.0,0.0,589376
2023-12-15 12:00:00,00000000270,20231215120000,0.037,0.001,0.058,0.0,0.0,0.0,1.0,2.7,156.76,4,0.0,0.0,589376
2023-12-15 13:00:00,00000000270,20231215130000,0.04,0.001,0.058,0.0,0.0,0.0,1.0,2.5,145.0,4,0.0,0.0,589376
2023-12-15 14:00:00,00000000270,20231215140000,0.049,0.0,0.055,0.0,0.0,0.0,1.0,0.0,112.24,4,0.0,0.0,589376
2023-12-15 15:00:00,00000000270,20231215150000,0.051,0.001,0.055,0.0,0.0,0.0,1.0,1.96,107.84,4,0.0,0.0,589376
2023-12-15 16:00:00,00000000270,20231215160000,0.052,0.001,0.055,0.0,0.0,0.0,1.0,1.92,105.77,4,0.0,0.0,589376
2023-12-15 17:00:00,00000000270,20231215170000,0.042,0.001,0.055,0.0,0.0,0.0,1.0,2.38,130.95,4,0.0,0.0,589376
2023-12-15 18:00:00,00000000270,20231215180000,0.031,0.0,0.056,0.0,0.0,0.0,1.0,0.0,180.65,4,0.0,0.0,589376
2023-12-15 19:00:00,00000000270,20231215190000,0.052,0.001,0.054,0.0,0.0,0.0,1.0,1.92,103.85,4,0.0,0.0,589376
2023-12-15 20:00:00,00000000270,20231215200000,0.048,0.0,0.055,0.0,0.0,0.0,1.0,0.0,114.58,4,0.0,0.0,589376
2023-12-15 21:00:00,00000000270,20231215210000,0.051,0.001,0.055,0.0,0.0,0.0,1.0,1.96,107.84,4,0.0,0.0,589376
2023-12-15 22:00:00,00000000270,20231215220000,0.037,0.0,0.058,0.0,0.0,0.0,1.0,0.0,156.76,4,0.0,0.0,589376
2023-12-15 23:00:00,00000000270,20231215230000,0.04,0.001,0.059,0.0,0.0,0.0,1.0,2.5,147.5,4,0.0,0.0,589376
2023-12-16 00:00:00,00000000270,20231216000000,0.052,0.001,0.057,0.0,0.0,0.0,1.0,1.92,109.62,4,0.0,0.0,589376
2023-12-16 01:00:00,00000000270,20231216010000,0.051,0.0,0.057,0.0,0.0,0.0,1.0,0.0,111.76,4,0.0,0.0,589376
2023-12-16 02:00:00,00000000270,20231216020000,0.047,0.001,0.059,0.0,0.0,0.0,1.0,2.13,125.53,4,0.0,0.0,589376
2023-12-16 03:00:00,00000000270,20231216030000,0.03,0.001,0.061,0.0,0.0,0.0,1.0,3.33,203.33,4,0.0,0.0,589376
2023-12-16 04:00:00,00000000270,20231216040000,0.052,0.001,0.06,0.0,0.0,0.0,1.0,1.92,115.38,4,0.0,0.0,589376
2023-12-16 05:00:00,00000000270,20231216050000,0.051,0.0,0.059,0.0,0.0,0.0,1.0,0.0,115.69,4,0.0,0.0,589376
2023-12-16 06:00:00,00000000270,20231216060000,0.051,0.001,0.059,0.0,0.0,0.0,1.0,1.96,115.69,4,0.0,0.0,589376
2023-12-16 07:00:00,00000000270,20231216070000,0.036,0.001,0.059,0.0,0.0,0.0,1.0,2.78,163.89,4,0.0,0.0,589376
2023-12-16 08:00:00,00000000270,20231216080000,0.038,0.0,0.06,0.0,0.0,0.0,1.0,0.0,157.89,4,0.0,0.0,589376
2023-12-16 09:00:00,00000000270,20231216090000,0.052,0.001,0.057,0.0,0.0,0.0,1.0,1.92,109.62,4,0.0,0.0,589376
2023-12-16 10:00:00,00000000270,20231216100000,0.134,0.001,0.055,0.0,0.0,0.0,1.0,0.75,41.04,4,0.0,0.0,589376
2023-12-16 11:00:00,00000000270,20231216110000,0.05,0.001,0.055,0.0,0.0,0.0,1.0,2.0,110.0,4,0.0,0.0,589376
2023-12-16 12:00:00,00000000270,20231216120000,0.05,0.0,0.054,0.0,0.0,0.0,1.0,0.0,108.0,4,0.0,0.0,589376
2023-12-16 13:00:00,00000000270,20231216130000,0.052,0.001,0.056,0.0,0.0,0.0,1.0,1.92,107.69,4,0.0,0.0,589376
2023-12-16 14:00:00,00000000270,20231216140000,0.048,0.001,0.055,0.0,0.0,0.0,1.0,2.08,114.58,4,0.0,0.0,589376
2023-12-16 15:00:00,00000000270,20231216150000,0.044,0.0,0.055,0.0,0.0,0.0,1.0,0.0,125.0,4,0.0,0.0,589376
2023-12-16 16:00:00,00000000270,20231216160000,0.03,0.0,0.057,0.0,0.0,0.0,1.0,0.0,190.0,4,0.0,0.0,589376
2023-12-16 17:00:00,00000000270,20231216170000,0.048,0.001,0.054,0.0,0.0,0.0,1.0,2.08,112.5,4,0.0,0.0,589376
2023-12-16 18:00:00,00000000270,20231216180000,0.048,0.0,0.051,0.0,0.0,0.0,1.0,0.0,106.25,4,0.0,0.0,589376
2023-12-16 19:00:00,00000000270,20231216190000,0.047,0.0,0.053,0.0,0.0,0.0,1.0,0.0,112.77,4,0.0,0.0,589376
2023-12-16 20:00:00,00000000270,20231216200000,0.031,0.001,0.054,0.0,0.0,0.0,1.0,3.23,174.19,4,0.0,0.0,589376
2023-12-16 21:00:00,00000000270,20231216210000,0.042,0.0,0.054,0.0,0.0,0.0,1.0,0.0,128.57,4,0.0,0.0,589376
2023-12-16 22:00:00,00000000270,20231216220000,0.046,0.0,0.054,0.0,0.0,0.0,1.0,0.0,117.39,4,0.0,0.0,589376
2023-12-16 23:00:00,00000000270,20231216230000,0.05,0.001,0.056,0.0,0.0,0.0,1.0,2.0,112.0,4,0.0,0.0,589376
2023-12-17 00:00:00,00000000270,20231217000000,0.037,0.0,0.059,0.0,0.0,0.0,1.0,0.0,159.46,4,0.0,0.0,589376
2023-12-17 01:00:00,00000000270,20231217010000,0.033,0.0,0.059,0.0,0.0,0.0,1.0,0.0,178.79,4,0.0,0.0,589376
2023-12-17 02:00:00,00000000270,20231217020000,0.049,0.001,0.057,0.0,0.0,0.0,1.0,2.04,116.33,4,0.0,0.0,589376
2023-12-17 03:00:00,00000000270,20231217030000,0.048,0.0,0.059,0.0,0.0,0.0,1.0,0.0,122.92,4,0.0,0.0,589376
2023-12-17 04:00:00,00000000270,20231217040000,0.033,0.0,0.059,0.0,0.0,0.0,1.0,0.0,178.79,4,0.0,0.0,589376
2023-12-17 05:00:00,00000000270,20231217050000,0.041,0.001,0.059,0.0,0.0,0.0,1.0,2.44,143.9,4,0.0,0.0,589376
2023-12-17 06:00:00,00000000270,20231217060000,0.045,0.0,0.058,0.0,0.0,0.0,1.0,0.0,128.89,4,0.0,0.0,589376
2023-12-17 07:00:00,00000000270,20231217070000,0.048,0.0,0.057,0.0,0.0,0.0,1.0,0.0,118.75,4,0.0,0.0,589376
2023-12-17 08:00:00,00000000270,20231217080000,0.032,0.001,0.059,0.0,0.0,0.0,1.0,3.12,184.37,4,0.0,0.0,589376
2023-12-17 09:00:00,00000000270,20231217090000,0.039,0.0,0.057,0.0,0.0,0.0,1.0,0.0,146.15,4,0.0,0.0,589376
2023-12-17 10:00:00,00000000270,20231217100000,0.073,0.0,0.056,0.0,0.0,0.0,1.0,0.0,76.71,4,0.0,0.0,589376
2023-12-17 11:00:00,00000000270,20231217110000,0.121,0.001,0.052,0.0,0.0,0.0,1.0,0.83,42.98,4,0.0,0.0,589376
2023-12-17 12:00:00,00000000270,20231217120000,0.038,0.0,0.056,0.0,0.0,0.0,1.0,0.0,147.37,4,0.0,0.0,589376
2023-12-17 13:00:00,00000000270,20231217130000,0.034,0.0,0.055,0.0,0.0,0.0,1.0,0.0,161.76,4,0.0,0.0,589376
2023-12-17 14:00:00,00000000270,20231217140000,0.045,0.0,0.055,0.0,0.0,0.0,1.0,0.0,122.22,4,0.0,0.0,589376
2023-12-17 15:00:00,00000000270,20231217150000,0.044,0.0,0.055,0.0,0.0,0.0,1.0,0.0,125.0,4,0.0,0.0,589376
2023-12-17 16:00:00,00000000270,20231217160000,0.041,0.001,0.055,0.0,0.0,0.0,1.0,2.44,134.15,4,0.0,0.0,589376
2023-12-17 17:00:00,00000000270,20231217170000,0.027,0.0,0.055,0.0,0.0,0.0,1.0,0.0,203.7,4,0.0,0.0,589376
2023-12-17 18:00:00,00000000270,20231217180000,0.053,0.0,0.05,0.0,0.0,0.0,1.0,0.0,94.34,4,0.0,0.0,589376
2023-12-17 19:00:00,00000000270,20231217190000,0.048,0.0,0.052,0.0,0.0,0.0,1.0,0.0,108.33,4,0.0,0.0,589376
2023-12-17 20:00:00,00000000270,20231217200000,0.047,0.001,0.052,0.0,0.0,0.0,1.0,2.13,110.64,4,0.0,0.0,589376
2023-12-17 21:00:00,00000000270,20231217210000,0.036,0.0,0.053,0.0,0.0,0.0,1.0,0.0,147.22,4,0.0,0.0,589376
2023-12-17 22:00:00,00000000270,20231217220000,0.032,0.0,0.056,0.0,0.0,0.0,1.0,0.0,175.0,4,0.0,0.0,589376
2023-12-17 23:00:00,00000000270,20231217230000,0.046,0.0,0.054,0.0,0.0,0.0,1.0,0.0,117.39,4,0.0,0.0,589376
2023-12-18 00:00:00,00000000270,20231218000000,0.044,0.001,0.056,0.0,0.0,0.0,1.0,2.27,127.27,4,0.0,0.0,589376
2023-12-18 01:00:00,00000000270,20231218010000,0.046,0.0,0.058,0.0,0.0,0.0,1.0,0.0,126.09,4,0.0,0.0,589376
2023-12-18 02:00:00,00000000270,20231218020000,0.027,0.0,0.06,0.0,0.0,0.0,1.0,0.0,222.22,4,0.0,0.0,589376
2023-12-18 03:00:00,00000000270,20231218030000,0.046,0.0,0.059,0.0,0.0,0.0,1.0,0.0,128.26,4,0.0,0.0,589376
2023-12-18 04:00:00,00000000270,20231218040000,0.044,0.001,0.058,0.0,0.0,0.0,1.0,2.27,131.82,4,0.0,0.0,589376
2023-12-18 05:00:00,00000000270,20231218050000,0.049,0.0,0.059,0.0,0.0,0.0,1.0,0.0,120.41,4,0.0,0.0,589376
2023-12-18 06:00:00,00000000270,20231218060000,0.03,0.0,0.057,0.0,0.0,0.0,1.0,0.0,190.0,4,0.0,0.0,589376
2023-12-18 07:00:00,00000000270,20231218070000,0.034,0.0,0.056,0.0,0.0,0.0,1.0,0.0,164.71,4,0.0,0.0,589376
2023-12-18 08:00:00,00000000270,20231218080000,0.046,0.001,0.054,0.0,0.0,0.0,1.0,2.17,117.39,4,0.0,0.0,589376
2023-12-18 09:00:00,00000000270,20231218090000,0.048,0.0,0.054,0.0,0.0,0.0,1.0,0.0,112.5,4,0.0,0.0,589376
2023-12-18 10:00:00,00000000270,20231218100000,0.029,0.0,0.053,0.0,0.0,0.0,1.0,0.0,182.76,4,0.0,0.0,589376
2023-12-18 11:00:00,00000000270,20231218110000,0.034,0.0,0.054,0.0,0.0,0.0,1.0,0.0,158.82,4,0.0,0.0,589376
2023-12-18 12:00:00,00000000270,20231218120000,0.295,0.0,0.054,0.0,0.0,0.0,1.0,0.0,18.31,4,0.0,0.0,589376
2023-12-18 13:00:00,00000000270,20231218130000,0.073,0.001,0.052,0.0,0.0,0.0,1.0,1.37,71.23,4,0.0,0.0,589376
2023-12-18 14:00:00,00000000270,20231218140000,0.058,0.0,0.054,0.0,0.0,0.0,1.0,0.0,93.1,4,0.0,0.0,589376
2023-12-18 15:00:00,00000000270,20231218150000,0.024,0.0,0.056,0.0,0.0,0.0,1.0,0.0,233.33,4,0.0,0.0,589376
2023-12-18 16:00:00,00000000270,20231218160000,0.053,0.001,0.055,0.0,0.0,0.0,1.0,1.89,103.77,4,0.0,0.0,589376
2023-12-18 17:00:00,00000000270,20231218170000,0.049,0.0,0.054,0.0,0.0,0.0,1.0,0.0,110.2,4,0.0,0.0,589376
2023-12-18 18:00:00,00000000270,20231218180000,0.036,0.0,0.053,0.0,0.0,0.0,1.0,0.0,147.22,4,0.0,0.0,589376
2023-12-18 19:00:00,00000000270,20231218190000,0.191,0.0,0.053,0.0,0.0,0.0,1.0,0.0,27.75,4,0.0,0.0,589376
2023-12-18 20:00:00,00000000270,20231218200000,0.045,0.001,0.051,0.0,0.0,0.0,1.0,2.22,113.33,4,0.0,0.0,589376
2023-12-18 21:00:00,00000000270,20231218210000,0.046,0.0,0.052,0.0,0.0,0.0,1.0,0.0,113.04,4,0.0,0.0,589376
2023-12-18 22:00:00,00000000270,20231218220000,0.108,0.001,0.054,0.0,0.0,0.0,1.0,0.93,50.0,4,0.0,0.0,589376
2023-12-18 23:00:00,00000000270,20231218230000,1.424,0.006,0.024,0.0,0.0,0.0,1.0,0.42,1.69,4,0.0,0.0,589376
2023-12-19 00:00:00,00000000270,20231219000000,0.054,0.001,0.055,0.0,0.0,0.0,1.0,1.85,101.85,4,0.0,0.0,589376
2023-12-19 01:00:00,00000000270,20231219010000,0.048,0.0,0.055,0.0,0.0,0.0,1.0,0.0,114.58,4,0.0,0.0,589376
2023-12-19 02:00:00,00000000270,20231219020000,0.035,0.0,0.058,0.0,0.0,0.0,1.0,0.0,165.71,4,0.0,0.0,589376
2023-12-19 03:00:00,00000000270,20231219030000,0.036,0.0,0.059,0.0,0.0,0.0,1.0,0.0,163.89,4,0.0,0.0,589376
2023-12-19 04:00:00,00000000270,20231219040000,0.046,0.001,0.057,0.0,0.0,0.0,1.0,2.17,123.91,4,0.0,0.0,589376
2023-12-19 05:00:00,00000000270,20231219050000,0.05,0.0,0.058,0.0,0.0,0.0,1.0,0.0,116.0,4,0.0,0.0,589376
2023-12-19 06:00:00,00000000270,20231219060000,0.044,0.0,0.057,0.0,0.0,0.0,1.0,0.0,129.55,4,0.0,0.0,589376
2023-12-19 07:00:00,00000000270,20231219070000,0.027,0.001,0.057,0.0,0.0,0.0,1.0,3.7,211.11,4,0.0,0.0,589376
2023-12-19 08:00:00,00000000270,20231219080000,0.227,0.0,0.055,0.0,0.0,0.0,1.0,0.0,24.23,4,0.0,0.0,589376
2023-12-19 09:00:00,00000000270,20231219090000,0.047,0.0,0.053,0.0,0.0,0.0,1.0,0.0,112.77,4,0.0,0.0,589376
2023-12-19 10:00:00,00000000270,20231219100000,0.123,0.0,0.054,0.0,0.0,0.0,1.0,0.0,43.9,4,0.0,0.0,589376
2023-12-19 11:00:00,00000000270,20231219110000,0.044,0.001,0.055,0.0,0.0,0.0,1.0,2.27,125.0,4,0.0,0.0,589376
2023-12-19 12:00:00,00000000270,20231219120000,0.069,0.0,0.042,0.0,0.0,0.0,1.0,0.0,60.87,4,0.0,0.0,589376
2023-12-19 13:00:00,00000000270,20231219130000,0.034,0.0,0.023,0.0,0.0,0.0,1.0,0.0,67.65,4,0.0,0.0,589376
2023-12-19 14:00:00,00000000270,20231219140000,0.049,0.002,0.057,0.0,0.0,0.0,1.0,4.08,116.33,4,0.0,0.0,589376
2023-12-19 15:00:00,00000000270,20231219150000,0.054,0.0,0.055,0.0,0.0,0.0,1.0,0.0,101.85,4,0.0,0.0,589376
2023-12-19 16:00:00,00000000270,20231219160000,0.051,0.001,0.055,0.0,0.0,0.0,1.0,1.96,107.84,4,0.0,0.0,589376
2023-12-19 17:00:00,00000000270,20231219170000,0.03,0.0,0.055,0.0,0.0,0.0,1.0,0.0,183.33,4,0.0,0.0,589376
2023-12-19 18:00:00,00000000270,20231219180000,0.041,0.0,0.052,0.0,0.0,0.0,1.0,0.0,126.83,4,0.0,0.0,589376
2023-12-19 19:00:00,00000000270,20231219190000,0.048,0.001,0.051,0.0,0.0,0.0,1.0,2.08,106.25,4,0.0,0.0,589376
2023-12-19 20:00:00,00000000270,20231219200000,0.047,0.0,0.051,0.0,0.0,0.0,1.0,0.0,108.51,4,0.0,0.0,589376
2023-12-19 21:00:00,00000000270,20231219210000,0.023,0.0,0.053,0.0,0.0,0.0,1.0,0.0,230.43,4,0.0,0.0,589376
2023-12-19 22:00:00,00000000270,20231219220000,0.046,0.001,0.052,0.0,0.0,0.0,1.0,2.17,113.04,4,0.0,0.0,589376
2023-12-19 23:00:00,00000000270,20231219230000,0.049,0.0,0.054,0.0,0.0,0.0,1.0,0.0,110.2,4,0.0,0.0,589376
2023-12-20 00:00:00,00000000270,20231220000000,0.032,0.0,0.056,0.0,0.0,0.0,1.0,0.0,175.0,4,0.0,0.0,589376
2023-12-20 01:00:00,00000000270,20231220010000,0.04,0.001,0.057,0.0,0.0,0.0,1.0,2.5,142.5,4,0.0,0.0,589376
2023-12-20 02:00:00,00000000270,20231220020000,0.047,0.0,0.057,0.0,0.0,0.0,1.0,0.0,121.28,4,0.0,0.0,589376
2023-12-20 03:00:00,00000000270,20231220030000,0.047,0.001,0.058,0.0,0.0,0.0,1.0,2.13,123.4,4,0.0,0.0,589376
2023-12-20 04:00:00,00000000270,20231220040000,0.028,0.0,0.06,0.0,0.0,0.0,1.0,0.0,214.29,4,0.0,0.0,589376
2023-12-20 05:00:00,00000000270,20231220050000,0.048,0.0,0.057,0.0,0.0,0.0,1.0,0.0,118.75,4,0.0,0.0,589376
2023-12-20 06:00:00,00000000270,20231220060000,0.047,0.001,0.056,0.0,0.0,0.0,1.0,2.13,119.15,4,0.0,0.0,589376
2023-12-20 07:00:00,00000000270,20231220070000,0.029,0.0,0.057,0.0,0.0,0.0,1.0,0.0,196.55,4,0.0,0.0,589376
2023-12-20 08:00:00,00000000270,20231220080000,0.051,0.0,0.054,0.0,0.0,0.0,1.0,0.0,105.88,4,0.0,0.0,589376
2023-12-20 09:00:00,00000000270,20231220090000,0.119,0.001,0.054,0.0,0.0,0.0,1.0,0.84,45.38,4,0.0,0.0,589376
2023-12-20 10:00:00,00000000270,20231220100000,0.07,0.0,0.052,0.0,0.0,0.0,1.0,0.0,74.29,4,0.0,0.0,589376
2023-12-20 11:00:00,00000000270,20231220110000,0.043,0.0,0.055,0.0,0.0,0.0,1.0,0.0,127.91,4,0.0,0.0,589376
2023-12-20 12:00:00,00000000270,20231220120000,0.032,0.001,0.058,0.0,0.0,0.0,1.0,3.12,181.25,4,0.0,0.0,589376
2023-12-20 13:00:00,00000000270,20231220130000,0.047,0.0,0.056,0.0,0.0,0.0,1.0,0.0,119.15,4,0.0,0.0,589376
2023-12-20 14:00:00,00000000270,20231220140000,0.05,0.0,0.056,0.0,0.0,0.0,1.0,0.0,112.0,4,0.0,0.0,589376
2023-12-20 15:00:00,00000000270,20231220150000,0.036,0.001,0.058,0.0,0.0,0.0,1.0,2.78,161.11,4,0.0,0.0,589376
2023-12-20 16:00:00,00000000270,20231220160000,0.035,0.0,0.055,0.0,0.0,0.0,1.0,0.0,157.14,4,0.0,0.0,589376
2023-12-20 17:00:00,00000000270,20231220170000,0.048,0.0,0.054,0.0,0.0,0.0,1.0,0.0,112.5,4,0.0,0.0,589376
2023-12-20 18:00:00,00000000270,20231220180000,0.045,0.001,0.05,0.0,0.0,0.0,1.0,2.22,111.11,4,0.0,0.0,589376
2023-12-20 19:00:00,00000000270,20231220190000,0.024,0.0,0.055,0.0,0.0,0.0,1.0,0.0,229.17,4,0.0,0.0,589376
2023-12-20 20:00:00,00000000270,20231220200000,0.047,0.0,0.052,0.0,0.0,0.0,1.0,0.0,110.64,4,0.0,0.0,589376
2023-12-20 21:00:00,00000000270,20231220210000,0.047,0.0,0.054,0.0,0.0,0.0,1.0,0.0,114.89,4,0.0,0.0,589376
2023-12-20 22:00:00,00000000270,20231220220000,0.034,0.001,0.054,0.0,0.0,0.0,1.0,2.94,158.82,4,0.0,0.0,589376
2023-12-20 23:00:00,00000000270,20231220230000,0.038,0.0,0.056,0.0,0.0,0.0,1.0,0.0,147.37,4,0.0,0.0,589376
2023-12-21 00:00:00,00000000270,20231221000000,0.048,0.0,0.055,0.0,0.0,0.0,1.0,0.0,114.58,4,0.0,0.0,589376
2023-12-21 01:00:00,00000000270,20231221010000,0.046,0.001,0.057,0.0,0.0,0.0,1.0,2.17,123.91,4,0.0,0.0,589376
2023-12-21 02:00:00,00000000270,20231221020000,0.024,0.0,0.06,0.0,0.0,0.0,1.0,0.0,250.0,4,0.0,0.0,589376
2023-12-21 03:00:00,00000000270,20231221030000,0.048,0.001,0.058,0.0,0.0,0.0,1.0,2.08,120.83,4,0.0,0.0,589376
2023-12-21 04:00:00,00000000270,20231221040000,0.049,0.0,0.058,0.0,0.0,0.0,1.0,0.0,118.37,4,0.0,0.0,589376
2023-12-21 05:00:00,00000000270,20231221050000,0.033,0.001,0.059,0.0,0.0,0.0,1.0,3.03,178.79,4,0.0,0.0,589376
2023-12-21 06:00:00,00000000270,20231221060000,0.042,0.001,0.059,0.0,0.0,0.0,1.0,2.38,140.48,4,0.0,0.0,589376
2023-12-21 07:00:00,00000000270,20231221070000,0.05,0.0,0.056,0.0,0.0,0.0,1.0,0.0,112.0,4,0.0,0.0,589376
2023-12-21 08:00:00,00000000270,20231221080000,0.045,0.001,0.056,0.0,0.0,0.0,1.0,2.22,124.44,4,0.0,0.0,589376
2023-12-21 09:00:00,00000000270,20231221090000,0.027,0.0,0.057,0.0,0.0,0.0,1.0,0.0,211.11,4,0.0,0.0,589376
2023-12-21 10:00:00,00000000270,20231221100000,0.046,0.001,0.054,0.0,0.0,0.0,1.0,2.17,117.39,4,0.0,0.0,589376
2023-12-21 11:00:00,00000000270,20231221110000,0.123,0.0,0.052,0.0,0.0,0.0,1.0,0.0,42.28,4,0.0,0.0,589376
2023-12-21 12:00:00,00000000270,20231221120000,0.05,0.0,0.055,0.0,0.0,0.0,1.0,0.0,110.0,4,0.0,0.0,589376
2023-12-21 13:00:00,00000000270,20231221130000,0.05,0.0,0.054,0.0,0.0,0.0,1.0,0.0,108.0,4,0.0,0.0,589376
2023-12-21 14:00:00,00000000270,20231221140000,0.049,0.001,0.054,0.0,0.0,0.0,1.0,2.04,110.2,4,0.0,0.0,589376
2023-12-21 15:00:00,00000000270,20231221150000,0.045,0.0,0.055,0.0,0.0,0.0,1.0,0.0,122.22,4,0.0,0.0,589376
2023-12-21 16:00:00,00000000270,20231221160000,0.025,0.0,0.057,0.0,0.0,0.0,1.0,0.0,228.0,4,0.0,0.0,589376
2023-12-21 17:00:00,00000000270,20231221170000,0.05,0.001,0.054,0.0,0.0,0.0,1.0,2.0,108.0,4,0.0,0.0,589376
2023-12-21 18:00:00,00000000270,20231221180000,0.043,0.0,0.052,0.0,0.0,0.0,1.0,0.0,120.93,4,0.0,0.0,589376
2023-12-21 19:00:00,00000000270,20231221190000,0.039,0.0,0.052,0.0,0.0,0.0,1.0,0.0,133.33,4,0.0,0.0,589376
2023-12-21 20:00:00,00000000270,20231221200000,0.032,0.001,0.054,0.0,0.0,0.0,1.0,3.12,168.75,4,0.0,0.0,589376
2023-12-21 21:00:00,00000000270,20231221210000,0.048,0.0,0.053,0.0,0.0,0.0,1.0,0.0,110.42,4,0.0,0.0,589376
2023-12-21 22:00:00,00000000270,20231221220000,0.047,0.0,0.054,0.0,0.0,0.0,1.0,0.0,114.89,4,0.0,0.0,589376
2023-12-21 23:00:00,00000000270,20231221230000,0.035,0.001,0.056,0.0,0.0,0.0,1.0,2.86,160.0,4,0.0,0.0,589376
2023-12-22 00:00:00,00000000270,20231222000000,0.039,0.0,0.057,0.0,0.0,0.0,1.0,0.0,146.15,4,0.0,0.0,589376
2023-12-22 01:00:00,00000000270,20231222010000,0.047,0.0,0.057,0.0,0.0,0.0,1.0,0.0,121.28,4,0.0,0.0,589376
2023-12-22 02:00:00,00000000270,20231222020000,0.047,0.001,0.058,0.0,0.0,0.0,1.0,2.13,123.4,4,0.0,0.0,589376
2023-12-22 03:00:00,00000000270,20231222030000,0.029,0.0,0.06,0.0,0.0,0.0,1.0,0.0,206.9,4,0.0,0.0,589376
2023-12-22 04:00:00,00000000270,20231222040000,0.045,0.001,0.059,0.0,0.0,0.0,1.0,2.22,131.11,4,0.0,0.0,589376
2023-12-22 05:00:00,00000000270,20231222050000,0.047,0.0,0.058,0.0,0.0,0.0,1.0,0.0,123.4,4,0.0,0.0,589376
2023-12-22 06:00:00,00000000270,20231222060000,0.043,0.001,0.058,0.0,0.0,0.0,1.0,2.33,134.88,4,0.0,0.0,589376
2023-12-22 07:00:00,00000000270,20231222070000,0.03,0.0,0.058,0.0,0.0,0.0,1.0,0.0,193.33,4,0.0,0.0,589376
2023-12-22 08:00:00,00000000270,20231222080000,0.046,0.0,0.055,0.0,0.0,0.0,1.0,0.0,119.57,4,0.0,0.0,589376
2023-12-22 09:00:00,00000000270,20231222090000,0.049,0.001,0.056,0.0,0.0,0.0,1.0,2.04,114.29,4,0.0,0.0,589376
2023-12-22 10:00:00,00000000270,20231222100000,0.032,0.0,0.057,0.0,0.0,0.0,1.0,0.0,178.12,4,0.0,0.0,589376
2023-12-22 11:00:00,00000000270,20231222110000,0.04,0.0,0.055,0.0,0.0,0.0,1.0,0.0,137.5,4,0.0,0.0,589376
2023-12-22 12:00:00,00000000270,20231222120000,0.111,0.0,0.055,0.0,0.0,0.0,1.0,0.0,49.55,4,0.0,0.0,589376
2023-12-22 13:00:00,00000000270,20231222130000,0.083,0.008,0.031,0.0,0.0,0.0,1.0,9.64,37.35,4,0.0,0.0,589376
2023-12-22 14:00:00,00000000270,20231222140000,0.096,0.0,0.05,0.0,0.0,0.0,1.0,0.0,52.08,4,0.0,0.0,589376
2023-12-22 15:00:00,00000000270,20231222150000,0.054,0.001,0.053,0.0,0.0,0.0,1.0,1.85,98.15,4,0.0,0.0,589376
2023-12-22 16:00:00,00000000270,20231222160000,0.049,0.0,0.054,0.0,0.0,0.0,1.0,0.0,110.2,4,0.0,0.0,589376
2023-12-22 17:00:00,00000000270,20231222170000,0.033,0.0,0.056,0.0,0.0,0.0,1.0,0.0,169.7,4,0.0,0.0,589376
2023-12-22 18:00:00,00000000270,20231222180000,0.04,0.001,0.052,0.0,0.0,0.0,1.0,2.5,130.0,4,0.0,0.0,589376
2023-12-22 19:00:00,00000000270,20231222190000,0.046,0.0,0.053,0.0,0.0,0.0,1.0,0.0,115.22,4,0.0,0.0,589376
2023-12-22 20:00:00,00000000270,20231222200000,0.047,0.0,0.053,0.0,0.0,0.0,1.0,0.0,112.77,4,0.0,0.0,589376
2023-12-22 21:00:00,00000000270,20231222210000,0.045,0.001,0.055,0.0,0.0,0.0,1.0,2.22,122.22,4,0.0,0.0,589376
2023-12-22 22:00:00,00000000270,20231222220000,0.026,0.0,0.058,0.0,0.0,0.0,1.0,0.0,223.08,4,0.0,0.0,589376
2023-12-22 23:00:00,00000000270,20231222230000,0.047,0.0,0.056,0.0,0.0,0.0,1.0,0.0,119.15,4,0.0,0.0,589376
2023-12-23 00:00:00,00000000270,20231223000000,0.046,0.001,0.055,0.0,0.0,0.0,1.0,2.17,119.57,4,0.0,0.0,589376
2023-12-23 01:00:00,00000000270,20231223010000,0.047,0.0,0.057,0.0,0.0,0.0,1.0,0.0,121.28,4,0.0,0.0,589376
2023-12-23 02:00:00,00000000270,20231223020000,0.026,0.0,0.06,0.0,0.0,0.0,1.0,0.0,230.77,4,0.0,0.0,589376
2023-12-23 03:00:00,00000000270,20231223030000,0.049,0.001,0.058,0.0,0.0,0.0,1.0,2.04,118.37,4,0.0,0.0,589376
2023-12-23 04:00:00,00000000270,20231223040000,0.049,0.0,0.059,0.0,0.0,0.0,1.0,0.0,120.41,4,0.0,0.0,589376
2023-12-23 05:00:00,00000000270,20231223050000,0.036,0.001,0.058,0.0,0.0,0.0,1.0,2.78,161.11,4,0.0,0.0,589376
2023-12-23 06:00:00,00000000270,20231223060000,0.036,0.0,0.059,0.0,0.0,0.0,1.0,0.0,163.89,4,0.0,0.0,589376
2023-12-23 07:00:00,00000000270,20231223070000,0.045,0.0,0.056,0.0,0.0,0.0,1.0,0.0,124.44,4,0.0,0.0,589376
2023-12-23 08:00:00,00000000270,20231223080000,0.049,0.001,0.057,0.0,0.0,0.0,1.0,2.04,116.33,4,0.0,0.0,589376
2023-12-23 09:00:00,00000000270,20231223090000,0.028,0.0,0.059,0.0,0.0,0.0,1.0,0.0,210.71,4,0.0,0.0,589376
2023-12-23 10:00:00,00000000270,20231223100000,0.043,0.0,0.056,0.0,0.0,0.0,1.0,0.0,130.23,4,0.0,0.0,589376
2023-12-23 11:00:00,00000000270,20231223110000,0.05,0.001,0.056,0.0,0.0,0.0,1.0,2.0,112.0,4,0.0,0.0,589376
2023-12-23 12:00:00,00000000270,20231223120000,0.041,0.0,0.056,0.0,0.0,0.0,1.0,0.0,136.59,4,0.0,0.0,589376
2023-12-23 13:00:00,00000000270,20231223130000,0.028,0.0,0.058,0.0,0.0,0.0,1.0,0.0,207.14,4,0.0,0.0,589376
2023-12-23 14:00:00,00000000270,20231223140000,0.05,0.0,0.056,0.0,0.0,0.0,1.0,0.0,112.0,4,0.0,0.0,589376
2023-12-23 15:00:00,00000000270,20231223150000,0.127,0.001,0.055,0.0,0.0,0.0,1.0,0.79,43.31,4,0.0,0.0,589376
2023-12-23 16:00:00,00000000270,20231223160000,0.053,0.0,0.056,0.0,0.0,0.0,1.0,0.0,105.66,4,0.0,0.0,589376
2023-12-23 17:00:00,00000000270,20231223170000,0.052,0.001,0.055,0.0,0.0,0.0,1.0,1.92,105.77,4,0.0,0.0,589376
2023-12-23 18:00:00,00000000270,20231223180000,0.066,0.0,0.055,0.0,0.0,0.0,1.0,0.0,83.33,4,0.0,0.0,589376
2023-12-23 19:00:00,00000000270,20231223190000,1.663,0.0,0.067,0.0,0.0,0.0,1.0,0.0,4.03,4,0.0,0.0,589376
2023-12-23 20:00:00,00000000270,20231223200000,0.143,0.0,0.057,0.0,0.0,0.0,1.0,0.0,39.86,4,0.0,0.0,589376
2023-12-23 21:00:00,00000000270,20231223210000,0.042,0.001,0.055,0.0,0.0,0.0,1.0,2.38,130.95,4,0.0,0.0,589376
2023-12-23 22:00:00,00000000270,20231223220000,0.047,0.0,0.055,0.0,0.0,0.0,1.0,0.0,117.02,4,0.0,0.0,589376
2023-12-23 23:00:00,00000000270,20231223230000,0.05,0.0,0.057,0.0,0.0,0.0,1.0,0.0,114.0,4,0.0,0.0,589376
2023-12-24 00:00:00,00000000270,20231224000000,0.031,0.001,0.059,0.0,0.0,0.0,1.0,3.23,190.32,4,0.0,0.0,589376
2023-12-24 01:00:00,00000000270,20231224010000,0.044,0.0,0.058,0.0,0.0,0.0,1.0,0.0,131.82,4,0.0,0.0,589376
2023-12-24 02:00:00,00000000270,20231224020000,0.05,0.001,0.059,0.0,0.0,0.0,1.0,2.0,118.0,4,0.0,0.0,589376
2023-12-24 03:00:00,00000000270,20231224030000,0.047,0.0,0.058,0.0,0.0,0.0,1.0,0.0,123.4,4,0.0,0.0,589376
2023-12-24 04:00:00,00000000270,20231224040000,0.035,0.001,0.061,0.0,0.0,0.0,1.0,2.86,174.29,4,0.0,0.0,589376
2023-12-24 05:00:00,00000000270,20231224050000,0.054,0.001,0.06,0.0,0.0,0.0,1.0,1.85,111.11,4,0.0,0.0,589376
2023-12-24 06:00:00,00000000270,20231224060000,0.053,0.0,0.059,0.0,0.0,0.0,1.0,0.0,111.32,4,0.0,0.0,589376
2023-12-24 07:00:00,00000000270,20231224070000,0.049,0.001,0.057,0.0,0.0,0.0,1.0,2.04,116.33,4,0.0,0.0,589376
2023-12-24 08:00:00,00000000270,20231224080000,0.03,0.001,0.061,0.0,0.0,0.0,1.0,3.33,203.33,4,0.0,0.0,589376
2023-12-24 09:00:00,00000000270,20231224090000,0.048,0.0,0.058,0.0,0.0,0.0,1.0,0.0,120.83,4,0.0,0.0,589376
2023-12-24 10:00:00,00000000270,20231224100000,0.055,0.002,0.056,0.0,0.0,0.0,1.0,3.64,101.82,4,0.0,0.0,589376
2023-12-24 11:00:00,00000000270,20231224110000,0.054,0.001,0.056,0.0,0.0,0.0,1.0,1.85,103.7,4,0.0,0.0,589376
2023-12-24 12:00:00,00000000270,20231224120000,0.045,0.001,0.058,0.0,0.0,0.0,1.0,2.22,128.89,4,0.0,0.0,589376
2023-12-24 13:00:00,00000000270,20231224130000,0.139,0.0,0.055,0.0,0.0,0.0,1.0,0.0,39.57,4,0.0,0.0,589376
2023-12-24 14:00:00,00000000270,20231224140000,0.073,0.001,0.057,0.0,0.0,0.0,1.0,1.37,78.08,4,0.0,0.0,589376
2023-12-24 15:00:00,00000000270,20231224150000,0.051,0.001,0.059,0.0,0.0,0.0,1.0,1.96,115.69,4,0.0,0.0,589376
2023-12-24 16:00:00,00000000270,20231224160000,0.053,0.001,0.059,0.0,0.0,0.0,1.0,1.89,111.32,4,0.0,0.0,589376
2023-12-24 17:00:00,00000000270,20231224170000,0.049,0.0,0.057,0.0,0.0,0.0,1.0,0.0,116.33,4,0.0,0.0,589376
2023-12-24 18:00:00,00000000270,20231224180000,0.233,0.001,0.058,0.0,0.0,0.0,1.0,0.43,24.89,4,0.0,0.0,589376
2023-12-24 19:00:00,00000000270,20231224190000,0.05,0.0,0.054,0.0,0.0,0.0,1.0,0.0,108.0,4,0.0,0.0,589376
2023-12-24 20:00:00,00000000270,20231224200000,0.05,0.001,0.056,0.0,0.0,0.0,1.0,2.0,112.0,4,0.0,0.0,589376
2023-12-24 21:00:00,00000000270,20231224210000,0.041,0.0,0.057,0.0,0.0,0.0,1.0,0.0,139.02,4,0.0,0.0,589376
2023-12-24 22:00:00,00000000270,20231224220000,0.035,0.0,0.058,0.0,0.0,0.0,1.0,0.0,165.71,4,0.0,0.0,589376
2023-12-24 23:00:00,00000000270,20231224230000,0.321,0.001,0.061,0.0,0.0,0.0,1.0,0.31,19.0,4,0.0,0.0,589376
2023-12-25 00:00:00,00000000270,20231225000000,0.079,0.0,0.066,0.0,0.0,0.0,1.0,0.0,83.54,4,0.0,0.0,589376
2023-12-25 01:00:00,00000000270,20231225010000,0.074,0.001,0.066,0.0,0.0,0.0,1.0,1.35,89.19,4,0.0,0.0,589376
2023-12-25 02:00:00,00000000270,20231225020000,0.067,0.0,0.069,0.0,0.0,0.0,1.0,0.0,102.99,4,0.0,0.0,589376
2023-12-25 03:00:00,00000000270,20231225030000,0.053,0.001,0.068,0.0,0.0,0.0,1.0,1.89,128.3,4,0.0,0.0,589376
2023-12-25 04:00:00,00000000270,20231225040000,0.061,0.001,0.063,0.0,0.0,0.0,1.0,1.64,103.28,4,0.0,0.0,589376
2023-12-25 05:00:00,00000000270,20231225050000,0.056,0.0,0.061,0.0,0.0,0.0,1.0,0.0,108.93,4,0.0,0.0,589376
2023-12-25 06:00:00,00000000270,20231225060000,0.052,0.001,0.059,0.0,0.0,0.0,1.0,1.92,113.46,4,0.0,0.0,589376
2023-12-25 07:00:00,00000000270,20231225070000,0.037,0.001,0.059,0.0,0.0,0.0,1.0,2.7,159.46,4,0.0,0.0,589376
2023-12-25 08:00:00,00000000270,20231225080000,0.04,0.001,0.059,0.0,0.0,0.0,1.0,2.5,147.5,4,0.0,0.0,589376
2023-12-25 09:00:00,00000000270,20231225090000,0.131,0.0,0.057,0.0,0.0,0.0,1.0,0.0,43.51,4,0.0,0.0,589376
2023-12-25 10:00:00,00000000270,20231225100000,0.097,0.001,0.056,0.0,0.0,0.0,1.0,1.03,57.73,4,0.0,0.0,589376
2023-12-25 11:00:00,00000000270,20231225110000,0.091,0.001,0.062,0.0,0.0,0.0,1.0,1.1,68.13,4,0.0,0.0,589376
2023-12-25 12:00:00,00000000270,20231225120000,0.051,0.001,0.057,0.0,0.0,0.0,1.0,1.96,111.76,4,0.0,0.0,589376
2023-12-25 13:00:00,00000000270,20231225130000,0.052,0.0,0.059,0.0,0.0,0.0,1.0,0.0,113.46,4,0.0,0.0,589376
2023-12-25 14:00:00,00000000270,20231225140000,0.054,0.001,0.062,0.0,0.0,0.0,1.0,1.85,114.81,4,0.0,0.0,589376
2023-12-25 15:00:00,00000000270,20231225150000,0.086,0.001,0.066,0.0,0.0,0.0,1.0,1.16,76.74,4,0.0,0.0,589376
2023-12-25 16:00:00,00000000270,20231225160000,0.048,0.0,0.059,0.0,0.0,0.0,1.0,0.0,122.92,4,0.0,0.0,589376
2023-12-25 17:00:00,00000000270,20231225170000,0.093,0.001,0.064,0.0,0.0,0.0,1.0,1.08,68.82,4,0.0,0.0,589376
2023-12-25 18:00:00,00000000270,20231225180000,0.707,0.001,0.067,0.0,0.0,0.0,1.0,0.14,9.48,4,0.0,0.0,589376
2023-12-25 19:00:00,00000000270,20231225190000,0.103,0.024,0.006,0.0,0.0,0.0,1.0,23.3,5.83,4,0.0,0.0,589376
2023-12-25 20:00:00,00000000270,20231225200000,0.086,0.013,0.024,0.0,0.0,0.0,1.0,15.12,27.91,4,0.0,0.0,589376
2023-12-25 21:00:00,00000000270,20231225210000,0.043,0.001,0.057,0.0,0.0,0.0,1.0,2.33,132.56,4,0.0,0.0,589376
2023-12-25 22:00:00,00000000270,20231225220000,0.371,0.005,0.048,0.0,0.0,0.0,1.0,1.35,12.94,4,0.0,0.0,589376
2023-12-25 23:00:00,00000000270,20231225230000,0.643,0.001,0.07,0.0,0.0,0.0,1.0,0.16,10.89,4,0.0,0.0,589376
2023-12-26 00:00:00,00000000270,20231226000000,0.075,0.001,0.066,0.0,0.0,0.0,1.0,1.33,88.0,4,0.0,0.0,589376
2023-12-26 01:00:00,00000000270,20231226010000,0.066,0.0,0.065,0.0,0.0,0.0,1.0,0.0,98.48,4,0.0,0.0,589376
2023-12-26 02:00:00,00000000270,20231226020000,0.039,0.001,0.06,0.0,0.0,0.0,1.0,2.56,153.85,4,0.0,0.0,589376
2023-12-26 03:00:00,00000000270,20231226030000,0.241,0.001,0.061,0.0,0.0,0.0,1.0,0.41,25.31,4,0.0,0.0,589376
2023-12-26 04:00:00,00000000270,20231226040000,0.062,0.0,0.06,0.0,0.0,0.0,1.0,0.0,96.77,4,0.0,0.0,589376
2023-12-26 05:00:00,00000000270,20231226050000,0.114,0.001,0.059,0.0,0.0,0.0,1.0,0.88,51.75,4,0.0,0.0,589376
2023-12-26 06:00:00,00000000270,20231226060000,0.097,0.001,0.056,0.0,0.0,0.0,1.0,1.03,57.73,4,0.0,0.0,589376
2023-12-26 07:00:00,00000000270,20231226070000,0.056,0.0,0.058,0.0,0.0,0.0,1.0,0.0,103.57,4,0.0,0.0,589376
2023-12-26 08:00:00,00000000270,20231226080000,0.044,0.001,0.058,0.0,0.0,0.0,1.0,2.27,131.82,4,0.0,0.0,589376
2023-12-26 09:00:00,00000000270,20231226090000,0.036,0.001,0.059,0.0,0.0,0.0,1.0,2.78,163.89,4,0.0,0.0,589376
2023-12-26 10:00:00,00000000270,20231226100000,0.048,0.0,0.058,0.0,0.0,0.0,1.0,0.0,120.83,4,0.0,0.0,589376
2023-12-26 11:00:00,00000000270,20231226110000,0.053,0.001,0.058,0.0,0.0,0.0,1.0,1.89,109.43,4,0.0,0.0,589376
2023-12-26 12:00:00,00000000270,20231226120000,0.052,0.001,0.059,0.0,0.0,0.0,1.0,1.92,113.46,4,0.0,0.0,589376
2023-12-26 13:00:00,00000000270,20231226130000,0.05,0.001,0.058,0.0,0.0,0.0,1.0,2.0,116.0,4,0.0,0.0,589376
2023-12-26 14:00:00,00000000270,20231226140000,0.052,0.0,0.059,0.0,0.0,0.0,1.0,0.0,113.46,4,0.0,0.0,589376
2023-12-26 15:00:00,00000000270,20231226150000,0.049,0.001,0.059,0.0,0.0,0.0,1.0,2.04,120.41,4,0.0,0.0,589376
2023-12-26 16:00:00,00000000270,20231226160000,0.044,0.001,0.058,0.0,0.0,0.0,1.0,2.27,131.82,4,0.0,0.0,589376
2023-12-26 17:00:00,00000000270,20231226170000,0.054,0.001,0.057,0.0,0.0,0.0,1.0,1.85,105.56,4,0.0,0.0,589376
2023-12-26 18:00:00,00000000270,20231226180000,0.05,0.0,0.054,0.0,0.0,0.0,1.0,0.0,108.0,4,0.0,0.0,589376
2023-12-26 19:00:00,00000000270,20231226190000,0.053,0.001,0.054,0.0,0.0,0.0,1.0,1.89,101.89,4,0.0,0.0,589376
2023-12-26 20:00:00,00000000270,20231226200000,0.051,0.0,0.054,0.0,0.0,0.0,1.0,0.0,105.88,4,0.0,0.0,589376
2023-12-26 21:00:00,00000000270,20231226210000,0.048,0.0,0.055,0.0,0.0,0.0,1.0,0.0,114.58,4,0.0,0.0,589376
2023-12-26 22:00:00,00000000270,20231226220000,0.038,0.001,0.057,0.0,0.0,0.0,1.0,2.63,150.0,4,0.0,0.0,589376
2023-12-26 23:00:00,00000000270,20231226230000,0.041,0.0,0.057,0.0,0.0,0.0,1.0,0.0,139.02,4,0.0,0.0,589376
2023-12-27 00:00:00,00000000270,20231227000000,0.127,0.001,0.057,0.0,0.0,0.0,1.0,0.79,44.88,4,0.0,0.0,589376
2023-12-27 01:00:00,00000000270,20231227010000,0.081,0.0,0.055,0.0,0.0,0.0,1.0,0.0,67.9,4,0.0,0.0,589376
2023-12-27 02:00:00,00000000270,20231227020000,0.052,0.001,0.058,0.0,0.0,0.0,1.0,1.92,111.54,4,0.0,0.0,589376
2023-12-27 03:00:00,00000000270,20231227030000,0.052,0.001,0.059,0.0,0.0,0.0,1.0,1.92,113.46,4,0.0,0.0,589376
2023-12-27 04:00:00,00000000270,20231227040000,0.052,0.001,0.058,0.0,0.0,0.0,1.0,1.92,111.54,4,0.0,0.0,589376
2023-12-27 05:00:00,00000000270,20231227050000,0.051,0.0,0.059,0.0,0.0,0.0,1.0,0.0,115.69,4,0.0,0.0,589376
2023-12-27 06:00:00,00000000270,20231227060000,0.039,0.001,0.06,0.0,0.0,0.0,1.0,2.56,153.85,4,0.0,0.0,589376
2023-12-27 07:00:00,00000000270,20231227070000,0.04,0.001,0.057,0.0,0.0,0.0,1.0,2.5,142.5,4,0.0,0.0,589376
2023-12-27 08:00:00,00000000270,20231227080000,0.054,0.0,0.057,0.0,0.0,0.0,1.0,0.0,105.56,4,0.0,0.0,589376
2023-12-27 09:00:00,00000000270,20231227090000,0.048,0.001,0.057,0.0,0.0,0.0,1.0,2.08,118.75,4,0.0,0.0,589376
2023-12-27 10:00:00,00000000270,20231227100000,0.054,0.001,0.057,0.0,0.0,0.0,1.0,1.85,105.56,4,0.0,0.0,589376
2023-12-27 11:00:00,00000000270,20231227110000,0.053,0.001,0.057,0.0,0.0,0.0,1.0,1.89,107.55,4,0.0,0.0,589376
2023-12-27 12:00:00,00000000270,20231227120000,0.048,0.0,0.058,0.0,0.0,0.0,1.0,0.0,120.83,4,0.0,0.0,589376
2023-12-27 13:00:00,00000000270,20231227130000,0.051,0.001,0.059,0.0,0.0,0.0,1.0,1.96,115.69,4,0.0,0.0,589376
2023-12-27 14:00:00,00000000270,20231227140000,0.04,0.001,0.058,0.0,0.0,0.0,1.0,2.5,145.0,4,0.0,0.0,589376
2023-12-27 15:00:00,00000000270,20231227150000,0.039,0.0,0.06,0.0,0.0,0.0,1.0,0.0,153.85,4,0.0,0.0,589376
2023-12-27 16:00:00,00000000270,20231227160000,0.052,0.001,0.056,0.0,0.0,0.0,1.0,1.92,107.69,4,0.0,0.0,589376
2023-12-27 17:00:00,00000000270,20231227170000,0.053,0.001,0.057,0.0,0.0,0.0,1.0,1.89,107.55,4,0.0,0.0,589376
2023-12-27 18:00:00,00000000270,20231227180000,0.052,0.0,0.053,0.0,0.0,0.0,1.0,0.0,101.92,4,0.0,0.0,589376
2023-12-27 19:00:00,00000000270,20231227190000,0.05,0.001,0.053,0.0,0.0,0.0,1.0,2.0,106.0,4,0.0,0.0,589376
2023-12-27 20:00:00,00000000270,20231227200000,0.042,0.001,0.054,0.0,0.0,0.0,1.0,2.38,128.57,4,0.0,0.0,589376
2023-12-27 21:00:00,00000000270,20231227210000,0.034,0.0,0.055,0.0,0.0,0.0,1.0,0.0,161.76,4,0.0,0.0,589376
2023-12-27 22:00:00,00000000270,20231227220000,0.052,0.001,0.055,0.0,0.0,0.0,1.0,1.92,105.77,4,0.0,0.0,589376
2023-12-27 23:00:00,00000000270,20231227230000,0.051,0.001,0.055,0.0,0.0,0.0,1.0,1.96,107.84,4,0.0,0.0,589376
2023-12-28 00:00:00,00000000270,20231228000000,0.052,0.0,0.056,0.0,0.0,0.0,1.0,0.0,107.69,4,0.0,0.0,589376
2023-12-28 01:00:00,00000000270,20231228010000,0.051,0.001,0.057,0.0,0.0,0.0,1.0,1.96,111.76,4,0.0,0.0,589376
2023-12-28 02:00:00,00000000270,20231228020000,0.139,0.001,0.056,0.0,0.0,0.0,1.0,0.72,40.29,4,0.0,0.0,589376
2023-12-28 03:00:00,00000000270,20231228030000,0.058,0.001,0.058,0.0,0.0,0.0,1.0,1.72,100.0,4,0.0,0.0,589376
2023-12-28 04:00:00,00000000270,20231228040000,0.046,0.0,0.058,0.0,0.0,0.0,1.0,0.0,126.09,4,0.0,0.0,589376
2023-12-28 05:00:00,00000000270,20231228050000,0.04,0.001,0.06,0.0,0.0,0.0,1.0,2.5,150.0,4,0.0,0.0,589376
2023-12-28 06:00:00,00000000270,20231228060000,0.051,0.001,0.056,0.0,0.0,0.0,1.0,1.96,109.8,4,0.0,0.0,589376
2023-12-28 07:00:00,00000000270,20231228070000,0.051,0.0,0.057,0.0,0.0,0.0,1.0,0.0,111.76,4,0.0,0.0,589376
2023-12-28 08:00:00,00000000270,20231228080000,0.053,0.001,0.056,0.0,0.0,0.0,1.0,1.89,105.66,4,0.0,0.0,589376
2023-12-28 09:00:00,00000000270,20231228090000,0.05,0.001,0.057,0.0,0.0,0.0,1.0,2.0,114.0,4,0.0,0.0,589376
2023-12-28 10:00:00,00000000270,20231228100000,0.039,0.0,0.057,0.0,0.0,0.0,1.0,0.0,146.15,4,0.0,0.0,589376
2023-12-28 11:00:00,00000000270,20231228110000,0.039,0.001,0.057,0.0,0.0,0.0,1.0,2.56,146.15,4,0.0,0.0,589376
2023-12-28 12:00:00,00000000270,20231228120000,0.051,0.001,0.057,0.0,0.0,0.0,1.0,1.96,111.76,4,0.0,0.0,589376
2023-12-28 13:00:00,00000000270,20231228130000,0.052,0.0,0.058,0.0,0.0,0.0,1.0,0.0,111.54,4,0.0,0.0,589376
2023-12-28 14:00:00,00000000270,20231228140000,0.056,0.001,0.058,0.0,0.0,0.0,1.0,1.79,103.57,4,0.0,0.0,589376
2023-12-28 15:00:00,00000000270,20231228150000,0.05,0.001,0.058,0.0,0.0,0.0,1.0,2.0,116.0,4,0.0,0.0,589376
2023-12-28 16:00:00,00000000270,20231228160000,0.046,0.0,0.059,0.0,0.0,0.0,1.0,0.0,128.26,4,0.0,0.0,589376
2023-12-28 17:00:00,00000000270,20231228170000,0.042,0.001,0.058,0.0,0.0,0.0,1.0,2.38,138.1,4,0.0,0.0,589376
2023-12-28 18:00:00,00000000270,20231228180000,0.042,0.001,0.054,0.0,0.0,0.0,1.0,2.38,128.57,4,0.0,0.0,589376
2023-12-28 19:00:00,00000000270,20231228190000,0.051,0.0,0.053,0.0,0.0,0.0,1.0,0.0,103.92,4,0.0,0.0,589376
2023-12-28 20:00:00,00000000270,20231228200000,0.049,0.001,0.053,0.0,0.0,0.0,1.0,2.04,108.16,4,0.0,0.0,589376
2023-12-28 21:00:00,00000000270,20231228210000,0.053,0.0,0.055,0.0,0.0,0.0,1.0,0.0,103.77,4,0.0,0.0,589376
2023-12-28 22:00:00,00000000270,20231228220000,0.05,0.001,0.054,0.0,0.0,0.0,1.0,2.0,108.0,4,0.0,0.0,589376
2023-12-28 23:00:00,00000000270,20231228230000,0.038,0.001,0.057,0.0,0.0,0.0,1.0,2.63,150.0,4,0.0,0.0,589376
2023-12-29 00:00:00,00000000270,20231229000000,0.039,0.0,0.057,0.0,0.0,0.0,1.0,0.0,146.15,4,0.0,0.0,589376
2023-12-29 01:00:00,00000000270,20231229010000,0.051,0.001,0.057,0.0,0.0,0.0,1.0,1.96,111.76,4,0.0,0.0,589376
2023-12-29 02:00:00,00000000270,20231229020000,0.051,0.001,0.057,0.0,0.0,0.0,1.0,1.96,111.76,4,0.0,0.0,589376
2023-12-29 03:00:00,00000000270,20231229030000,0.106,0.0,0.06,0.0,0.0,0.0,1.0,0.0,56.6,4,0.0,0.0,589376
2023-12-29 04:00:00,00000000270,20231229040000,0.078,0.001,0.054,0.0,0.0,0.0,1.0,1.28,69.23,4,0.0,0.0,589376
2023-12-29 05:00:00,00000000270,20231229050000,0.052,0.001,0.057,0.0,0.0,0.0,1.0,1.92,109.62,4,0.0,0.0,589376
2023-12-29 06:00:00,00000000270,20231229060000,0.053,0.0,0.057,0.0,0.0,0.0,1.0,0.0,107.55,4,0.0,0.0,589376
2023-12-29 07:00:00,00000000270,20231229070000,0.049,0.001,0.056,0.0,0.0,0.0,1.0,2.04,114.29,4,0.0,0.0,589376
2023-12-29 08:00:00,00000000270,20231229080000,0.044,0.001,0.056,0.0,0.0,0.0,1.0,2.27,127.27,4,0.0,0.0,589376
2023-12-29 09:00:00,00000000270,20231229090000,0.036,0.001,0.057,0.0,0.0,0.0,1.0,2.78,158.33,4,0.0,0.0,589376
2023-12-29 10:00:00,00000000270,20231229100000,0.05,0.0,0.055,0.0,0.0,0.0,1.0,0.0,110.0,4,0.0,0.0,589376
2023-12-29 11:00:00,00000000270,20231229110000,0.049,0.001,0.056,0.0,0.0,0.0,1.0,2.04,114.29,4,0.0,0.0,589376
2023-12-29 12:00:00,00000000270,20231229120000,0.053,0.001,0.057,0.0,0.0,0.0,1.0,1.89,107.55,4,0.0,0.0,589376
2023-12-29 13:00:00,00000000270,20231229130000,0.052,0.001,0.057,0.0,0.0,0.0,1.0,1.92,109.62,4,0.0,0.0,589376
2023-12-29 14:00:00,00000000270,20231229140000,0.042,0.0,0.059,0.0,0.0,0.0,1.0,0.0,140.48,4,0.0,0.0,589376
2023-12-29 15:00:00,00000000270,20231229150000,0.036,0.001,0.059,0.0,0.0,0.0,1.0,2.78,163.89,4,0.0,0.0,589376
2023-12-29 16:00:00,00000000270,20231229160000,0.053,0.0,0.056,0.0,0.0,0.0,1.0,0.0,105.66,4,0.0,0.0,589376
2023-12-29 17:00:00,00000000270,20231229170000,0.054,0.001,0.056,0.0,0.0,0.0,1.0,1.85,103.7,4,0.0,0.0,589376
2023-12-29 18:00:00,00000000270,20231229180000,0.049,0.001,0.052,0.0,0.0,0.0,1.0,2.04,106.12,4,0.0,0.0,589376
2023-12-29 19:00:00,00000000270,20231229190000,0.051,0.0,0.053,0.0,0.0,0.0,1.0,0.0,103.92,4,0.0,0.0,589376
2023-12-29 20:00:00,00000000270,20231229200000,0.038,0.001,0.054,0.0,0.0,0.0,1.0,2.63,142.11,4,0.0,0.0,589376
2023-12-29 21:00:00,00000000270,20231229210000,0.035,0.0,0.056,0.0,0.0,0.0,1.0,0.0,160.0,4,0.0,0.0,589376
2023-12-29 22:00:00,00000000270,20231229220000,0.053,0.0,0.055,0.0,0.0,0.0,1.0,0.0,103.77,4,0.0,0.0,589376
2023-12-29 23:00:00,00000000270,20231229230000,0.049,0.001,0.056,0.0,0.0,0.0,1.0,2.04,114.29,4,0.0,0.0,589376
2023-12-30 00:00:00,00000000270,20231230000000,0.051,0.001,0.055,0.0,0.0,0.0,1.0,1.96,107.84,4,0.0,0.0,589376
2023-12-30 01:00:00,00000000270,20231230010000,0.051,0.0,0.057,0.0,0.0,0.0,1.0,0.0,111.76,4,0.0,0.0,589376
2023-12-30 02:00:00,00000000270,20231230020000,0.035,0.001,0.058,0.0,0.0,0.0,1.0,2.86,165.71,4,0.0,0.0,589376
2023-12-30 03:00:00,00000000270,20231230030000,0.044,0.001,0.059,0.0,0.0,0.0,1.0,2.27,134.09,4,0.0,0.0,589376
2023-12-30 04:00:00,00000000270,20231230040000,0.053,0.0,0.058,0.0,0.0,0.0,1.0,0.0,109.43,4,0.0,0.0,589376
2023-12-30 05:00:00,00000000270,20231230050000,0.142,0.001,0.055,0.0,0.0,0.0,1.0,0.7,38.73,4,0.0,0.0,589376
2023-12-30 06:00:00,00000000270,20231230060000,0.052,0.001,0.057,0.0,0.0,0.0,1.0,1.92,109.62,4,0.0,0.0,589376
2023-12-30 07:00:00,00000000270,20231230070000,0.044,0.0,0.057,0.0,0.0,0.0,1.0,0.0,129.55,4,0.0,0.0,589376
2023-12-30 08:00:00,00000000270,20231230080000,0.051,0.001,0.056,0.0,0.0,0.0,1.0,1.96,109.8,4,0.0,0.0,589376
2023-12-30 09:00:00,00000000270,20231230090000,0.054,0.001,0.057,0.0,0.0,0.0,1.0,1.85,105.56,4,0.0,0.0,589376
2023-12-30 10:00:00,00000000270,20231230100000,0.048,0.0,0.056,0.0,0.0,0.0,1.0,0.0,116.67,4,0.0,0.0,589376
2023-12-30 11:00:00,00000000270,20231230110000,0.052,0.001,0.055,0.0,0.0,0.0,1.0,1.92,105.77,4,0.0,0.0,589376
2023-12-30 12:00:00,00000000270,20231230120000,0.042,0.001,0.056,0.0,0.0,0.0,1.0,2.38,133.33,4,0.0,0.0,589376
2023-12-30 13:00:00,00000000270,20231230130000,0.033,0.0,0.058,0.0,0.0,0.0,1.0,0.0,175.76,4,0.0,0.0,589376
2023-12-30 14:00:00,00000000270,20231230140000,0.052,0.001,0.056,0.0,0.0,0.0,1.0,1.92,107.69,4,0.0,0.0,589376
2023-12-30 15:00:00,00000000270,20231230150000,0.051,0.001,0.056,0.0,0.0,0.0,1.0,1.96,109.8,4,0.0,0.0,589376
2023-12-30 16:00:00,00000000270,20231230160000,0.053,0.001,0.057,0.0,0.0,0.0,1.0,1.89,107.55,4,0.0,0.0,589376
2023-12-30 17:00:00,00000000270,20231230170000,0.048,0.0,0.055,0.0,0.0,0.0,1.0,0.0,114.58,4,0.0,0.0,589376
2023-12-30 18:00:00,00000000270,20231230180000,0.034,0.001,0.055,0.0,0.0,0.0,1.0,2.94,161.76,4,0.0,0.0,589376
2023-12-30 19:00:00,00000000270,20231230190000,0.044,0.0,0.053,0.0,0.0,0.0,1.0,0.0,120.45,4,0.0,0.0,589376
2023-12-30 20:00:00,00000000270,20231230200000,0.049,0.001,0.053,0.0,0.0,0.0,1.0,2.04,108.16,4,0.0,0.0,589376
2023-12-30 21:00:00,00000000270,20231230210000,0.052,0.0,0.054,0.0,0.0,0.0,1.0,0.0,103.85,4,0.0,0.0,589376
2023-12-30 22:00:00,00000000270,20231230220000,0.048,0.0,0.054,0.0,0.0,0.0,1.0,0.0,112.5,4,0.0,0.0,589376
2023-12-30 23:00:00,00000000270,20231230230000,0.036,0.001,0.056,0.0,0.0,0.0,1.0,2.78,155.56,4,0.0,0.0,589376
2023-12-31 00:00:00,00000000270,20231231000000,0.042,0.001,0.057,0.0,0.0,0.0,1.0,2.38,135.71,4,0.0,0.0,589376
2023-12-31 01:00:00,00000000270,20231231010000,0.048,0.0,0.056,0.0,0.0,0.0,1.0,0.0,116.67,4,0.0,0.0,589376
2023-12-31 02:00:00,00000000270,20231231020000,0.054,0.001,0.057,0.0,0.0,0.0,1.0,1.85,105.56,4,0.0,0.0,589376
2023-12-31 03:00:00,00000000270,20231231030000,0.05,0.001,0.057,0.0,0.0,0.0,1.0,2.0,114.0,4,0.0,0.0,589376
2023-12-31 04:00:00,00000000270,20231231040000,0.041,0.0,0.058,0.0,0.0,0.0,1.0,0.0,141.46,4,0.0,0.0,589376
2023-12-31 05:00:00,00000000270,20231231050000,0.038,0.001,0.059,0.0,0.0,0.0,1.0,2.63,155.26,4,0.0,0.0,589376
2023-12-31 06:00:00,00000000270,20231231060000,0.123,0.001,0.057,0.0,0.0,0.0,1.0,0.81,46.34,4,0.0,0.0,589376
2023-12-31 07:00:00,00000000270,20231231070000,0.079,0.0,0.054,0.0,0.0,0.0,1.0,0.0,68.35,4,0.0,0.0,589376
2023-12-31 08:00:00,00000000270,20231231080000,0.054,0.001,0.057,0.0,0.0,0.0,1.0,1.85,105.56,4,0.0,0.0,589376
2023-12-31 09:00:00,00000000270,20231231090000,0.049,0.001,0.058,0.0,0.0,0.0,1.0,2.04,118.37,4,0.0,0.0,589376
2023-12-31 10:00:00,00000000270,20231231100000,0.048,0.001,0.057,0.0,0.0,0.0,1.0,2.08,118.75,4,0.0,0.0,589376
2023-12-31 11:00:00,00000000270,20231231110000,0.036,0.0,0.057,0.0,0.0,0.0,1.0,0.0,158.33,4,0.0,0.0,589376
2023-12-31 12:00:00,00000000270,20231231120000,0.045,0.001,0.057,0.0,0.0,0.0,1.0,2.22,126.67,4,0.0,0.0,589376
2023-12-31 13:00:00,00000000270,20231231130000,0.052,0.001,0.055,0.0,0.0,0.0,1.0,1.92,105.77,4,0.0,0.0,589376
2023-12-31 14:00:00,00000000270,20231231140000,0.049,0.0,0.056,0.0,0.0,0.0,1.0,0.0,114.29,4,0.0,0.0,589376
2023-12-31 15:00:00,00000000270,20231231150000,0.053,0.001,0.056,0.0,0.0,0.0,1.0,1.89,105.66,4,0.0,0.0,589376
2023-12-31 16:00:00,00000000270,20231231160000,0.036,0.001,0.057,0.0,0.0,0.0,1.0,2.78,158.33,4,0.0,0.0,589376
2023-12-31 17:00:00,00000000270,20231231170000,0.04,0.0,0.056,0.0,0.0,0.0,1.0,0.0,140.0,4,0.0,0.0,589376
2023-12-31 18:00:00,00000000270,20231231180000,0.05,0.001,0.052,0.0,0.0,0.0,1.0,2.0,104.0,4,0.0,0.0,589376
2023-12-31 19:00:00,00000000270,20231231190000,0.049,0.0,0.052,0.0,0.0,0.0,1.0,0.0,106.12,4,0.0,0.0,589376
2023-12-31 20:00:00,00000000270,20231231200000,0.052,0.001,0.054,0.0,0.0,0.0,1.0,1.92,103.85,4,0.0,0.0,589376
2023-12-31 21:00:00,00000000270,20231231210000,0.037,0.001,0.056,0.0,0.0,0.0,1.0,2.7,151.35,4,0.0,0.0,589376
2023-12-31 22:00:00,00000000270,20231231220000,0.038,0.0,0.057,0.0,0.0,0.0,1.0,0.0,150.0,4,0.0,0.0,589376
2023-12-31 23:00:00,00000000270,20231231230000,0.053,0.001,0.057,0.0,0.0,0.0,1.0,1.89,107.55,4,0.0,0.0,589376
2024-01-01 00:00:00,00000000270,20240101000000,0.051,0.001,0.056,0.0,0.0,0.0,1.0,1.96,109.8,4,0.0,0.0,589376
2024-01-01 01:00:00,00000000270,20240101010000,0.052,0.0,0.057,0.0,0.0,0.0,1.0,0.0,109.62,4,0.0,0.0,589376
2024-01-01 02:00:00,00000000270,20240101020000,0.036,0.001,0.058,0.0,0.0,0.0,1.0,2.78,161.11,4,0.0,0.0,589376
2024-01-01 03:00:00,00000000270,20240101030000,0.041,0.001,0.058,0.0,0.0,0.0,1.0,2.44,141.46,4,0.0,0.0,589376
2024-01-01 04:00:00,00000000270,20240101040000,0.052,0.0,0.058,0.0,0.0,0.0,1.0,0.0,111.54,4,0.0,0.0,589376
2024-01-01 05:00:00,00000000270,20240101050000,0.05,0.001,0.058,0.0,0.0,0.0,1.0,2.0,116.0,4,0.0,0.0,589376
2024-01-01 06:00:00,00000000270,20240101060000,0.053,0.001,0.058,0.0,0.0,0.0,1.0,1.89,109.43,4,0.0,0.0,589376
2024-01-01 07:00:00,00000000270,20240101070000,0.032,0.001,0.059,0.0,0.0,0.0,1.0,3.12,184.37,4,0.0,0.0,589376
2024-01-01 08:00:00,00000000270,20240101080000,0.134,0.0,0.057,0.0,0.0,0.0,1.0,0.0,42.54,4,0.0,0.0,589376
2024-01-01 09:00:00,00000000270,20240101090000,0.064,0.001,0.058,0.0,0.0,0.0,1.0,1.56,90.62,4,0.0,0.0,589376
2024-01-01 10:00:00,00000000270,20240101100000,0.052,0.001,0.057,0.0,0.0,0.0,1.0,1.92,109.62,4,0.0,0.0,589376
2024-01-01 11:00:00,00000000270,20240101110000,0.053,0.0,0.057,0.0,0.0,0.0,1.0,0.0,107.55,4,0.0,0.0,589376
2024-01-01 12:00:00,00000000270,20240101120000,0.049,0.001,0.056,0.0,0.0,0.0,1.0,2.04,114.29,4,0.0,0.0,589376
2024-01-01 13:00:00,00000000270,20240101130000,0.047,0.001,0.059,0.0,0.0,0.0,1.0,2.13,125.53,4,0.0,0.0,589376
2024-01-01 14:00:00,00000000270,20240101140000,0.037,0.0,0.059,0.0,0.0,0.0,1.0,0.0,159.46,4,0.0,0.0,589376
2024-01-01 15:00:00,00000000270,20240101150000,0.046,0.001,0.056,0.0,0.0,0.0,1.0,2.17,121.74,4,0.0,0.0,589376
2024-01-01 16:00:00,00000000270,20240101160000,0.051,0.001,0.056,0.0,0.0,0.0,1.0,1.96,109.8,4,0.0,0.0,589376
2024-01-01 17:00:00,00000000270,20240101170000,0.051,0.0,0.055,0.0,0.0,0.0,1.0,0.0,107.84,4,0.0,0.0,589376
2024-01-01 18:00:00,00000000270,20240101180000,0.051,0.001,0.054,0.0,0.0,0.0,1.0,1.96,105.88,4,0.0,0.0,589376
2024-01-01 19:00:00,00000000270,20240101190000,0.034,0.0,0.054,0.0,0.0,0.0,1.0,0.0,158.82,4,0.0,0.0,589376
2024-01-01 20:00:00,00000000270,20240101200000,0.04,0.001,0.055,0.0,0.0,0.0,1.0,2.5,137.5,4,0.0,0.0,589376
2024-01-01 21:00:00,00000000270,20240101210000,0.051,0.0,0.054,0.0,0.0,0.0,1.0,0.0,105.88,4,0.0,0.0,589376
2024-01-01 22:00:00,00000000270,20240101220000,0.049,0.0,0.054,0.0,0.0,0.0,1.0,0.0,110.2,4,0.0,0.0,589376
2024-01-01 23:00:00,00000000270,20240101230000,0.051,0.001,0.056,0.0,0.0,0.0,1.0,1.96,109.8,4,0.0,0.0,589376
2024-01-02 00:00:00,00000000270,20240102000000,0.038,0.001,0.057,0.0,0.0,0.0,1.0,2.63,150.0,4,0.0,0.0,589376
2024-01-02 01:00:00,00000000270,20240102010000,0.038,0.0,0.06,0.0,0.0,0.0,1.0,0.0,157.89,4,0.0,0.0,589376
2024-01-02 02:00:00,00000000270,20240102020000,0.052,0.001,0.058,0.0,0.0,0.0,1.0,1.92,111.54,4,0.0,0.0,589376
2024-01-02 03:00:00,00000000270,20240102030000,0.051,0.001,0.058,0.0,0.0,0.0,1.0,1.96,113.73,4,0.0,0.0,589376
2024-01-02 04:00:00,00000000270,20240102040000,0.054,0.0,0.059,0.0,0.0,0.0,1.0,0.0,109.26,4,0.0,0.0,589376
2024-01-02 05:00:00,00000000270,20240102050000,0.038,0.001,0.059,0.0,0.0,0.0,1.0,2.63,155.26,4,0.0,0.0,589376
2024-01-02 06:00:00,00000000270,20240102060000,0.038,0.001,0.059,0.0,0.0,0.0,1.0,2.63,155.26,4,0.0,0.0,589376
2024-01-02 07:00:00,00000000270,20240102070000,0.052,0.0,0.056,0.0,0.0,0.0,1.0,0.0,107.69,4,0.0,0.0,589376
2024-01-02 08:00:00,00000000270,20240102080000,0.049,0.001,0.056,0.0,0.0,0.0,1.0,2.04,114.29,4,0.0,0.0,589376
2024-01-02 09:00:00,00000000270,20240102090000,0.053,0.001,0.057,0.0,0.0,0.0,1.0,1.89,107.55,4,0.0,0.0,589376
2024-01-02 10:00:00,00000000270,20240102100000,0.139,0.0,0.053,0.0,0.0,0.0,1.0,0.0,38.13,4,0.0,0.0,589376
2024-01-02 11:00:00,00000000270,20240102110000,0.057,0.001,0.054,0.0,0.0,0.0,1.0,1.75,94.74,4,0.0,0.0,589376
2024-01-02 12:00:00,00000000270,20240102120000,0.04,0.001,0.055,0.0,0.0,0.0,1.0,2.5,137.5,4,0.0,0.0,589376
2024-01-02 13:00:00,00000000270,20240102130000,0.041,0.001,0.055,0.0,0.0,0.0,1.0,2.44,134.15,4,0.0,0.0,589376
2024-01-02 14:00:00,00000000270,20240102140000,0.053,0.0,0.055,0.0,0.0,0.0,1.0,0.0,103.77,4,0.0,0.0,589376
2024-01-02 15:00:00,00000000270,20240102150000,0.049,0.001,0.054,0.0,0.0,0.0,1.0,2.04,110.2,4,0.0,0.0,589376
2024-01-02 16:00:00,00000000270,20240102160000,0.053,0.001,0.056,0.0,0.0,0.0,1.0,1.89,105.66,4,0.0,0.0,589376
2024-01-02 17:00:00,00000000270,20240102170000,0.039,0.0,0.055,0.0,0.0,0.0,1.0,0.0,141.03,4,0.0,0.0,589376
2024-01-02 18:00:00,00000000270,20240102180000,0.037,0.001,0.055,0.0,0.0,0.0,1.0,2.7,148.65,4,0.0,0.0,589376
2024-01-02 19:00:00,00000000270,20240102190000,0.05,0.001,0.053,0.0,0.0,0.0,1.0,2.0,106.0,4,0.0,0.0,589376
2024-01-02 20:00:00,00000000270,20240102200000,0.049,0.0,0.053,0.0,0.0,0.0,1.0,0.0,108.16,4,0.0,0.0,589376
2024-01-02 21:00:00,00000000270,20240102210000,0.052,0.0,0.053,0.0,0.0,0.0,1.0,0.0,101.92,4,0.0,0.0,589376
2024-01-02 22:00:00,00000000270,20240102220000,0.041,0.001,0.054,0.0,0.0,0.0,1.0,2.44,131.71,4,0.0,0.0,589376
2024-01-02 23:00:00,00000000270,20240102230000,0.037,0.0,0.055,0.0,0.0,0.0,1.0,0.0,148.65,4,0.0,0.0,589376
2024-01-03 00:00:00,00000000270,20240103000000,0.046,0.001,0.056,0.0,0.0,0.0,1.0,2.17,121.74,4,0.0,0.0,589376
2024-01-03 01:00:00,00000000270,20240103010000,0.049,0.001,0.056,0.0,0.0,0.0,1.0,2.04,114.29,4,0.0,0.0,589376
2024-01-03 02:00:00,00000000270,20240103020000,0.052,0.0,0.057,0.0,0.0,0.0,1.0,0.0,109.62,4,0.0,0.0,589376
2024-01-03 03:00:00,00000000270,20240103030000,0.051,0.001,0.058,0.0,0.0,0.0,1.0,1.96,113.73,4,0.0,0.0,589376
2024-01-03 04:00:00,00000000270,20240103040000,0.031,0.001,0.058,0.0,0.0,0.0,1.0,3.23,187.1,4,0.0,0.0,589376
2024-01-03 05:00:00,00000000270,20240103050000,0.047,0.0,0.058,0.0,0.0,0.0,1.0,0.0,123.4,4,0.0,0.0,589376
2024-01-03 06:00:00,00000000270,20240103060000,0.051,0.001,0.056,0.0,0.0,0.0,1.0,1.96,109.8,4,0.0,0.0,589376
2024-01-03 07:00:00,00000000270,20240103070000,0.05,0.001,0.056,0.0,0.0,0.0,1.0,2.0,112.0,4,0.0,0.0,589376
2024-01-03 08:00:00,00000000270,20240103080000,0.047,0.0,0.057,0.0,0.0,0.0,1.0,0.0,121.28,4,0.0,0.0,589376
2024-01-03 09:00:00,00000000270,20240103090000,0.031,0.001,0.057,0.0,0.0,0.0,1.0,3.23,183.87,4,0.0,0.0,589376
2024-01-03 10:00:00,00000000270,20240103100000,0.05,0.001,0.056,0.0,0.0,0.0,1.0,2.0,112.0,4,0.0,0.0,589376
2024-01-03 11:00:00,00000000270,20240103110000,0.125,0.001,0.055,0.0,0.0,0.0,1.0,0.8,44.0,4,0.0,0.0,589376
2024-01-03 12:00:00,00000000270,20240103120000,0.078,0.0,0.052,0.0,0.0,0.0,1.0,0.0,66.67,4,0.0,0.0,589376
2024-01-03 13:00:00,00000000270,20240103130000,0.056,0.001,0.055,0.0,0.0,0.0,1.0,1.79,98.21,4,0.0,0.0,589376
2024-01-03 14:00:00,00000000270,20240103140000,0.037,0.001,0.057,0.0,0.0,0.0,1.0,2.7,154.05,4,0.0,0.0,589376
2024-01-03 15:00:00,00000000270,20240103150000,0.039,0.0,0.057,0.0,0.0,0.0,1.0,0.0,146.15,4,0.0,0.0,589376
2024-01-03 16:00:00,00000000270,20240103160000,0.052,0.001,0.055,0.0,0.0,0.0,1.0,1.92,105.77,4,0.0,0.0,589376
2024-01-03 17:00:00,00000000270,20240103170000,0.049,0.001,0.055,0.0,0.0,0.0,1.0,2.04,112.24,4,0.0,0.0,589376
2024-01-03 18:00:00,00000000270,20240103180000,0.052,0.0,0.054,0.0,0.0,0.0,1.0,0.0,103.85,4,0.0,0.0,589376
2024-01-03 19:00:00,00000000270,20240103190000,0.044,0.001,0.054,0.0,0.0,0.0,1.0,2.27,122.73,4,0.0,0.0,589376
2024-01-03 20:00:00,00000000270,20240103200000,0.03,0.0,0.056,0.0,0.0,0.0,1.0,0.0,186.67,4,0.0,0.0,589376
2024-01-03 21:00:00,00000000270,20240103210000,0.051,0.001,0.055,0.0,0.0,0.0,1.0,1.96,107.84,4,0.0,0.0,589376
2024-01-03 22:00:00,00000000270,20240103220000,0.05,0.0,0.055,0.0,0.0,0.0,1.0,0.0,110.0,4,0.0,0.0,589376
2024-01-03 23:00:00,00000000270,20240103230000,0.049,0.001,0.056,0.0,0.0,0.0,1.0,2.04,114.29,4,0.0,0.0,589376
2024-01-04 00:00:00,00000000270,20240104000000,0.044,0.0,0.057,0.0,0.0,0.0,1.0,0.0,129.55,4,0.0,0.0,589376
2024-01-04 01:00:00,00000000270,20240104010000,0.034,0.001,0.06,0.0,0.0,0.0,1.0,2.94,176.47,4,0.0,0.0,589376
2024-01-04 02:00:00,00000000270,20240104020000,0.051,0.001,0.057,0.0,0.0,0.0,1.0,1.96,111.76,4,0.0,0.0,589376
2024-01-04 03:00:00,00000000270,20240104030000,0.051,0.0,0.059,0.0,0.0,0.0,1.0,0.0,115.69,4,0.0,0.0,589376
2024-01-04 04:00:00,00000000270,20240104040000,0.052,0.001,0.058,0.0,0.0,0.0,1.0,1.92,111.54,4,0.0,0.0,589376
2024-01-04 05:00:00,00000000270,20240104050000,0.036,0.001,0.059,0.0,0.0,0.0,1.0,2.78,163.89,4,0.0,0.0,589376
2024-01-04 06:00:00,00000000270,20240104060000,0.041,0.0,0.06,0.0,0.0,0.0,1.0,0.0,146.34,4,0.0,0.0,589376
2024-01-04 07:00:00,00000000270,20240104070000,0.05,0.001,0.056,0.0,0.0,0.0,1.0,2.0,112.0,4,0.0,0.0,589376
2024-01-04 08:00:00,00000000270,20240104080000,0.051,0.001,0.057,0.0,0.0,0.0,1.0,1.96,111.76,4,0.0,0.0,589376
2024-01-04 09:00:00,00000000270,20240104090000,0.052,0.001,0.057,0.0,0.0,0.0,1.0,1.92,109.62,4,0.0,0.0,589376
2024-01-04 10:00:00,00000000270,20240104100000,0.029,0.0,0.057,0.0,0.0,0.0,1.0,0.0,196.55,4,0.0,0.0,589376
2024-01-04 11:00:00,00000000270,20240104110000,0.047,0.001,0.057,0.0,0.0,0.0,1.0,2.13,121.28,4,0.0,0.0,589376
2024-01-04 12:00:00,00000000270,20240104120000,0.052,0.001,0.056,0.0,0.0,0.0,1.0,1.92,107.69,4,0.0,0.0,589376
2024-01-04 13:00:00,00000000270,20240104130000,0.122,0.0,0.057,0.0,0.0,0.0,1.0,0.0,46.72,4,0.0,0.0,589376
2024-01-04 14:00:00,00000000270,20240104140000,0.063,0.001,0.056,0.0,0.0,0.0,1.0,1.59,88.89,4,0.0,0.0,589376
2024-01-04 15:00:00,00000000270,20240104150000,0.051,0.001,0.057,0.0,0.0,0.0,1.0,1.96,111.76,4,0.0,0.0,589376
2024-01-04 16:00:00,00000000270,20240104160000,0.053,0.0,0.057,0.0,0.0,0.0,1.0,0.0,107.55,4,0.0,0.0,589376
2024-01-04 17:00:00,00000000270,20240104170000,0.05,0.001,0.056,0.0,0.0,0.0,1.0,2.0,112.0,4,0.0,0.0,589376
2024-01-04 18:00:00,00000000270,20240104180000,0.049,0.001,0.053,0.0,0.0,0.0,1.0,2.04,108.16,4,0.0,0.0,589376
2024-01-04 19:00:00,00000000270,20240104190000,0.036,0.0,0.055,0.0,0.0,0.0,1.0,0.0,152.78,4,0.0,0.0,589376
2024-01-04 20:00:00,00000000270,20240104200000,0.04,0.0,0.054,0.0,0.0,0.0,1.0,0.0,135.0,4,0.0,0.0,589376
2024-01-04 21:00:00,00000000270,20240104210000,0.052,0.001,0.055,0.0,0.0,0.0,1.0,1.92,105.77,4,0.0,0.0,589376
2024-01-04 22:00:00,00000000270,20240104220000,0.052,0.0,0.055,0.0,0.0,0.0,1.0,0.0,105.77,4,0.0,0.0,589376
2024-01-04 23:00:00,00000000270,20240104230000,0.048,0.0,0.056,0.0,0.0,0.0,1.0,0.0,116.67,4,0.0,0.0,589376
2024-01-05 00:00:00,00000000270,20240105000000,0.036,0.001,0.058,0.0,0.0,0.0,1.0,2.78,161.11,4,0.0,0.0,589376
2024-01-05 01:00:00,00000000270,20240105010000,0.041,0.001,0.057,0.0,0.0,0.0,1.0,2.44,139.02,4,0.0,0.0,589376
2024-01-05 02:00:00,00000000270,20240105020000,0.051,0.0,0.058,0.0,0.0,0.0,1.0,0.0,113.73,4,0.0,0.0,589376
2024-01-05 03:00:00,00000000270,20240105030000,0.054,0.001,0.058,0.0,0.0,0.0,1.0,1.85,107.41,4,0.0,0.0,589376
2024-01-05 04:00:00,00000000270,20240105040000,0.05,0.001,0.058,0.0,0.0,0.0,1.0,2.0,116.0,4,0.0,0.0,589376
2024-01-05 05:00:00,00000000270,20240105050000,0.037,0.0,0.06,0.0,0.0,0.0,1.0,0.0,162.16,4,0.0,0.0,589376
2024-01-05 06:00:00,00000000270,20240105060000,0.039,0.001,0.057,0.0,0.0,0.0,1.0,2.56,146.15,4,0.0,0.0,589376
2024-01-05 07:00:00,00000000270,20240105070000,0.052,0.001,0.057,0.0,0.0,0.0,1.0,1.92,109.62,4,0.0,0.0,589376
2024-01-05 08:00:00,00000000270,20240105080000,0.051,0.0,0.055,0.0,0.0,0.0,1.0,0.0,107.84,4,0.0,0.0,589376
2024-01-05 09:00:00,00000000270,20240105090000,0.05,0.001,0.055,0.0,0.0,0.0,1.0,2.0,110.0,4,0.0,0.0,589376
2024-01-05 10:00:00,00000000270,20240105100000,0.035,0.001,0.058,0.0,0.0,0.0,1.0,2.86,165.71,4,0.0,0.0,589376
2024-01-05 11:00:00,00000000270,20240105110000,0.041,0.001,0.055,0.0,0.0,0.0,1.0,2.44,134.15,4,0.0,0.0,589376
2024-01-05 12:00:00,00000000270,20240105120000,0.138,0.0,0.055,0.0,0.0,0.0,1.0,0.0,39.86,4,0.0,0.0,589376
2024-01-05 13:00:00,00000000270,20240105130000,0.091,0.001,0.051,0.0,0.0,0.0,1.0,1.1,56.04,4,0.0,0.0,589376
2024-01-05 14:00:00,00000000270,20240105140000,0.061,0.001,0.057,0.0,0.0,0.0,1.0,1.64,93.44,4,0.0,0.0,589376
2024-01-05 15:00:00,00000000270,20240105150000,0.051,0.0,0.056,0.0,0.0,0.0,1.0,0.0,109.8,4,0.0,0.0,589376
2024-01-05 16:00:00,00000000270,20240105160000,0.052,0.001,0.057,0.0,0.0,0.0,1.0,1.92,109.62,4,0.0,0.0,589376
2024-01-05 17:00:00,00000000270,20240105170000,0.074,0.001,0.056,0.0,0.0,0.0,1.0,1.35,75.68,4,0.0,0.0,589376
2024-01-05 18:00:00,00000000270,20240105180000,1.251,0.0,0.061,0.0,0.0,0.0,1.0,0.0,4.88,4,0.0,0.0,589376
2024-01-05 19:00:00,00000000270,20240105190000,0.037,0.001,0.053,0.0,0.0,0.0,1.0,2.7,143.24,4,0.0,0.0,589376
2024-01-05 20:00:00,00000000270,20240105200000,0.04,0.0,0.054,0.0,0.0,0.0,1.0,0.0,135.0,4,0.0,0.0,589376
2024-01-05 21:00:00,00000000270,20240105210000,0.052,0.001,0.054,0.0,0.0,0.0,1.0,1.92,103.85,4,0.0,0.0,589376
2024-01-05 22:00:00,00000000270,20240105220000,0.05,0.0,0.053,0.0,0.0,0.0,1.0,0.0,106.0,4,0.0,0.0,589376
2024-01-05 23:00:00,00000000270,20240105230000,0.051,0.001,0.056,0.0,0.0,0.0,1.0,1.96,109.8,4,0.0,0.0,589376
2024-01-06 00:00:00,00000000270,20240106000000,0.052,0.001,0.056,0.0,0.0,0.0,1.0,1.92,107.69,4,0.0,0.0,589376
2024-01-06 01:00:00,00000000270,20240106010000,0.048,0.0,0.058,0.0,0.0,0.0,1.0,0.0,120.83,4,0.0,0.0,589376
2024-01-06 02:00:00,00000000270,20240106020000,0.037,0.001,0.059,0.0,0.0,0.0,1.0,2.7,159.46,4,0.0,0.0,589376
2024-01-06 03:00:00,00000000270,20240106030000,0.043,0.0,0.059,0.0,0.0,0.0,1.0,0.0,137.21,4,0.0,0.0,589376
2024-01-06 04:00:00,00000000270,20240106040000,0.054,0.001,0.059,0.0,0.0,0.0,1.0,1.85,109.26,4,0.0,0.0,589376
2024-01-06 05:00:00,00000000270,20240106050000,0.051,0.001,0.058,0.0,0.0,0.0,1.0,1.96,113.73,4,0.0,0.0,589376
2024-01-06 06:00:00,00000000270,20240106060000,0.065,0.001,0.058,0.0,0.0,0.0,1.0,1.54,89.23,4,0.0,0.0,589376
2024-01-06 07:00:00,00000000270,20240106070000,0.135,0.0,0.055,0.0,0.0,0.0,1.0,0.0,40.74,4,0.0,0.0,589376
2024-01-06 08:00:00,00000000270,20240106080000,0.064,0.001,0.058,0.0,0.0,0.0,1.0,1.56,90.62,4,0.0,0.0,589376
2024-01-06 09:00:00,00000000270,20240106090000,0.051,0.001,0.059,0.0,0.0,0.0,1.0,1.96,115.69,4,0.0,0.0,589376
2024-01-06 10:00:00,00000000270,20240106100000,0.04,0.0,0.058,0.0,0.0,0.0,1.0,0.0,145.0,4,0.0,0.0,589376
2024-01-06 11:00:00,00000000270,20240106110000,0.044,0.001,0.056,0.0,0.0,0.0,1.0,2.27,127.27,4,0.0,0.0,589376
2024-01-06 12:00:00,00000000270,20240106120000,0.068,0.001,0.055,0.0,0.0,0.0,1.0,1.47,80.88,4,0.0,0.0,589376
2024-01-06 13:00:00,00000000270,20240106130000,0.058,0.0,0.055,0.0,0.0,0.0,1.0,0.0,94.83,4,0.0,0.0,589376
2024-01-06 14:00:00,00000000270,20240106140000,0.251,0.001,0.054,0.0,0.0,0.0,1.0,0.4,21.51,4,0.0,0.0,589376
2024-01-06 15:00:00,00000000270,20240106150000,0.057,0.001,0.056,0.0,0.0,0.0,1.0,1.75,98.25,4,0.0,0.0,589376
2024-01-06 16:00:00,00000000270,20240106160000,0.048,0.0,0.056,0.0,0.0,0.0,1.0,0.0,116.67,4,0.0,0.0,589376
2024-01-06 17:00:00,00000000270,20240106170000,0.041,0.001,0.057,0.0,0.0,0.0,1.0,2.44,139.02,4,0.0,0.0,589376
2024-01-06 18:00:00,00000000270,20240106180000,0.068,0.012,0.022,0.0,0.0,0.0,1.0,17.65,32.35,4,0.0,0.0,589376
2024-01-06 19:00:00,00000000270,20240106190000,0.088,0.013,0.028,0.0,0.0,0.0,1.0,14.77,31.82,4,0.0,0.0,589376
2024-01-06 20:00:00,00000000270,20240106200000,0.069,0.001,0.055,0.0,0.0,0.0,1.0,1.45,79.71,4,0.0,0.0,589376
2024-01-06 21:00:00,00000000270,20240106210000,0.064,0.0,0.057,0.0,0.0,0.0,1.0,0.0,89.06,4,0.0,0.0,589376
2024-01-06 22:00:00,00000000270,20240106220000,0.063,0.001,0.059,0.0,0.0,0.0,1.0,1.59,93.65,4,0.0,0.0,589376
2024-01-06 23:00:00,00000000270,20240106230000,0.488,0.001,0.061,0.0,0.0,0.0,1.0,0.2,12.5,4,0.0,0.0,589376
2024-01-07 00:00:00,00000000270,20240107000000,0.043,0.0,0.059,0.0,0.0,0.0,1.0,0.0,137.21,4,0.0,0.0,589376
2024-01-07 01:00:00,00000000270,20240107010000,0.039,0.001,0.059,0.0,0.0,0.0,1.0,2.56,151.28,4,0.0,0.0,589376
2024-01-07 02:00:00,00000000270,20240107020000,0.136,0.0,0.057,0.0,0.0,0.0,1.0,0.0,41.91,4,0.0,0.0,589376
2024-01-07 03:00:00,00000000270,20240107030000,0.077,0.001,0.057,0.0,0.0,0.0,1.0,1.3,74.03,4,0.0,0.0,589376
2024-01-07 04:00:00,00000000270,20240107040000,0.054,0.001,0.059,0.0,0.0,0.0,1.0,1.85,109.26,4,0.0,0.0,589376
2024-01-07 05:00:00,00000000270,20240107050000,0.054,0.0,0.058,0.0,0.0,0.0,1.0,0.0,107.41,4,0.0,0.0,589376
2024-01-07 06:00:00,00000000270,20240107060000,0.061,0.001,0.06,0.0,0.0,0.0,1.0,1.64,98.36,4,0.0,0.0,589376
2024-01-07 07:00:00,00000000270,20240107070000,0.054,0.001,0.058,0.0,0.0,0.0,1.0,1.85,107.41,4,0.0,0.0,589376
2024-01-07 08:00:00,00000000270,20240107080000,0.044,0.0,0.061,0.0,0.0,0.0,1.0,0.0,138.64,4,0.0,0.0,589376
2024-01-07 09:00:00,00000000270,20240107090000,0.044,0.001,0.061,0.0,0.0,0.0,1.0,2.27,138.64,4,0.0,0.0,589376
2024-01-07 10:00:00,00000000270,20240107100000,0.052,0.001,0.057,0.0,0.0,0.0,1.0,1.92,109.62,4,0.0,0.0,589376
2024-01-07 11:00:00,00000000270,20240107110000,0.05,0.0,0.057,0.0,0.0,0.0,1.0,0.0,114.0,4,0.0,0.0,589376
2024-01-07 12:00:00,00000000270,20240107120000,0.054,0.001,0.057,0.0,0.0,0.0,1.0,1.85,105.56,4,0.0,0.0,589376
2024-01-07 13:00:00,00000000270,20240107130000,0.052,0.001,0.056,0.0,0.0,0.0,1.0,1.92,107.69,4,0.0,0.0,589376
2024-01-07 14:00:00,00000000270,20240107140000,0.049,0.0,0.056,0.0,0.0,0.0,1.0,0.0,114.29,4,0.0,0.0,589376
2024-01-07 15:00:00,00000000270,20240107150000,0.048,0.003,0.057,0.0,0.0,0.0,1.0,6.25,118.75,4,0.0,0.0,589376
2024-01-07 16:00:00,00000000270,20240107160000,0.06,0.007,0.053,0.0,0.0,0.0,1.0,11.67,88.33,4,0.0,0.0,589376
2024-01-07 17:00:00,00000000270,20240107170000,0.053,0.0,0.056,0.0,0.0,0.0,1.0,0.0,105.66,4,0.0,0.0,589376
2024-01-07 18:00:00,00000000270,20240107180000,0.76,0.001,0.058,0.0,0.0,0.0,1.0,0.13,7.63,4,0.0,0.0,589376
2024-01-07 19:00:00,00000000270,20240107190000,1.714,0.0,0.069,0.0,0.0,0.0,1.0,0.0,4.03,4,0.0,0.0,589376
2024-01-07 20:00:00,00000000270,20240107200000,0.126,0.0,0.061,0.0,0.0,0.0,1.0,0.0,48.41,4,0.0,0.0,589376
2024-01-07 21:00:00,00000000270,20240107210000,0.134,0.001,0.053,0.0,0.0,0.0,1.0,0.75,39.55,4,0.0,0.0,589376
2024-01-07 22:00:00,00000000270,20240107220000,0.062,0.001,0.057,0.0,0.0,0.0,1.0,1.61,91.94,4,0.0,0.0,589376
2024-01-07 23:00:00,00000000270,20240107230000,0.054,0.0,0.057,0.0,0.0,0.0,1.0,0.0,105.56,4,0.0,0.0,589376
2024-01-08 00:00:00,00000000270,20240108000000,0.05,0.001,0.057,0.0,0.0,0.0,1.0,2.0,114.0,4,0.0,0.0,589376
2024-01-08 01:00:00,00000000270,20240108010000,0.06,0.001,0.059,0.0,0.0,0.0,1.0,1.67,98.33,4,0.0,0.0,589376
2024-01-08 02:00:00,00000000270,20240108020000,0.056,0.0,0.059,0.0,0.0,0.0,1.0,0.0,105.36,4,0.0,0.0,589376
2024-01-08 03:00:00,00000000270,20240108030000,0.053,0.001,0.059,0.0,0.0,0.0,1.0,1.89,111.32,4,0.0,0.0,589376
2024-01-08 04:00:00,00000000270,20240108040000,0.053,0.001,0.06,0.0,0.0,0.0,1.0,1.89,113.21,4,0.0,0.0,589376
2024-01-08 05:00:00,00000000270,20240108050000,0.05,0.0,0.058,0.0,0.0,0.0,1.0,0.0,116.0,4,0.0,0.0,589376
2024-01-08 06:00:00,00000000270,20240108060000,0.052,0.001,0.059,0.0,0.0,0.0,1.0,1.92,113.46,4,0.0,0.0,589376
2024-01-08 07:00:00,00000000270,20240108070000,0.04,0.001,0.058,0.0,0.0,0.0,1.0,2.5,145.0,4,0.0,0.0,589376
2024-01-08 08:00:00,00000000270,20240108080000,0.038,0.0,0.058,0.0,0.0,0.0,1.0,0.0,152.63,4,0.0,0.0,589376
2024-01-08 09:00:00,00000000270,20240108090000,0.056,0.001,0.057,0.0,0.0,0.0,1.0,1.79,101.79,4,0.0,0.0,589376
2024-01-08 10:00:00,00000000270,20240108100000,0.053,0.001,0.055,0.0,0.0,0.0,1.0,1.89,103.77,4,0.0,0.0,589376
2024-01-08 11:00:00,00000000270,20240108110000,0.054,0.0,0.056,0.0,0.0,0.0,1.0,0.0,103.7,4,0.0,0.0,589376
2024-01-08 12:00:00,00000000270,20240108120000,1.023,0.404,0.023,0.0,0.0,0.0,1.0,39.49,2.25,4,0.0,0.0,589376
2024-01-08 13:00:00,00000000270,20240108130000,0.156,0.43,0.017,0.0,0.0,0.0,1.0,275.64,10.9,4,0.0,0.0,589376
2024-01-08 14:00:00,00000000270,20240108140000,0.105,0.085,0.041,0.0,0.0,0.0,1.0,80.95,39.05,4,0.0,0.0,589376
2024-01-08 15:00:00,00000000270,20240108150000,0.138,0.0,0.056,0.0,0.0,0.0,1.0,0.0,40.58,4,0.0,0.0,589376
2024-01-08 16:00:00,00000000270,20240108160000,0.053,0.001,0.056,0.0,0.0,0.0,1.0,1.89,105.66,4,0.0,0.0,589376
2024-01-08 17:00:00,00000000270,20240108170000,0.052,0.001,0.057,0.0,0.0,0.0,1.0,1.92,109.62,4,0.0,0.0,589376
2024-01-08 18:00:00,00000000270,20240108180000,1.676,0.0,0.067,0.0,0.0,0.0,1.0,0.0,4.0,4,0.0,0.0,589376
2024-01-08 19:00:00,00000000270,20240108190000,0.691,0.001,0.058,0.0,0.0,0.0,1.0,0.14,8.39,4,0.0,0.0,589376
2024-01-08 20:00:00,00000000270,20240108200000,0.055,0.0,0.055,0.0,0.0,0.0,1.0,0.0,100.0,4,0.0,0.0,589376
2024-01-08 21:00:00,00000000270,20240108210000,0.052,0.001,0.055,0.0,0.0,0.0,1.0,1.92,105.77,4,0.0,0.0,589376
2024-01-08 22:00:00,00000000270,20240108220000,0.05,0.001,0.055,0.0,0.0,0.0,1.0,2.0,110.0,4,0.0,0.0,589376
2024-01-08 23:00:00,00000000270,20240108230000,0.054,0.0,0.057,0.0,0.0,0.0,1.0,0.0,105.56,4,0.0,0.0,589376
2024-01-09 00:00:00,00000000270,20240109000000,0.057,0.001,0.06,0.0,0.0,0.0,1.0,1.75,105.26,4,0.0,0.0,589376
2024-01-09 01:00:00,00000000270,20240109010000,0.065,0.001,0.06,0.0,0.0,0.0,1.0,1.54,92.31,4,0.0,0.0,589376
2024-01-09 02:00:00,00000000270,20240109020000,0.047,0.0,0.058,0.0,0.0,0.0,1.0,0.0,123.4,4,0.0,0.0,589376
2024-01-09 03:00:00,00000000270,20240109030000,0.036,0.001,0.06,0.0,0.0,0.0,1.0,2.78,166.67,4,0.0,0.0,589376
2024-01-09 04:00:00,00000000270,20240109040000,0.049,0.001,0.061,0.0,0.0,0.0,1.0,2.04,124.49,4,0.0,0.0,589376
2024-01-09 05:00:00,00000000270,20240109050000,0.049,0.0,0.058,0.0,0.0,0.0,1.0,0.0,118.37,4,0.0,0.0,589376
2024-01-09 06:00:00,00000000270,20240109060000,0.05,0.001,0.059,0.0,0.0,0.0,1.0,2.0,118.0,4,0.0,0.0,589376
2024-01-09 07:00:00,00000000270,20240109070000,0.05,0.001,0.056,0.0,0.0,0.0,1.0,2.0,112.0,4,0.0,0.0,589376
2024-01-09 08:00:00,00000000270,20240109080000,0.053,0.0,0.057,0.0,0.0,0.0,1.0,0.0,107.55,4,0.0,0.0,589376
2024-01-09 09:00:00,00000000270,20240109090000,0.051,0.001,0.056,0.0,0.0,0.0,1.0,1.96,109.8,4,0.0,0.0,589376
2024-01-09 10:00:00,00000000270,20240109100000,0.16,0.001,0.053,0.0,0.0,0.0,1.0,0.62,33.12,4,0.0,0.0,589376
2024-01-09 11:00:00,00000000270,20240109110000,0.046,0.001,0.054,0.0,0.0,0.0,1.0,2.17,117.39,4,0.0,0.0,589376
2024-01-09 12:00:00,00000000270,20240109120000,0.05,0.0,0.055,0.0,0.0,0.0,1.0,0.0,110.0,4,0.0,0.0,589376
2024-01-09 13:00:00,00000000270,20240109130000,0.051,0.001,0.035,0.0,0.0,0.0,1.0,1.96,68.63,4,0.0,0.0,589376
2024-01-09 14:00:00,00000000270,20240109140000,0.049,0.004,0.048,0.0,0.0,0.0,1.0,8.16,97.96,4,0.0,0.0,589376
2024-01-09 15:00:00,00000000270,20240109150000,0.045,0.001,0.053,0.0,0.0,0.0,1.0,2.22,117.78,4,0.0,0.0,589376
2024-01-09 16:00:00,00000000270,20240109160000,0.042,0.001,0.053,0.0,0.0,0.0,1.0,2.38,126.19,4,0.0,0.0,589376
2024-01-09 17:00:00,00000000270,20240109170000,0.045,0.0,0.052,0.0,0.0,0.0,1.0,0.0,115.56,4,0.0,0.0,589376
2024-01-09 18:00:00,00000000270,20240109180000,0.046,0.001,0.051,0.0,0.0,0.0,1.0,2.17,110.87,4,0.0,0.0,589376
2024-01-09 19:00:00,00000000270,20240109190000,0.049,0.0,0.051,0.0,0.0,0.0,1.0,0.0,104.08,4,0.0,0.0,589376
2024-01-09 20:00:00,00000000270,20240109200000,0.044,0.0,0.053,0.0,0.0,0.0,1.0,0.0,120.45,4,0.0,0.0,589376
2024-01-09 21:00:00,00000000270,20240109210000,0.027,0.001,0.055,0.0,0.0,0.0,1.0,3.7,203.7,4,0.0,0.0,589376
2024-01-09 22:00:00,00000000270,20240109220000,0.048,0.0,0.054,0.0,0.0,0.0,1.0,0.0,112.5,4,0.0,0.0,589376
2024-01-09 23:00:00,00000000270,20240109230000,0.047,0.0,0.055,0.0,0.0,0.0,1.0,0.0,117.02,4,0.0,0.0,589376
2024-01-10 00:00:00,00000000270,20240110000000,0.047,0.001,0.055,0.0,0.0,0.0,1.0,2.13,117.02,4,0.0,0.0,589376
2024-01-10 01:00:00,00000000270,20240110010000,0.037,0.0,0.057,0.0,0.0,0.0,1.0,0.0,154.05,4,0.0,0.0,589376
2024-01-10 02:00:00,00000000270,20240110020000,0.036,0.001,0.058,0.0,0.0,0.0,1.0,2.78,161.11,4,0.0,0.0,589376
2024-01-10 03:00:00,00000000270,20240110030000,0.048,0.0,0.058,0.0,0.0,0.0,1.0,0.0,120.83,4,0.0,0.0,589376
2024-01-10 04:00:00,00000000270,20240110040000,0.048,0.001,0.054,0.0,0.0,0.0,1.0,2.08,112.5,4,0.0,0.0,589376
2024-01-10 05:00:00,00000000270,20240110050000,0.035,0.001,0.057,0.0,0.0,0.0,1.0,2.86,162.86,4,0.0,0.0,589376
2024-01-10 06:00:00,00000000270,20240110060000,0.154,0.0,0.056,0.0,0.0,0.0,1.0,0.0,36.36,4,0.0,0.0,589376
2024-01-10 07:00:00,00000000270,20240110070000,0.093,0.001,0.051,0.0,0.0,0.0,1.0,1.08,54.84,4,0.0,0.0,589376
2024-01-10 08:00:00,00000000270,20240110080000,0.053,0.001,0.055,0.0,0.0,0.0,1.0,1.89,103.77,4,0.0,0.0,589376
2024-01-10 09:00:00,00000000270,20240110090000,0.047,0.0,0.054,0.0,0.0,0.0,1.0,0.0,114.89,4,0.0,0.0,589376
2024-01-10 10:00:00,00000000270,20240110100000,0.039,0.0,0.053,0.0,0.0,0.0,1.0,0.0,135.9,4,0.0,0.0,589376
2024-01-10 11:00:00,00000000270,20240110110000,0.031,0.0,0.053,0.0,0.0,0.0,1.0,0.0,170.97,4,0.0,0.0,589376
2024-01-10 12:00:00,00000000270,20240110120000,0.044,0.001,0.052,0.0,0.0,0.0,1.0,2.27,118.18,4,0.0,0.0,589376
2024-01-10 13:00:00,00000000270,20240110130000,0.052,0.0,0.052,0.0,0.0,0.0,1.0,0.0,100.0,4,0.0,0.0,589376
2024-01-10 14:00:00,00000000270,20240110140000,0.16,0.0,0.053,0.0,0.0,0.0,1.0,0.0,33.12,4,0.0,0.0,589376
2024-01-10 15:00:00,00000000270,20240110150000,0.054,0.001,0.052,0.0,0.0,0.0,1.0,1.85,96.3,4,0.0,0.0,589376
2024-01-10 16:00:00,00000000270,20240110160000,0.036,0.0,0.053,0.0,0.0,0.0,1.0,0.0,147.22,4,0.0,0.0,589376
2024-01-10 17:00:00,00000000270,20240110170000,1.598,0.0,0.05,0.0,0.0,0.0,1.0,0.0,3.13,4,0.0,0.0,589376
2024-01-10 18:00:00,00000000270,20240110180000,0.806,0.0,0.05,0.0,0.0,0.0,1.0,0.0,6.2,4,0.0,0.0,589376
2024-01-10 19:00:00,00000000270,20240110190000,0.818,0.001,0.057,0.0,0.0,0.0,1.0,0.12,6.97,4,0.0,0.0,589376
2024-01-10 20:00:00,00000000270,20240110200000,1.092,0.0,0.062,0.0,0.0,0.0,1.0,0.0,5.68,4,0.0,0.0,589376
2024-01-10 21:00:00,00000000270,20240110210000,0.54,0.0,0.053,0.0,0.0,0.0,1.0,0.0,9.81,4,0.0,0.0,589376
2024-01-10 22:00:00,00000000270,20240110220000,0.33,0.0,0.055,0.0,0.0,0.0,1.0,0.0,16.67,4,0.0,0.0,589376
2024-01-10 23:00:00,00000000270,20240110230000,0.051,0.0,0.054,0.0,0.0,0.0,1.0,0.0,105.88,4,0.0,0.0,589376
2024-01-11 00:00:00,00000000270,20240111000000,0.046,0.001,0.054,0.0,0.0,0.0,1.0,2.17,117.39,4,0.0,0.0,589376
2024-01-11 01:00:00,00000000270,20240111010000,0.026,0.0,0.057,0.0,0.0,0.0,1.0,0.0,219.23,4,0.0,0.0,589376
2024-01-11 02:00:00,00000000270,20240111020000,0.042,0.0,0.058,0.0,0.0,0.0,1.0,0.0,138.1,4,0.0,0.0,589376
2024-01-11 03:00:00,00000000270,20240111030000,0.044,0.0,0.057,0.0,0.0,0.0,1.0,0.0,129.55,4,0.0,0.0,589376
2024-01-11 04:00:00,00000000270,20240111040000,0.043,0.001,0.057,0.0,0.0,0.0,1.0,2.33,132.56,4,0.0,0.0,589376
2024-01-11 05:00:00,00000000270,20240111050000,1.478,0.0,0.065,0.0,0.0,0.0,1.0,0.0,4.4,4,0.0,0.0,589376
2024-01-11 06:00:00,00000000270,20240111060000,0.122,0.0,0.059,0.0,0.0,0.0,1.0,0.0,48.36,4,0.0,0.0,589376
2024-01-11 07:00:00,00000000270,20240111070000,0.05,0.0,0.055,0.0,0.0,0.0,1.0,0.0,110.0,4,0.0,0.0,589376
2024-01-11 08:00:00,00000000270,20240111080000,0.044,0.001,0.055,0.0,0.0,0.0,1.0,2.27,125.0,4,0.0,0.0,589376
2024-01-11 09:00:00,00000000270,20240111090000,0.038,0.0,0.054,0.0,0.0,0.0,1.0,0.0,142.11,4,0.0,0.0,589376
2024-01-11 10:00:00,00000000270,20240111100000,0.032,0.0,0.054,0.0,0.0,0.0,1.0,0.0,168.75,4,0.0,0.0,589376
2024-01-11 11:00:00,00000000270,20240111110000,0.039,0.0,0.053,0.0,0.0,0.0,1.0,0.0,135.9,4,0.0,0.0,589376
2024-01-11 12:00:00,00000000270,20240111120000,0.045,0.001,0.054,0.0,0.0,0.0,1.0,2.22,120.0,4,0.0,0.0,589376
2024-01-11 13:00:00,00000000270,20240111130000,0.033,0.0,0.054,0.0,0.0,0.0,1.0,0.0,163.64,4,0.0,0.0,589376
2024-01-11 14:00:00,00000000270,20240111140000,0.033,0.0,0.053,0.0,0.0,0.0,1.0,0.0,160.61,4,0.0,0.0,589376
2024-01-11 15:00:00,00000000270,20240111150000,0.047,0.0,0.053,0.0,0.0,0.0,1.0,0.0,112.77,4,0.0,0.0,589376
2024-01-11 16:00:00,00000000270,20240111160000,0.043,0.001,0.054,0.0,0.0,0.0,1.0,2.33,125.58,4,0.0,0.0,589376
2024-01-11 17:00:00,00000000270,20240111170000,0.025,0.0,0.055,0.0,0.0,0.0,1.0,0.0,220.0,4,0.0,0.0,589376
2024-01-11 18:00:00,00000000270,20240111180000,0.043,0.0,0.051,0.0,0.0,0.0,1.0,0.0,118.6,4,0.0,0.0,589376
2024-01-11 19:00:00,00000000270,20240111190000,0.042,0.0,0.05,0.0,0.0,0.0,1.0,0.0,119.05,4,0.0,0.0,589376
2024-01-11 20:00:00,00000000270,20240111200000,0.039,0.001,0.05,0.0,0.0,0.0,1.0,2.56,128.21,4,0.0,0.0,589376
2024-01-11 21:00:00,00000000270,20240111210000,0.027,0.0,0.053,0.0,0.0,0.0,1.0,0.0,196.3,4,0.0,0.0,589376
2024-01-11 22:00:00,00000000270,20240111220000,0.041,0.0,0.051,0.0,0.0,0.0,1.0,0.0,124.39,4,0.0,0.0,589376
2024-01-11 23:00:00,00000000270,20240111230000,0.043,0.0,0.052,0.0,0.0,0.0,1.0,0.0,120.93,4,0.0,0.0,589376
2024-01-12 00:00:00,00000000270,20240112000000,0.035,0.0,0.056,0.0,0.0,0.0,1.0,0.0,160.0,4,0.0,0.0,589376
2024-01-12 01:00:00,00000000270,20240112010000,0.031,0.001,0.056,0.0,0.0,0.0,1.0,3.23,180.65,4,0.0,0.0,589376
2024-01-12 02:00:00,00000000270,20240112020000,0.045,0.0,0.056,0.0,0.0,0.0,1.0,0.0,124.44,4,0.0,0.0,589376
2024-01-12 03:00:00,00000000270,20240112030000,0.041,0.0,0.056,0.0,0.0,0.0,1.0,0.0,136.59,4,0.0,0.0,589376
2024-01-12 04:00:00,00000000270,20240112040000,0.026,0.0,0.059,0.0,0.0,0.0,1.0,0.0,226.92,4,0.0,0.0,589376
2024-01-12 05:00:00,00000000270,20240112050000,0.041,0.0,0.056,0.0,0.0,0.0,1.0,0.0,136.59,4,0.0,0.0,589376
2024-01-12 06:00:00,00000000270,20240112060000,0.068,0.001,0.057,0.0,0.0,0.0,1.0,1.47,83.82,4,0.0,0.0,589376
2024-01-12 07:00:00,00000000270,20240112070000,0.113,0.0,0.054,0.0,0.0,0.0,1.0,0.0,47.79,4,0.0,0.0,589376
2024-01-12 08:00:00,00000000270,20240112080000,0.029,0.0,0.054,0.0,0.0,0.0,1.0,0.0,186.21,4,0.0,0.0,589376
2024-01-12 09:00:00,00000000270,20240112090000,0.048,0.0,0.055,0.0,0.0,0.0,1.0,0.0,114.58,4,0.0,0.0,589376
2024-01-12 10:00:00,00000000270,20240112100000,0.04,0.001,0.054,0.0,0.0,0.0,1.0,2.5,135.0,4,0.0,0.0,589376
2024-01-12 11:00:00,00000000270,20240112110000,0.043,0.0,0.055,0.0,0.0,0.0,1.0,0.0,127.91,4,0.0,0.0,589376
2024-01-12 12:00:00,00000000270,20240112120000,0.024,0.0,0.057,0.0,0.0,0.0,1.0,0.0,237.5,4,0.0,0.0,589376
2024-01-12 13:00:00,00000000270,20240112130000,0.042,0.0,0.054,0.0,0.0,0.0,1.0,0.0,128.57,4,0.0,0.0,589376
2024-01-12 14:00:00,00000000270,20240112140000,0.044,0.001,0.056,0.0,0.0,0.0,1.0,2.27,127.27,4,0.0,0.0,589376
2024-01-12 15:00:00,00000000270,20240112150000,0.022,0.0,0.056,0.0,0.0,0.0,1.0,0.0,254.55,4,0.0,0.0,589376
2024-01-12 16:00:00,00000000270,20240112160000,0.045,0.0,0.053,0.0,0.0,0.0,1.0,0.0,117.78,4,0.0,0.0,589376
2024-01-12 17:00:00,00000000270,20240112170000,0.044,0.0,0.055,0.0,0.0,0.0,1.0,0.0,125.0,4,0.0,0.0,589376
2024-01-12 18:00:00,00000000270,20240112180000,0.023,0.0,0.053,0.0,0.0,0.0,1.0,0.0,230.43,4,0.0,0.0,589376
2024-01-12 19:00:00,00000000270,20240112190000,0.041,0.0,0.051,0.0,0.0,0.0,1.0,0.0,124.39,4,0.0,0.0,589376
2024-01-12 20:00:00,00000000270,20240112200000,0.042,0.001,0.053,0.0,0.0,0.0,1.0,2.38,126.19,4,0.0,0.0,589376
2024-01-12 21:00:00,00000000270,20240112210000,0.033,0.0,0.055,0.0,0.0,0.0,1.0,0.0,166.67,4,0.0,0.0,589376
2024-01-12 22:00:00,00000000270,20240112220000,0.031,0.0,0.054,0.0,0.0,0.0,1.0,0.0,174.19,4,0.0,0.0,589376
2024-01-12 23:00:00,00000000270,20240112230000,0.041,0.0,0.055,0.0,0.0,0.0,1.0,0.0,134.15,4,0.0,0.0,589376
2024-01-13 00:00:00,00000000270,20240113000000,0.045,0.0,0.055,0.0,0.0,0.0,1.0,0.0,122.22,4,0.0,0.0,589376
2024-01-13 01:00:00,00000000270,20240113010000,0.023,0.001,0.059,0.0,0.0,0.0,1.0,4.35,256.52,4,0.0,0.0,589376
2024-01-13 02:00:00,00000000270,20240113020000,0.043,0.0,0.057,0.0,0.0,0.0,1.0,0.0,132.56,4,0.0,0.0,589376
2024-01-13 03:00:00,00000000270,20240113030000,0.043,0.0,0.057,0.0,0.0,0.0,1.0,0.0,132.56,4,0.0,0.0,589376
2024-01-13 04:00:00,00000000270,20240113040000,0.022,0.0,0.06,0.0,0.0,0.0,1.0,0.0,272.73,4,0.0,0.0,589376
2024-01-13 05:00:00,00000000270,20240113050000,0.045,0.0,0.058,0.0,0.0,0.0,1.0,0.0,128.89,4,0.0,0.0,589376
2024-01-13 06:00:00,00000000270,20240113060000,0.045,0.001,0.057,0.0,0.0,0.0,1.0,2.22,126.67,4,0.0,0.0,589376
2024-01-13 07:00:00,00000000270,20240113070000,0.021,0.0,0.058,0.0,0.0,0.0,1.0,0.0,276.19,4,0.0,0.0,589376
2024-01-13 08:00:00,00000000270,20240113080000,0.116,0.0,0.056,0.0,0.0,0.0,1.0,0.0,48.28,4,0.0,0.0,589376
2024-01-13 09:00:00,00000000270,20240113090000,0.067,0.0,0.053,0.0,0.0,0.0,1.0,0.0,79.1,4,0.0,0.0,589376
2024-01-13 10:00:00,00000000270,20240113100000,0.043,0.0,0.054,0.0,0.0,0.0,1.0,0.0,125.58,4,0.0,0.0,589376
2024-01-13 11:00:00,00000000270,20240113110000,0.034,0.001,0.054,0.0,0.0,0.0,1.0,2.94,158.82,4,0.0,0.0,589376
2024-01-13 12:00:00,00000000270,20240113120000,0.033,0.0,0.056,0.0,0.0,0.0,1.0,0.0,169.7,4,0.0,0.0,589376
2024-01-13 13:00:00,00000000270,20240113130000,0.042,0.0,0.054,0.0,0.0,0.0,1.0,0.0,128.57,4,0.0,0.0,589376
2024-01-13 14:00:00,00000000270,20240113140000,0.035,0.0,0.054,0.0,0.0,0.0,1.0,0.0,154.29,4,0.0,0.0,589376
2024-01-13 15:00:00,00000000270,20240113150000,0.028,0.0,0.055,0.0,0.0,0.0,1.0,0.0,196.43,4,0.0,0.0,589376
2024-01-13 16:00:00,00000000270,20240113160000,0.042,0.001,0.054,0.0,0.0,0.0,1.0,2.38,128.57,4,0.0,0.0,589376
2024-01-13 17:00:00,00000000270,20240113170000,0.047,0.0,0.052,0.0,0.0,0.0,1.0,0.0,110.64,4,0.0,0.0,589376
2024-01-13 18:00:00,00000000270,20240113180000,0.024,0.0,0.052,0.0,0.0,0.0,1.0,0.0,216.67,4,0.0,0.0,589376
2024-01-13 19:00:00,00000000270,20240113190000,0.036,0.0,0.05,0.0,0.0,0.0,1.0,0.0,138.89,4,0.0,0.0,589376
2024-01-13 20:00:00,00000000270,20240113200000,0.04,0.0,0.05,0.0,0.0,0.0,1.0,0.0,125.0,4,0.0,0.0,589376
2024-01-13 21:00:00,00000000270,20240113210000,0.032,0.001,0.051,0.0,0.0,0.0,1.0,3.12,159.37,4,0.0,0.0,589376
2024-01-13 22:00:00,00000000270,20240113220000,0.031,0.0,0.053,0.0,0.0,0.0,1.0,0.0,170.97,4,0.0,0.0,589376
2024-01-13 23:00:00,00000000270,20240113230000,0.045,0.0,0.053,0.0,0.0,0.0,1.0,0.0,117.78,4,0.0,0.0,589376
2024-01-14 00:00:00,00000000270,20240114000000,0.042,0.0,0.055,0.0,0.0,0.0,1.0,0.0,130.95,4,0.0,0.0,589376
2024-01-14 01:00:00,00000000270,20240114010000,0.022,0.0,0.056,0.0,0.0,0.0,1.0,0.0,254.55,4,0.0,0.0,589376
2024-01-14 02:00:00,00000000270,20240114020000,0.045,0.001,0.056,0.0,0.0,0.0,1.0,2.22,124.44,4,0.0,0.0,589376
2024-01-14 03:00:00,00000000270,20240114030000,0.041,0.0,0.057,0.0,0.0,0.0,1.0,0.0,139.02,4,0.0,0.0,589376
2024-01-14 04:00:00,00000000270,20240114040000,0.022,0.0,0.059,0.0,0.0,0.0,1.0,0.0,268.18,4,0.0,0.0,589376
2024-01-14 05:00:00,00000000270,20240114050000,0.041,0.0,0.056,0.0,0.0,0.0,1.0,0.0,136.59,4,0.0,0.0,589376
2024-01-14 06:00:00,00000000270,20240114060000,0.041,0.0,0.057,0.0,0.0,0.0,1.0,0.0,139.02,4,0.0,0.0,589376
2024-01-14 07:00:00,00000000270,20240114070000,0.022,0.0,0.058,0.0,0.0,0.0,1.0,0.0,263.64,4,0.0,0.0,589376
2024-01-14 08:00:00,00000000270,20240114080000,0.045,0.001,0.056,0.0,0.0,0.0,1.0,2.22,124.44,4,0.0,0.0,589376
2024-01-14 09:00:00,00000000270,20240114090000,0.041,0.0,0.056,0.0,0.0,0.0,1.0,0.0,136.59,4,0.0,0.0,589376
2024-01-14 10:00:00,00000000270,20240114100000,0.121,0.0,0.054,0.0,0.0,0.0,1.0,0.0,44.63,4,0.0,0.0,589376
2024-01-14 11:00:00,00000000270,20240114110000,0.041,0.0,0.055,0.0,0.0,0.0,1.0,0.0,134.15,4,0.0,0.0,589376
2024-01-14 12:00:00,00000000270,20240114120000,0.042,0.0,0.053,0.0,0.0,0.0,1.0,0.0,126.19,4,0.0,0.0,589376
2024-01-14 13:00:00,00000000270,20240114130000,0.043,0.001,0.055,0.0,0.0,0.0,1.0,2.33,127.91,4,0.0,0.0,589376
2024-01-14 14:00:00,00000000270,20240114140000,0.039,0.0,0.055,0.0,0.0,0.0,1.0,0.0,141.03,4,0.0,0.0,589376
2024-01-14 15:00:00,00000000270,20240114150000,0.027,0.0,0.057,0.0,0.0,0.0,1.0,0.0,211.11,4,0.0,0.0,589376
2024-01-14 16:00:00,00000000270,20240114160000,0.044,0.0,0.054,0.0,0.0,0.0,1.0,0.0,122.73,4,0.0,0.0,589376
2024-01-14 17:00:00,00000000270,20240114170000,0.039,0.001,0.054,0.0,0.0,0.0,1.0,2.56,138.46,4,0.0,0.0,589376
2024-01-14 18:00:00,00000000270,20240114180000,0.022,0.0,0.051,0.0,0.0,0.0,1.0,0.0,231.82,4,0.0,0.0,589376
2024-01-14 19:00:00,00000000270,20240114190000,0.041,0.0,0.049,0.0,0.0,0.0,1.0,0.0,119.51,4,0.0,0.0,589376
2024-01-14 20:00:00,00000000270,20240114200000,0.039,0.0,0.051,0.0,0.0,0.0,1.0,0.0,130.77,4,0.0,0.0,589376
2024-01-14 21:00:00,00000000270,20240114210000,0.025,0.0,0.053,0.0,0.0,0.0,1.0,0.0,212.0,4,0.0,0.0,589376
2024-01-14 22:00:00,00000000270,20240114220000,0.042,0.001,0.053,0.0,0.0,0.0,1.0,2.38,126.19,4,0.0,0.0,589376
2024-01-14 23:00:00,00000000270,20240114230000,0.042,0.0,0.054,0.0,0.0,0.0,1.0,0.0,128.57,4,0.0,0.0,589376
2024-01-15 00:00:00,00000000270,20240115000000,0.023,0.0,0.057,0.0,0.0,0.0,1.0,0.0,247.83,4,0.0,0.0,589376
2024-01-15 01:00:00,00000000270,20240115010000,0.045,0.0,0.057,0.0,0.0,0.0,1.0,0.0,126.67,4,0.0,0.0,589376
2024-01-15 02:00:00,00000000270,20240115020000,0.034,0.0,0.046,0.0,0.0,0.0,1.0,0.0,135.29,4,0.0,0.0,589376
2024-01-15 03:00:00,00000000270,20240115030000,0.028,0.001,0.065,0.0,0.0,0.0,1.0,3.57,232.14,4,0.0,0.0,589376
2024-01-15 04:00:00,00000000270,20240115040000,0.047,0.0,0.064,0.0,0.0,0.0,1.0,0.0,136.17,4,0.0,0.0,589376
2024-01-15 05:00:00,00000000270,20240115050000,0.046,0.0,0.064,0.0,0.0,0.0,1.0,0.0,139.13,4,0.0,0.0,589376
2024-01-15 06:00:00,00000000270,20240115060000,0.023,0.0,0.064,0.0,0.0,0.0,1.0,0.0,278.26,4,0.0,0.0,589376
2024-01-15 07:00:00,00000000270,20240115070000,0.046,0.0,0.06,0.0,0.0,0.0,1.0,0.0,130.43,4,0.0,0.0,589376
2024-01-15 08:00:00,00000000270,20240115080000,0.043,0.001,0.061,0.0,0.0,0.0,1.0,2.33,141.86,4,0.0,0.0,589376
2024-01-15 09:00:00,00000000270,20240115090000,0.022,0.0,0.063,0.0,0.0,0.0,1.0,0.0,286.36,4,0.0,0.0,589376
2024-01-15 10:00:00,00000000270,20240115100000,0.044,0.0,0.06,0.0,0.0,0.0,1.0,0.0,136.36,4,0.0,0.0,589376
2024-01-15 11:00:00,00000000270,20240115110000,0.089,0.0,0.062,0.0,0.0,0.0,1.0,0.0,69.66,4,0.0,0.0,589376
2024-01-15 12:00:00,00000000270,20240115120000,0.086,0.001,0.057,0.0,0.0,0.0,1.0,1.16,66.28,4,0.0,0.0,589376
2024-01-15 13:00:00,00000000270,20240115130000,0.046,0.0,0.062,0.0,0.0,0.0,1.0,0.0,134.78,4,0.0,0.0,589376
2024-01-15 14:00:00,00000000270,20240115140000,0.024,0.0,0.062,0.0,0.0,0.0,1.0,0.0,258.33,4,0.0,0.0,589376
2024-01-15 15:00:00,00000000270,20240115150000,0.045,0.0,0.061,0.0,0.0,0.0,1.0,0.0,135.56,4,0.0,0.0,589376
2024-01-15 16:00:00,00000000270,20240115160000,0.045,0.001,0.062,0.0,0.0,0.0,1.0,2.22,137.78,4,0.0,0.0,589376
2024-01-15 17:00:00,00000000270,20240115170000,0.045,0.0,0.061,0.0,0.0,0.0,1.0,0.0,135.56,4,0.0,0.0,589376
2024-01-15 18:00:00,00000000270,20240115180000,0.024,0.0,0.061,0.0,0.0,0.0,1.0,0.0,254.17,4,0.0,0.0,589376
2024-01-15 19:00:00,00000000270,20240115190000,0.042,0.0,0.058,0.0,0.0,0.0,1.0,0.0,138.1,4,0.0,0.0,589376
2024-01-15 20:00:00,00000000270,20240115200000,0.05,0.001,0.059,0.0,0.0,0.0,1.0,2.0,118.0,4,0.0,0.0,589376
2024-01-15 21:00:00,00000000270,20240115210000,0.03,0.0,0.061,0.0,0.0,0.0,1.0,0.0,203.33,4,0.0,0.0,589376
2024-01-15 22:00:00,00000000270,20240115220000,0.034,0.0,0.06,0.0,0.0,0.0,1.0,0.0,176.47,4,0.0,0.0,589376
2024-01-15 23:00:00,00000000270,20240115230000,0.046,0.0,0.061,0.0,0.0,0.0,1.0,0.0,132.61,4,0.0,0.0,589376
2024-01-16 00:00:00,00000000270,20240116000000,0.044,0.001,0.062,0.0,0.0,0.0,1.0,2.27,140.91,4,0.0,0.0,589376
2024-01-16 01:00:00,00000000270,20240116010000,0.022,0.0,0.065,0.0,0.0,0.0,1.0,0.0,295.45,4,0.0,0.0,589376
2024-01-16 02:00:00,00000000270,20240116020000,0.05,0.0,0.063,0.0,0.0,0.0,1.0,0.0,126.0,4,0.0,0.0,589376
2024-01-16 03:00:00,00000000270,20240116030000,0.045,0.001,0.064,0.0,0.0,0.0,1.0,2.22,142.22,4,0.0,0.0,589376
2024-01-16 04:00:00,00000000270,20240116040000,0.034,0.0,0.064,0.0,0.0,0.0,1.0,0.0,188.24,4,0.0,0.0,589376
2024-01-16 05:00:00,00000000270,20240116050000,0.037,0.001,0.065,0.0,0.0,0.0,1.0,2.7,175.68,4,0.0,0.0,589376
2024-01-16 06:00:00,00000000270,20240116060000,0.046,0.0,0.062,0.0,0.0,0.0,1.0,0.0,134.78,4,0.0,0.0,589376
2024-01-16 07:00:00,00000000270,20240116070000,0.047,0.001,0.062,0.0,0.0,0.0,1.0,2.13,131.91,4,0.0,0.0,589376
2024-01-16 08:00:00,00000000270,20240116080000,0.022,0.0,0.063,0.0,0.0,0.0,1.0,0.0,286.36,4,0.0,0.0,589376
2024-01-16 09:00:00,00000000270,20240116090000,0.047,0.001,0.06,0.0,0.0,0.0,1.0,2.13,127.66,4,0.0,0.0,589376
2024-01-16 10:00:00,00000000270,20240116100000,0.045,0.0,0.062,0.0,0.0,0.0,1.0,0.0,137.78,4,0.0,0.0,589376
2024-01-16 11:00:00,00000000270,20240116110000,0.022,0.001,0.061,0.0,0.0,0.0,1.0,4.55,277.27,4,0.0,0.0,589376
2024-01-16 12:00:00,00000000270,20240116120000,0.052,0.0,0.061,0.0,0.0,0.0,1.0,0.0,117.31,4,0.0,0.0,589376
2024-01-16 13:00:00,00000000270,20240116130000,0.12,0.001,0.06,0.0,0.0,0.0,1.0,0.83,50.0,4,0.0,0.0,589376
2024-01-16 14:00:00,00000000270,20240116140000,0.054,0.0,0.061,0.0,0.0,0.0,1.0,0.0,112.96,4,0.0,0.0,589376
2024-01-16 15:00:00,00000000270,20240116150000,0.045,0.001,0.062,0.0,0.0,0.0,1.0,2.22,137.78,4,0.0,0.0,589376
2024-01-16 16:00:00,00000000270,20240116160000,0.046,0.0,0.063,0.0,0.0,0.0,1.0,0.0,136.96,4,0.0,0.0,589376
2024-01-16 17:00:00,00000000270,20240116170000,0.031,0.001,0.064,0.0,0.0,0.0,1.0,3.23,206.45,4,0.0,0.0,589376
2024-01-16 18:00:00,00000000270,20240116180000,0.041,0.0,0.059,0.0,0.0,0.0,1.0,0.0,143.9,4,0.0,0.0,589376
2024-01-16 19:00:00,00000000270,20240116190000,0.052,0.001,0.058,0.0,0.0,0.0,1.0,1.92,111.54,4,0.0,0.0,589376
2024-01-16 20:00:00,00000000270,20240116200000,0.043,0.0,0.059,0.0,0.0,0.0,1.0,0.0,137.21,4,0.0,0.0,589376
2024-01-16 21:00:00,00000000270,20240116210000,0.044,0.0,0.059,0.0,0.0,0.0,1.0,0.0,134.09,4,0.0,0.0,589376
2024-01-16 22:00:00,00000000270,20240116220000,0.026,0.001,0.06,0.0,0.0,0.0,1.0,3.85,230.77,4,0.0,0.0,589376
2024-01-16 23:00:00,00000000270,20240116230000,0.049,0.0,0.062,0.0,0.0,0.0,1.0,0.0,126.53,4,0.0,0.0,589376
2024-01-17 00:00:00,00000000270,20240117000000,0.043,0.0,0.06,0.0,0.0,0.0,1.0,0.0,139.53,4,0.0,0.0,589376
2024-01-17 01:00:00,00000000270,20240117010000,0.049,0.0,0.056,0.0,0.0,0.0,1.0,0.0,114.29,4,0.0,0.0,589376
2024-01-17 02:00:00,00000000270,20240117020000,0.026,0.001,0.062,0.0,0.0,0.0,1.0,3.85,238.46,4,0.0,0.0,589376
2024-01-17 03:00:00,00000000270,20240117030000,0.04,0.0,0.062,0.0,0.0,0.0,1.0,0.0,155.0,4,0.0,0.0,589376
2024-01-17 04:00:00,00000000270,20240117040000,0.048,0.001,0.061,0.0,0.0,0.0,1.0,2.08,127.08,4,0.0,0.0,589376
2024-01-17 05:00:00,00000000270,20240117050000,0.044,0.0,0.061,0.0,0.0,0.0,1.0,0.0,138.64,4,0.0,0.0,589376
2024-01-17 06:00:00,00000000270,20240117060000,0.039,0.001,0.062,0.0,0.0,0.0,1.0,2.56,158.97,4,0.0,0.0,589376
2024-01-17 07:00:00,00000000270,20240117070000,0.033,0.0,0.059,0.0,0.0,0.0,1.0,0.0,178.79,4,0.0,0.0,589376
2024-01-17 08:00:00,00000000270,20240117080000,0.044,0.0,0.059,0.0,0.0,0.0,1.0,0.0,134.09,4,0.0,0.0,589376
2024-01-17 09:00:00,00000000270,20240117090000,0.049,0.001,0.059,0.0,0.0,0.0,1.0,2.04,120.41,4,0.0,0.0,589376
2024-01-17 10:00:00,00000000270,20240117100000,0.029,0.0,0.058,0.0,0.0,0.0,1.0,0.0,200.0,4,0.0,0.0,589376
2024-01-17 11:00:00,00000000270,20240117110000,0.038,0.0,0.059,0.0,0.0,0.0,1.0,0.0,155.26,4,0.0,0.0,589376
2024-01-17 12:00:00,00000000270,20240117120000,0.045,0.0,0.057,0.0,0.0,0.0,1.0,0.0,126.67,4,0.0,0.0,589376
2024-01-17 13:00:00,00000000270,20240117130000,0.049,0.001,0.057,0.0,0.0,0.0,1.0,2.04,116.33,4,0.0,0.0,589376
2024-01-17 14:00:00,00000000270,20240117140000,0.117,0.0,0.057,0.0,0.0,0.0,1.0,0.0,48.72,4,0.0,0.0,589376
2024-01-17 15:00:00,00000000270,20240117150000,0.044,0.0,0.06,0.0,0.0,0.0,1.0,0.0,136.36,4,0.0,0.0,589376
2024-01-17 16:00:00,00000000270,20240117160000,0.054,0.001,0.059,0.0,0.0,0.0,1.0,1.85,109.26,4,0.0,0.0,589376
2024-01-17 17:00:00,00000000270,20240117170000,0.043,0.0,0.058,0.0,0.0,0.0,1.0,0.0,134.88,4,0.0,0.0,589376
2024-01-17 18:00:00,00000000270,20240117180000,0.023,0.0,0.059,0.0,0.0,0.0,1.0,0.0,256.52,4,0.0,0.0,589376
2024-01-17 19:00:00,00000000270,20240117190000,0.049,0.001,0.056,0.0,0.0,0.0,1.0,2.04,114.29,4,0.0,0.0,589376
2024-01-17 20:00:00,00000000270,20240117200000,0.044,0.0,0.058,0.0,0.0,0.0,1.0,0.0,131.82,4,0.0,0.0,589376
2024-01-17 21:00:00,00000000270,20240117210000,0.032,0.0,0.058,0.0,0.0,0.0,1.0,0.0,181.25,4,0.0,0.0,589376
2024-01-17 22:00:00,00000000270,20240117220000,0.037,0.001,0.059,0.0,0.0,0.0,1.0,2.7,159.46,4,0.0,0.0,589376
2024-01-17 23:00:00,00000000270,20240117230000,0.044,0.0,0.058,0.0,0.0,0.0,1.0,0.0,131.82,4,0.0,0.0,589376
2024-01-18 00:00:00,00000000270,20240118000000,0.05,0.0,0.06,0.0,0.0,0.0,1.0,0.0,120.0,4,0.0,0.0,589376
2024-01-18 01:00:00,00000000270,20240118010000,0.029,0.001,0.062,0.0,0.0,0.0,1.0,3.45,213.79,4,0.0,0.0,589376
2024-01-18 02:00:00,00000000270,20240118020000,0.04,0.0,0.061,0.0,0.0,0.0,1.0,0.0,152.5,4,0.0,0.0,589376
2024-01-18 03:00:00,00000000270,20240118030000,0.049,0.001,0.061,0.0,0.0,0.0,1.0,2.04,124.49,4,0.0,0.0,589376
2024-01-18 04:00:00,00000000270,20240118040000,0.042,0.0,0.063,0.0,0.0,0.0,1.0,0.0,150.0,4,0.0,0.0,589376
2024-01-18 05:00:00,00000000270,20240118050000,0.035,0.001,0.063,0.0,0.0,0.0,1.0,2.86,180.0,4,0.0,0.0,589376
2024-01-18 06:00:00,00000000270,20240118060000,0.046,0.001,0.062,0.0,0.0,0.0,1.0,2.17,134.78,4,0.0,0.0,589376
2024-01-18 07:00:00,00000000270,20240118070000,0.052,0.0,0.06,0.0,0.0,0.0,1.0,0.0,115.38,4,0.0,0.0,589376
2024-01-18 08:00:00,00000000270,20240118080000,0.028,0.001,0.063,0.0,0.0,0.0,1.0,3.57,225.0,4,0.0,0.0,589376
2024-01-18 09:00:00,00000000270,20240118090000,0.047,0.001,0.061,0.0,0.0,0.0,1.0,2.13,129.79,4,0.0,0.0,589376
2024-01-18 10:00:00,00000000270,20240118100000,0.047,0.0,0.06,0.0,0.0,0.0,1.0,0.0,127.66,4,0.0,0.0,589376
2024-01-18 11:00:00,00000000270,20240118110000,0.045,0.001,0.06,0.0,0.0,0.0,1.0,2.22,133.33,4,0.0,0.0,589376
2024-01-18 12:00:00,00000000270,20240118120000,0.032,0.001,0.063,0.0,0.0,0.0,1.0,3.12,196.88,4,0.0,0.0,589376
2024-01-18 13:00:00,00000000270,20240118130000,0.047,0.001,0.06,0.0,0.0,0.0,1.0,2.13,127.66,4,0.0,0.0,589376
2024-01-18 14:00:00,00000000270,20240118140000,0.05,0.001,0.06,0.0,0.0,0.0,1.0,2.0,120.0,4,0.0,0.0,589376
2024-01-18 15:00:00,00000000270,20240118150000,0.049,0.0,0.06,0.0,0.0,0.0,1.0,0.0,122.45,4,0.0,0.0,589376
2024-01-18 16:00:00,00000000270,20240118160000,0.13,0.001,0.059,0.0,0.0,0.0,1.0,0.77,45.38,4,0.0,0.0,589376
2024-01-18 17:00:00,00000000270,20240118170000,0.048,0.001,0.06,0.0,0.0,0.0,1.0,2.08,125.0,4,0.0,0.0,589376
2024-01-18 18:00:00,00000000270,20240118180000,0.052,0.0,0.057,0.0,0.0,0.0,1.0,0.0,109.62,4,0.0,0.0,589376
2024-01-18 19:00:00,00000000270,20240118190000,0.05,0.001,0.056,0.0,0.0,0.0,1.0,2.0,112.0,4,0.0,0.0,589376
2024-01-18 20:00:00,00000000270,20240118200000,0.047,0.001,0.058,0.0,0.0,0.0,1.0,2.13,123.4,4,0.0,0.0,589376
2024-01-18 21:00:00,00000000270,20240118210000,0.026,0.0,0.06,0.0,0.0,0.0,1.0,0.0,230.77,4,0.0,0.0,589376
2024-01-18 22:00:00,00000000270,20240118220000,0.051,0.001,0.059,0.0,0.0,0.0,1.0,1.96,115.69,4,0.0,0.0,589376
2024-01-18 23:00:00,00000000270,20240118230000,0.047,0.0,0.059,0.0,0.0,0.0,1.0,0.0,125.53,4,0.0,0.0,589376
2024-01-19 00:00:00,00000000270,20240119000000,0.05,0.001,0.06,0.0,0.0,0.0,1.0,2.0,120.0,4,0.0,0.0,589376
2024-01-19 01:00:00,00000000270,20240119010000,0.031,0.001,0.063,0.0,0.0,0.0,1.0,3.23,203.23,4,0.0,0.0,589376
2024-01-19 02:00:00,00000000270,20240119020000,0.047,0.0,0.062,0.0,0.0,0.0,1.0,0.0,131.91,4,0.0,0.0,589376
2024-01-19 03:00:00,00000000270,20240119030000,0.049,0.001,0.061,0.0,0.0,0.0,1.0,2.04,124.49,4,0.0,0.0,589376
2024-01-19 04:00:00,00000000270,20240119040000,0.051,0.001,0.062,0.0,0.0,0.0,1.0,1.96,121.57,4,0.0,0.0,589376
2024-01-19 05:00:00,00000000270,20240119050000,0.035,0.001,0.063,0.0,0.0,0.0,1.0,2.86,180.0,4,0.0,0.0,589376
2024-01-19 06:00:00,00000000270,20240119060000,0.042,0.0,0.061,0.0,0.0,0.0,1.0,0.0,145.24,4,0.0,0.0,589376
2024-01-19 07:00:00,00000000270,20240119070000,0.048,0.001,0.06,0.0,0.0,0.0,1.0,2.08,125.0,4,0.0,0.0,589376
2024-01-19 08:00:00,00000000270,20240119080000,0.049,0.001,0.059,0.0,0.0,0.0,1.0,2.04,120.41,4,0.0,0.0,589376
2024-01-19 09:00:00,00000000270,20240119090000,0.044,0.0,0.061,0.0,0.0,0.0,1.0,0.0,138.64,4,0.0,0.0,589376
2024-01-19 10:00:00,00000000270,20240119100000,0.034,0.001,0.062,0.0,0.0,0.0,1.0,2.94,182.35,4,0.0,0.0,589376
2024-01-19 11:00:00,00000000270,20240119110000,0.051,0.001,0.061,0.0,0.0,0.0,1.0,1.96,119.61,4,0.0,0.0,589376
2024-01-19 12:00:00,00000000270,20240119120000,0.049,0.001,0.06,0.0,0.0,0.0,1.0,2.04,122.45,4,0.0,0.0,589376
2024-01-19 13:00:00,00000000270,20240119130000,0.05,0.0,0.061,0.0,0.0,0.0,1.0,0.0,122.0,4,0.0,0.0,589376
2024-01-19 14:00:00,00000000270,20240119140000,0.033,0.001,0.063,0.0,0.0,0.0,1.0,3.03,190.91,4,0.0,0.0,589376
2024-01-19 15:00:00,00000000270,20240119150000,0.046,0.001,0.062,0.0,0.0,0.0,1.0,2.17,134.78,4,0.0,0.0,589376
2024-01-19 16:00:00,00000000270,20240119160000,0.051,0.001,0.061,0.0,0.0,0.0,1.0,1.96,119.61,4,0.0,0.0,589376
2024-01-19 17:00:00,00000000270,20240119170000,0.115,0.0,0.06,0.0,0.0,0.0,1.0,0.0,52.17,4,0.0,0.0,589376
2024-01-19 18:00:00,00000000270,20240119180000,0.087,0.001,0.056,0.0,0.0,0.0,1.0,1.15,64.37,4,0.0,0.0,589376
2024-01-19 19:00:00,00000000270,20240119190000,0.055,0.001,0.057,0.0,0.0,0.0,1.0,1.82,103.64,4,0.0,0.0,589376
2024-01-19 20:00:00,00000000270,20240119200000,0.045,0.0,0.059,0.0,0.0,0.0,1.0,0.0,131.11,4,0.0,0.0,589376
2024-01-19 21:00:00,00000000270,20240119210000,0.031,0.001,0.06,0.0,0.0,0.0,1.0,3.23,193.55,4,0.0,0.0,589376
2024-01-19 22:00:00,00000000270,20240119220000,0.05,0.001,0.059,0.0,0.0,0.0,1.0,2.0,118.0,4,0.0,0.0,589376
2024-01-19 23:00:00,00000000270,20240119230000,0.051,0.001,0.061,0.0,0.0,0.0,1.0,1.96,119.61,4,0.0,0.0,589376
2024-01-20 00:00:00,00000000270,20240120000000,0.051,0.0,0.06,0.0,0.0,0.0,1.0,0.0,117.65,4,0.0,0.0,589376
2024-01-20 01:00:00,00000000270,20240120010000,0.046,0.001,0.061,0.0,0.0,0.0,1.0,2.17,132.61,4,0.0,0.0,589376
2024-01-20 02:00:00,00000000270,20240120020000,0.035,0.001,0.063,0.0,0.0,0.0,1.0,2.86,180.0,4,0.0,0.0,589376
2024-01-20 03:00:00,00000000270,20240120030000,0.047,0.0,0.063,0.0,0.0,0.0,1.0,0.0,134.04,4,0.0,0.0,589376
2024-01-20 04:00:00,00000000270,20240120040000,0.053,0.001,0.063,0.0,0.0,0.0,1.0,1.89,118.87,4,0.0,0.0,589376
2024-01-20 05:00:00,00000000270,20240120050000,0.048,0.001,0.061,0.0,0.0,0.0,1.0,2.08,127.08,4,0.0,0.0,589376
2024-01-20 06:00:00,00000000270,20240120060000,0.052,0.001,0.062,0.0,0.0,0.0,1.0,1.92,119.23,4,0.0,0.0,589376
2024-01-20 07:00:00,00000000270,20240120070000,0.039,0.0,0.064,0.0,0.0,0.0,1.0,0.0,164.1,4,0.0,0.0,589376
2024-01-20 08:00:00,00000000270,20240120080000,0.04,0.001,0.063,0.0,0.0,0.0,1.0,2.5,157.5,4,0.0,0.0,589376
2024-01-20 09:00:00,00000000270,20240120090000,0.051,0.001,0.062,0.0,0.0,0.0,1.0,1.96,121.57,4,0.0,0.0,589376
2024-01-20 10:00:00,00000000270,20240120100000,0.05,0.0,0.06,0.0,0.0,0.0,1.0,0.0,120.0,4,0.0,0.0,589376
2024-01-20 11:00:00,00000000270,20240120110000,0.052,0.001,0.06,0.0,0.0,0.0,1.0,1.92,115.38,4,0.0,0.0,589376
2024-01-20 12:00:00,00000000270,20240120120000,0.043,0.001,0.061,0.0,0.0,0.0,1.0,2.33,141.86,4,0.0,0.0,589376
2024-01-20 13:00:00,00000000270,20240120130000,0.034,0.001,0.061,0.0,0.0,0.0,1.0,2.94,179.41,4,0.0,0.0,589376
2024-01-20 14:00:00,00000000270,20240120140000,0.051,0.0,0.06,0.0,0.0,0.0,1.0,0.0,117.65,4,0.0,0.0,589376
2024-01-20 15:00:00,00000000270,20240120150000,0.049,0.001,0.058,0.0,0.0,0.0,1.0,2.04,118.37,4,0.0,0.0,589376
2024-01-20 16:00:00,00000000270,20240120160000,0.05,0.001,0.059,0.0,0.0,0.0,1.0,2.0,118.0,4,0.0,0.0,589376
2024-01-20 17:00:00,00000000270,20240120170000,0.037,0.001,0.061,0.0,0.0,0.0,1.0,2.7,164.86,4,0.0,0.0,589376
2024-01-20 18:00:00,00000000270,20240120180000,0.04,0.0,0.059,0.0,0.0,0.0,1.0,0.0,147.5,4,0.0,0.0,589376
2024-01-20 19:00:00,00000000270,20240120190000,0.124,0.001,0.057,0.0,0.0,0.0,1.0,0.81,45.97,4,0.0,0.0,589376
2024-01-20 20:00:00,00000000270,20240120200000,0.077,0.001,0.055,0.0,0.0,0.0,1.0,1.3,71.43,4,0.0,0.0,589376
2024-01-20 21:00:00,00000000270,20240120210000,0.053,0.001,0.059,0.0,0.0,0.0,1.0,1.89,111.32,4,0.0,0.0,589376
2024-01-20 22:00:00,00000000270,20240120220000,0.049,0.0,0.059,0.0,0.0,0.0,1.0,0.0,120.41,4,0.0,0.0,589376
2024-01-20 23:00:00,00000000270,20240120230000,0.03,0.001,0.061,0.0,0.0,0.0,1.0,3.33,203.33,4,0.0,0.0,589376
2024-01-21 00:00:00,00000000270,20240121000000,0.044,0.001,0.061,0.0,0.0,0.0,1.0,2.27,138.64,4,0.0,0.0,589376
2024-01-21 01:00:00,00000000270,20240121010000,0.05,0.001,0.061,0.0,0.0,0.0,1.0,2.0,122.0,4,0.0,0.0,589376
2024-01-21 02:00:00,00000000270,20240121020000,0.05,0.0,0.062,0.0,0.0,0.0,1.0,0.0,124.0,4,0.0,0.0,589376
2024-01-21 03:00:00,00000000270,20240121030000,0.042,0.001,0.063,0.0,0.0,0.0,1.0,2.38,150.0,4,0.0,0.0,589376
2024-01-21 04:00:00,00000000270,20240121040000,0.033,0.001,0.063,0.0,0.0,0.0,1.0,3.03,190.91,4,0.0,0.0,589376
2024-01-21 05:00:00,00000000270,20240121050000,0.051,0.0,0.061,0.0,0.0,0.0,1.0,0.0,119.61,4,0.0,0.0,589376
2024-01-21 06:00:00,00000000270,20240121060000,0.044,0.001,0.062,0.0,0.0,0.0,1.0,2.27,140.91,4,0.0,0.0,589376
2024-01-21 07:00:00,00000000270,20240121070000,0.046,0.001,0.061,0.0,0.0,0.0,1.0,2.17,132.61,4,0.0,0.0,589376
2024-01-21 08:00:00,00000000270,20240121080000,0.032,0.0,0.064,0.0,0.0,0.0,1.0,0.0,200.0,4,0.0,0.0,589376
2024-01-21 09:00:00,00000000270,20240121090000,0.047,0.001,0.062,0.0,0.0,0.0,1.0,2.13,131.91,4,0.0,0.0,589376
2024-01-21 10:00:00,00000000270,20240121100000,0.045,0.0,0.059,0.0,0.0,0.0,1.0,0.0,131.11,4,0.0,0.0,589376
2024-01-21 11:00:00,00000000270,20240121110000,0.043,0.001,0.06,0.0,0.0,0.0,1.0,2.33,139.53,4,0.0,0.0,589376
2024-01-21 12:00:00,00000000270,20240121120000,0.028,0.0,0.061,0.0,0.0,0.0,1.0,0.0,217.86,4,0.0,0.0,589376
2024-01-21 13:00:00,00000000270,20240121130000,0.046,0.0,0.058,0.0,0.0,0.0,1.0,0.0,126.09,4,0.0,0.0,589376
2024-01-21 14:00:00,00000000270,20240121140000,0.047,0.0,0.059,0.0,0.0,0.0,1.0,0.0,125.53,4,0.0,0.0,589376
2024-01-21 15:00:00,00000000270,20240121150000,0.028,0.001,0.06,0.0,0.0,0.0,1.0,3.57,214.29,4,0.0,0.0,589376
2024-01-21 16:00:00,00000000270,20240121160000,0.041,0.0,0.059,0.0,0.0,0.0,1.0,0.0,143.9,4,0.0,0.0,589376
2024-01-21 17:00:00,00000000270,20240121170000,0.045,0.0,0.059,0.0,0.0,0.0,1.0,0.0,131.11,4,0.0,0.0,589376
2024-01-21 18:00:00,00000000270,20240121180000,0.04,0.0,0.057,0.0,0.0,0.0,1.0,0.0,142.5,4,0.0,0.0,589376
2024-01-21 19:00:00,00000000270,20240121190000,0.045,0.001,0.058,0.0,0.0,0.0,1.0,2.22,128.89,4,0.0,0.0,589376
2024-01-21 20:00:00,00000000270,20240121200000,0.033,0.0,0.059,0.0,0.0,0.0,1.0,0.0,178.79,4,0.0,0.0,589376
2024-01-21 21:00:00,00000000270,20240121210000,0.13,0.0,0.056,0.0,0.0,0.0,1.0,0.0,43.08,4,0.0,0.0,589376
2024-01-21 22:00:00,00000000270,20240121220000,0.044,0.0,0.061,0.0,0.0,0.0,1.0,0.0,138.64,4,0.0,0.0,589376
2024-01-21 23:00:00,00000000270,20240121230000,0.044,0.0,0.058,0.0,0.0,0.0,1.0,0.0,131.82,4,0.0,0.0,589376
2024-01-22 00:00:00,00000000270,20240122000000,0.053,0.001,0.059,0.0,0.0,0.0,1.0,1.89,111.32,4,0.0,0.0,589376
2024-01-22 01:00:00,00000000270,20240122010000,0.045,0.0,0.062,0.0,0.0,0.0,1.0,0.0,137.78,4,0.0,0.0,589376
2024-01-22 02:00:00,00000000270,20240122020000,0.038,0.0,0.061,0.0,0.0,0.0,1.0,0.0,160.53,4,0.0,0.0,589376
2024-01-22 03:00:00,00000000270,20240122030000,0.03,0.0,0.063,0.0,0.0,0.0,1.0,0.0,210.0,4,0.0,0.0,589376
2024-01-22 04:00:00,00000000270,20240122040000,0.049,0.001,0.063,0.0,0.0,0.0,1.0,2.04,128.57,4,0.0,0.0,589376
2024-01-22 05:00:00,00000000270,20240122050000,0.046,0.0,0.061,0.0,0.0,0.0,1.0,0.0,132.61,4,0.0,0.0,589376
2024-01-22 06:00:00,00000000270,20240122060000,0.041,0.0,0.061,0.0,0.0,0.0,1.0,0.0,148.78,4,0.0,0.0,589376
2024-01-22 07:00:00,00000000270,20240122070000,0.025,0.0,0.062,0.0,0.0,0.0,1.0,0.0,248.0,4,0.0,0.0,589376
2024-01-22 08:00:00,00000000270,20240122080000,0.045,0.001,0.06,0.0,0.0,0.0,1.0,2.22,133.33,4,0.0,0.0,589376
2024-01-22 09:00:00,00000000270,20240122090000,0.046,0.0,0.058,0.0,0.0,0.0,1.0,0.0,126.09,4,0.0,0.0,589376
2024-01-22 10:00:00,00000000270,20240122100000,0.041,0.0,0.058,0.0,0.0,0.0,1.0,0.0,141.46,4,0.0,0.0,589376
2024-01-22 11:00:00,00000000270,20240122110000,0.022,0.0,0.058,0.0,0.0,0.0,1.0,0.0,263.64,4,0.0,0.0,589376
2024-01-22 12:00:00,00000000270,20240122120000,0.044,0.0,0.057,0.0,0.0,0.0,1.0,0.0,129.55,4,0.0,0.0,589376
2024-01-22 13:00:00,00000000270,20240122130000,0.046,0.001,0.057,0.0,0.0,0.0,1.0,2.17,123.91,4,0.0,0.0,589376
2024-01-22 14:00:00,00000000270,20240122140000,0.033,0.0,0.057,0.0,0.0,0.0,1.0,0.0,172.73,4,0.0,0.0,589376
2024-01-22 15:00:00,00000000270,20240122150000,0.031,0.0,0.058,0.0,0.0,0.0,1.0,0.0,187.1,4,0.0,0.0,589376
2024-01-22 16:00:00,00000000270,20240122160000,0.044,0.0,0.056,0.0,0.0,0.0,1.0,0.0,127.27,4,0.0,0.0,589376
2024-01-22 17:00:00,00000000270,20240122170000,0.043,0.001,0.058,0.0,0.0,0.0,1.0,2.33,134.88,4,0.0,0.0,589376
2024-01-22 18:00:00,00000000270,20240122180000,0.024,0.0,0.056,0.0,0.0,0.0,1.0,0.0,233.33,4,0.0,0.0,589376
2024-01-22 19:00:00,00000000270,20240122190000,0.042,0.0,0.055,0.0,0.0,0.0,1.0,0.0,130.95,4,0.0,0.0,589376
2024-01-22 20:00:00,00000000270,20240122200000,0.043,0.0,0.054,0.0,0.0,0.0,1.0,0.0,125.58,4,0.0,0.0,589376
2024-01-22 21:00:00,00000000270,20240122210000,0.04,0.0,0.057,0.0,0.0,0.0,1.0,0.0,142.5,4,0.0,0.0,589376
2024-01-22 22:00:00,00000000270,20240122220000,0.095,0.0,0.059,0.0,0.0,0.0,1.0,0.0,62.11,4,0.0,0.0,589376
2024-01-22 23:00:00,00000000270,20240122230000,0.08,0.001,0.055,0.0,0.0,0.0,1.0,1.25,68.75,4,0.0,0.0,589376
2024-01-23 00:00:00,00000000270,20240123000000,0.044,0.0,0.059,0.0,0.0,0.0,1.0,0.0,134.09,4,0.0,0.0,589376
2024-01-23 01:00:00,00000000270,20240123010000,0.037,0.0,0.061,0.0,0.0,0.0,1.0,0.0,164.86,4,0.0,0.0,589376
2024-01-23 02:00:00,00000000270,20240123020000,0.03,0.0,0.062,0.0,0.0,0.0,1.0,0.0,206.67,4,0.0,0.0,589376
2024-01-23 03:00:00,00000000270,20240123030000,0.044,0.001,0.061,0.0,0.0,0.0,1.0,2.27,138.64,4,0.0,0.0,589376
2024-01-23 04:00:00,00000000270,20240123040000,0.042,0.0,0.061,0.0,0.0,0.0,1.0,0.0,145.24,4,0.0,0.0,589376
2024-01-23 05:00:00,00000000270,20240123050000,0.032,0.0,0.062,0.0,0.0,0.0,1.0,0.0,193.75,4,0.0,0.0,589376
2024-01-23 06:00:00,00000000270,20240123060000,0.04,0.0,0.062,0.0,0.0,0.0,1.0,0.0,155.0,4,0.0,0.0,589376
2024-01-23 07:00:00,00000000270,20240123070000,0.042,0.0,0.059,0.0,0.0,0.0,1.0,0.0,140.48,4,0.0,0.0,589376
2024-01-23 08:00:00,00000000270,20240123080000,0.039,0.001,0.059,0.0,0.0,0.0,1.0,2.56,151.28,4,0.0,0.0,589376
2024-01-23 09:00:00,00000000270,20240123090000,0.029,0.0,0.06,0.0,0.0,0.0,1.0,0.0,206.9,4,0.0,0.0,589376
2024-01-23 10:00:00,00000000270,20240123100000,0.042,0.0,0.058,0.0,0.0,0.0,1.0,0.0,138.1,4,0.0,0.0,589376
2024-01-23 11:00:00,00000000270,20240123110000,0.043,0.0,0.056,0.0,0.0,0.0,1.0,0.0,130.23,4,0.0,0.0,589376
2024-01-23 12:00:00,00000000270,20240123120000,0.024,0.0,0.059,0.0,0.0,0.0,1.0,0.0,245.83,4,0.0,0.0,589376
2024-01-23 13:00:00,00000000270,20240123130000,0.041,0.001,0.056,0.0,0.0,0.0,1.0,2.44,136.59,4,0.0,0.0,589376
2024-01-23 14:00:00,00000000270,20240123140000,0.043,0.0,0.056,0.0,0.0,0.0,1.0,0.0,130.23,4,0.0,0.0,589376
2024-01-23 15:00:00,00000000270,20240123150000,0.038,0.0,0.057,0.0,0.0,0.0,1.0,0.0,150.0,4,0.0,0.0,589376
2024-01-23 16:00:00,00000000270,20240123160000,0.027,0.0,0.059,0.0,0.0,0.0,1.0,0.0,218.52,4,0.0,0.0,589376
2024-01-23 17:00:00,00000000270,20240123170000,0.041,0.0,0.057,0.0,0.0,0.0,1.0,0.0,139.02,4,0.0,0.0,589376
2024-01-23 18:00:00,00000000270,20240123180000,0.045,0.001,0.055,0.0,0.0,0.0,1.0,2.22,122.22,4,0.0,0.0,589376
2024-01-23 19:00:00,00000000270,20240123190000,0.022,0.0,0.057,0.0,0.0,0.0,1.0,0.0,259.09,4,0.0,0.0,589376
2024-01-23 20:00:00,00000000270,20240123200000,0.042,0.0,0.055,0.0,0.0,0.0,1.0,0.0,130.95,4,0.0,0.0,589376
2024-01-23 21:00:00,00000000270,20240123210000,0.046,0.0,0.055,0.0,0.0,0.0,1.0,0.0,119.57,4,0.0,0.0,589376
2024-01-23 22:00:00,00000000270,20240123220000,0.024,0.0,0.059,0.0,0.0,0.0,1.0,0.0,245.83,4,0.0,0.0,589376
2024-01-23 23:00:00,00000000270,20240123230000,0.042,0.001,0.058,0.0,0.0,0.0,1.0,2.38,138.1,4,0.0,0.0,589376
2024-01-24 00:00:00,00000000270,20240124000000,0.124,0.0,0.058,0.0,0.0,0.0,1.0,0.0,46.77,4,0.0,0.0,589376
2024-01-24 01:00:00,00000000270,20240124010000,0.048,0.0,0.059,0.0,0.0,0.0,1.0,0.0,122.92,4,0.0,0.0,589376
2024-01-24 02:00:00,00000000270,20240124020000,0.044,0.0,0.06,0.0,0.0,0.0,1.0,0.0,136.36,4,0.0,0.0,589376
2024-01-24 03:00:00,00000000270,20240124030000,0.044,0.0,0.06,0.0,0.0,0.0,1.0,0.0,136.36,4,0.0,0.0,589376
2024-01-24 04:00:00,00000000270,20240124040000,0.034,0.001,0.062,0.0,0.0,0.0,1.0,2.94,182.35,4,0.0,0.0,589376
2024-01-24 05:00:00,00000000270,20240124050000,0.032,0.0,0.061,0.0,0.0,0.0,1.0,0.0,190.62,4,0.0,0.0,589376
2024-01-24 06:00:00,00000000270,20240124060000,0.042,0.0,0.06,0.0,0.0,0.0,1.0,0.0,142.86,4,0.0,0.0,589376
2024-01-24 07:00:00,00000000270,20240124070000,0.045,0.0,0.06,0.0,0.0,0.0,1.0,0.0,133.33,4,0.0,0.0,589376
2024-01-24 08:00:00,00000000270,20240124080000,0.023,0.0,0.061,0.0,0.0,0.0,1.0,0.0,265.22,4,0.0,0.0,589376
2024-01-24 09:00:00,00000000270,20240124090000,0.042,0.001,0.059,0.0,0.0,0.0,1.0,2.38,140.48,4,0.0,0.0,589376
2024-01-24 10:00:00,00000000270,20240124100000,0.043,0.0,0.057,0.0,0.0,0.0,1.0,0.0,132.56,4,0.0,0.0,589376
2024-01-24 11:00:00,00000000270,20240124110000,0.022,0.0,0.059,0.0,0.0,0.0,1.0,0.0,268.18,4,0.0,0.0,589376
2024-01-24 12:00:00,00000000270,20240124120000,0.046,0.0,0.058,0.0,0.0,0.0,1.0,0.0,126.09,4,0.0,0.0,589376
2024-01-24 13:00:00,00000000270,20240124130000,0.042,0.0,0.058,0.0,0.0,0.0,1.0,0.0,138.1,4,0.0,0.0,589376
2024-01-24 14:00:00,00000000270,20240124140000,0.022,0.001,0.06,0.0,0.0,0.0,1.0,4.55,272.73,4,0.0,0.0,589376
2024-01-24 15:00:00,00000000270,20240124150000,0.047,0.0,0.059,0.0,0.0,0.0,1.0,0.0,125.53,4,0.0,0.0,589376
2024-01-24 16:00:00,00000000270,20240124160000,0.044,0.0,0.059,0.0,0.0,0.0,1.0,0.0,134.09,4,0.0,0.0,589376
2024-01-24 17:00:00,00000000270,20240124170000,0.032,0.0,0.06,0.0,0.0,0.0,1.0,0.0,187.5,4,0.0,0.0,589376
2024-01-24 18:00:00,00000000270,20240124180000,0.036,0.0,0.057,0.0,0.0,0.0,1.0,0.0,158.33,4,0.0,0.0,589376
2024-01-24 19:00:00,00000000270,20240124190000,0.045,0.001,0.054,0.0,0.0,0.0,1.0,2.22,120.0,4,0.0,0.0,589376
2024-01-24 20:00:00,00000000270,20240124200000,0.041,0.0,0.056,0.0,0.0,0.0,1.0,0.0,136.59,4,0.0,0.0,589376
2024-01-24 21:00:00,00000000270,20240124210000,0.022,0.0,0.057,0.0,0.0,0.0,1.0,0.0,259.09,4,0.0,0.0,589376
2024-01-24 22:00:00,00000000270,20240124220000,0.042,0.0,0.057,0.0,0.0,0.0,1.0,0.0,135.71,4,0.0,0.0,589376
2024-01-24 23:00:00,00000000270,20240124230000,0.046,0.0,0.058,0.0,0.0,0.0,1.0,0.0,126.09,4,0.0,0.0,589376
2024-01-25 00:00:00,00000000270,20240125000000,0.024,0.001,0.059,0.0,0.0,0.0,1.0,4.17,245.83,4,0.0,0.0,589376
2024-01-25 01:00:00,00000000270,20240125010000,0.109,0.0,0.059,0.0,0.0,0.0,1.0,0.0,54.13,4,0.0,0.0,589376
2024-01-25 02:00:00,00000000270,20240125020000,0.077,0.0,0.056,0.0,0.0,0.0,1.0,0.0,72.73,4,0.0,0.0,589376
2024-01-25 03:00:00,00000000270,20240125030000,0.047,0.0,0.06,0.0,0.0,0.0,1.0,0.0,127.66,4,0.0,0.0,589376
2024-01-25 04:00:00,00000000270,20240125040000,0.025,0.0,0.063,0.0,0.0,0.0,1.0,0.0,252.0,4,0.0,0.0,589376
2024-01-25 05:00:00,00000000270,20240125050000,0.043,0.001,0.061,0.0,0.0,0.0,1.0,2.33,141.86,4,0.0,0.0,589376
2024-01-25 06:00:00,00000000270,20240125060000,0.044,0.0,0.06,0.0,0.0,0.0,1.0,0.0,136.36,4,0.0,0.0,589376
2024-01-25 07:00:00,00000000270,20240125070000,0.028,0.0,0.06,0.0,0.0,0.0,1.0,0.0,214.29,4,0.0,0.0,589376
2024-01-25 08:00:00,00000000270,20240125080000,0.039,0.0,0.059,0.0,0.0,0.0,1.0,0.0,151.28,4,0.0,0.0,589376
2024-01-25 09:00:00,00000000270,20240125090000,0.043,0.001,0.059,0.0,0.0,0.0,1.0,2.33,137.21,4,0.0,0.0,589376
2024-01-25 10:00:00,00000000270,20240125100000,0.04,0.0,0.058,0.0,0.0,0.0,1.0,0.0,145.0,4,0.0,0.0,589376
2024-01-25 11:00:00,00000000270,20240125110000,0.029,0.0,0.059,0.0,0.0,0.0,1.0,0.0,203.45,4,0.0,0.0,589376
2024-01-25 12:00:00,00000000270,20240125120000,0.044,0.0,0.059,0.0,0.0,0.0,1.0,0.0,134.09,4,0.0,0.0,589376
2024-01-25 13:00:00,00000000270,20240125130000,0.041,0.0,0.058,0.0,0.0,0.0,1.0,0.0,141.46,4,0.0,0.0,589376
2024-01-25 14:00:00,00000000270,20240125140000,0.027,0.0,0.059,0.0,0.0,0.0,1.0,0.0,218.52,4,0.0,0.0,589376
2024-01-25 15:00:00,00000000270,20240125150000,0.042,0.001,0.058,0.0,0.0,0.0,1.0,2.38,138.1,4,0.0,0.0,589376
2024-01-25 16:00:00,00000000270,20240125160000,0.042,0.0,0.057,0.0,0.0,0.0,1.0,0.0,135.71,4,0.0,0.0,589376
2024-01-25 17:00:00,00000000270,20240125170000,0.024,0.0,0.058,0.0,0.0,0.0,1.0,0.0,241.67,4,0.0,0.0,589376
2024-01-25 18:00:00,00000000270,20240125180000,0.043,0.0,0.055,0.0,0.0,0.0,1.0,0.0,127.91,4,0.0,0.0,589376
2024-01-25 19:00:00,00000000270,20240125190000,0.04,0.0,0.055,0.0,0.0,0.0,1.0,0.0,137.5,4,0.0,0.0,589376
2024-01-25 20:00:00,00000000270,20240125200000,0.025,0.001,0.056,0.0,0.0,0.0,1.0,4.0,224.0,4,0.0,0.0,589376
2024-01-25 21:00:00,00000000270,20240125210000,0.043,0.0,0.056,0.0,0.0,0.0,1.0,0.0,130.23,4,0.0,0.0,589376
2024-01-25 22:00:00,00000000270,20240125220000,0.046,0.0,0.056,0.0,0.0,0.0,1.0,0.0,121.74,4,0.0,0.0,589376
2024-01-25 23:00:00,00000000270,20240125230000,0.022,0.0,0.059,0.0,0.0,0.0,1.0,0.0,268.18,4,0.0,0.0,589376
2024-01-26 00:00:00,00000000270,20240126000000,0.047,0.0,0.058,0.0,0.0,0.0,1.0,0.0,123.4,4,0.0,0.0,589376
2024-01-26 01:00:00,00000000270,20240126010000,0.043,0.001,0.059,0.0,0.0,0.0,1.0,2.33,137.21,4,0.0,0.0,589376
2024-01-26 02:00:00,00000000270,20240126020000,0.022,0.0,0.061,0.0,0.0,0.0,1.0,0.0,277.27,4,0.0,0.0,589376
2024-01-26 03:00:00,00000000270,20240126030000,0.123,0.0,0.06,0.0,0.0,0.0,1.0,0.0,48.78,4,0.0,0.0,589376
2024-01-26 04:00:00,00000000270,20240126040000,0.068,0.0,0.058,0.0,0.0,0.0,1.0,0.0,85.29,4,0.0,0.0,589376
2024-01-26 05:00:00,00000000270,20240126050000,0.05,0.0,0.059,0.0,0.0,0.0,1.0,0.0,118.0,4,0.0,0.0,589376
2024-01-26 06:00:00,00000000270,20240126060000,0.034,0.001,0.06,0.0,0.0,0.0,1.0,2.94,176.47,4,0.0,0.0,589376
2024-01-26 07:00:00,00000000270,20240126070000,0.031,0.0,0.06,0.0,0.0,0.0,1.0,0.0,193.55,4,0.0,0.0,589376
2024-01-26 08:00:00,00000000270,20240126080000,0.042,0.0,0.059,0.0,0.0,0.0,1.0,0.0,140.48,4,0.0,0.0,589376
2024-01-26 09:00:00,00000000270,20240126090000,0.042,0.0,0.059,0.0,0.0,0.0,1.0,0.0,140.48,4,0.0,0.0,589376
2024-01-26 10:00:00,00000000270,20240126100000,0.026,0.0,0.058,0.0,0.0,0.0,1.0,0.0,223.08,4,0.0,0.0,589376
2024-01-26 11:00:00,00000000270,20240126110000,0.038,0.001,0.055,0.0,0.0,0.0,1.0,2.63,144.74,4,0.0,0.0,589376
2024-01-26 12:00:00,00000000270,20240126120000,0.042,0.0,0.057,0.0,0.0,0.0,1.0,0.0,135.71,4,0.0,0.0,589376
2024-01-26 13:00:00,00000000270,20240126130000,0.042,0.0,0.058,0.0,0.0,0.0,1.0,0.0,138.1,4,0.0,0.0,589376
2024-01-26 14:00:00,00000000270,20240126140000,0.022,0.0,0.06,0.0,0.0,0.0,1.0,0.0,272.73,4,0.0,0.0,589376
2024-01-26 15:00:00,00000000270,20240126150000,0.043,0.0,0.058,0.0,0.0,0.0,1.0,0.0,134.88,4,0.0,0.0,589376
2024-01-26 16:00:00,00000000270,20240126160000,0.046,0.001,0.057,0.0,0.0,0.0,1.0,2.17,123.91,4,0.0,0.0,589376
2024-01-26 17:00:00,00000000270,20240126170000,0.033,0.0,0.059,0.0,0.0,0.0,1.0,0.0,178.79,4,0.0,0.0,589376
2024-01-26 18:00:00,00000000270,20240126180000,0.031,0.0,0.057,0.0,0.0,0.0,1.0,0.0,183.87,4,0.0,0.0,589376
2024-01-26 19:00:00,00000000270,20240126190000,0.045,0.0,0.054,0.0,0.0,0.0,1.0,0.0,120.0,4,0.0,0.0,589376
2024-01-26 20:00:00,00000000270,20240126200000,0.036,0.0,0.056,0.0,0.0,0.0,1.0,0.0,155.56,4,0.0,0.0,589376
2024-01-26 21:00:00,00000000270,20240126210000,0.027,0.0,0.058,0.0,0.0,0.0,1.0,0.0,214.81,4,0.0,0.0,589376
2024-01-26 22:00:00,00000000270,20240126220000,0.045,0.001,0.057,0.0,0.0,0.0,1.0,2.22,126.67,4,0.0,0.0,589376
2024-01-26 23:00:00,00000000270,20240126230000,0.042,0.0,0.058,0.0,0.0,0.0,1.0,0.0,138.1,4,0.0,0.0,589376
2024-01-27 00:00:00,00000000270,20240127000000,0.022,0.0,0.059,0.0,0.0,0.0,1.0,0.0,268.18,4,0.0,0.0,589376
2024-01-27 01:00:00,00000000270,20240127010000,0.045,0.0,0.059,0.0,0.0,0.0,1.0,0.0,131.11,4,0.0,0.0,589376
2024-01-27 02:00:00,00000000270,20240127020000,0.044,0.0,0.06,0.0,0.0,0.0,1.0,0.0,136.36,4,0.0,0.0,589376
2024-01-27 03:00:00,00000000270,20240127030000,0.023,0.001,0.063,0.0,0.0,0.0,1.0,4.35,273.91,4,0.0,0.0,589376
2024-01-27 04:00:00,00000000270,20240127040000,0.046,0.0,0.06,0.0,0.0,0.0,1.0,0.0,130.43,4,0.0,0.0,589376
2024-01-27 05:00:00,00000000270,20240127050000,0.133,0.0,0.058,0.0,0.0,0.0,1.0,0.0,43.61,4,0.0,0.0,589376
2024-01-27 06:00:00,00000000270,20240127060000,0.039,0.0,0.06,0.0,0.0,0.0,1.0,0.0,153.85,4,0.0,0.0,589376
2024-01-27 07:00:00,00000000270,20240127070000,0.045,0.0,0.059,0.0,0.0,0.0,1.0,0.0,131.11,4,0.0,0.0,589376
2024-01-27 08:00:00,00000000270,20240127080000,0.041,0.001,0.059,0.0,0.0,0.0,1.0,2.44,143.9,4,0.0,0.0,589376
2024-01-27 09:00:00,00000000270,20240127090000,0.041,0.0,0.059,0.0,0.0,0.0,1.0,0.0,143.9,4,0.0,0.0,589376
2024-01-27 10:00:00,00000000270,20240127100000,0.028,0.0,0.059,0.0,0.0,0.0,1.0,0.0,210.71,4,0.0,0.0,589376
2024-01-27 11:00:00,00000000270,20240127110000,0.035,0.0,0.058,0.0,0.0,0.0,1.0,0.0,165.71,4,0.0,0.0,589376
2024-01-27 12:00:00,00000000270,20240127120000,0.043,0.0,0.058,0.0,0.0,0.0,1.0,0.0,134.88,4,0.0,0.0,589376
2024-01-27 13:00:00,00000000270,20240127130000,0.043,0.001,0.058,0.0,0.0,0.0,1.0,2.33,134.88,4,0.0,0.0,589376
2024-01-27 14:00:00,00000000270,20240127140000,0.022,0.0,0.059,0.0,0.0,0.0,1.0,0.0,268.18,4,0.0,0.0,589376
2024-01-27 15:00:00,00000000270,20240127150000,0.044,0.0,0.058,0.0,0.0,0.0,1.0,0.0,131.82,4,0.0,0.0,589376
2024-01-27 16:00:00,00000000270,20240127160000,0.044,0.0,0.057,0.0,0.0,0.0,1.0,0.0,129.55,4,0.0,0.0,589376
2024-01-27 17:00:00,00000000270,20240127170000,0.025,0.0,0.059,0.0,0.0,0.0,1.0,0.0,236.0,4,0.0,0.0,589376
2024-01-27 18:00:00,00000000270,20240127180000,0.039,0.001,0.056,0.0,0.0,0.0,1.0,2.56,143.59,4,0.0,0.0,589376
2024-01-27 19:00:00,00000000270,20240127190000,0.043,0.0,0.054,0.0,0.0,0.0,1.0,0.0,125.58,4,0.0,0.0,589376
2024-01-27 20:00:00,00000000270,20240127200000,0.038,0.0,0.056,0.0,0.0,0.0,1.0,0.0,147.37,4,0.0,0.0,589376
2024-01-27 21:00:00,00000000270,20240127210000,0.025,0.0,0.058,0.0,0.0,0.0,1.0,0.0,232.0,4,0.0,0.0,589376
2024-01-27 22:00:00,00000000270,20240127220000,0.045,0.0,0.057,0.0,0.0,0.0,1.0,0.0,126.67,4,0.0,0.0,589376
2024-01-27 23:00:00,00000000270,20240127230000,0.041,0.0,0.059,0.0,0.0,0.0,1.0,0.0,143.9,4,0.0,0.0,589376
2024-01-28 00:00:00,00000000270,20240128000000,0.022,0.001,0.06,0.0,0.0,0.0,1.0,4.55,272.73,4,0.0,0.0,589376
2024-01-28 01:00:00,00000000270,20240128010000,0.045,0.0,0.059,0.0,0.0,0.0,1.0,0.0,131.11,4,0.0,0.0,589376
2024-01-28 02:00:00,00000000270,20240128020000,0.041,0.0,0.06,0.0,0.0,0.0,1.0,0.0,146.34,4,0.0,0.0,589376
2024-01-28 03:00:00,00000000270,20240128030000,0.042,0.0,0.061,0.0,0.0,0.0,1.0,0.0,145.24,4,0.0,0.0,589376
2024-01-28 04:00:00,00000000270,20240128040000,0.023,0.0,0.063,0.0,0.0,0.0,1.0,0.0,273.91,4,0.0,0.0,589376
2024-01-28 05:00:00,00000000270,20240128050000,0.043,0.001,0.06,0.0,0.0,0.0,1.0,2.33,139.53,4,0.0,0.0,589376
2024-01-28 06:00:00,00000000270,20240128060000,0.093,0.0,0.062,0.0,0.0,0.0,1.0,0.0,66.67,4,0.0,0.0,589376
2024-01-28 07:00:00,00000000270,20240128070000,0.079,0.0,0.057,0.0,0.0,0.0,1.0,0.0,72.15,4,0.0,0.0,589376
2024-01-28 08:00:00,00000000270,20240128080000,0.045,0.0,0.06,0.0,0.0,0.0,1.0,0.0,133.33,4,0.0,0.0,589376
2024-01-28 09:00:00,00000000270,20240128090000,0.04,0.0,0.062,0.0,0.0,0.0,1.0,0.0,155.0,4,0.0,0.0,589376
2024-01-28 10:00:00,00000000270,20240128100000,0.027,0.0,0.062,0.0,0.0,0.0,1.0,0.0,229.63,4,0.0,0.0,589376
2024-01-28 11:00:00,00000000270,20240128110000,0.042,0.001,0.06,0.0,0.0,0.0,1.0,2.38,142.86,4,0.0,0.0,589376
2024-01-28 12:00:00,00000000270,20240128120000,0.044,0.0,0.06,0.0,0.0,0.0,1.0,0.0,136.36,4,0.0,0.0,589376
2024-01-28 13:00:00,00000000270,20240128130000,0.039,0.0,0.061,0.0,0.0,0.0,1.0,0.0,156.41,4,0.0,0.0,589376
2024-01-28 14:00:00,00000000270,20240128140000,0.028,0.0,0.061,0.0,0.0,0.0,1.0,0.0,217.86,4,0.0,0.0,589376
2024-01-28 15:00:00,00000000270,20240128150000,0.043,0.001,0.059,0.0,0.0,0.0,1.0,2.33,137.21,4,0.0,0.0,589376
2024-01-28 16:00:00,00000000270,20240128160000,0.047,0.0,0.058,0.0,0.0,0.0,1.0,0.0,123.4,4,0.0,0.0,589376
2024-01-28 17:00:00,00000000270,20240128170000,0.027,0.0,0.06,0.0,0.0,0.0,1.0,0.0,222.22,4,0.0,0.0,589376
2024-01-28 18:00:00,00000000270,20240128180000,0.037,0.0,0.057,0.0,0.0,0.0,1.0,0.0,154.05,4,0.0,0.0,589376
2024-01-28 19:00:00,00000000270,20240128190000,0.045,0.0,0.055,0.0,0.0,0.0,1.0,0.0,122.22,4,0.0,0.0,589376
2024-01-28 20:00:00,00000000270,20240128200000,0.037,0.0,0.056,0.0,0.0,0.0,1.0,0.0,151.35,4,0.0,0.0,589376
2024-01-28 21:00:00,00000000270,20240128210000,0.025,0.001,0.058,0.0,0.0,0.0,1.0,4.0,232.0,4,0.0,0.0,589376
2024-01-28 22:00:00,00000000270,20240128220000,0.045,0.0,0.057,0.0,0.0,0.0,1.0,0.0,126.67,4,0.0,0.0,589376
2024-01-28 23:00:00,00000000270,20240128230000,0.04,0.0,0.059,0.0,0.0,0.0,1.0,0.0,147.5,4,0.0,0.0,589376
2024-01-29 00:00:00,00000000270,20240129000000,0.026,0.0,0.061,0.0,0.0,0.0,1.0,0.0,234.62,4,0.0,0.0,589376
2024-01-29 01:00:00,00000000270,20240129010000,0.043,0.0,0.061,0.0,0.0,0.0,1.0,0.0,141.86,4,0.0,0.0,589376
2024-01-29 02:00:00,00000000270,20240129020000,0.043,0.001,0.061,0.0,0.0,0.0,1.0,2.33,141.86,4,0.0,0.0,589376
2024-01-29 03:00:00,00000000270,20240129030000,0.039,0.0,0.062,0.0,0.0,0.0,1.0,0.0,158.97,4,0.0,0.0,589376
2024-01-29 04:00:00,00000000270,20240129040000,0.028,0.0,0.063,0.0,0.0,0.0,1.0,0.0,225.0,4,0.0,0.0,589376
2024-01-29 05:00:00,00000000270,20240129050000,0.044,0.0,0.061,0.0,0.0,0.0,1.0,0.0,138.64,4,0.0,0.0,589376
2024-01-29 06:00:00,00000000270,20240129060000,0.047,0.0,0.061,0.0,0.0,0.0,1.0,0.0,129.79,4,0.0,0.0,589376
2024-01-29 07:00:00,00000000270,20240129070000,0.022,0.0,0.061,0.0,0.0,0.0,1.0,0.0,277.27,4,0.0,0.0,589376
2024-01-29 08:00:00,00000000270,20240129080000,0.125,0.001,0.058,0.0,0.0,0.0,1.0,0.8,46.4,4,0.0,0.0,589376
2024-01-29 09:00:00,00000000270,20240129090000,0.044,0.0,0.058,0.0,0.0,0.0,1.0,0.0,131.82,4,0.0,0.0,589376
2024-01-29 10:00:00,00000000270,20240129100000,0.041,0.0,0.057,0.0,0.0,0.0,1.0,0.0,139.02,4,0.0,0.0,589376
2024-01-29 11:00:00,00000000270,20240129110000,0.045,0.0,0.058,0.0,0.0,0.0,1.0,0.0,128.89,4,0.0,0.0,589376
2024-01-29 12:00:00,00000000270,20240129120000,0.042,0.0,0.058,0.0,0.0,0.0,1.0,0.0,138.1,4,0.0,0.0,589376
2024-01-29 13:00:00,00000000270,20240129130000,0.023,0.001,0.061,0.0,0.0,0.0,1.0,4.35,265.22,4,0.0,0.0,589376
2024-01-29 14:00:00,00000000270,20240129140000,0.044,0.0,0.057,0.0,0.0,0.0,1.0,0.0,129.55,4,0.0,0.0,589376
2024-01-29 15:00:00,00000000270,20240129150000,0.042,0.0,0.058,0.0,0.0,0.0,1.0,0.0,138.1,4,0.0,0.0,589376
2024-01-29 16:00:00,00000000270,20240129160000,0.038,0.0,0.058,0.0,0.0,0.0,1.0,0.0,152.63,4,0.0,0.0,589376
2024-01-29 17:00:00,00000000270,20240129170000,0.029,0.0,0.058,0.0,0.0,0.0,1.0,0.0,200.0,4,0.0,0.0,589376
2024-01-29 18:00:00,00000000270,20240129180000,0.039,0.001,0.056,0.0,0.0,0.0,1.0,2.56,143.59,4,0.0,0.0,589376
2024-01-29 19:00:00,00000000270,20240129190000,0.043,0.0,0.054,0.0,0.0,0.0,1.0,0.0,125.58,4,0.0,0.0,589376
2024-01-29 20:00:00,00000000270,20240129200000,0.027,0.0,0.055,0.0,0.0,0.0,1.0,0.0,203.7,4,0.0,0.0,589376
2024-01-29 21:00:00,00000000270,20240129210000,0.036,0.0,0.057,0.0,0.0,0.0,1.0,0.0,158.33,4,0.0,0.0,589376
2024-01-29 22:00:00,00000000270,20240129220000,0.042,0.0,0.057,0.0,0.0,0.0,1.0,0.0,135.71,4,0.0,0.0,589376
2024-01-29 23:00:00,00000000270,20240129230000,0.036,0.0,0.059,0.0,0.0,0.0,1.0,0.0,163.89,4,0.0,0.0,589376
2024-01-30 00:00:00,00000000270,20240130000000,0.033,0.001,0.06,0.0,0.0,0.0,1.0,3.03,181.82,4,0.0,0.0,589376
2024-01-30 01:00:00,00000000270,20240130010000,0.039,0.0,0.059,0.0,0.0,0.0,1.0,0.0,151.28,4,0.0,0.0,589376
2024-01-30 02:00:00,00000000270,20240130020000,0.043,0.0,0.06,0.0,0.0,0.0,1.0,0.0,139.53,4,0.0,0.0,589376
2024-01-30 03:00:00,00000000270,20240130030000,0.024,0.0,0.063,0.0,0.0,0.0,1.0,0.0,262.5,4,0.0,0.0,589376
2024-01-30 04:00:00,00000000270,20240130040000,0.044,0.0,0.061,0.0,0.0,0.0,1.0,0.0,138.64,4,0.0,0.0,589376
2024-01-30 05:00:00,00000000270,20240130050000,0.044,0.001,0.061,0.0,0.0,0.0,1.0,2.27,138.64,4,0.0,0.0,589376
2024-01-30 06:00:00,00000000270,20240130060000,0.021,0.0,0.061,0.0,0.0,0.0,1.0,0.0,290.48,4,0.0,0.0,589376
2024-01-30 07:00:00,00000000270,20240130070000,0.04,0.0,0.058,0.0,0.0,0.0,1.0,0.0,145.0,4,0.0,0.0,589376
2024-01-30 08:00:00,00000000270,20240130080000,0.043,0.0,0.06,0.0,0.0,0.0,1.0,0.0,139.53,4,0.0,0.0,589376
2024-01-30 09:00:00,00000000270,20240130090000,0.094,0.0,0.06,0.0,0.0,0.0,1.0,0.0,63.83,4,0.0,0.0,589376
2024-01-30 10:00:00,00000000270,20240130100000,0.078,0.001,0.054,0.0,0.0,0.0,1.0,1.28,69.23,4,0.0,0.0,589376
2024-01-30 11:00:00,00000000270,20240130110000,0.041,0.0,0.056,0.0,0.0,0.0,1.0,0.0,136.59,4,0.0,0.0,589376
2024-01-30 12:00:00,00000000270,20240130120000,0.027,0.0,0.056,0.0,0.0,0.0,1.0,0.0,207.41,4,0.0,0.0,589376
2024-01-30 13:00:00,00000000270,20240130130000,0.037,0.0,0.057,0.0,0.0,0.0,1.0,0.0,154.05,4,0.0,0.0,589376
2024-01-30 14:00:00,00000000270,20240130140000,0.042,0.0,0.057,0.0,0.0,0.0,1.0,0.0,135.71,4,0.0,0.0,589376
2024-01-30 15:00:00,00000000270,20240130150000,0.041,0.0,0.055,0.0,0.0,0.0,1.0,0.0,134.15,4,0.0,0.0,589376
2024-01-30 16:00:00,00000000270,20240130160000,0.019,0.0,0.057,0.0,0.0,0.0,1.0,0.0,300.0,4,0.0,0.0,589376
2024-01-30 17:00:00,00000000270,20240130170000,0.041,0.001,0.056,0.0,0.0,0.0,1.0,2.44,136.59,4,0.0,0.0,589376
2024-01-30 18:00:00,00000000270,20240130180000,0.046,0.0,0.054,0.0,0.0,0.0,1.0,0.0,117.39,4,0.0,0.0,589376
2024-01-30 19:00:00,00000000270,20240130190000,0.022,0.0,0.056,0.0,0.0,0.0,1.0,0.0,254.55,4,0.0,0.0,589376
2024-01-30 20:00:00,00000000270,20240130200000,0.036,0.0,0.054,0.0,0.0,0.0,1.0,0.0,150.0,4,0.0,0.0,589376
2024-01-30 21:00:00,00000000270,20240130210000,0.043,0.0,0.056,0.0,0.0,0.0,1.0,0.0,130.23,4,0.0,0.0,589376
2024-01-30 22:00:00,00000000270,20240130220000,0.024,0.001,0.058,0.0,0.0,0.0,1.0,4.17,241.67,4,0.0,0.0,589376
2024-01-30 23:00:00,00000000270,20240130230000,0.041,0.0,0.056,0.0,0.0,0.0,1.0,0.0,136.59,4,0.0,0.0,589376
2024-01-31 00:00:00,00000000270,20240131000000,0.041,0.0,0.058,0.0,0.0,0.0,1.0,0.0,141.46,4,0.0,0.0,589376
2024-01-31 01:00:00,00000000270,20240131010000,0.033,0.0,0.061,0.0,0.0,0.0,1.0,0.0,184.85,4,0.0,0.0,589376
2024-01-31 02:00:00,00000000270,20240131020000,0.032,0.0,0.061,0.0,0.0,0.0,1.0,0.0,190.62,4,0.0,0.0,589376
2024-01-31 03:00:00,00000000270,20240131030000,0.04,0.0,0.06,0.0,0.0,0.0,1.0,0.0,150.0,4,0.0,0.0,589376
2024-01-31 04:00:00,00000000270,20240131040000,0.034,0.001,0.062,0.0,0.0,0.0,1.0,2.94,182.35,4,0.0,0.0,589376
2024-01-31 05:00:00,00000000270,20240131050000,0.034,0.0,0.062,0.0,0.0,0.0,1.0,0.0,182.35,4,0.0,0.0,589376
2024-01-31 06:00:00,00000000270,20240131060000,0.038,0.0,0.058,0.0,0.0,0.0,1.0,0.0,152.63,4,0.0,0.0,589376
2024-01-31 07:00:00,00000000270,20240131070000,0.03,0.0,0.061,0.0,0.0,0.0,1.0,0.0,203.33,4,0.0,0.0,589376
2024-01-31 08:00:00,00000000270,20240131080000,0.038,0.0,0.06,0.0,0.0,0.0,1.0,0.0,157.89,4,0.0,0.0,589376
2024-01-31 09:00:00,00000000270,20240131090000,0.039,0.0,0.058,0.0,0.0,0.0,1.0,0.0,148.72,4,0.0,0.0,589376
2024-01-31 10:00:00,00000000270,20240131100000,0.03,0.001,0.058,0.0,0.0,0.0,1.0,3.33,193.33,4,0.0,0.0,589376
2024-01-31 11:00:00,00000000270,20240131110000,0.123,0.0,0.055,0.0,0.0,0.0,1.0,0.0,44.72,4,0.0,0.0,589376
2024-01-31 12:00:00,00000000270,20240131120000,0.051,0.0,0.055,0.0,0.0,0.0,1.0,0.0,107.84,4,0.0,0.0,589376
2024-01-31 13:00:00,00000000270,20240131130000,0.044,0.0,0.056,0.0,0.0,0.0,1.0,0.0,127.27,4,0.0,0.0,589376
2024-01-31 14:00:00,00000000270,20240131140000,0.043,0.0,0.057,0.0,0.0,0.0,1.0,0.0,132.56,4,0.0,0.0,589376
2024-01-31 15:00:00,00000000270,20240131150000,0.023,0.0,0.06,0.0,0.0,0.0,1.0,0.0,260.87,4,0.0,0.0,589376
2024-01-31 16:00:00,00000000270,20240131160000,0.038,0.001,0.056,0.0,0.0,0.0,1.0,2.63,147.37,4,0.0,0.0,589376
2024-01-31 17:00:00,00000000270,20240131170000,0.044,0.0,0.057,0.0,0.0,0.0,1.0,0.0,129.55,4,0.0,0.0,589376
2024-01-31 18:00:00,00000000270,20240131180000,0.023,0.0,0.057,0.0,0.0,0.0,1.0,0.0,247.83,4,0.0,0.0,589376
2024-01-31 19:00:00,00000000270,20240131190000,0.036,0.0,0.052,0.0,0.0,0.0,1.0,0.0,144.44,4,0.0,0.0,589376
2024-01-31 20:00:00,00000000270,20240131200000,0.043,0.0,0.055,0.0,0.0,0.0,1.0,0.0,127.91,4,0.0,0.0,589376
2024-01-31 21:00:00,00000000270,20240131210000,0.023,0.001,0.058,0.0,0.0,0.0,1.0,4.35,252.17,4,0.0,0.0,589376
2024-01-31 22:00:00,00000000270,20240131220000,0.037,0.0,0.056,0.0,0.0,0.0,1.0,0.0,151.35,4,0.0,0.0,589376
2024-01-31 23:00:00,00000000270,20240131230000,0.042,0.0,0.058,0.0,0.0,0.0,1.0,0.0,138.1,4,0.0,0.0,589376
2024-02-01 00:00:00,00000000270,20240201000000,0.028,0.0,0.06,0.0,0.0,0.0,1.0,0.0,214.29,4,0.0,0.0,589376
2024-02-01 01:00:00,00000000270,20240201010000,0.035,0.0,0.059,0.0,0.0,0.0,1.0,0.0,168.57,4,0.0,0.0,589376
2024-02-01 02:00:00,00000000270,20240201020000,0.043,0.0,0.059,0.0,0.0,0.0,1.0,0.0,137.21,4,0.0,0.0,589376
2024-02-01 03:00:00,00000000270,20240201030000,0.034,0.001,0.062,0.0,0.0,0.0,1.0,2.94,182.35,4,0.0,0.0,589376
2024-02-01 04:00:00,00000000270,20240201040000,0.032,0.0,0.062,0.0,0.0,0.0,1.0,0.0,193.75,4,0.0,0.0,589376
2024-02-01 05:00:00,00000000270,20240201050000,0.04,0.0,0.059,0.0,0.0,0.0,1.0,0.0,147.5,4,0.0,0.0,589376
2024-02-01 06:00:00,00000000270,20240201060000,0.029,0.0,0.062,0.0,0.0,0.0,1.0,0.0,213.79,4,0.0,0.0,589376
2024-02-01 07:00:00,00000000270,20240201070000,0.039,0.0,0.06,0.0,0.0,0.0,1.0,0.0,153.85,4,0.0,0.0,589376
2024-02-01 08:00:00,00000000270,20240201080000,0.037,0.0,0.057,0.0,0.0,0.0,1.0,0.0,154.05,4,0.0,0.0,589376
2024-02-01 09:00:00,00000000270,20240201090000,0.035,0.001,0.059,0.0,0.0,0.0,1.0,2.86,168.57,4,0.0,0.0,589376
2024-02-01 10:00:00,00000000270,20240201100000,0.033,0.0,0.06,0.0,0.0,0.0,1.0,0.0,181.82,4,0.0,0.0,589376
2024-02-01 11:00:00,00000000270,20240201110000,0.038,0.0,0.055,0.0,0.0,0.0,1.0,0.0,144.74,4,0.0,0.0,589376
2024-02-01 12:00:00,00000000270,20240201120000,0.061,0.0,0.057,0.0,0.0,0.0,1.0,0.0,93.44,4,0.0,0.0,589376
2024-02-01 13:00:00,00000000270,20240201130000,0.106,0.0,0.054,0.0,0.0,0.0,1.0,0.0,50.94,4,0.0,0.0,589376
2024-02-01 14:00:00,00000000270,20240201140000,0.038,0.001,0.057,0.0,0.0,0.0,1.0,2.63,150.0,4,0.0,0.0,589376
2024-02-01 15:00:00,00000000270,20240201150000,0.024,0.0,0.056,0.0,0.0,0.0,1.0,0.0,233.33,4,0.0,0.0,589376
2024-02-01 16:00:00,00000000270,20240201160000,0.044,0.0,0.058,0.0,0.0,0.0,1.0,0.0,131.82,4,0.0,0.0,589376
2024-02-01 17:00:00,00000000270,20240201170000,0.043,0.0,0.057,0.0,0.0,0.0,1.0,0.0,132.56,4,0.0,0.0,589376
2024-02-01 18:00:00,00000000270,20240201180000,0.039,0.0,0.056,0.0,0.0,0.0,1.0,0.0,143.59,4,0.0,0.0,589376
2024-02-01 19:00:00,00000000270,20240201190000,0.024,0.0,0.053,0.0,0.0,0.0,1.0,0.0,220.83,4,0.0,0.0,589376
2024-02-01 20:00:00,00000000270,20240201200000,0.042,0.0,0.055,0.0,0.0,0.0,1.0,0.0,130.95,4,0.0,0.0,589376
2024-02-01 21:00:00,00000000270,20240201210000,0.042,0.001,0.055,0.0,0.0,0.0,1.0,2.38,130.95,4,0.0,0.0,589376
2024-02-01 22:00:00,00000000270,20240201220000,0.024,0.0,0.057,0.0,0.0,0.0,1.0,0.0,237.5,4,0.0,0.0,589376
2024-02-01 23:00:00,00000000270,20240201230000,0.039,0.0,0.055,0.0,0.0,0.0,1.0,0.0,141.03,4,0.0,0.0,589376
2024-02-02 00:00:00,00000000270,20240202000000,0.041,0.0,0.058,0.0,0.0,0.0,1.0,0.0,141.46,4,0.0,0.0,589376
2024-02-02 01:00:00,00000000270,20240202010000,0.029,0.0,0.06,0.0,0.0,0.0,1.0,0.0,206.9,4,0.0,0.0,589376
2024-02-02 02:00:00,00000000270,20240202020000,0.038,0.001,0.06,0.0,0.0,0.0,1.0,2.63,157.89,4,0.0,0.0,589376
2024-02-02 03:00:00,00000000270,20240202030000,0.04,0.0,0.06,0.0,0.0,0.0,1.0,0.0,150.0,4,0.0,0.0,589376
2024-02-02 04:00:00,00000000270,20240202040000,0.037,0.0,0.06,0.0,0.0,0.0,1.0,0.0,162.16,4,0.0,0.0,589376
2024-02-02 05:00:00,00000000270,20240202050000,0.029,0.0,0.062,0.0,0.0,0.0,1.0,0.0,213.79,4,0.0,0.0,589376
2024-02-02 06:00:00,00000000270,20240202060000,0.043,0.0,0.06,0.0,0.0,0.0,1.0,0.0,139.53,4,0.0,0.0,589376
2024-02-02 07:00:00,00000000270,20240202070000,0.039,0.001,0.057,0.0,0.0,0.0,1.0,2.56,146.15,4,0.0,0.0,589376
2024-02-02 08:00:00,00000000270,20240202080000,0.023,0.0,0.061,0.0,0.0,0.0,1.0,0.0,265.22,4,0.0,0.0,589376
2024-02-02 09:00:00,00000000270,20240202090000,0.044,0.0,0.059,0.0,0.0,0.0,1.0,0.0,134.09,4,0.0,0.0,589376
2024-02-02 10:00:00,00000000270,20240202100000,0.04,0.0,0.057,0.0,0.0,0.0,1.0,0.0,142.5,4,0.0,0.0,589376
2024-02-02 11:00:00,00000000270,20240202110000,0.019,0.0,0.056,0.0,0.0,0.0,1.0,0.0,294.74,4,0.0,0.0,589376
2024-02-02 12:00:00,00000000270,20240202120000,0.044,0.0,0.058,0.0,0.0,0.0,1.0,0.0,131.82,4,0.0,0.0,589376
2024-02-02 13:00:00,00000000270,20240202130000,0.047,0.001,0.059,0.0,0.0,0.0,1.0,2.13,125.53,4,0.0,0.0,589376
2024-02-02 14:00:00,00000000270,20240202140000,0.117,0.0,0.056,0.0,0.0,0.0,1.0,0.0,47.86,4,0.0,0.0,589376
2024-02-02 15:00:00,00000000270,20240202150000,0.043,0.0,0.058,0.0,0.0,0.0,1.0,0.0,134.88,4,0.0,0.0,589376
2024-02-02 16:00:00,00000000270,20240202160000,0.05,0.0,0.058,0.0,0.0,0.0,1.0,0.0,116.0,4,0.0,0.0,589376
2024-02-02 17:00:00,00000000270,20240202170000,0.042,0.0,0.059,0.0,0.0,0.0,1.0,0.0,140.48,4,0.0,0.0,589376
2024-02-02 18:00:00,00000000270,20240202180000,0.027,0.0,0.058,0.0,0.0,0.0,1.0,0.0,214.81,4,0.0,0.0,589376
2024-02-02 19:00:00,00000000270,20240202190000,0.033,0.001,0.055,0.0,0.0,0.0,1.0,3.03,166.67,4,0.0,0.0,589376
2024-02-02 20:00:00,00000000270,20240202200000,0.043,0.0,0.056,0.0,0.0,0.0,1.0,0.0,130.23,4,0.0,0.0,589376
2024-02-02 21:00:00,00000000270,20240202210000,0.04,0.0,0.056,0.0,0.0,0.0,1.0,0.0,140.0,4,0.0,0.0,589376
2024-02-02 22:00:00,00000000270,20240202220000,0.026,0.0,0.059,0.0,0.0,0.0,1.0,0.0,226.92,4,0.0,0.0,589376
2024-02-02 23:00:00,00000000270,20240202230000,0.038,0.0,0.057,0.0,0.0,0.0,1.0,0.0,150.0,4,0.0,0.0,589376
2024-02-03 00:00:00,00000000270,20240203000000,0.044,0.0,0.058,0.0,0.0,0.0,1.0,0.0,131.82,4,0.0,0.0,589376
2024-02-03 01:00:00,00000000270,20240203010000,0.024,0.001,0.062,0.0,0.0,0.0,1.0,4.17,258.33,4,0.0,0.0,589376
2024-02-03 02:00:00,00000000270,20240203020000,0.044,0.0,0.061,0.0,0.0,0.0,1.0,0.0,138.64,4,0.0,0.0,589376
2024-02-03 03:00:00,00000000270,20240203030000,0.039,0.0,0.059,0.0,0.0,0.0,1.0,0.0,151.28,4,0.0,0.0,589376
2024-02-03 04:00:00,00000000270,20240203040000,0.024,0.0,0.063,0.0,0.0,0.0,1.0,0.0,262.5,4,0.0,0.0,589376
2024-02-03 05:00:00,00000000270,20240203050000,0.046,0.0,0.062,0.0,0.0,0.0,1.0,0.0,134.78,4,0.0,0.0,589376
2024-02-03 06:00:00,00000000270,20240203060000,0.044,0.001,0.061,0.0,0.0,0.0,1.0,2.27,138.64,4,0.0,0.0,589376
2024-02-03 07:00:00,00000000270,20240203070000,0.019,0.0,0.061,0.0,0.0,0.0,1.0,0.0,321.05,4,0.0,0.0,589376
2024-02-03 08:00:00,00000000270,20240203080000,0.042,0.0,0.061,0.0,0.0,0.0,1.0,0.0,145.24,4,0.0,0.0,589376
2024-02-03 09:00:00,00000000270,20240203090000,0.046,0.0,0.06,0.0,0.0,0.0,1.0,0.0,130.43,4,0.0,0.0,589376
2024-02-03 10:00:00,00000000270,20240203100000,0.033,0.0,0.059,0.0,0.0,0.0,1.0,0.0,178.79,4,0.0,0.0,589376
2024-02-03 11:00:00,00000000270,20240203110000,0.03,0.0,0.059,0.0,0.0,0.0,1.0,0.0,196.67,4,0.0,0.0,589376
2024-02-03 12:00:00,00000000270,20240203120000,0.042,0.001,0.057,0.0,0.0,0.0,1.0,2.38,135.71,4,0.0,0.0,589376
2024-02-03 13:00:00,00000000270,20240203130000,0.042,0.0,0.06,0.0,0.0,0.0,1.0,0.0,142.86,4,0.0,0.0,589376
2024-02-03 14:00:00,00000000270,20240203140000,0.023,0.0,0.061,0.0,0.0,0.0,1.0,0.0,265.22,4,0.0,0.0,589376
2024-02-03 15:00:00,00000000270,20240203150000,0.118,0.0,0.059,0.0,0.0,0.0,1.0,0.0,50.0,4,0.0,0.0,589376
2024-02-03 16:00:00,00000000270,20240203160000,0.074,0.0,0.056,0.0,0.0,0.0,1.0,0.0,75.68,4,0.0,0.0,589376
2024-02-03 17:00:00,00000000270,20240203170000,0.043,0.001,0.058,0.0,0.0,0.0,1.0,2.33,134.88,4,0.0,0.0,589376
2024-02-03 18:00:00,00000000270,20240203180000,0.028,0.0,0.057,0.0,0.0,0.0,1.0,0.0,203.57,4,0.0,0.0,589376
2024-02-03 19:00:00,00000000270,20240203190000,0.04,0.0,0.053,0.0,0.0,0.0,1.0,0.0,132.5,4,0.0,0.0,589376
2024-02-03 20:00:00,00000000270,20240203200000,0.041,0.0,0.054,0.0,0.0,0.0,1.0,0.0,131.71,4,0.0,0.0,589376
2024-02-03 21:00:00,00000000270,20240203210000,0.037,0.0,0.056,0.0,0.0,0.0,1.0,0.0,151.35,4,0.0,0.0,589376
2024-02-03 22:00:00,00000000270,20240203220000,0.027,0.0,0.058,0.0,0.0,0.0,1.0,0.0,214.81,4,0.0,0.0,589376
2024-02-03 23:00:00,00000000270,20240203230000,0.045,0.001,0.057,0.0,0.0,0.0,1.0,2.22,126.67,4,0.0,0.0,589376
2024-02-04 00:00:00,00000000270,20240204000000,0.042,0.0,0.059,0.0,0.0,0.0,1.0,0.0,140.48,4,0.0,0.0,589376
2024-02-04 01:00:00,00000000270,20240204010000,0.025,0.0,0.062,0.0,0.0,0.0,1.0,0.0,248.0,4,0.0,0.0,589376
2024-02-04 02:00:00,00000000270,20240204020000,0.044,0.0,0.059,0.0,0.0,0.0,1.0,0.0,134.09,4,0.0,0.0,589376
2024-02-04 03:00:00,00000000270,20240204030000,0.04,0.001,0.061,0.0,0.0,0.0,1.0,2.5,152.5,4,0.0,0.0,589376
2024-02-04 04:00:00,00000000270,20240204040000,0.041,0.0,0.061,0.0,0.0,0.0,1.0,0.0,148.78,4,0.0,0.0,589376
2024-02-04 05:00:00,00000000270,20240204050000,0.023,0.0,0.063,0.0,0.0,0.0,1.0,0.0,273.91,4,0.0,0.0,589376
2024-02-04 06:00:00,00000000270,20240204060000,0.045,0.0,0.061,0.0,0.0,0.0,1.0,0.0,135.56,4,0.0,0.0,589376
2024-02-04 07:00:00,00000000270,20240204070000,0.043,0.0,0.061,0.0,0.0,0.0,1.0,0.0,141.86,4,0.0,0.0,589376
2024-02-04 08:00:00,00000000270,20240204080000,0.033,0.0,0.062,0.0,0.0,0.0,1.0,0.0,187.88,4,0.0,0.0,589376
2024-02-04 09:00:00,00000000270,20240204090000,0.037,0.001,0.061,0.0,0.0,0.0,1.0,2.7,164.86,4,0.0,0.0,589376
2024-02-04 10:00:00,00000000270,20240204100000,0.042,0.0,0.06,0.0,0.0,0.0,1.0,0.0,142.86,4,0.0,0.0,589376
2024-02-04 11:00:00,00000000270,20240204110000,0.043,0.0,0.06,0.0,0.0,0.0,1.0,0.0,139.53,4,0.0,0.0,589376
2024-02-04 12:00:00,00000000270,20240204120000,0.024,0.0,0.062,0.0,0.0,0.0,1.0,0.0,258.33,4,0.0,0.0,589376
2024-02-04 13:00:00,00000000270,20240204130000,0.042,0.0,0.06,0.0,0.0,0.0,1.0,0.0,142.86,4,0.0,0.0,589376
2024-02-04 14:00:00,00000000270,20240204140000,0.046,0.001,0.06,0.0,0.0,0.0,1.0,2.17,130.43,4,0.0,0.0,589376
2024-02-04 15:00:00,00000000270,20240204150000,0.023,0.0,0.063,0.0,0.0,0.0,1.0,0.0,273.91,4,0.0,0.0,589376
2024-02-04 16:00:00,00000000270,20240204160000,0.044,0.0,0.06,0.0,0.0,0.0,1.0,0.0,136.36,4,0.0,0.0,589376
2024-02-04 17:00:00,00000000270,20240204170000,0.12,0.0,0.06,0.0,0.0,0.0,1.0,0.0,50.0,4,0.0,0.0,589376
2024-02-04 18:00:00,00000000270,20240204180000,0.051,0.0,0.057,0.0,0.0,0.0,1.0,0.0,111.76,4,0.0,0.0,589376
2024-02-04 19:00:00,00000000270,20240204190000,0.052,0.0,0.055,0.0,0.0,0.0,1.0,0.0,105.77,4,0.0,0.0,589376
2024-02-04 20:00:00,00000000270,20240204200000,0.041,0.001,0.056,0.0,0.0,0.0,1.0,2.44,136.59,4,0.0,0.0,589376
2024-02-04 21:00:00,00000000270,20240204210000,0.028,0.0,0.058,0.0,0.0,0.0,1.0,0.0,207.14,4,0.0,0.0,589376
2024-02-04 22:00:00,00000000270,20240204220000,0.037,0.0,0.058,0.0,0.0,0.0,1.0,0.0,156.76,4,0.0,0.0,589376
2024-02-04 23:00:00,00000000270,20240204230000,0.044,0.0,0.058,0.0,0.0,0.0,1.0,0.0,131.82,4,0.0,0.0,589376
2024-02-05 00:00:00,00000000270,20240205000000,0.043,0.0,0.059,0.0,0.0,0.0,1.0,0.0,137.21,4,0.0,0.0,589376
2024-02-05 01:00:00,00000000270,20240205010000,0.027,0.001,0.062,0.0,0.0,0.0,1.0,3.7,229.63,4,0.0,0.0,589376
2024-02-05 02:00:00,00000000270,20240205020000,0.042,0.0,0.061,0.0,0.0,0.0,1.0,0.0,145.24,4,0.0,0.0,589376
2024-02-05 03:00:00,00000000270,20240205030000,0.044,0.0,0.061,0.0,0.0,0.0,1.0,0.0,138.64,4,0.0,0.0,589376
2024-02-05 04:00:00,00000000270,20240205040000,0.042,0.0,0.061,0.0,0.0,0.0,1.0,0.0,145.24,4,0.0,0.0,589376
2024-02-05 05:00:00,00000000270,20240205050000,0.027,0.0,0.063,0.0,0.0,0.0,1.0,0.0,233.33,4,0.0,0.0,589376
2024-02-05 06:00:00,00000000270,20240205060000,0.042,0.001,0.061,0.0,0.0,0.0,1.0,2.38,145.24,4,0.0,0.0,589376
2024-02-05 07:00:00,00000000270,20240205070000,0.046,0.0,0.059,0.0,0.0,0.0,1.0,0.0,128.26,4,0.0,0.0,589376
2024-02-05 08:00:00,00000000270,20240205080000,0.031,0.0,0.061,0.0,0.0,0.0,1.0,0.0,196.77,4,0.0,0.0,589376
2024-02-05 09:00:00,00000000270,20240205090000,0.034,0.0,0.06,0.0,0.0,0.0,1.0,0.0,176.47,4,0.0,0.0,589376
2024-02-05 10:00:00,00000000270,20240205100000,0.044,0.0,0.059,0.0,0.0,0.0,1.0,0.0,134.09,4,0.0,0.0,589376
2024-02-05 11:00:00,00000000270,20240205110000,0.041,0.001,0.06,0.0,0.0,0.0,1.0,2.44,146.34,4,0.0,0.0,589376
2024-02-05 12:00:00,00000000270,20240205120000,0.028,0.0,0.061,0.0,0.0,0.0,1.0,0.0,217.86,4,0.0,0.0,589376
2024-02-05 13:00:00,00000000270,20240205130000,0.047,0.0,0.061,0.0,0.0,0.0,1.0,0.0,129.79,4,0.0,0.0,589376
2024-02-05 14:00:00,00000000270,20240205140000,0.047,0.0,0.061,0.0,0.0,0.0,1.0,0.0,129.79,4,0.0,0.0,589376
2024-02-05 15:00:00,00000000270,20240205150000,0.043,0.001,0.062,0.0,0.0,0.0,1.0,2.33,144.19,4,0.0,0.0,589376
2024-02-05 16:00:00,00000000270,20240205160000,0.027,0.0,0.062,0.0,0.0,0.0,1.0,0.0,229.63,4,0.0,0.0,589376
2024-02-05 17:00:00,00000000270,20240205170000,0.044,0.0,0.061,0.0,0.0,0.0,1.0,0.0,138.64,4,0.0,0.0,589376
2024-02-05 18:00:00,00000000270,20240205180000,0.077,0.0,0.06,0.0,0.0,0.0,1.0,0.0,77.92,4,0.0,0.0,589376
2024-02-05 19:00:00,00000000270,20240205190000,0.092,0.001,0.053,0.0,0.0,0.0,1.0,1.09,57.61,4,0.0,0.0,589376
2024-02-05 20:00:00,00000000270,20240205200000,0.037,0.0,0.058,0.0,0.0,0.0,1.0,0.0,156.76,4,0.0,0.0,589376
2024-02-05 21:00:00,00000000270,20240205210000,0.031,0.0,0.059,0.0,0.0,0.0,1.0,0.0,190.32,4,0.0,0.0,589376
2024-02-05 22:00:00,00000000270,20240205220000,0.05,0.0,0.059,0.0,0.0,0.0,1.0,0.0,118.0,4,0.0,0.0,589376
2024-02-05 23:00:00,00000000270,20240205230000,0.044,0.0,0.059,0.0,0.0,0.0,1.0,0.0,134.09,4,0.0,0.0,589376
2024-02-06 00:00:00,00000000270,20240206000000,0.03,0.001,0.061,0.0,0.0,0.0,1.0,3.33,203.33,4,0.0,0.0,589376
2024-02-06 01:00:00,00000000270,20240206010000,0.037,0.0,0.061,0.0,0.0,0.0,1.0,0.0,164.86,4,0.0,0.0,589376
2024-02-06 02:00:00,00000000270,20240206020000,0.043,0.0,0.061,0.0,0.0,0.0,1.0,0.0,141.86,4,0.0,0.0,589376
2024-02-06 03:00:00,00000000270,20240206030000,0.049,0.0,0.061,0.0,0.0,0.0,1.0,0.0,124.49,4,0.0,0.0,589376
2024-02-06 04:00:00,00000000270,20240206040000,0.026,0.001,0.065,0.0,0.0,0.0,1.0,3.85,250.0,4,0.0,0.0,589376
2024-02-06 05:00:00,00000000270,20240206050000,0.044,0.0,0.062,0.0,0.0,0.0,1.0,0.0,140.91,4,0.0,0.0,589376
2024-02-06 06:00:00,00000000270,20240206060000,0.053,0.0,0.059,0.0,0.0,0.0,1.0,0.0,111.32,4,0.0,0.0,589376
2024-02-06 07:00:00,00000000270,20240206070000,0.027,0.001,0.061,0.0,0.0,0.0,1.0,3.7,225.93,4,0.0,0.0,589376
2024-02-06 08:00:00,00000000270,20240206080000,0.041,0.0,0.062,0.0,0.0,0.0,1.0,0.0,151.22,4,0.0,0.0,589376
2024-02-06 09:00:00,00000000270,20240206090000,0.056,0.0,0.059,0.0,0.0,0.0,1.0,0.0,105.36,4,0.0,0.0,589376
2024-02-06 10:00:00,00000000270,20240206100000,0.029,0.001,0.062,0.0,0.0,0.0,1.0,3.45,213.79,4,0.0,0.0,589376
2024-02-06 11:00:00,00000000270,20240206110000,0.035,0.0,0.061,0.0,0.0,0.0,1.0,0.0,174.29,4,0.0,0.0,589376
2024-02-06 12:00:00,00000000270,20240206120000,0.047,0.0,0.06,0.0,0.0,0.0,1.0,0.0,127.66,4,0.0,0.0,589376
2024-02-06 13:00:00,00000000270,20240206130000,0.049,0.001,0.061,0.0,0.0,0.0,1.0,2.04,124.49,4,0.0,0.0,589376
2024-02-06 14:00:00,00000000270,20240206140000,0.032,0.0,0.062,0.0,0.0,0.0,1.0,0.0,193.75,4,0.0,0.0,589376
2024-02-06 15:00:00,00000000270,20240206150000,0.036,0.0,0.062,0.0,0.0,0.0,1.0,0.0,172.22,4,0.0,0.0,589376
2024-02-06 16:00:00,00000000270,20240206160000,0.05,0.0,0.061,0.0,0.0,0.0,1.0,0.0,122.0,4,0.0,0.0,589376
2024-02-06 17:00:00,00000000270,20240206170000,0.047,0.001,0.06,0.0,0.0,0.0,1.0,2.13,127.66,4,0.0,0.0,589376
2024-02-06 18:00:00,00000000270,20240206180000,0.043,0.0,0.06,0.0,0.0,0.0,1.0,0.0,139.53,4,0.0,0.0,589376
2024-02-06 19:00:00,00000000270,20240206190000,0.03,0.001,0.059,0.0,0.0,0.0,1.0,3.33,196.67,4,0.0,0.0,589376
2024-02-06 20:00:00,00000000270,20240206200000,0.122,0.0,0.057,0.0,0.0,0.0,1.0,0.0,46.72,4,0.0,0.0,589376
2024-02-06 21:00:00,00000000270,20240206210000,0.073,0.0,0.055,0.0,0.0,0.0,1.0,0.0,75.34,4,0.0,0.0,589376
2024-02-06 22:00:00,00000000270,20240206220000,0.052,0.0,0.059,0.0,0.0,0.0,1.0,0.0,113.46,4,0.0,0.0,589376
2024-02-06 23:00:00,00000000270,20240206230000,0.041,0.001,0.058,0.0,0.0,0.0,1.0,2.44,141.46,4,0.0,0.0,589376
2024-02-07 00:00:00,00000000270,20240207000000,0.03,0.0,0.062,0.0,0.0,0.0,1.0,0.0,206.67,4,0.0,0.0,589376
2024-02-07 01:00:00,00000000270,20240207010000,0.05,0.0,0.061,0.0,0.0,0.0,1.0,0.0,122.0,4,0.0,0.0,589376
2024-02-07 02:00:00,00000000270,20240207020000,0.047,0.001,0.06,0.0,0.0,0.0,1.0,2.13,127.66,4,0.0,0.0,589376
2024-02-07 03:00:00,00000000270,20240207030000,0.049,0.0,0.062,0.0,0.0,0.0,1.0,0.0,126.53,4,0.0,0.0,589376
2024-02-07 04:00:00,00000000270,20240207040000,0.026,0.001,0.064,0.0,0.0,0.0,1.0,3.85,246.15,4,0.0,0.0,589376
2024-02-07 05:00:00,00000000270,20240207050000,0.05,0.001,0.061,0.0,0.0,0.0,1.0,2.0,122.0,4,0.0,0.0,589376
2024-02-07 06:00:00,00000000270,20240207060000,0.047,0.0,0.06,0.0,0.0,0.0,1.0,0.0,127.66,4,0.0,0.0,589376
2024-02-07 07:00:00,00000000270,20240207070000,0.05,0.001,0.06,0.0,0.0,0.0,1.0,2.0,120.0,4,0.0,0.0,589376
2024-02-07 08:00:00,00000000270,20240207080000,0.023,0.0,0.062,0.0,0.0,0.0,1.0,0.0,269.57,4,0.0,0.0,589376
2024-02-07 09:00:00,00000000270,20240207090000,0.051,0.001,0.06,0.0,0.0,0.0,1.0,1.96,117.65,4,0.0,0.0,589376
2024-02-07 10:00:00,00000000270,20240207100000,0.049,0.0,0.059,0.0,0.0,0.0,1.0,0.0,120.41,4,0.0,0.0,589376
2024-02-07 11:00:00,00000000270,20240207110000,0.047,0.001,0.059,0.0,0.0,0.0,1.0,2.13,125.53,4,0.0,0.0,589376
2024-02-07 12:00:00,00000000270,20240207120000,0.027,0.001,0.062,0.0,0.0,0.0,1.0,3.7,229.63,4,0.0,0.0,589376
2024-02-07 13:00:00,00000000270,20240207130000,0.05,0.0,0.058,0.0,0.0,0.0,1.0,0.0,116.0,4,0.0,0.0,589376
2024-02-07 14:00:00,00000000270,20240207140000,0.05,0.001,0.059,0.0,0.0,0.0,1.0,2.0,118.0,4,0.0,0.0,589376
2024-02-07 15:00:00,00000000270,20240207150000,0.05,0.001,0.059,0.0,0.0,0.0,1.0,2.0,118.0,4,0.0,0.0,589376
2024-02-07 16:00:00,00000000270,20240207160000,0.031,0.0,0.061,0.0,0.0,0.0,1.0,0.0,196.77,4,0.0,0.0,589376
2024-02-07 17:00:00,00000000270,20240207170000,0.045,0.001,0.059,0.0,0.0,0.0,1.0,2.22,131.11,4,0.0,0.0,589376
2024-02-07 18:00:00,00000000270,20240207180000,0.047,0.0,0.056,0.0,0.0,0.0,1.0,0.0,119.15,4,0.0,0.0,589376
2024-02-07 19:00:00,00000000270,20240207190000,0.051,0.001,0.057,0.0,0.0,0.0,1.0,1.96,111.76,4,0.0,0.0,589376
2024-02-07 20:00:00,00000000270,20240207200000,0.04,0.0,0.057,0.0,0.0,0.0,1.0,0.0,142.5,4,0.0,0.0,589376
2024-02-07 21:00:00,00000000270,20240207210000,0.031,0.0,0.058,0.0,0.0,0.0,1.0,0.0,187.1,4,0.0,0.0,589376
2024-02-07 22:00:00,00000000270,20240207220000,0.133,0.001,0.054,0.0,0.0,0.0,1.0,0.75,40.6,4,0.0,0.0,589376
2024-02-07 23:00:00,00000000270,20240207230000,0.047,0.0,0.058,0.0,0.0,0.0,1.0,0.0,123.4,4,0.0,0.0,589376
2024-02-08 00:00:00,00000000270,20240208000000,0.05,0.0,0.058,0.0,0.0,0.0,1.0,0.0,116.0,4,0.0,0.0,589376
2024-02-08 01:00:00,00000000270,20240208010000,0.049,0.0,0.06,0.0,0.0,0.0,1.0,0.0,122.45,4,0.0,0.0,589376
2024-02-08 02:00:00,00000000270,20240208020000,0.048,0.001,0.059,0.0,0.0,0.0,1.0,2.08,122.92,4,0.0,0.0,589376
2024-02-08 03:00:00,00000000270,20240208030000,0.051,0.001,0.06,0.0,0.0,0.0,1.0,1.96,117.65,4,0.0,0.0,589376
2024-02-08 04:00:00,00000000270,20240208040000,0.035,0.0,0.061,0.0,0.0,0.0,1.0,0.0,174.29,4,0.0,0.0,589376
2024-02-08 05:00:00,00000000270,20240208050000,0.04,0.001,0.06,0.0,0.0,0.0,1.0,2.5,150.0,4,0.0,0.0,589376
2024-02-08 06:00:00,00000000270,20240208060000,0.051,0.001,0.059,0.0,0.0,0.0,1.0,1.96,115.69,4,0.0,0.0,589376
2024-02-08 07:00:00,00000000270,20240208070000,0.051,0.001,0.059,0.0,0.0,0.0,1.0,1.96,115.69,4,0.0,0.0,589376
2024-02-08 08:00:00,00000000270,20240208080000,0.016,0.0,0.04,0.0,0.0,0.0,1.0,0.0,250.0,4,0.0,0.0,589376
2024-02-08 09:00:00,00000000270,20240208090000,0.022,0.0,0.026,0.0,0.0,0.0,1.0,0.0,118.18,4,0.0,0.0,589376
2024-02-08 10:00:00,00000000270,20240208100000,0.066,0.007,0.048,0.0,0.0,0.0,1.0,10.61,72.73,4,0.0,0.0,589376
2024-02-08 11:00:00,00000000270,20240208110000,0.059,0.007,0.057,0.0,0.0,0.0,1.0,11.86,96.61,4,0.0,0.0,589376
2024-02-08 12:00:00,00000000270,20240208120000,0.043,0.0,0.06,0.0,0.0,0.0,1.0,0.0,139.53,4,0.0,0.0,589376
2024-02-08 13:00:00,00000000270,20240208130000,0.041,0.001,0.06,0.0,0.0,0.0,1.0,2.44,146.34,4,0.0,0.0,589376
2024-02-08 14:00:00,00000000270,20240208140000,0.051,0.001,0.059,0.0,0.0,0.0,1.0,1.96,115.69,4,0.0,0.0,589376
2024-02-08 15:00:00,00000000270,20240208150000,0.052,0.0,0.059,0.0,0.0,0.0,1.0,0.0,113.46,4,0.0,0.0,589376
2024-02-08 16:00:00,00000000270,20240208160000,0.25,0.001,0.059,0.0,0.0,0.0,1.0,0.4,23.6,4,0.0,0.0,589376
2024-02-08 17:00:00,00000000270,20240208170000,0.057,0.001,0.059,0.0,0.0,0.0,1.0,1.75,103.51,4,0.0,0.0,589376
2024-02-08 18:00:00,00000000270,20240208180000,0.036,0.001,0.059,0.0,0.0,0.0,1.0,2.78,163.89,4,0.0,0.0,589376
2024-02-08 19:00:00,00000000270,20240208190000,0.132,0.0,0.054,0.0,0.0,0.0,1.0,0.0,40.91,4,0.0,0.0,589376
2024-02-08 20:00:00,00000000270,20240208200000,0.078,0.001,0.058,0.0,0.0,0.0,1.0,1.28,74.36,4,0.0,0.0,589376
2024-02-08 21:00:00,00000000270,20240208210000,1.45,0.0,0.074,0.0,0.0,0.0,1.0,0.0,5.1,4,0.0,0.0,589376
2024-02-08 22:00:00,00000000270,20240208220000,0.059,0.001,0.057,0.0,0.0,0.0,1.0,1.69,96.61,4,0.0,0.0,589376
2024-02-08 23:00:00,00000000270,20240208230000,0.051,0.0,0.057,0.0,0.0,0.0,1.0,0.0,111.76,4,0.0,0.0,589376
2024-02-09 00:00:00,00000000270,20240209000000,0.038,0.0,0.059,0.0,0.0,0.0,1.0,0.0,155.26,4,0.0,0.0,589376
2024-02-09 01:00:00,00000000270,20240209010000,0.037,0.001,0.059,0.0,0.0,0.0,1.0,2.7,159.46,4,0.0,0.0,589376
2024-02-09 02:00:00,00000000270,20240209020000,0.052,0.0,0.059,0.0,0.0,0.0,1.0,0.0,113.46,4,0.0,0.0,589376
2024-02-09 03:00:00,00000000270,20240209030000,0.049,0.001,0.059,0.0,0.0,0.0,1.0,2.04,120.41,4,0.0,0.0,589376
2024-02-09 04:00:00,00000000270,20240209040000,0.049,0.001,0.058,0.0,0.0,0.0,1.0,2.04,118.37,4,0.0,0.0,589376
2024-02-09 05:00:00,00000000270,20240209050000,0.051,0.001,0.059,0.0,0.0,0.0,1.0,1.96,115.69,4,0.0,0.0,589376
2024-02-09 06:00:00,00000000270,20240209060000,0.037,0.0,0.058,0.0,0.0,0.0,1.0,0.0,156.76,4,0.0,0.0,589376
2024-02-09 07:00:00,00000000270,20240209070000,0.046,0.001,0.057,0.0,0.0,0.0,1.0,2.17,123.91,4,0.0,0.0,589376
2024-02-09 08:00:00,00000000270,20240209080000,0.058,0.001,0.056,0.0,0.0,0.0,1.0,1.72,96.55,4,0.0,0.0,589376
2024-02-09 09:00:00,00000000270,20240209090000,0.051,0.001,0.058,0.0,0.0,0.0,1.0,1.96,113.73,4,0.0,0.0,589376
2024-02-09 10:00:00,00000000270,20240209100000,0.053,0.0,0.056,0.0,0.0,0.0,1.0,0.0,105.66,4,0.0,0.0,589376
2024-02-09 11:00:00,00000000270,20240209110000,0.048,0.001,0.056,0.0,0.0,0.0,1.0,2.08,116.67,4,0.0,0.0,589376
2024-02-09 12:00:00,00000000270,20240209120000,0.044,0.001,0.06,0.0,0.0,0.0,1.0,2.27,136.36,4,0.0,0.0,589376
2024-02-09 13:00:00,00000000270,20240209130000,0.053,0.001,0.06,0.0,0.0,0.0,1.0,1.89,113.21,4,0.0,0.0,589376
2024-02-09 14:00:00,00000000270,20240209140000,0.057,0.0,0.057,0.0,0.0,0.0,1.0,0.0,100.0,4,0.0,0.0,589376
2024-02-09 15:00:00,00000000270,20240209150000,0.129,0.001,0.059,0.0,0.0,0.0,1.0,0.78,45.74,4,0.0,0.0,589376
2024-02-09 16:00:00,00000000270,20240209160000,0.082,0.001,0.055,0.0,0.0,0.0,1.0,1.22,67.07,4,0.0,0.0,589376
2024-02-09 17:00:00,00000000270,20240209170000,0.053,0.0,0.059,0.0,0.0,0.0,1.0,0.0,111.32,4,0.0,0.0,589376
2024-02-09 18:00:00,00000000270,20240209180000,0.053,0.001,0.06,0.0,0.0,0.0,1.0,1.89,113.21,4,0.0,0.0,589376
2024-02-09 19:00:00,00000000270,20240209190000,0.065,0.001,0.058,0.0,0.0,0.0,1.0,1.54,89.23,4,0.0,0.0,589376
2024-02-09 20:00:00,00000000270,20240209200000,0.044,0.001,0.058,0.0,0.0,0.0,1.0,2.27,131.82,4,0.0,0.0,589376
2024-02-09 21:00:00,00000000270,20240209210000,0.492,0.0,0.06,0.0,0.0,0.0,1.0,0.0,12.2,4,0.0,0.0,589376
2024-02-09 22:00:00,00000000270,20240209220000,1.963,0.001,0.079,0.0,0.0,0.0,1.0,0.05,4.02,4,0.0,0.0,589376
2024-02-09 23:00:00,00000000270,20240209230000,0.605,0.0,0.065,0.0,0.0,0.0,1.0,0.0,10.74,4,0.0,0.0,589376
2024-02-10 00:00:00,00000000270,20240210000000,0.051,0.001,0.058,0.0,0.0,0.0,1.0,1.96,113.73,4,0.0,0.0,589376
2024-02-10 01:00:00,00000000270,20240210010000,0.052,0.001,0.059,0.0,0.0,0.0,1.0,1.92,113.46,4,0.0,0.0,589376
2024-02-10 02:00:00,00000000270,20240210020000,0.048,0.0,0.059,0.0,0.0,0.0,1.0,0.0,122.92,4,0.0,0.0,589376
2024-02-10 03:00:00,00000000270,20240210030000,0.037,0.001,0.062,0.0,0.0,0.0,1.0,2.7,167.57,4,0.0,0.0,589376
2024-02-10 04:00:00,00000000270,20240210040000,0.044,0.001,0.062,0.0,0.0,0.0,1.0,2.27,140.91,4,0.0,0.0,589376
2024-02-10 05:00:00,00000000270,20240210050000,0.052,0.001,0.06,0.0,0.0,0.0,1.0,1.92,115.38,4,0.0,0.0,589376
2024-02-10 06:00:00,00000000270,20240210060000,0.05,0.0,0.059,0.0,0.0,0.0,1.0,0.0,118.0,4,0.0,0.0,589376
2024-02-10 07:00:00,00000000270,20240210070000,0.051,0.001,0.059,0.0,0.0,0.0,1.0,1.96,115.69,4,0.0,0.0,589376
2024-02-10 08:00:00,00000000270,20240210080000,0.053,0.001,0.059,0.0,0.0,0.0,1.0,1.89,111.32,4,0.0,0.0,589376
2024-02-10 09:00:00,00000000270,20240210090000,0.047,0.001,0.06,0.0,0.0,0.0,1.0,2.13,127.66,4,0.0,0.0,589376
2024-02-10 10:00:00,00000000270,20240210100000,0.142,0.0,0.056,0.0,0.0,0.0,1.0,0.0,39.44,4,0.0,0.0,589376
2024-02-10 11:00:00,00000000270,20240210110000,0.067,0.001,0.056,0.0,0.0,0.0,1.0,1.49,83.58,4,0.0,0.0,589376
2024-02-10 12:00:00,00000000270,20240210120000,0.053,0.001,0.057,0.0,0.0,0.0,1.0,1.89,107.55,4,0.0,0.0,589376
2024-02-10 13:00:00,00000000270,20240210130000,0.062,0.0,0.057,0.0,0.0,0.0,1.0,0.0,91.94,4,0.0,0.0,589376
2024-02-10 14:00:00,00000000270,20240210140000,0.055,0.001,0.058,0.0,0.0,0.0,1.0,1.82,105.45,4,0.0,0.0,589376
2024-02-10 15:00:00,00000000270,20240210150000,0.053,0.001,0.058,0.0,0.0,0.0,1.0,1.89,109.43,4,0.0,0.0,589376
2024-02-10 16:00:00,00000000270,20240210160000,0.049,0.001,0.058,0.0,0.0,0.0,1.0,2.04,118.37,4,0.0,0.0,589376
2024-02-10 17:00:00,00000000270,20240210170000,0.104,0.0,0.058,0.0,0.0,0.0,1.0,0.0,55.77,4,0.0,0.0,589376
2024-02-10 18:00:00,00000000270,20240210180000,0.489,0.001,0.058,0.0,0.0,0.0,1.0,0.2,11.86,4,0.0,0.0,589376
2024-02-10 19:00:00,00000000270,20240210190000,0.052,0.0,0.057,0.0,0.0,0.0,1.0,0.0,109.62,4,0.0,0.0,589376
2024-02-10 20:00:00,00000000270,20240210200000,0.049,0.001,0.057,0.0,0.0,0.0,1.0,2.04,116.33,4,0.0,0.0,589376
2024-02-10 21:00:00,00000000270,20240210210000,0.053,0.0,0.058,0.0,0.0,0.0,1.0,0.0,109.43,4,0.0,0.0,589376
2024-02-10 22:00:00,00000000270,20240210220000,0.051,0.001,0.06,0.0,0.0,0.0,1.0,1.96,117.65,4,0.0,0.0,589376
2024-02-10 23:00:00,00000000270,20240210230000,0.226,0.001,0.062,0.0,0.0,0.0,1.0,0.44,27.43,4,0.0,0.0,589376
2024-02-11 00:00:00,00000000270,20240211000000,0.039,0.001,0.061,0.0,0.0,0.0,1.0,2.56,156.41,4,0.0,0.0,589376
2024-02-11 01:00:00,00000000270,20240211010000,0.037,0.0,0.062,0.0,0.0,0.0,1.0,0.0,167.57,4,0.0,0.0,589376
2024-02-11 02:00:00,00000000270,20240211020000,0.053,0.001,0.062,0.0,0.0,0.0,1.0,1.89,116.98,4,0.0,0.0,589376
2024-02-11 03:00:00,00000000270,20240211030000,0.052,0.001,0.062,0.0,0.0,0.0,1.0,1.92,119.23,4,0.0,0.0,589376
2024-02-11 04:00:00,00000000270,20240211040000,0.082,0.0,0.061,0.0,0.0,0.0,1.0,0.0,74.39,4,0.0,0.0,589376
2024-02-11 05:00:00,00000000270,20240211050000,0.124,0.001,0.058,0.0,0.0,0.0,1.0,0.81,46.77,4,0.0,0.0,589376
2024-02-11 06:00:00,00000000270,20240211060000,0.052,0.001,0.062,0.0,0.0,0.0,1.0,1.92,119.23,4,0.0,0.0,589376
2024-02-11 07:00:00,00000000270,20240211070000,0.047,0.001,0.062,0.0,0.0,0.0,1.0,2.13,131.91,4,0.0,0.0,589376
2024-02-11 08:00:00,00000000270,20240211080000,0.052,0.0,0.064,0.0,0.0,0.0,1.0,0.0,123.08,4,0.0,0.0,589376
2024-02-11 09:00:00,00000000270,20240211090000,0.058,0.001,0.062,0.0,0.0,0.0,1.0,1.72,106.9,4,0.0,0.0,589376
2024-02-11 10:00:00,00000000270,20240211100000,0.053,0.001,0.061,0.0,0.0,0.0,1.0,1.89,115.09,4,0.0,0.0,589376
2024-02-11 11:00:00,00000000270,20240211110000,0.059,0.0,0.06,0.0,0.0,0.0,1.0,0.0,101.69,4,0.0,0.0,589376
2024-02-11 12:00:00,00000000270,20240211120000,0.052,0.001,0.06,0.0,0.0,0.0,1.0,1.92,115.38,4,0.0,0.0,589376
2024-02-11 13:00:00,00000000270,20240211130000,0.128,0.001,0.06,0.0,0.0,0.0,1.0,0.78,46.88,4,0.0,0.0,589376
2024-02-11 14:00:00,00000000270,20240211140000,0.297,0.001,0.059,0.0,0.0,0.0,1.0,0.34,19.87,4,0.0,0.0,589376
2024-02-11 15:00:00,00000000270,20240211150000,0.636,0.0,0.061,0.0,0.0,0.0,1.0,0.0,9.59,4,0.0,0.0,589376
2024-02-11 16:00:00,00000000270,20240211160000,0.104,0.001,0.062,0.0,0.0,0.0,1.0,0.96,59.62,4,0.0,0.0,589376
2024-02-11 17:00:00,00000000270,20240211170000,0.052,0.001,0.059,0.0,0.0,0.0,1.0,1.92,113.46,4,0.0,0.0,589376
2024-02-11 18:00:00,00000000270,20240211180000,0.051,0.0,0.058,0.0,0.0,0.0,1.0,0.0,113.73,4,0.0,0.0,589376
2024-02-11 19:00:00,00000000270,20240211190000,0.048,0.001,0.057,0.0,0.0,0.0,1.0,2.08,118.75,4,0.0,0.0,589376
2024-02-11 20:00:00,00000000270,20240211200000,0.052,0.001,0.057,0.0,0.0,0.0,1.0,1.92,109.62,4,0.0,0.0,589376
2024-02-11 21:00:00,00000000270,20240211210000,0.051,0.001,0.058,0.0,0.0,0.0,1.0,1.96,113.73,4,0.0,0.0,589376
2024-02-11 22:00:00,00000000270,20240211220000,0.038,0.0,0.062,0.0,0.0,0.0,1.0,0.0,163.16,4,0.0,0.0,589376
2024-02-11 23:00:00,00000000270,20240211230000,0.037,0.001,0.06,0.0,0.0,0.0,1.0,2.7,162.16,4,0.0,0.0,589376
2024-02-12 00:00:00,00000000270,20240212000000,0.133,0.001,0.059,0.0,0.0,0.0,1.0,0.75,44.36,4,0.0,0.0,589376
2024-02-12 01:00:00,00000000270,20240212010000,0.076,0.0,0.058,0.0,0.0,0.0,1.0,0.0,76.32,4,0.0,0.0,589376
2024-02-12 02:00:00,00000000270,20240212020000,0.055,0.001,0.061,0.0,0.0,0.0,1.0,1.82,110.91,4,0.0,0.0,589376
2024-02-12 03:00:00,00000000270,20240212030000,0.05,0.001,0.063,0.0,0.0,0.0,1.0,2.0,126.0,4,0.0,0.0,589376
2024-02-12 04:00:00,00000000270,20240212040000,0.052,0.001,0.063,0.0,0.0,0.0,1.0,1.92,121.15,4,0.0,0.0,589376
2024-02-12 05:00:00,00000000270,20240212050000,0.047,0.0,0.062,0.0,0.0,0.0,1.0,0.0,131.91,4,0.0,0.0,589376
2024-02-12 06:00:00,00000000270,20240212060000,0.04,0.001,0.063,0.0,0.0,0.0,1.0,2.5,157.5,4,0.0,0.0,589376
2024-02-12 07:00:00,00000000270,20240212070000,0.041,0.001,0.062,0.0,0.0,0.0,1.0,2.44,151.22,4,0.0,0.0,589376
2024-02-12 08:00:00,00000000270,20240212080000,0.049,0.0,0.06,0.0,0.0,0.0,1.0,0.0,122.45,4,0.0,0.0,589376
2024-02-12 09:00:00,00000000270,20240212090000,0.053,0.001,0.06,0.0,0.0,0.0,1.0,1.89,113.21,4,0.0,0.0,589376
2024-02-12 10:00:00,00000000270,20240212100000,0.052,0.001,0.061,0.0,0.0,0.0,1.0,1.92,117.31,4,0.0,0.0,589376
2024-02-12 11:00:00,00000000270,20240212110000,0.05,0.001,0.059,0.0,0.0,0.0,1.0,2.0,118.0,4,0.0,0.0,589376
2024-02-12 12:00:00,00000000270,20240212120000,0.039,0.001,0.062,0.0,0.0,0.0,1.0,2.56,158.97,4,0.0,0.0,589376
2024-02-12 13:00:00,00000000270,20240212130000,0.039,0.0,0.06,0.0,0.0,0.0,1.0,0.0,153.85,4,0.0,0.0,589376
2024-02-12 14:00:00,00000000270,20240212140000,0.05,0.001,0.059,0.0,0.0,0.0,1.0,2.0,118.0,4,0.0,0.0,589376
2024-02-12 15:00:00,00000000270,20240212150000,0.057,0.001,0.058,0.0,0.0,0.0,1.0,1.75,101.75,4,0.0,0.0,589376
2024-02-12 16:00:00,00000000270,20240212160000,0.589,0.0,0.058,0.0,0.0,0.0,1.0,0.0,9.85,4,0.0,0.0,589376
2024-02-12 17:00:00,00000000270,20240212170000,0.668,0.001,0.058,0.0,0.0,0.0,1.0,0.15,8.68,4,0.0,0.0,589376
2024-02-12 18:00:00,00000000270,20240212180000,0.903,0.001,0.059,0.0,0.0,0.0,1.0,0.11,6.53,4,0.0,0.0,589376
2024-02-12 19:00:00,00000000270,20240212190000,0.718,0.0,0.066,0.0,0.0,0.0,1.0,0.0,9.19,4,0.0,0.0,589376
2024-02-12 20:00:00,00000000270,20240212200000,0.73,0.001,0.065,0.0,0.0,0.0,1.0,0.14,8.9,4,0.0,0.0,589376
2024-02-12 21:00:00,00000000270,20240212210000,0.69,0.001,0.065,0.0,0.0,0.0,1.0,0.14,9.42,4,0.0,0.0,589376
2024-02-12 22:00:00,00000000270,20240212220000,0.672,0.001,0.066,0.0,0.0,0.0,1.0,0.15,9.82,4,0.0,0.0,589376
2024-02-12 23:00:00,00000000270,20240212230000,0.052,0.0,0.058,0.0,0.0,0.0,1.0,0.0,111.54,4,0.0,0.0,589376
2024-02-13 00:00:00,00000000270,20240213000000,0.051,0.001,0.059,0.0,0.0,0.0,1.0,1.96,115.69,4,0.0,0.0,589376
2024-02-13 01:00:00,00000000270,20240213010000,0.036,0.001,0.059,0.0,0.0,0.0,1.0,2.78,163.89,4,0.0,0.0,589376
2024-02-13 02:00:00,00000000270,20240213020000,0.04,0.0,0.062,0.0,0.0,0.0,1.0,0.0,155.0,4,0.0,0.0,589376
2024-02-13 03:00:00,00000000270,20240213030000,0.052,0.001,0.061,0.0,0.0,0.0,1.0,1.92,117.31,4,0.0,0.0,589376
2024-02-13 04:00:00,00000000270,20240213040000,0.051,0.001,0.06,0.0,0.0,0.0,1.0,1.96,117.65,4,0.0,0.0,589376
2024-02-13 05:00:00,00000000270,20240213050000,0.05,0.0,0.06,0.0,0.0,0.0,1.0,0.0,120.0,4,0.0,0.0,589376
2024-02-13 06:00:00,00000000270,20240213060000,0.051,0.001,0.061,0.0,0.0,0.0,1.0,1.96,119.61,4,0.0,0.0,589376
2024-02-13 07:00:00,00000000270,20240213070000,0.126,0.001,0.063,0.0,0.0,0.0,1.0,0.79,50.0,4,0.0,0.0,589376
2024-02-13 08:00:00,00000000270,20240213080000,0.484,0.001,0.068,0.0,0.0,0.0,1.0,0.21,14.05,4,0.0,0.0,589376
2024-02-13 09:00:00,00000000270,20240213090000,0.062,0.0,0.061,0.0,0.0,0.0,1.0,0.0,98.39,4,0.0,0.0,589376
2024-02-13 10:00:00,00000000270,20240213100000,0.051,0.001,0.059,0.0,0.0,0.0,1.0,1.96,115.69,4,0.0,0.0,589376
2024-02-13 11:00:00,00000000270,20240213110000,0.051,0.001,0.058,0.0,0.0,0.0,1.0,1.96,113.73,4,0.0,0.0,589376
2024-02-13 12:00:00,00000000270,20240213120000,0.488,0.001,0.058,0.0,0.0,0.0,1.0,0.2,11.89,4,0.0,0.0,589376
2024-02-13 13:00:00,00000000270,20240213130000,1.006,0.0,0.059,0.0,0.0,0.0,1.0,0.0,5.86,4,0.0,0.0,589376
2024-02-13 14:00:00,00000000270,20240213140000,0.196,0.001,0.058,0.0,0.0,0.0,1.0,0.51,29.59,4,0.0,0.0,589376
2024-02-13 15:00:00,00000000270,20240213150000,0.116,0.001,0.059,0.0,0.0,0.0,1.0,0.86,50.86,4,0.0,0.0,589376
2024-02-13 16:00:00,00000000270,20240213160000,0.092,0.001,0.056,0.0,0.0,0.0,1.0,1.09,60.87,4,0.0,0.0,589376
2024-02-13 17:00:00,00000000270,20240213170000,0.057,0.0,0.058,0.0,0.0,0.0,1.0,0.0,101.75,4,0.0,0.0,589376
2024-02-13 18:00:00,00000000270,20240213180000,0.053,0.001,0.057,0.0,0.0,0.0,1.0,1.89,107.55,4,0.0,0.0,589376
2024-02-13 19:00:00,00000000270,20240213190000,1.127,0.0,0.063,0.0,0.0,0.0,1.0,0.0,5.59,4,0.0,0.0,589376
2024-02-13 20:00:00,00000000270,20240213200000,0.627,0.001,0.064,0.0,0.0,0.0,1.0,0.16,10.21,4,0.0,0.0,589376
2024-02-13 21:00:00,00000000270,20240213210000,0.633,0.0,0.064,0.0,0.0,0.0,1.0,0.0,10.11,4,0.0,0.0,589376
2024-02-13 22:00:00,00000000270,20240213220000,0.648,0.001,0.065,0.0,0.0,0.0,1.0,0.15,10.03,4,0.0,0.0,589376
2024-02-13 23:00:00,00000000270,20240213230000,0.662,0.001,0.068,0.0,0.0,0.0,1.0,0.15,10.27,4,0.0,0.0,589376
2024-02-14 00:00:00,00000000270,20240214000000,0.565,0.0,0.067,0.0,0.0,0.0,1.0,0.0,11.86,4,0.0,0.0,589376
2024-02-14 01:00:00,00000000270,20240214010000,0.041,0.001,0.061,0.0,0.0,0.0,1.0,2.44,148.78,4,0.0,0.0,589376
2024-02-14 02:00:00,00000000270,20240214020000,0.049,0.001,0.059,0.0,0.0,0.0,1.0,2.04,120.41,4,0.0,0.0,589376
2024-02-14 03:00:00,00000000270,20240214030000,0.05,0.0,0.06,0.0,0.0,0.0,1.0,0.0,120.0,4,0.0,0.0,589376
2024-02-14 04:00:00,00000000270,20240214040000,0.05,0.001,0.06,0.0,0.0,0.0,1.0,2.0,120.0,4,0.0,0.0,589376
2024-02-14 05:00:00,00000000270,20240214050000,0.633,0.005,0.054,0.0,0.0,0.0,1.0,0.79,8.53,4,0.0,0.0,589376
2024-02-14 06:00:00,00000000270,20240214060000,0.166,0.007,0.046,0.0,0.0,0.0,1.0,4.22,27.71,4,0.0,0.0,589376
2024-02-14 07:00:00,00000000270,20240214070000,0.046,0.001,0.059,0.0,0.0,0.0,1.0,2.17,128.26,4,0.0,0.0,589376
2024-02-14 08:00:00,00000000270,20240214080000,0.051,0.0,0.059,0.0,0.0,0.0,1.0,0.0,115.69,4,0.0,0.0,589376
2024-02-14 09:00:00,00000000270,20240214090000,0.052,0.001,0.059,0.0,0.0,0.0,1.0,1.92,113.46,4,0.0,0.0,589376
2024-02-14 10:00:00,00000000270,20240214100000,0.047,0.001,0.057,0.0,0.0,0.0,1.0,2.13,121.28,4,0.0,0.0,589376
2024-02-14 11:00:00,00000000270,20240214110000,0.033,0.001,0.059,0.0,0.0,0.0,1.0,3.03,178.79,4,0.0,0.0,589376
2024-02-14 12:00:00,00000000270,20240214120000,0.135,0.0,0.056,0.0,0.0,0.0,1.0,0.0,41.48,4,0.0,0.0,589376
2024-02-14 13:00:00,00000000270,20240214130000,0.063,0.001,0.057,0.0,0.0,0.0,1.0,1.59,90.48,4,0.0,0.0,589376
2024-02-14 14:00:00,00000000270,20240214140000,0.056,0.001,0.059,0.0,0.0,0.0,1.0,1.79,105.36,4,0.0,0.0,589376
2024-02-14 15:00:00,00000000270,20240214150000,0.048,0.001,0.057,0.0,0.0,0.0,1.0,2.08,118.75,4,0.0,0.0,589376
2024-02-14 16:00:00,00000000270,20240214160000,0.048,0.0,0.057,0.0,0.0,0.0,1.0,0.0,118.75,4,0.0,0.0,589376
2024-02-14 17:00:00,00000000270,20240214170000,0.034,0.001,0.06,0.0,0.0,0.0,1.0,2.94,176.47,4,0.0,0.0,589376
2024-02-14 18:00:00,00000000270,20240214180000,0.045,0.001,0.058,0.0,0.0,0.0,1.0,2.22,128.89,4,0.0,0.0,589376
2024-02-14 19:00:00,00000000270,20240214190000,0.05,0.0,0.055,0.0,0.0,0.0,1.0,0.0,110.0,4,0.0,0.0,589376
2024-02-14 20:00:00,00000000270,20240214200000,0.049,0.001,0.056,0.0,0.0,0.0,1.0,2.04,114.29,4,0.0,0.0,589376
2024-02-14 21:00:00,00000000270,20240214210000,0.042,0.0,0.057,0.0,0.0,0.0,1.0,0.0,135.71,4,0.0,0.0,589376
2024-02-14 22:00:00,00000000270,20240214220000,0.032,0.0,0.059,0.0,0.0,0.0,1.0,0.0,184.37,4,0.0,0.0,589376
2024-02-14 23:00:00,00000000270,20240214230000,0.05,0.001,0.057,0.0,0.0,0.0,1.0,2.0,114.0,4,0.0,0.0,589376
2024-02-15 00:00:00,00000000270,20240215000000,0.049,0.001,0.059,0.0,0.0,0.0,1.0,2.04,120.41,4,0.0,0.0,589376
2024-02-15 01:00:00,00000000270,20240215010000,0.049,0.001,0.06,0.0,0.0,0.0,1.0,2.04,122.45,4,0.0,0.0,589376
2024-02-15 02:00:00,00000000270,20240215020000,0.03,0.0,0.062,0.0,0.0,0.0,1.0,0.0,206.67,4,0.0,0.0,589376
2024-02-15 03:00:00,00000000270,20240215030000,0.048,0.001,0.061,0.0,0.0,0.0,1.0,2.08,127.08,4,0.0,0.0,589376
2024-02-15 04:00:00,00000000270,20240215040000,0.051,0.001,0.061,0.0,0.0,0.0,1.0,1.96,119.61,4,0.0,0.0,589376
2024-02-15 05:00:00,00000000270,20240215050000,0.05,0.001,0.06,0.0,0.0,0.0,1.0,2.0,120.0,4,0.0,0.0,589376
2024-02-15 06:00:00,00000000270,20240215060000,0.035,0.0,0.061,0.0,0.0,0.0,1.0,0.0,174.29,4,0.0,0.0,589376
2024-02-15 07:00:00,00000000270,20240215070000,0.042,0.001,0.059,0.0,0.0,0.0,1.0,2.38,140.48,4,0.0,0.0,589376
2024-02-15 08:00:00,00000000270,20240215080000,0.048,0.001,0.058,0.0,0.0,0.0,1.0,2.08,120.83,4,0.0,0.0,589376
2024-02-15 09:00:00,00000000270,20240215090000,0.048,0.0,0.058,0.0,0.0,0.0,1.0,0.0,120.83,4,0.0,0.0,589376
2024-02-15 10:00:00,00000000270,20240215100000,0.039,0.001,0.059,0.0,0.0,0.0,1.0,2.56,151.28,4,0.0,0.0,589376
2024-02-15 11:00:00,00000000270,20240215110000,0.036,0.001,0.058,0.0,0.0,0.0,1.0,2.78,161.11,4,0.0,0.0,589376
2024-02-15 12:00:00,00000000270,20240215120000,0.051,0.001,0.058,0.0,0.0,0.0,1.0,1.96,113.73,4,0.0,0.0,589376
2024-02-15 13:00:00,00000000270,20240215130000,0.066,0.001,0.058,0.0,0.0,0.0,1.0,1.52,87.88,4,0.0,0.0,589376
2024-02-15 14:00:00,00000000270,20240215140000,0.127,0.0,0.055,0.0,0.0,0.0,1.0,0.0,43.31,4,0.0,0.0,589376
2024-02-15 15:00:00,00000000270,20240215150000,0.035,0.001,0.058,0.0,0.0,0.0,1.0,2.86,165.71,4,0.0,0.0,589376
2024-02-15 16:00:00,00000000270,20240215160000,0.044,0.001,0.056,0.0,0.0,0.0,1.0,2.27,127.27,4,0.0,0.0,589376
2024-02-15 17:00:00,00000000270,20240215170000,0.05,0.0,0.058,0.0,0.0,0.0,1.0,0.0,116.0,4,0.0,0.0,589376
2024-02-15 18:00:00,00000000270,20240215180000,0.05,0.001,0.057,0.0,0.0,0.0,1.0,2.0,114.0,4,0.0,0.0,589376
2024-02-15 19:00:00,00000000270,20240215190000,0.044,0.001,0.055,0.0,0.0,0.0,1.0,2.27,125.0,4,0.0,0.0,589376
2024-02-15 20:00:00,00000000270,20240215200000,0.027,0.0,0.056,0.0,0.0,0.0,1.0,0.0,207.41,4,0.0,0.0,589376
2024-02-15 21:00:00,00000000270,20240215210000,0.048,0.0,0.056,0.0,0.0,0.0,1.0,0.0,116.67,4,0.0,0.0,589376
2024-02-15 22:00:00,00000000270,20240215220000,0.048,0.001,0.057,0.0,0.0,0.0,1.0,2.08,118.75,4,0.0,0.0,589376
2024-02-15 23:00:00,00000000270,20240215230000,0.044,0.0,0.058,0.0,0.0,0.0,1.0,0.0,131.82,4,0.0,0.0,589376
2024-02-16 00:00:00,00000000270,20240216000000,0.031,0.0,0.061,0.0,0.0,0.0,1.0,0.0,196.77,4,0.0,0.0,589376
2024-02-16 01:00:00,00000000270,20240216010000,0.046,0.001,0.059,0.0,0.0,0.0,1.0,2.17,128.26,4,0.0,0.0,589376
2024-02-16 02:00:00,00000000270,20240216020000,0.05,0.001,0.059,0.0,0.0,0.0,1.0,2.0,118.0,4,0.0,0.0,589376
2024-02-16 03:00:00,00000000270,20240216030000,0.048,0.0,0.061,0.0,0.0,0.0,1.0,0.0,127.08,4,0.0,0.0,589376
2024-02-16 04:00:00,00000000270,20240216040000,0.027,0.001,0.063,0.0,0.0,0.0,1.0,3.7,233.33,4,0.0,0.0,589376
2024-02-16 05:00:00,00000000270,20240216050000,0.05,0.001,0.06,0.0,0.0,0.0,1.0,2.0,120.0,4,0.0,0.0,589376
2024-02-16 06:00:00,00000000270,20240216060000,0.045,0.0,0.06,0.0,0.0,0.0,1.0,0.0,133.33,4,0.0,0.0,589376
2024-02-16 07:00:00,00000000270,20240216070000,0.045,0.001,0.059,0.0,0.0,0.0,1.0,2.22,131.11,4,0.0,0.0,589376
2024-02-16 08:00:00,00000000270,20240216080000,0.032,0.001,0.06,0.0,0.0,0.0,1.0,3.12,187.5,4,0.0,0.0,589376
2024-02-16 09:00:00,00000000270,20240216090000,0.047,0.001,0.058,0.0,0.0,0.0,1.0,2.13,123.4,4,0.0,0.0,589376
2024-02-16 10:00:00,00000000270,20240216100000,0.047,0.0,0.056,0.0,0.0,0.0,1.0,0.0,119.15,4,0.0,0.0,589376
2024-02-16 11:00:00,00000000270,20240216110000,0.046,0.001,0.056,0.0,0.0,0.0,1.0,2.17,121.74,4,0.0,0.0,589376
2024-02-16 12:00:00,00000000270,20240216120000,0.028,0.001,0.059,0.0,0.0,0.0,1.0,3.57,210.71,4,0.0,0.0,589376
2024-02-16 13:00:00,00000000270,20240216130000,0.045,0.0,0.057,0.0,0.0,0.0,1.0,0.0,126.67,4,0.0,0.0,589376
2024-02-16 14:00:00,00000000270,20240216140000,0.048,0.001,0.057,0.0,0.0,0.0,1.0,2.08,118.75,4,0.0,0.0,589376
2024-02-16 15:00:00,00000000270,20240216150000,0.102,0.0,0.057,0.0,0.0,0.0,1.0,0.0,55.88,4,0.0,0.0,589376
2024-02-16 16:00:00,00000000270,20240216160000,0.071,0.0,0.054,0.0,0.0,0.0,1.0,0.0,76.06,4,0.0,0.0,589376
2024-02-16 17:00:00,00000000270,20240216170000,0.047,0.001,0.056,0.0,0.0,0.0,1.0,2.13,119.15,4,0.0,0.0,589376
2024-02-16 18:00:00,00000000270,20240216180000,0.047,0.0,0.055,0.0,0.0,0.0,1.0,0.0,117.02,4,0.0,0.0,589376
2024-02-16 19:00:00,00000000270,20240216190000,0.025,0.0,0.057,0.0,0.0,0.0,1.0,0.0,228.0,4,0.0,0.0,589376
2024-02-16 20:00:00,00000000270,20240216200000,0.043,0.0,0.055,0.0,0.0,0.0,1.0,0.0,127.91,4,0.0,0.0,589376
2024-02-16 21:00:00,00000000270,20240216210000,0.046,0.001,0.056,0.0,0.0,0.0,1.0,2.17,121.74,4,0.0,0.0,589376
2024-02-16 22:00:00,00000000270,20240216220000,0.045,0.0,0.057,0.0,0.0,0.0,1.0,0.0,126.67,4,0.0,0.0,589376
2024-02-16 23:00:00,00000000270,20240216230000,0.026,0.0,0.058,0.0,0.0,0.0,1.0,0.0,223.08,4,0.0,0.0,589376
2024-02-17 00:00:00,00000000270,20240217000000,0.046,0.0,0.057,0.0,0.0,0.0,1.0,0.0,123.91,4,0.0,0.0,589376
2024-02-17 01:00:00,00000000270,20240217010000,0.045,0.001,0.058,0.0,0.0,0.0,1.0,2.22,128.89,4,0.0,0.0,589376
2024-02-17 02:00:00,00000000270,20240217020000,0.041,0.0,0.058,0.0,0.0,0.0,1.0,0.0,141.46,4,0.0,0.0,589376
2024-02-17 03:00:00,00000000270,20240217030000,0.029,0.0,0.063,0.0,0.0,0.0,1.0,0.0,217.24,4,0.0,0.0,589376
2024-02-17 04:00:00,00000000270,20240217040000,0.046,0.001,0.059,0.0,0.0,0.0,1.0,2.17,128.26,4,0.0,0.0,589376
2024-02-17 05:00:00,00000000270,20240217050000,0.047,0.0,0.06,0.0,0.0,0.0,1.0,0.0,127.66,4,0.0,0.0,589376
2024-02-17 06:00:00,00000000270,20240217060000,0.04,0.0,0.06,0.0,0.0,0.0,1.0,0.0,150.0,4,0.0,0.0,589376
2024-02-17 07:00:00,00000000270,20240217070000,0.04,0.001,0.058,0.0,0.0,0.0,1.0,2.5,145.0,4,0.0,0.0,589376
2024-02-17 08:00:00,00000000270,20240217080000,0.041,0.0,0.061,0.0,0.0,0.0,1.0,0.0,148.78,4,0.0,0.0,589376
2024-02-17 09:00:00,00000000270,20240217090000,0.047,0.0,0.059,0.0,0.0,0.0,1.0,0.0,125.53,4,0.0,0.0,589376
2024-02-17 10:00:00,00000000270,20240217100000,0.001,0.0,0.006,0.0,0.0,0.0,1.0,0.0,600.0,4,0.0,0.0,589376
2024-02-17 11:00:00,00000000270,20240217110000,0.0,0.0,0.0,0.0,0.0,0.0,1.0,,,4,0.0,0.0,589376
2024-02-17 12:00:00,00000000270,20240217120000,0.0,0.0,0.0,0.0,0.0,0.0,1.0,,,4,0.0,0.0,589376
2024-02-17 13:00:00,00000000270,20240217130000,0.089,0.009,0.047,0.0,0.0,0.0,1.0,10.11,52.81,4,0.0,0.0,589376
2024-02-17 14:00:00,00000000270,20240217140000,0.043,0.0,0.056,0.0,0.0,0.0,1.0,0.0,130.23,4,0.0,0.0,589376
2024-02-17 15:00:00,00000000270,20240217150000,0.048,0.001,0.057,0.0,0.0,0.0,1.0,2.08,118.75,4,0.0,0.0,589376
2024-02-17 16:00:00,00000000270,20240217160000,0.049,0.0,0.058,0.0,0.0,0.0,1.0,0.0,118.37,4,0.0,0.0,589376
2024-02-17 17:00:00,00000000270,20240217170000,0.048,0.001,0.057,0.0,0.0,0.0,1.0,2.08,118.75,4,0.0,0.0,589376
2024-02-17 18:00:00,00000000270,20240217180000,0.037,0.0,0.056,0.0,0.0,0.0,1.0,0.0,151.35,4,0.0,0.0,589376
2024-02-17 19:00:00,00000000270,20240217190000,0.112,0.0,0.053,0.0,0.0,0.0,1.0,0.0,47.32,4,0.0,0.0,589376
2024-02-17 20:00:00,00000000270,20240217200000,0.059,0.0,0.052,0.0,0.0,0.0,1.0,0.0,88.14,4,0.0,0.0,589376
2024-02-17 21:00:00,00000000270,20240217210000,0.048,0.001,0.052,0.0,0.0,0.0,1.0,2.08,108.33,4,0.0,0.0,589376
2024-02-17 22:00:00,00000000270,20240217220000,0.038,0.0,0.055,0.0,0.0,0.0,1.0,0.0,144.74,4,0.0,0.0,589376
2024-02-17 23:00:00,00000000270,20240217230000,0.033,0.0,0.056,0.0,0.0,0.0,1.0,0.0,169.7,4,0.0,0.0,589376
2024-02-18 00:00:00,00000000270,20240218000000,0.05,0.0,0.055,0.0,0.0,0.0,1.0,0.0,110.0,4,0.0,0.0,589376
2024-02-18 01:00:00,00000000270,20240218010000,0.038,0.001,0.058,0.0,0.0,0.0,1.0,2.63,152.63,4,0.0,0.0,589376
2024-02-18 02:00:00,00000000270,20240218020000,0.047,0.0,0.057,0.0,0.0,0.0,1.0,0.0,121.28,4,0.0,0.0,589376
2024-02-18 03:00:00,00000000270,20240218030000,0.046,0.0,0.059,0.0,0.0,0.0,1.0,0.0,128.26,4,0.0,0.0,589376
2024-02-18 04:00:00,00000000270,20240218040000,0.044,0.0,0.058,0.0,0.0,0.0,1.0,0.0,131.82,4,0.0,0.0,589376
2024-02-18 05:00:00,00000000270,20240218050000,0.032,0.001,0.06,0.0,0.0,0.0,1.0,3.12,187.5,4,0.0,0.0,589376
2024-02-18 06:00:00,00000000270,20240218060000,0.04,0.0,0.06,0.0,0.0,0.0,1.0,0.0,150.0,4,0.0,0.0,589376
2024-02-18 07:00:00,00000000270,20240218070000,0.043,0.0,0.057,0.0,0.0,0.0,1.0,0.0,132.56,4,0.0,0.0,589376
2024-02-18 08:00:00,00000000270,20240218080000,0.047,0.0,0.06,0.0,0.0,0.0,1.0,0.0,127.66,4,0.0,0.0,589376
2024-02-18 09:00:00,00000000270,20240218090000,0.039,0.001,0.061,0.0,0.0,0.0,1.0,2.56,156.41,4,0.0,0.0,589376
2024-02-18 10:00:00,00000000270,20240218100000,0.029,0.0,0.06,0.0,0.0,0.0,1.0,0.0,206.9,4,0.0,0.0,589376
2024-02-18 11:00:00,00000000270,20240218110000,0.047,0.0,0.059,0.0,0.0,0.0,1.0,0.0,125.53,4,0.0,0.0,589376
2024-02-18 12:00:00,00000000270,20240218120000,0.043,0.0,0.058,0.0,0.0,0.0,1.0,0.0,134.88,4,0.0,0.0,589376
2024-02-18 13:00:00,00000000270,20240218130000,0.047,0.001,0.06,0.0,0.0,0.0,1.0,2.13,127.66,4,0.0,0.0,589376
2024-02-18 14:00:00,00000000270,20240218140000,0.022,0.0,0.061,0.0,0.0,0.0,1.0,0.0,277.27,4,0.0,0.0,589376
2024-02-18 15:00:00,00000000270,20240218150000,0.049,0.0,0.059,0.0,0.0,0.0,1.0,0.0,120.41,4,0.0,0.0,589376
2024-02-18 16:00:00,00000000270,20240218160000,0.048,0.0,0.059,0.0,0.0,0.0,1.0,0.0,122.92,4,0.0,0.0,589376
2024-02-18 17:00:00,00000000270,20240218170000,0.024,0.001,0.061,0.0,0.0,0.0,1.0,4.17,254.17,4,0.0,0.0,589376
2024-02-18 18:00:00,00000000270,20240218180000,0.043,0.0,0.056,0.0,0.0,0.0,1.0,0.0,130.23,4,0.0,0.0,589376
2024-02-18 19:00:00,00000000270,20240218190000,0.037,0.0,0.054,0.0,0.0,0.0,1.0,0.0,145.95,4,0.0,0.0,589376
2024-02-18 20:00:00,00000000270,20240218200000,0.076,0.0,0.054,0.0,0.0,0.0,1.0,0.0,71.05,4,0.0,0.0,589376
2024-02-18 21:00:00,00000000270,20240218210000,0.102,0.0,0.051,0.0,0.0,0.0,1.0,0.0,50.0,4,0.0,0.0,589376
2024-02-18 22:00:00,00000000270,20240218220000,0.041,0.001,0.056,0.0,0.0,0.0,1.0,2.44,136.59,4,0.0,0.0,589376
2024-02-18 23:00:00,00000000270,20240218230000,0.029,0.0,0.056,0.0,0.0,0.0,1.0,0.0,193.1,4,0.0,0.0,589376
2024-02-19 00:00:00,00000000270,20240219000000,0.046,0.0,0.058,0.0,0.0,0.0,1.0,0.0,126.09,4,0.0,0.0,589376
2024-02-19 01:00:00,00000000270,20240219010000,0.047,0.0,0.059,0.0,0.0,0.0,1.0,0.0,125.53,4,0.0,0.0,589376
2024-02-19 02:00:00,00000000270,20240219020000,0.035,0.001,0.059,0.0,0.0,0.0,1.0,2.86,168.57,4,0.0,0.0,589376
2024-02-19 03:00:00,00000000270,20240219030000,0.032,0.0,0.062,0.0,0.0,0.0,1.0,0.0,193.75,4,0.0,0.0,589376
2024-02-19 04:00:00,00000000270,20240219040000,0.048,0.0,0.06,0.0,0.0,0.0,1.0,0.0,125.0,4,0.0,0.0,589376
2024-02-19 05:00:00,00000000270,20240219050000,0.042,0.0,0.059,0.0,0.0,0.0,1.0,0.0,140.48,4,0.0,0.0,589376
2024-02-19 06:00:00,00000000270,20240219060000,0.042,0.001,0.06,0.0,0.0,0.0,1.0,2.38,142.86,4,0.0,0.0,589376
2024-02-19 07:00:00,00000000270,20240219070000,0.044,0.0,0.057,0.0,0.0,0.0,1.0,0.0,129.55,4,0.0,0.0,589376
2024-02-19 08:00:00,00000000270,20240219080000,0.033,0.0,0.059,0.0,0.0,0.0,1.0,0.0,178.79,4,0.0,0.0,589376
2024-02-19 09:00:00,00000000270,20240219090000,0.05,0.0,0.057,0.0,0.0,0.0,1.0,0.0,114.0,4,0.0,0.0,589376
2024-02-19 10:00:00,00000000270,20240219100000,0.042,0.001,0.055,0.0,0.0,0.0,1.0,2.38,130.95,4,0.0,0.0,589376
2024-02-19 11:00:00,00000000270,20240219110000,0.047,0.0,0.055,0.0,0.0,0.0,1.0,0.0,117.02,4,0.0,0.0,589376
2024-02-19 12:00:00,00000000270,20240219120000,0.032,0.0,0.057,0.0,0.0,0.0,1.0,0.0,178.12,4,0.0,0.0,589376
2024-02-19 13:00:00,00000000270,20240219130000,0.034,0.0,0.057,0.0,0.0,0.0,1.0,0.0,167.65,4,0.0,0.0,589376
2024-02-19 14:00:00,00000000270,20240219140000,0.046,0.001,0.056,0.0,0.0,0.0,1.0,2.17,121.74,4,0.0,0.0,589376
2024-02-19 15:00:00,00000000270,20240219150000,0.046,0.0,0.057,0.0,0.0,0.0,1.0,0.0,123.91,4,0.0,0.0,589376
2024-02-19 16:00:00,00000000270,20240219160000,0.04,0.0,0.057,0.0,0.0,0.0,1.0,0.0,142.5,4,0.0,0.0,589376
2024-02-19 17:00:00,00000000270,20240219170000,0.029,0.0,0.059,0.0,0.0,0.0,1.0,0.0,203.45,4,0.0,0.0,589376
2024-02-19 18:00:00,00000000270,20240219180000,0.046,0.001,0.055,0.0,0.0,0.0,1.0,2.17,119.57,4,0.0,0.0,589376
2024-02-19 19:00:00,00000000270,20240219190000,0.044,0.0,0.054,0.0,0.0,0.0,1.0,0.0,122.73,4,0.0,0.0,589376
2024-02-19 20:00:00,00000000270,20240219200000,0.042,0.0,0.055,0.0,0.0,0.0,1.0,0.0,130.95,4,0.0,0.0,589376
2024-02-19 21:00:00,00000000270,20240219210000,0.027,0.0,0.057,0.0,0.0,0.0,1.0,0.0,211.11,4,0.0,0.0,589376
2024-02-19 22:00:00,00000000270,20240219220000,0.119,0.0,0.056,0.0,0.0,0.0,1.0,0.0,47.06,4,0.0,0.0,589376
2024-02-19 23:00:00,00000000270,20240219230000,0.065,0.001,0.055,0.0,0.0,0.0,1.0,1.54,84.62,4,0.0,0.0,589376
2024-02-20 00:00:00,00000000270,20240220000000,0.045,0.0,0.058,0.0,0.0,0.0,1.0,0.0,128.89,4,0.0,0.0,589376
2024-02-20 01:00:00,00000000270,20240220010000,0.026,0.0,0.061,0.0,0.0,0.0,1.0,0.0,234.62,4,0.0,0.0,589376
2024-02-20 02:00:00,00000000270,20240220020000,0.052,0.0,0.058,0.0,0.0,0.0,1.0,0.0,111.54,4,0.0,0.0,589376
2024-02-20 03:00:00,00000000270,20240220030000,0.044,0.001,0.061,0.0,0.0,0.0,1.0,2.27,138.64,4,0.0,0.0,589376
2024-02-20 04:00:00,00000000270,20240220040000,0.045,0.0,0.059,0.0,0.0,0.0,1.0,0.0,131.11,4,0.0,0.0,589376
2024-02-20 05:00:00,00000000270,20240220050000,0.046,0.0,0.06,0.0,0.0,0.0,1.0,0.0,130.43,4,0.0,0.0,589376
2024-02-20 06:00:00,00000000270,20240220060000,0.035,0.001,0.06,0.0,0.0,0.0,1.0,2.86,171.43,4,0.0,0.0,589376
2024-02-20 07:00:00,00000000270,20240220070000,0.034,0.0,0.059,0.0,0.0,0.0,1.0,0.0,173.53,4,0.0,0.0,589376
2024-02-20 08:00:00,00000000270,20240220080000,0.045,0.0,0.058,0.0,0.0,0.0,1.0,0.0,128.89,4,0.0,0.0,589376
2024-02-20 09:00:00,00000000270,20240220090000,0.046,0.0,0.058,0.0,0.0,0.0,1.0,0.0,126.09,4,0.0,0.0,589376
2024-02-20 10:00:00,00000000270,20240220100000,0.04,0.001,0.059,0.0,0.0,0.0,1.0,2.5,147.5,4,0.0,0.0,589376
2024-02-20 11:00:00,00000000270,20240220110000,0.028,0.0,0.062,0.0,0.0,0.0,1.0,0.0,221.43,4,0.0,0.0,589376
2024-02-20 12:00:00,00000000270,20240220120000,0.047,0.0,0.059,0.0,0.0,0.0,1.0,0.0,125.53,4,0.0,0.0,589376
2024-02-20 13:00:00,00000000270,20240220130000,0.046,0.001,0.061,0.0,0.0,0.0,1.0,2.17,132.61,4,0.0,0.0,589376
2024-02-20 14:00:00,00000000270,20240220140000,0.046,0.0,0.06,0.0,0.0,0.0,1.0,0.0,130.43,4,0.0,0.0,589376
2024-02-20 15:00:00,00000000270,20240220150000,0.028,0.001,0.063,0.0,0.0,0.0,1.0,3.57,225.0,4,0.0,0.0,589376
2024-02-20 16:00:00,00000000270,20240220160000,0.045,0.001,0.058,0.0,0.0,0.0,1.0,2.22,128.89,4,0.0,0.0,589376
2024-02-20 17:00:00,00000000270,20240220170000,0.048,0.0,0.058,0.0,0.0,0.0,1.0,0.0,120.83,4,0.0,0.0,589376
2024-02-20 18:00:00,00000000270,20240220180000,0.046,0.0,0.056,0.0,0.0,0.0,1.0,0.0,121.74,4,0.0,0.0,589376
2024-02-20 19:00:00,00000000270,20240220190000,0.025,0.0,0.055,0.0,0.0,0.0,1.0,0.0,220.0,4,0.0,0.0,589376
2024-02-20 20:00:00,00000000270,20240220200000,0.045,0.001,0.054,0.0,0.0,0.0,1.0,2.22,120.0,4,0.0,0.0,589376
2024-02-20 21:00:00,00000000270,20240220210000,0.041,0.0,0.054,0.0,0.0,0.0,1.0,0.0,131.71,4,0.0,0.0,589376
2024-02-20 22:00:00,00000000270,20240220220000,0.047,0.0,0.056,0.0,0.0,0.0,1.0,0.0,119.15,4,0.0,0.0,589376
2024-02-20 23:00:00,00000000270,20240220230000,0.022,0.0,0.057,0.0,0.0,0.0,1.0,0.0,259.09,4,0.0,0.0,589376
2024-02-21 00:00:00,00000000270,20240221000000,0.129,0.0,0.056,0.0,0.0,0.0,1.0,0.0,43.41,4,0.0,0.0,589376
2024-02-21 01:00:00,00000000270,20240221010000,0.04,0.001,0.058,0.0,0.0,0.0,1.0,2.5,145.0,4,0.0,0.0,589376
2024-02-21 02:00:00,00000000270,20240221020000,0.047,0.0,0.061,0.0,0.0,0.0,1.0,0.0,129.79,4,0.0,0.0,589376
2024-02-21 03:00:00,00000000270,20240221030000,0.046,0.0,0.058,0.0,0.0,0.0,1.0,0.0,126.09,4,0.0,0.0,589376
2024-02-21 04:00:00,00000000270,20240221040000,0.028,0.001,0.063,0.0,0.0,0.0,1.0,3.57,225.0,4,0.0,0.0,589376
2024-02-21 05:00:00,00000000270,20240221050000,0.041,0.0,0.06,0.0,0.0,0.0,1.0,0.0,146.34,4,0.0,0.0,589376
2024-02-21 06:00:00,00000000270,20240221060000,0.053,0.0,0.058,0.0,0.0,0.0,1.0,0.0,109.43,4,0.0,0.0,589376
2024-02-21 07:00:00,00000000270,20240221070000,0.041,0.0,0.058,0.0,0.0,0.0,1.0,0.0,141.46,4,0.0,0.0,589376
2024-02-21 08:00:00,00000000270,20240221080000,0.049,0.001,0.058,0.0,0.0,0.0,1.0,2.04,118.37,4,0.0,0.0,589376
2024-02-21 09:00:00,00000000270,20240221090000,0.035,0.0,0.058,0.0,0.0,0.0,1.0,0.0,165.71,4,0.0,0.0,589376
2024-02-21 10:00:00,00000000270,20240221100000,0.034,0.0,0.061,0.0,0.0,0.0,1.0,0.0,179.41,4,0.0,0.0,589376
2024-02-21 11:00:00,00000000270,20240221110000,0.044,0.0,0.06,0.0,0.0,0.0,1.0,0.0,136.36,4,0.0,0.0,589376
2024-02-21 12:00:00,00000000270,20240221120000,0.049,0.001,0.059,0.0,0.0,0.0,1.0,2.04,120.41,4,0.0,0.0,589376
2024-02-21 13:00:00,00000000270,20240221130000,0.043,0.0,0.059,0.0,0.0,0.0,1.0,0.0,137.21,4,0.0,0.0,589376
2024-02-21 14:00:00,00000000270,20240221140000,0.029,0.0,0.06,0.0,0.0,0.0,1.0,0.0,206.9,4,0.0,0.0,589376
2024-02-21 15:00:00,00000000270,20240221150000,0.047,0.001,0.057,0.0,0.0,0.0,1.0,2.13,121.28,4,0.0,0.0,589376
2024-02-21 16:00:00,00000000270,20240221160000,0.031,0.0,0.059,0.0,0.0,0.0,1.0,0.0,190.32,4,0.0,0.0,589376
2024-02-21 17:00:00,00000000270,20240221170000,0.039,0.0,0.059,0.0,0.0,0.0,1.0,0.0,151.28,4,0.0,0.0,589376
2024-02-21 18:00:00,00000000270,20240221180000,0.05,0.001,0.057,0.0,0.0,0.0,1.0,2.0,114.0,4,0.0,0.0,589376
2024-02-21 19:00:00,00000000270,20240221190000,0.028,0.0,0.055,0.0,0.0,0.0,1.0,0.0,196.43,4,0.0,0.0,589376
2024-02-21 20:00:00,00000000270,20240221200000,0.037,0.0,0.054,0.0,0.0,0.0,1.0,0.0,145.95,4,0.0,0.0,589376
2024-02-21 21:00:00,00000000270,20240221210000,0.049,0.0,0.054,0.0,0.0,0.0,1.0,0.0,110.2,4,0.0,0.0,589376
2024-02-21 22:00:00,00000000270,20240221220000,0.037,0.001,0.055,0.0,0.0,0.0,1.0,2.7,148.65,4,0.0,0.0,589376
2024-02-21 23:00:00,00000000270,20240221230000,0.027,0.0,0.058,0.0,0.0,0.0,1.0,0.0,214.81,4,0.0,0.0,589376
2024-02-22 00:00:00,00000000270,20240222000000,0.05,0.0,0.057,0.0,0.0,0.0,1.0,0.0,114.0,4,0.0,0.0,589376
2024-02-22 01:00:00,00000000270,20240222010000,0.091,0.0,0.061,0.0,0.0,0.0,1.0,0.0,67.03,4,0.0,0.0,589376
2024-02-22 02:00:00,00000000270,20240222020000,0.083,0.001,0.055,0.0,0.0,0.0,1.0,1.2,66.27,4,0.0,0.0,589376
2024-02-22 03:00:00,00000000270,20240222030000,0.047,0.0,0.06,0.0,0.0,0.0,1.0,0.0,127.66,4,0.0,0.0,589376
2024-02-22 04:00:00,00000000270,20240222040000,0.032,0.0,0.06,0.0,0.0,0.0,1.0,0.0,187.5,4,0.0,0.0,589376
2024-02-22 05:00:00,00000000270,20240222050000,0.039,0.0,0.06,0.0,0.0,0.0,1.0,0.0,153.85,4,0.0,0.0,589376
2024-02-22 06:00:00,00000000270,20240222060000,0.045,0.001,0.059,0.0,0.0,0.0,1.0,2.22,131.11,4,0.0,0.0,589376
2024-02-22 07:00:00,00000000270,20240222070000,0.045,0.0,0.057,0.0,0.0,0.0,1.0,0.0,126.67,4,0.0,0.0,589376
2024-02-22 08:00:00,00000000270,20240222080000,0.043,0.0,0.06,0.0,0.0,0.0,1.0,0.0,139.53,4,0.0,0.0,589376
2024-02-22 09:00:00,00000000270,20240222090000,0.026,0.001,0.059,0.0,0.0,0.0,1.0,3.85,226.92,4,0.0,0.0,589376
2024-02-22 10:00:00,00000000270,20240222100000,0.048,0.0,0.058,0.0,0.0,0.0,1.0,0.0,120.83,4,0.0,0.0,589376
2024-02-22 11:00:00,00000000270,20240222110000,0.046,0.0,0.059,0.0,0.0,0.0,1.0,0.0,128.26,4,0.0,0.0,589376
2024-02-22 12:00:00,00000000270,20240222120000,0.032,0.001,0.061,0.0,0.0,0.0,1.0,3.12,190.62,4,0.0,0.0,589376
2024-02-22 13:00:00,00000000270,20240222130000,0.042,0.0,0.061,0.0,0.0,0.0,1.0,0.0,145.24,4,0.0,0.0,589376
2024-02-22 14:00:00,00000000270,20240222140000,0.048,0.001,0.059,0.0,0.0,0.0,1.0,2.08,122.92,4,0.0,0.0,589376
2024-02-22 15:00:00,00000000270,20240222150000,0.046,0.0,0.058,0.0,0.0,0.0,1.0,0.0,126.09,4,0.0,0.0,589376
2024-02-22 16:00:00,00000000270,20240222160000,0.033,0.001,0.061,0.0,0.0,0.0,1.0,3.03,184.85,4,0.0,0.0,589376
2024-02-22 17:00:00,00000000270,20240222170000,0.041,0.001,0.058,0.0,0.0,0.0,1.0,2.44,141.46,4,0.0,0.0,589376
2024-02-22 18:00:00,00000000270,20240222180000,0.05,0.0,0.057,0.0,0.0,0.0,1.0,0.0,114.0,4,0.0,0.0,589376
2024-02-22 19:00:00,00000000270,20240222190000,0.045,0.001,0.055,0.0,0.0,0.0,1.0,2.22,122.22,4,0.0,0.0,589376
2024-02-22 20:00:00,00000000270,20240222200000,0.029,0.0,0.056,0.0,0.0,0.0,1.0,0.0,193.1,4,0.0,0.0,589376
2024-02-22 21:00:00,00000000270,20240222210000,0.041,0.0,0.055,0.0,0.0,0.0,1.0,0.0,134.15,4,0.0,0.0,589376
2024-02-22 22:00:00,00000000270,20240222220000,0.045,0.0,0.055,0.0,0.0,0.0,1.0,0.0,122.22,4,0.0,0.0,589376
2024-02-22 23:00:00,00000000270,20240222230000,0.047,0.001,0.056,0.0,0.0,0.0,1.0,2.13,119.15,4,0.0,0.0,589376
2024-02-23 00:00:00,00000000270,20240223000000,0.032,0.0,0.059,0.0,0.0,0.0,1.0,0.0,184.37,4,0.0,0.0,589376
2024-02-23 01:00:00,00000000270,20240223010000,0.036,0.0,0.06,0.0,0.0,0.0,1.0,0.0,166.67,4,0.0,0.0,589376
2024-02-23 02:00:00,00000000270,20240223020000,0.048,0.001,0.059,0.0,0.0,0.0,1.0,2.08,122.92,4,0.0,0.0,589376
2024-02-23 03:00:00,00000000270,20240223030000,0.129,0.0,0.058,0.0,0.0,0.0,1.0,0.0,44.96,4,0.0,0.0,589376
2024-02-23 04:00:00,00000000270,20240223040000,0.046,0.0,0.061,0.0,0.0,0.0,1.0,0.0,132.61,4,0.0,0.0,589376
2024-02-23 05:00:00,00000000270,20240223050000,0.051,0.001,0.059,0.0,0.0,0.0,1.0,1.96,115.69,4,0.0,0.0,589376
2024-02-23 06:00:00,00000000270,20240223060000,0.049,0.001,0.059,0.0,0.0,0.0,1.0,2.04,120.41,4,0.0,0.0,589376
2024-02-23 07:00:00,00000000270,20240223070000,0.049,0.001,0.059,0.0,0.0,0.0,1.0,2.04,120.41,4,0.0,0.0,589376
2024-02-23 08:00:00,00000000270,20240223080000,0.026,0.0,0.061,0.0,0.0,0.0,1.0,0.0,234.62,4,0.0,0.0,589376
2024-02-23 09:00:00,00000000270,20240223090000,0.051,0.001,0.06,0.0,0.0,0.0,1.0,1.96,117.65,4,0.0,0.0,589376
2024-02-23 10:00:00,00000000270,20240223100000,0.048,0.001,0.058,0.0,0.0,0.0,1.0,2.08,120.83,4,0.0,0.0,589376
2024-02-23 11:00:00,00000000270,20240223110000,0.042,0.0,0.058,0.0,0.0,0.0,1.0,0.0,138.1,4,0.0,0.0,589376
2024-02-23 12:00:00,00000000270,20240223120000,0.033,0.001,0.061,0.0,0.0,0.0,1.0,3.03,184.85,4,0.0,0.0,589376
2024-02-23 13:00:00,00000000270,20240223130000,0.05,0.001,0.061,0.0,0.0,0.0,1.0,2.0,122.0,4,0.0,0.0,589376
2024-02-23 14:00:00,00000000270,20240223140000,0.048,0.001,0.058,0.0,0.0,0.0,1.0,2.08,120.83,4,0.0,0.0,589376
2024-02-23 15:00:00,00000000270,20240223150000,0.04,0.0,0.061,0.0,0.0,0.0,1.0,0.0,152.5,4,0.0,0.0,589376
2024-02-23 16:00:00,00000000270,20240223160000,0.037,0.001,0.062,0.0,0.0,0.0,1.0,2.7,167.57,4,0.0,0.0,589376
2024-02-23 17:00:00,00000000270,20240223170000,0.051,0.001,0.059,0.0,0.0,0.0,1.0,1.96,115.69,4,0.0,0.0,589376
2024-02-23 18:00:00,00000000270,20240223180000,0.05,0.001,0.059,0.0,0.0,0.0,1.0,2.0,118.0,4,0.0,0.0,589376
2024-02-23 19:00:00,00000000270,20240223190000,0.038,0.0,0.057,0.0,0.0,0.0,1.0,0.0,150.0,4,0.0,0.0,589376
2024-02-23 20:00:00,00000000270,20240223200000,0.034,0.001,0.059,0.0,0.0,0.0,1.0,2.94,173.53,4,0.0,0.0,589376
2024-02-23 21:00:00,00000000270,20240223210000,0.05,0.0,0.058,0.0,0.0,0.0,1.0,0.0,116.0,4,0.0,0.0,589376
2024-02-23 22:00:00,00000000270,20240223220000,0.049,0.001,0.059,0.0,0.0,0.0,1.0,2.04,120.41,4,0.0,0.0,589376
2024-02-23 23:00:00,00000000270,20240223230000,0.037,0.0,0.059,0.0,0.0,0.0,1.0,0.0,159.46,4,0.0,0.0,589376
2024-02-24 00:00:00,00000000270,20240224000000,0.037,0.001,0.06,0.0,0.0,0.0,1.0,2.7,162.16,4,0.0,0.0,589376
2024-02-24 01:00:00,00000000270,20240224010000,0.048,0.0,0.06,0.0,0.0,0.0,1.0,0.0,125.0,4,0.0,0.0,589376
2024-02-24 02:00:00,00000000270,20240224020000,0.052,0.001,0.061,0.0,0.0,0.0,1.0,1.92,117.31,4,0.0,0.0,589376
2024-02-24 03:00:00,00000000270,20240224030000,0.035,0.001,0.062,0.0,0.0,0.0,1.0,2.86,177.14,4,0.0,0.0,589376
2024-02-24 04:00:00,00000000270,20240224040000,0.112,0.0,0.062,0.0,0.0,0.0,1.0,0.0,55.36,4,0.0,0.0,589376
2024-02-24 05:00:00,00000000270,20240224050000,0.083,0.001,0.057,0.0,0.0,0.0,1.0,1.2,68.67,4,0.0,0.0,589376
2024-02-24 06:00:00,00000000270,20240224060000,0.053,0.001,0.061,0.0,0.0,0.0,1.0,1.89,115.09,4,0.0,0.0,589376
2024-02-24 07:00:00,00000000270,20240224070000,0.036,0.001,0.061,0.0,0.0,0.0,1.0,2.78,169.44,4,0.0,0.0,589376
2024-02-24 08:00:00,00000000270,20240224080000,0.039,0.0,0.062,0.0,0.0,0.0,1.0,0.0,158.97,4,0.0,0.0,589376
2024-02-24 09:00:00,00000000270,20240224090000,0.051,0.001,0.061,0.0,0.0,0.0,1.0,1.96,119.61,4,0.0,0.0,589376
2024-02-24 10:00:00,00000000270,20240224100000,0.05,0.001,0.06,0.0,0.0,0.0,1.0,2.0,120.0,4,0.0,0.0,589376
2024-02-24 11:00:00,00000000270,20240224110000,0.048,0.001,0.06,0.0,0.0,0.0,1.0,2.08,125.0,4,0.0,0.0,589376
2024-02-24 12:00:00,00000000270,20240224120000,0.028,0.0,0.065,0.0,0.0,0.0,1.0,0.0,232.14,4,0.0,0.0,589376
2024-02-24 13:00:00,00000000270,20240224130000,0.052,0.001,0.061,0.0,0.0,0.0,1.0,1.92,117.31,4,0.0,0.0,589376
2024-02-24 14:00:00,00000000270,20240224140000,0.051,0.001,0.06,0.0,0.0,0.0,1.0,1.96,117.65,4,0.0,0.0,589376
2024-02-24 15:00:00,00000000270,20240224150000,0.05,0.001,0.061,0.0,0.0,0.0,1.0,2.0,122.0,4,0.0,0.0,589376
2024-02-24 16:00:00,00000000270,20240224160000,0.038,0.0,0.062,0.0,0.0,0.0,1.0,0.0,163.16,4,0.0,0.0,589376
2024-02-24 17:00:00,00000000270,20240224170000,0.04,0.001,0.062,0.0,0.0,0.0,1.0,2.5,155.0,4,0.0,0.0,589376
2024-02-24 18:00:00,00000000270,20240224180000,0.051,0.001,0.059,0.0,0.0,0.0,1.0,1.96,115.69,4,0.0,0.0,589376
2024-02-24 19:00:00,00000000270,20240224190000,0.048,0.0,0.055,0.0,0.0,0.0,1.0,0.0,114.58,4,0.0,0.0,589376
2024-02-24 20:00:00,00000000270,20240224200000,0.048,0.001,0.055,0.0,0.0,0.0,1.0,2.08,114.58,4,0.0,0.0,589376
2024-02-24 21:00:00,00000000270,20240224210000,0.029,0.0,0.058,0.0,0.0,0.0,1.0,0.0,200.0,4,0.0,0.0,589376
2024-02-24 22:00:00,00000000270,20240224220000,0.047,0.0,0.058,0.0,0.0,0.0,1.0,0.0,123.4,4,0.0,0.0,589376
2024-02-24 23:00:00,00000000270,20240224230000,0.048,0.001,0.057,0.0,0.0,0.0,1.0,2.08,118.75,4,0.0,0.0,589376
2024-02-25 00:00:00,00000000270,20240225000000,0.05,0.0,0.058,0.0,0.0,0.0,1.0,0.0,116.0,4,0.0,0.0,589376
2024-02-25 01:00:00,00000000270,20240225010000,0.035,0.001,0.062,0.0,0.0,0.0,1.0,2.86,177.14,4,0.0,0.0,589376
2024-02-25 02:00:00,00000000270,20240225020000,0.042,0.001,0.062,0.0,0.0,0.0,1.0,2.38,147.62,4,0.0,0.0,589376
2024-02-25 03:00:00,00000000270,20240225030000,0.051,0.0,0.06,0.0,0.0,0.0,1.0,0.0,117.65,4,0.0,0.0,589376
2024-02-25 04:00:00,00000000270,20240225040000,0.05,0.001,0.06,0.0,0.0,0.0,1.0,2.0,120.0,4,0.0,0.0,589376
2024-02-25 05:00:00,00000000270,20240225050000,0.044,0.001,0.061,0.0,0.0,0.0,1.0,2.27,138.64,4,0.0,0.0,589376
2024-02-25 06:00:00,00000000270,20240225060000,0.131,0.001,0.059,0.0,0.0,0.0,1.0,0.76,45.04,4,0.0,0.0,589376
2024-02-25 07:00:00,00000000270,20240225070000,0.054,0.0,0.059,0.0,0.0,0.0,1.0,0.0,109.26,4,0.0,0.0,589376
2024-02-25 08:00:00,00000000270,20240225080000,0.055,0.001,0.06,0.0,0.0,0.0,1.0,1.82,109.09,4,0.0,0.0,589376
2024-02-25 09:00:00,00000000270,20240225090000,0.05,0.001,0.06,0.0,0.0,0.0,1.0,2.0,120.0,4,0.0,0.0,589376
2024-02-25 10:00:00,00000000270,20240225100000,0.051,0.0,0.06,0.0,0.0,0.0,1.0,0.0,117.65,4,0.0,0.0,589376
2024-02-25 11:00:00,00000000270,20240225110000,0.034,0.001,0.062,0.0,0.0,0.0,1.0,2.94,182.35,4,0.0,0.0,589376
2024-02-25 12:00:00,00000000270,20240225120000,0.045,0.001,0.062,0.0,0.0,0.0,1.0,2.22,137.78,4,0.0,0.0,589376
2024-02-25 13:00:00,00000000270,20240225130000,0.049,0.001,0.06,0.0,0.0,0.0,1.0,2.04,122.45,4,0.0,0.0,589376
2024-02-25 14:00:00,00000000270,20240225140000,0.052,0.0,0.06,0.0,0.0,0.0,1.0,0.0,115.38,4,0.0,0.0,589376
2024-02-25 15:00:00,00000000270,20240225150000,0.049,0.001,0.061,0.0,0.0,0.0,1.0,2.04,124.49,4,0.0,0.0,589376
2024-02-25 16:00:00,00000000270,20240225160000,0.035,0.001,0.062,0.0,0.0,0.0,1.0,2.86,177.14,4,0.0,0.0,589376
2024-02-25 17:00:00,00000000270,20240225170000,0.045,0.001,0.06,0.0,0.0,0.0,1.0,2.22,133.33,4,0.0,0.0,589376
2024-02-25 18:00:00,00000000270,20240225180000,0.052,0.0,0.058,0.0,0.0,0.0,1.0,0.0,111.54,4,0.0,0.0,589376
2024-02-25 19:00:00,00000000270,20240225190000,0.051,0.001,0.055,0.0,0.0,0.0,1.0,1.96,107.84,4,0.0,0.0,589376
2024-02-25 20:00:00,00000000270,20240225200000,0.046,0.001,0.056,0.0,0.0,0.0,1.0,2.17,121.74,4,0.0,0.0,589376
2024-02-25 21:00:00,00000000270,20240225210000,0.032,0.001,0.057,0.0,0.0,0.0,1.0,3.12,178.12,4,0.0,0.0,589376
2024-02-25 22:00:00,00000000270,20240225220000,0.045,0.0,0.057,0.0,0.0,0.0,1.0,0.0,126.67,4,0.0,0.0,589376
2024-02-25 23:00:00,00000000270,20240225230000,0.051,0.001,0.057,0.0,0.0,0.0,1.0,1.96,111.76,4,0.0,0.0,589376
2024-02-26 00:00:00,00000000270,20240226000000,0.052,0.001,0.058,0.0,0.0,0.0,1.0,1.92,111.54,4,0.0,0.0,589376
2024-02-26 01:00:00,00000000270,20240226010000,0.043,0.0,0.06,0.0,0.0,0.0,1.0,0.0,139.53,4,0.0,0.0,589376
2024-02-26 02:00:00,00000000270,20240226020000,0.035,0.001,0.062,0.0,0.0,0.0,1.0,2.86,177.14,4,0.0,0.0,589376
2024-02-26 03:00:00,00000000270,20240226030000,0.048,0.001,0.06,0.0,0.0,0.0,1.0,2.08,125.0,4,0.0,0.0,589376
2024-02-26 04:00:00,00000000270,20240226040000,0.052,0.0,0.061,0.0,0.0,0.0,1.0,0.0,117.31,4,0.0,0.0,589376
2024-02-26 05:00:00,00000000270,20240226050000,0.052,0.001,0.061,0.0,0.0,0.0,1.0,1.92,117.31,4,0.0,0.0,589376
2024-02-26 06:00:00,00000000270,20240226060000,0.034,0.001,0.062,0.0,0.0,0.0,1.0,2.94,182.35,4,0.0,0.0,589376
2024-02-26 07:00:00,00000000270,20240226070000,0.101,0.001,0.059,0.0,0.0,0.0,1.0,0.99,58.42,4,0.0,0.0,589376
2024-02-26 08:00:00,00000000270,20240226080000,0.099,0.0,0.056,0.0,0.0,0.0,1.0,0.0,56.57,4,0.0,0.0,589376
2024-02-26 09:00:00,00000000270,20240226090000,0.052,0.001,0.059,0.0,0.0,0.0,1.0,1.92,113.46,4,0.0,0.0,589376
2024-02-26 10:00:00,00000000270,20240226100000,0.037,0.001,0.059,0.0,0.0,0.0,1.0,2.7,159.46,4,0.0,0.0,589376
2024-02-26 11:00:00,00000000270,20240226110000,0.039,0.001,0.059,0.0,0.0,0.0,1.0,2.56,151.28,4,0.0,0.0,589376
2024-02-26 12:00:00,00000000270,20240226120000,0.049,0.0,0.059,0.0,0.0,0.0,1.0,0.0,120.41,4,0.0,0.0,589376
2024-02-26 13:00:00,00000000270,20240226130000,0.051,0.001,0.058,0.0,0.0,0.0,1.0,1.96,113.73,4,0.0,0.0,589376
2024-02-26 14:00:00,00000000270,20240226140000,0.051,0.001,0.059,0.0,0.0,0.0,1.0,1.96,115.69,4,0.0,0.0,589376
2024-02-26 15:00:00,00000000270,20240226150000,0.046,0.001,0.06,0.0,0.0,0.0,1.0,2.17,130.43,4,0.0,0.0,589376
2024-02-26 16:00:00,00000000270,20240226160000,0.039,0.0,0.059,0.0,0.0,0.0,1.0,0.0,151.28,4,0.0,0.0,589376
2024-02-26 17:00:00,00000000270,20240226170000,0.041,0.001,0.06,0.0,0.0,0.0,1.0,2.44,146.34,4,0.0,0.0,589376
2024-02-26 18:00:00,00000000270,20240226180000,0.05,0.001,0.057,0.0,0.0,0.0,1.0,2.0,114.0,4,0.0,0.0,589376
2024-02-26 19:00:00,00000000270,20240226190000,0.049,0.0,0.055,0.0,0.0,0.0,1.0,0.0,112.24,4,0.0,0.0,589376
2024-02-26 20:00:00,00000000270,20240226200000,0.049,0.001,0.055,0.0,0.0,0.0,1.0,2.04,112.24,4,0.0,0.0,589376
2024-02-26 21:00:00,00000000270,20240226210000,0.033,0.001,0.058,0.0,0.0,0.0,1.0,3.03,175.76,4,0.0,0.0,589376
2024-02-26 22:00:00,00000000270,20240226220000,0.044,0.001,0.057,0.0,0.0,0.0,1.0,2.27,129.55,4,0.0,0.0,589376
2024-02-26 23:00:00,00000000270,20240226230000,0.049,0.0,0.058,0.0,0.0,0.0,1.0,0.0,118.37,4,0.0,0.0,589376
2024-02-27 00:00:00,00000000270,20240227000000,0.051,0.001,0.058,0.0,0.0,0.0,1.0,1.96,113.73,4,0.0,0.0,589376
2024-02-27 01:00:00,00000000270,20240227010000,0.046,0.001,0.06,0.0,0.0,0.0,1.0,2.17,130.43,4,0.0,0.0,589376
2024-02-27 02:00:00,00000000270,20240227020000,0.03,0.001,0.061,0.0,0.0,0.0,1.0,3.33,203.33,4,0.0,0.0,589376
2024-02-27 03:00:00,00000000270,20240227030000,0.049,0.0,0.06,0.0,0.0,0.0,1.0,0.0,122.45,4,0.0,0.0,589376
2024-02-27 04:00:00,00000000270,20240227040000,0.052,0.001,0.06,0.0,0.0,0.0,1.0,1.92,115.38,4,0.0,0.0,589376
2024-02-27 05:00:00,00000000270,20240227050000,0.051,0.001,0.061,0.0,0.0,0.0,1.0,1.96,119.61,4,0.0,0.0,589376
2024-02-27 06:00:00,00000000270,20240227060000,0.041,0.0,0.06,0.0,0.0,0.0,1.0,0.0,146.34,4,0.0,0.0,589376
2024-02-27 07:00:00,00000000270,20240227070000,0.034,0.001,0.061,0.0,0.0,0.0,1.0,2.94,179.41,4,0.0,0.0,589376
2024-02-27 08:00:00,00000000270,20240227080000,0.05,0.001,0.059,0.0,0.0,0.0,1.0,2.0,118.0,4,0.0,0.0,589376
2024-02-27 09:00:00,00000000270,20240227090000,0.123,0.001,0.06,0.0,0.0,0.0,1.0,0.81,48.78,4,0.0,0.0,589376
2024-02-27 10:00:00,00000000270,20240227100000,0.066,0.0,0.058,0.0,0.0,0.0,1.0,0.0,87.88,4,0.0,0.0,589376
2024-02-27 11:00:00,00000000270,20240227110000,0.05,0.001,0.06,0.0,0.0,0.0,1.0,2.0,120.0,4,0.0,0.0,589376
2024-02-27 12:00:00,00000000270,20240227120000,0.05,0.001,0.061,0.0,0.0,0.0,1.0,2.0,122.0,4,0.0,0.0,589376
2024-02-27 13:00:00,00000000270,20240227130000,0.051,0.0,0.062,0.0,0.0,0.0,1.0,0.0,121.57,4,0.0,0.0,589376
2024-02-27 14:00:00,00000000270,20240227140000,0.053,0.001,0.062,0.0,0.0,0.0,1.0,1.89,116.98,4,0.0,0.0,589376
2024-02-27 15:00:00,00000000270,20240227150000,0.039,0.001,0.062,0.0,0.0,0.0,1.0,2.56,158.97,4,0.0,0.0,589376
2024-02-27 16:00:00,00000000270,20240227160000,0.036,0.0,0.062,0.0,0.0,0.0,1.0,0.0,172.22,4,0.0,0.0,589376
2024-02-27 17:00:00,00000000270,20240227170000,0.053,0.001,0.06,0.0,0.0,0.0,1.0,1.89,113.21,4,0.0,0.0,589376
2024-02-27 18:00:00,00000000270,20240227180000,0.053,0.001,0.059,0.0,0.0,0.0,1.0,1.89,111.32,4,0.0,0.0,589376
2024-02-27 19:00:00,00000000270,20240227190000,0.051,0.001,0.055,0.0,0.0,0.0,1.0,1.96,107.84,4,0.0,0.0,589376
2024-02-27 20:00:00,00000000270,20240227200000,0.048,0.0,0.053,0.0,0.0,0.0,1.0,0.0,110.42,4,0.0,0.0,589376
2024-02-27 21:00:00,00000000270,20240227210000,0.034,0.001,0.056,0.0,0.0,0.0,1.0,2.94,164.71,4,0.0,0.0,589376
2024-02-27 22:00:00,00000000270,20240227220000,0.039,0.0,0.056,0.0,0.0,0.0,1.0,0.0,143.59,4,0.0,0.0,589376
2024-02-27 23:00:00,00000000270,20240227230000,0.05,0.001,0.057,0.0,0.0,0.0,1.0,2.0,114.0,4,0.0,0.0,589376
2024-02-28 00:00:00,00000000270,20240228000000,0.05,0.0,0.058,0.0,0.0,0.0,1.0,0.0,116.0,4,0.0,0.0,589376
2024-02-28 01:00:00,00000000270,20240228010000,0.052,0.001,0.059,0.0,0.0,0.0,1.0,1.92,113.46,4,0.0,0.0,589376
2024-02-28 02:00:00,00000000270,20240228020000,0.039,0.001,0.06,0.0,0.0,0.0,1.0,2.56,153.85,4,0.0,0.0,589376
2024-02-28 03:00:00,00000000270,20240228030000,0.035,0.001,0.062,0.0,0.0,0.0,1.0,2.86,177.14,4,0.0,0.0,589376
2024-02-28 04:00:00,00000000270,20240228040000,0.052,0.0,0.06,0.0,0.0,0.0,1.0,0.0,115.38,4,0.0,0.0,589376
2024-02-28 05:00:00,00000000270,20240228050000,0.051,0.001,0.06,0.0,0.0,0.0,1.0,1.96,117.65,4,0.0,0.0,589376
2024-02-28 06:00:00,00000000270,20240228060000,0.048,0.001,0.059,0.0,0.0,0.0,1.0,2.08,122.92,4,0.0,0.0,589376
2024-02-28 07:00:00,00000000270,20240228070000,0.043,0.001,0.06,0.0,0.0,0.0,1.0,2.33,139.53,4,0.0,0.0,589376
2024-02-28 08:00:00,00000000270,20240228080000,0.034,0.0,0.061,0.0,0.0,0.0,1.0,0.0,179.41,4,0.0,0.0,589376
2024-02-28 09:00:00,00000000270,20240228090000,0.052,0.001,0.06,0.0,0.0,0.0,1.0,1.92,115.38,4,0.0,0.0,589376
2024-02-28 10:00:00,00000000270,20240228100000,0.102,0.001,0.06,0.0,0.0,0.0,1.0,0.98,58.82,4,0.0,0.0,589376
2024-02-28 11:00:00,00000000270,20240228110000,0.1,0.001,0.056,0.0,0.0,0.0,1.0,1.0,56.0,4,0.0,0.0,589376
2024-02-28 12:00:00,00000000270,20240228120000,0.054,0.0,0.06,0.0,0.0,0.0,1.0,0.0,111.11,4,0.0,0.0,589376
2024-02-28 13:00:00,00000000270,20240228130000,0.041,0.001,0.062,0.0,0.0,0.0,1.0,2.44,151.22,4,0.0,0.0,589376
2024-02-28 14:00:00,00000000270,20240228140000,0.039,0.001,0.064,0.0,0.0,0.0,1.0,2.56,164.1,4,0.0,0.0,589376
2024-02-28 15:00:00,00000000270,20240228150000,0.053,0.0,0.061,0.0,0.0,0.0,1.0,0.0,115.09,4,0.0,0.0,589376
2024-02-28 16:00:00,00000000270,20240228160000,0.051,0.001,0.061,0.0,0.0,0.0,1.0,1.96,119.61,4,0.0,0.0,589376
2024-02-28 17:00:00,00000000270,20240228170000,0.051,0.001,0.06,0.0,0.0,0.0,1.0,1.96,117.65,4,0.0,0.0,589376
2024-02-28 18:00:00,00000000270,20240228180000,0.052,0.001,0.059,0.0,0.0,0.0,1.0,1.92,113.46,4,0.0,0.0,589376
2024-02-28 19:00:00,00000000270,20240228190000,0.037,0.0,0.056,0.0,0.0,0.0,1.0,0.0,151.35,4,0.0,0.0,589376
2024-02-28 20:00:00,00000000270,20240228200000,0.038,0.001,0.055,0.0,0.0,0.0,1.0,2.63,144.74,4,0.0,0.0,589376
2024-02-28 21:00:00,00000000270,20240228210000,0.049,0.001,0.055,0.0,0.0,0.0,1.0,2.04,112.24,4,0.0,0.0,589376
2024-02-28 22:00:00,00000000270,20240228220000,0.052,0.0,0.056,0.0,0.0,0.0,1.0,0.0,107.69,4,0.0,0.0,589376
2024-02-28 23:00:00,00000000270,20240228230000,0.051,0.001,0.058,0.0,0.0,0.0,1.0,1.96,113.73,4,0.0,0.0,589376
2024-02-29 00:00:00,00000000270,20240229000000,0.041,0.001,0.058,0.0,0.0,0.0,1.0,2.44,141.46,4,0.0,0.0,589376
2024-02-29 01:00:00,00000000270,20240229010000,0.034,0.001,0.06,0.0,0.0,0.0,1.0,2.94,176.47,4,0.0,0.0,589376
2024-02-29 02:00:00,00000000270,20240229020000,0.051,0.0,0.059,0.0,0.0,0.0,1.0,0.0,115.69,4,0.0,0.0,589376
2024-02-29 03:00:00,00000000270,20240229030000,0.051,0.001,0.06,0.0,0.0,0.0,1.0,1.96,117.65,4,0.0,0.0,589376
2024-02-29 04:00:00,00000000270,20240229040000,0.052,0.001,0.06,0.0,0.0,0.0,1.0,1.92,115.38,4,0.0,0.0,589376
2024-02-29 05:00:00,00000000270,20240229050000,0.045,0.001,0.06,0.0,0.0,0.0,1.0,2.22,133.33,4,0.0,0.0,589376
2024-02-29 06:00:00,00000000270,20240229060000,0.029,0.0,0.061,0.0,0.0,0.0,1.0,0.0,210.34,4,0.0,0.0,589376
2024-02-29 07:00:00,00000000270,20240229070000,0.051,0.001,0.058,0.0,0.0,0.0,1.0,1.96,113.73,4,0.0,0.0,589376
2024-02-29 08:00:00,00000000270,20240229080000,0.052,0.001,0.058,0.0,0.0,0.0,1.0,1.92,111.54,4,0.0,0.0,589376
2024-02-29 09:00:00,00000000270,20240229090000,0.051,0.0,0.059,0.0,0.0,0.0,1.0,0.0,115.69,4,0.0,0.0,589376
2024-02-29 10:00:00,00000000270,20240229100000,0.035,0.001,0.06,0.0,0.0,0.0,1.0,2.86,171.43,4,0.0,0.0,589376
2024-02-29 11:00:00,00000000270,20240229110000,0.043,0.001,0.059,0.0,0.0,0.0,1.0,2.33,137.21,4,0.0,0.0,589376
2024-02-29 12:00:00,00000000270,20240229120000,0.123,0.001,0.059,0.0,0.0,0.0,1.0,0.81,47.97,4,0.0,0.0,589376
2024-02-29 13:00:00,00000000270,20240229130000,0.082,0.0,0.056,0.0,0.0,0.0,1.0,0.0,68.29,4,0.0,0.0,589376
2024-02-29 14:00:00,00000000270,20240229140000,0.054,0.001,0.059,0.0,0.0,0.0,1.0,1.85,109.26,4,0.0,0.0,589376
2024-02-29 15:00:00,00000000270,20240229150000,0.051,0.001,0.059,0.0,0.0,0.0,1.0,1.96,115.69,4,0.0,0.0,589376
2024-02-29 16:00:00,00000000270,20240229160000,0.037,0.001,0.06,0.0,0.0,0.0,1.0,2.7,162.16,4,0.0,0.0,589376
2024-02-29 17:00:00,00000000270,20240229170000,0.041,0.0,0.059,0.0,0.0,0.0,1.0,0.0,143.9,4,0.0,0.0,589376
2024-02-29 18:00:00,00000000270,20240229180000,0.051,0.001,0.059,0.0,0.0,0.0,1.0,1.96,115.69,4,0.0,0.0,589376
2024-02-29 19:00:00,00000000270,20240229190000,0.051,0.001,0.054,0.0,0.0,0.0,1.0,1.96,105.88,4,0.0,0.0,589376
2024-02-29 20:00:00,00000000270,20240229200000,0.05,0.0,0.055,0.0,0.0,0.0,1.0,0.0,110.0,4,0.0,0.0,589376
2024-02-29 21:00:00,00000000270,20240229210000,0.048,0.001,0.057,0.0,0.0,0.0,1.0,2.08,118.75,4,0.0,0.0,589376
2024-02-29 22:00:00,00000000270,20240229220000,0.032,0.0,0.057,0.0,0.0,0.0,1.0,0.0,178.12,4,0.0,0.0,589376
2024-02-29 23:00:00,00000000270,20240229230000,0.046,0.001,0.059,0.0,0.0,0.0,1.0,2.17,128.26,4,0.0,0.0,589376
2024-03-01 00:00:00,00000000270,20240301000000,0.053,0.001,0.058,0.0,0.0,0.0,1.0,1.89,109.43,4,0.0,0.0,589376
2024-03-01 01:00:00,00000000270,20240301010000,0.049,0.0,0.059,0.0,0.0,0.0,1.0,0.0,120.41,4,0.0,0.0,589376
2024-03-01 02:00:00,00000000270,20240301020000,0.051,0.001,0.06,0.0,0.0,0.0,1.0,1.96,117.65,4,0.0,0.0,589376
2024-03-01 03:00:00,00000000270,20240301030000,0.04,0.001,0.062,0.0,0.0,0.0,1.0,2.5,155.0,4,0.0,0.0,589376
2024-03-01 04:00:00,00000000270,20240301040000,0.038,0.001,0.062,0.0,0.0,0.0,1.0,2.63,163.16,4,0.0,0.0,589376
2024-03-01 05:00:00,00000000270,20240301050000,0.05,0.0,0.06,0.0,0.0,0.0,1.0,0.0,120.0,4,0.0,0.0,589376
2024-03-01 06:00:00,00000000270,20240301060000,0.051,0.001,0.06,0.0,0.0,0.0,1.0,1.96,117.65,4,0.0,0.0,589376
2024-03-01 07:00:00,00000000270,20240301070000,0.051,0.001,0.059,0.0,0.0,0.0,1.0,1.96,115.69,4,0.0,0.0,589376
2024-03-01 08:00:00,00000000270,20240301080000,0.043,0.0,0.06,0.0,0.0,0.0,1.0,0.0,139.53,4,0.0,0.0,589376
2024-03-01 09:00:00,00000000270,20240301090000,0.035,0.001,0.059,0.0,0.0,0.0,1.0,2.86,168.57,4,0.0,0.0,589376
2024-03-01 10:00:00,00000000270,20240301100000,0.049,0.001,0.058,0.0,0.0,0.0,1.0,2.04,118.37,4,0.0,0.0,589376
2024-03-01 11:00:00,00000000270,20240301110000,0.051,0.001,0.058,0.0,0.0,0.0,1.0,1.96,113.73,4,0.0,0.0,589376
2024-03-01 12:00:00,00000000270,20240301120000,0.052,0.0,0.059,0.0,0.0,0.0,1.0,0.0,113.46,4,0.0,0.0,589376
2024-03-01 13:00:00,00000000270,20240301130000,0.043,0.001,0.06,0.0,0.0,0.0,1.0,2.33,139.53,4,0.0,0.0,589376
2024-03-01 14:00:00,00000000270,20240301140000,0.133,0.001,0.057,0.0,0.0,0.0,1.0,0.75,42.86,4,0.0,0.0,589376
2024-03-01 15:00:00,00000000270,20240301150000,0.055,0.0,0.058,0.0,0.0,0.0,1.0,0.0,105.45,4,0.0,0.0,589376
2024-03-01 16:00:00,00000000270,20240301160000,0.056,0.001,0.058,0.0,0.0,0.0,1.0,1.79,103.57,4,0.0,0.0,589376
2024-03-01 17:00:00,00000000270,20240301170000,0.049,0.001,0.058,0.0,0.0,0.0,1.0,2.04,118.37,4,0.0,0.0,589376
2024-03-01 18:00:00,00000000270,20240301180000,0.051,0.001,0.056,0.0,0.0,0.0,1.0,1.96,109.8,4,0.0,0.0,589376
2024-03-01 19:00:00,00000000270,20240301190000,0.045,0.0,0.055,0.0,0.0,0.0,1.0,0.0,122.22,4,0.0,0.0,589376
2024-03-01 20:00:00,00000000270,20240301200000,0.034,0.001,0.056,0.0,0.0,0.0,1.0,2.94,164.71,4,0.0,0.0,589376
2024-03-01 21:00:00,00000000270,20240301210000,0.046,0.0,0.056,0.0,0.0,0.0,1.0,0.0,121.74,4,0.0,0.0,589376
2024-03-01 22:00:00,00000000270,20240301220000,0.049,0.0,0.056,0.0,0.0,0.0,1.0,0.0,114.29,4,0.0,0.0,589376
2024-03-01 23:00:00,00000000270,20240301230000,0.051,0.001,0.058,0.0,0.0,0.0,1.0,1.96,113.73,4,0.0,0.0,589376
2024-03-02 00:00:00,00000000270,20240302000000,0.047,0.001,0.057,0.0,0.0,0.0,1.0,2.13,121.28,4,0.0,0.0,589376
2024-03-02 01:00:00,00000000270,20240302010000,0.036,0.001,0.061,0.0,0.0,0.0,1.0,2.78,169.44,4,0.0,0.0,589376
2024-03-02 02:00:00,00000000270,20240302020000,0.044,0.0,0.059,0.0,0.0,0.0,1.0,0.0,134.09,4,0.0,0.0,589376
2024-03-02 03:00:00,00000000270,20240302030000,0.052,0.001,0.06,0.0,0.0,0.0,1.0,1.92,115.38,4,0.0,0.0,589376
2024-03-02 04:00:00,00000000270,20240302040000,0.052,0.001,0.059,0.0,0.0,0.0,1.0,1.92,113.46,4,0.0,0.0,589376
2024-03-02 05:00:00,00000000270,20240302050000,0.044,0.0,0.059,0.0,0.0,0.0,1.0,0.0,134.09,4,0.0,0.0,589376
2024-03-02 06:00:00,00000000270,20240302060000,0.032,0.001,0.062,0.0,0.0,0.0,1.0,3.12,193.75,4,0.0,0.0,589376
2024-03-02 07:00:00,00000000270,20240302070000,0.051,0.001,0.06,0.0,0.0,0.0,1.0,1.96,117.65,4,0.0,0.0,589376
2024-03-02 08:00:00,00000000270,20240302080000,0.048,0.0,0.058,0.0,0.0,0.0,1.0,0.0,120.83,4,0.0,0.0,589376
2024-03-02 09:00:00,00000000270,20240302090000,0.052,0.001,0.059,0.0,0.0,0.0,1.0,1.92,113.46,4,0.0,0.0,589376
2024-03-02 10:00:00,00000000270,20240302100000,0.045,0.001,0.059,0.0,0.0,0.0,1.0,2.22,131.11,4,0.0,0.0,589376
2024-03-02 11:00:00,00000000270,20240302110000,0.03,0.001,0.06,0.0,0.0,0.0,1.0,3.33,200.0,4,0.0,0.0,589376
2024-03-02 12:00:00,00000000270,20240302120000,0.051,0.0,0.06,0.0,0.0,0.0,1.0,0.0,117.65,4,0.0,0.0,589376
2024-03-02 13:00:00,00000000270,20240302130000,0.053,0.001,0.06,0.0,0.0,0.0,1.0,1.89,113.21,4,0.0,0.0,589376
2024-03-02 14:00:00,00000000270,20240302140000,0.052,0.001,0.059,0.0,0.0,0.0,1.0,1.92,113.46,4,0.0,0.0,589376
2024-03-02 15:00:00,00000000270,20240302150000,0.085,0.0,0.062,0.0,0.0,0.0,1.0,0.0,72.94,4,0.0,0.0,589376
2024-03-02 16:00:00,00000000270,20240302160000,0.101,0.001,0.055,0.0,0.0,0.0,1.0,0.99,54.46,4,0.0,0.0,589376
2024-03-02 17:00:00,00000000270,20240302170000,0.273,0.001,0.059,0.0,0.0,0.0,1.0,0.37,21.61,4,0.0,0.0,589376
2024-03-02 18:00:00,00000000270,20240302180000,0.048,0.001,0.058,0.0,0.0,0.0,1.0,2.08,120.83,4,0.0,0.0,589376
2024-03-02 19:00:00,00000000270,20240302190000,0.149,0.0,0.059,0.0,0.0,0.0,1.0,0.0,39.6,4,0.0,0.0,589376
2024-03-02 20:00:00,00000000270,20240302200000,0.614,0.001,0.062,0.0,0.0,0.0,1.0,0.16,10.1,4,0.0,0.0,589376
2024-03-02 21:00:00,00000000270,20240302210000,0.624,0.0,0.064,0.0,0.0,0.0,1.0,0.0,10.26,4,0.0,0.0,589376
2024-03-02 22:00:00,00000000270,20240302220000,0.497,0.0,0.063,0.0,0.0,0.0,1.0,0.0,12.68,4,0.0,0.0,589376
2024-03-02 23:00:00,00000000270,20240302230000,0.055,0.001,0.058,0.0,0.0,0.0,1.0,1.82,105.45,4,0.0,0.0,589376
2024-03-03 00:00:00,00000000270,20240303000000,0.046,0.001,0.057,0.0,0.0,0.0,1.0,2.17,123.91,4,0.0,0.0,589376
2024-03-03 01:00:00,00000000270,20240303010000,0.04,0.0,0.06,0.0,0.0,0.0,1.0,0.0,150.0,4,0.0,0.0,589376
2024-03-03 02:00:00,00000000270,20240303020000,0.043,0.001,0.061,0.0,0.0,0.0,1.0,2.33,141.86,4,0.0,0.0,589376
2024-03-03 03:00:00,00000000270,20240303030000,0.051,0.001,0.06,0.0,0.0,0.0,1.0,1.96,117.65,4,0.0,0.0,589376
2024-03-03 04:00:00,00000000270,20240303040000,0.048,0.001,0.06,0.0,0.0,0.0,1.0,2.08,125.0,4,0.0,0.0,589376
2024-03-03 05:00:00,00000000270,20240303050000,0.052,0.0,0.06,0.0,0.0,0.0,1.0,0.0,115.38,4,0.0,0.0,589376
2024-03-03 06:00:00,00000000270,20240303060000,0.041,0.001,0.061,0.0,0.0,0.0,1.0,2.44,148.78,4,0.0,0.0,589376
2024-03-03 07:00:00,00000000270,20240303070000,0.037,0.001,0.062,0.0,0.0,0.0,1.0,2.7,167.57,4,0.0,0.0,589376
2024-03-03 08:00:00,00000000270,20240303080000,0.05,0.0,0.061,0.0,0.0,0.0,1.0,0.0,122.0,4,0.0,0.0,589376
2024-03-03 09:00:00,00000000270,20240303090000,0.055,0.001,0.061,0.0,0.0,0.0,1.0,1.82,110.91,4,0.0,0.0,589376
2024-03-03 10:00:00,00000000270,20240303100000,0.213,0.017,0.051,0.0,0.0,0.0,1.0,7.98,23.94,4,0.0,0.0,589376
2024-03-03 11:00:00,00000000270,20240303110000,0.148,0.0,0.058,0.0,0.0,0.0,1.0,0.0,39.19,4,0.0,0.0,589376
2024-03-03 12:00:00,00000000270,20240303120000,0.049,0.001,0.061,0.0,0.0,0.0,1.0,2.04,124.49,4,0.0,0.0,589376
2024-03-03 13:00:00,00000000270,20240303130000,0.046,0.001,0.06,0.0,0.0,0.0,1.0,2.17,130.43,4,0.0,0.0,589376
2024-03-03 14:00:00,00000000270,20240303140000,0.053,0.0,0.061,0.0,0.0,0.0,1.0,0.0,115.09,4,0.0,0.0,589376
2024-03-03 15:00:00,00000000270,20240303150000,0.051,0.001,0.061,0.0,0.0,0.0,1.0,1.96,119.61,4,0.0,0.0,589376
2024-03-03 16:00:00,00000000270,20240303160000,0.209,0.001,0.061,0.0,0.0,0.0,1.0,0.48,29.19,4,0.0,0.0,589376
2024-03-03 17:00:00,00000000270,20240303170000,0.05,0.0,0.059,0.0,0.0,0.0,1.0,0.0,118.0,4,0.0,0.0,589376
2024-03-03 18:00:00,00000000270,20240303180000,0.062,0.001,0.059,0.0,0.0,0.0,1.0,1.61,95.16,4,0.0,0.0,589376
2024-03-03 19:00:00,00000000270,20240303190000,0.04,0.001,0.056,0.0,0.0,0.0,1.0,2.5,140.0,4,0.0,0.0,589376
2024-03-03 20:00:00,00000000270,20240303200000,0.038,0.001,0.055,0.0,0.0,0.0,1.0,2.63,144.74,4,0.0,0.0,589376
2024-03-03 21:00:00,00000000270,20240303210000,0.189,0.0,0.057,0.0,0.0,0.0,1.0,0.0,30.16,4,0.0,0.0,589376
2024-03-03 22:00:00,00000000270,20240303220000,0.425,0.001,0.061,0.0,0.0,0.0,1.0,0.24,14.35,4,0.0,0.0,589376
2024-03-03 23:00:00,00000000270,20240303230000,0.055,0.001,0.058,0.0,0.0,0.0,1.0,1.82,105.45,4,0.0,0.0,589376
2024-03-04 00:00:00,00000000270,20240304000000,0.054,0.001,0.057,0.0,0.0,0.0,1.0,1.85,105.56,4,0.0,0.0,589376
2024-03-04 01:00:00,00000000270,20240304010000,0.044,0.001,0.061,0.0,0.0,0.0,1.0,2.27,138.64,4,0.0,0.0,589376
2024-03-04 02:00:00,00000000270,20240304020000,0.038,0.0,0.061,0.0,0.0,0.0,1.0,0.0,160.53,4,0.0,0.0,589376
2024-03-04 03:00:00,00000000270,20240304030000,0.055,0.001,0.06,0.0,0.0,0.0,1.0,1.82,109.09,4,0.0,0.0,589376
2024-03-04 04:00:00,00000000270,20240304040000,0.052,0.001,0.06,0.0,0.0,0.0,1.0,1.92,115.38,4,0.0,0.0,589376
2024-03-04 05:00:00,00000000270,20240304050000,0.053,0.001,0.06,0.0,0.0,0.0,1.0,1.89,113.21,4,0.0,0.0,589376
2024-03-04 06:00:00,00000000270,20240304060000,0.148,0.0,0.057,0.0,0.0,0.0,1.0,0.0,38.51,4,0.0,0.0,589376
2024-03-04 07:00:00,00000000270,20240304070000,0.052,0.001,0.059,0.0,0.0,0.0,1.0,1.92,113.46,4,0.0,0.0,589376
2024-03-04 08:00:00,00000000270,20240304080000,0.047,0.001,0.06,0.0,0.0,0.0,1.0,2.13,127.66,4,0.0,0.0,589376
2024-03-04 09:00:00,00000000270,20240304090000,0.132,0.0,0.058,0.0,0.0,0.0,1.0,0.0,43.94,4,0.0,0.0,589376
2024-03-04 10:00:00,00000000270,20240304100000,0.052,0.001,0.058,0.0,0.0,0.0,1.0,1.92,111.54,4,0.0,0.0,589376
2024-03-04 11:00:00,00000000270,20240304110000,0.053,0.001,0.058,0.0,0.0,0.0,1.0,1.89,109.43,4,0.0,0.0,589376
2024-03-04 12:00:00,00000000270,20240304120000,0.048,0.001,0.059,0.0,0.0,0.0,1.0,2.08,122.92,4,0.0,0.0,589376
2024-03-04 13:00:00,00000000270,20240304130000,0.05,0.0,0.058,0.0,0.0,0.0,1.0,0.0,116.0,4,0.0,0.0,589376
2024-03-04 14:00:00,00000000270,20240304140000,0.052,0.001,0.059,0.0,0.0,0.0,1.0,1.92,113.46,4,0.0,0.0,589376
2024-03-04 15:00:00,00000000270,20240304150000,0.043,0.001,0.06,0.0,0.0,0.0,1.0,2.33,139.53,4,0.0,0.0,589376
2024-03-04 16:00:00,00000000270,20240304160000,0.037,0.0,0.061,0.0,0.0,0.0,1.0,0.0,164.86,4,0.0,0.0,589376
2024-03-04 17:00:00,00000000270,20240304170000,0.049,0.001,0.06,0.0,0.0,0.0,1.0,2.04,122.45,4,0.0,0.0,589376
2024-03-04 18:00:00,00000000270,20240304180000,0.056,0.001,0.058,0.0,0.0,0.0,1.0,1.79,103.57,4,0.0,0.0,589376
2024-03-04 19:00:00,00000000270,20240304190000,0.07,0.0,0.06,0.0,0.0,0.0,1.0,0.0,85.71,4,0.0,0.0,589376
2024-03-04 20:00:00,00000000270,20240304200000,0.075,0.001,0.063,0.0,0.0,0.0,1.0,1.33,84.0,4,0.0,0.0,589376
2024-03-04 21:00:00,00000000270,20240304210000,0.086,0.009,0.044,0.0,0.0,0.0,1.0,10.47,51.16,4,0.0,0.0,589376
2024-03-04 22:00:00,00000000270,20240304220000,0.539,0.008,0.03,0.0,0.0,0.0,1.0,1.48,5.57,4,0.0,0.0,589376
2024-03-04 23:00:00,00000000270,20240304230000,0.488,0.001,0.062,0.0,0.0,0.0,1.0,0.2,12.7,4,0.0,0.0,589376
2024-03-05 00:00:00,00000000270,20240305000000,0.052,0.0,0.057,0.0,0.0,0.0,1.0,0.0,109.62,4,0.0,0.0,589376
2024-03-05 01:00:00,00000000270,20240305010000,0.129,0.001,0.058,0.0,0.0,0.0,1.0,0.78,44.96,4,0.0,0.0,589376
2024-03-05 02:00:00,00000000270,20240305020000,0.08,0.0,0.055,0.0,0.0,0.0,1.0,0.0,68.75,4,0.0,0.0,589376
2024-03-05 03:00:00,00000000270,20240305030000,0.055,0.001,0.058,0.0,0.0,0.0,1.0,1.82,105.45,4,0.0,0.0,589376
2024-03-05 04:00:00,00000000270,20240305040000,0.049,0.001,0.06,0.0,0.0,0.0,1.0,2.04,122.45,4,0.0,0.0,589376
2024-03-05 05:00:00,00000000270,20240305050000,0.08,0.005,0.057,0.0,0.0,0.0,1.0,6.25,71.25,4,0.0,0.0,589376
2024-03-05 06:00:00,00000000270,20240305060000,0.043,0.001,0.058,0.0,0.0,0.0,1.0,2.33,134.88,4,0.0,0.0,589376
2024-03-05 07:00:00,00000000270,20240305070000,0.046,0.001,0.059,0.0,0.0,0.0,1.0,2.17,128.26,4,0.0,0.0,589376
2024-03-05 08:00:00,00000000270,20240305080000,0.047,0.001,0.059,0.0,0.0,0.0,1.0,2.13,125.53,4,0.0,0.0,589376
2024-03-05 09:00:00,00000000270,20240305090000,0.042,0.0,0.057,0.0,0.0,0.0,1.0,0.0,135.71,4,0.0,0.0,589376
2024-03-05 10:00:00,00000000270,20240305100000,0.05,0.001,0.057,0.0,0.0,0.0,1.0,2.0,114.0,4,0.0,0.0,589376
2024-03-05 11:00:00,00000000270,20240305110000,0.05,0.001,0.056,0.0,0.0,0.0,1.0,2.0,112.0,4,0.0,0.0,589376
2024-03-05 12:00:00,00000000270,20240305120000,0.051,0.0,0.058,0.0,0.0,0.0,1.0,0.0,113.73,4,0.0,0.0,589376
2024-03-05 13:00:00,00000000270,20240305130000,0.05,0.001,0.059,0.0,0.0,0.0,1.0,2.0,118.0,4,0.0,0.0,589376
2024-03-05 14:00:00,00000000270,20240305140000,0.049,0.001,0.057,0.0,0.0,0.0,1.0,2.04,116.33,4,0.0,0.0,589376
2024-03-05 15:00:00,00000000270,20240305150000,0.051,0.001,0.059,0.0,0.0,0.0,1.0,1.96,115.69,4,0.0,0.0,589376
2024-03-05 16:00:00,00000000270,20240305160000,0.049,0.0,0.059,0.0,0.0,0.0,1.0,0.0,120.41,4,0.0,0.0,589376
2024-03-05 17:00:00,00000000270,20240305170000,0.044,0.001,0.06,0.0,0.0,0.0,1.0,2.27,136.36,4,0.0,0.0,589376
2024-03-05 18:00:00,00000000270,20240305180000,0.045,0.001,0.059,0.0,0.0,0.0,1.0,2.22,131.11,4,0.0,0.0,589376
2024-03-05 19:00:00,00000000270,20240305190000,0.04,0.001,0.057,0.0,0.0,0.0,1.0,2.5,142.5,4,0.0,0.0,589376
2024-03-05 20:00:00,00000000270,20240305200000,0.132,0.0,0.054,0.0,0.0,0.0,1.0,0.0,40.91,4,0.0,0.0,589376
2024-03-05 21:00:00,00000000270,20240305210000,0.069,0.001,0.055,0.0,0.0,0.0,1.0,1.45,79.71,4,0.0,0.0,589376
2024-03-05 22:00:00,00000000270,20240305220000,0.053,0.001,0.056,0.0,0.0,0.0,1.0,1.89,105.66,4,0.0,0.0,589376
2024-03-05 23:00:00,00000000270,20240305230000,0.048,0.0,0.057,0.0,0.0,0.0,1.0,0.0,118.75,4,0.0,0.0,589376
2024-03-06 00:00:00,00000000270,20240306000000,0.051,0.001,0.058,0.0,0.0,0.0,1.0,1.96,113.73,4,0.0,0.0,589376
2024-03-06 01:00:00,00000000270,20240306010000,0.053,0.001,0.059,0.0,0.0,0.0,1.0,1.89,111.32,4,0.0,0.0,589376
2024-03-06 02:00:00,00000000270,20240306020000,0.033,0.0,0.062,0.0,0.0,0.0,1.0,0.0,187.88,4,0.0,0.0,589376
2024-03-06 03:00:00,00000000270,20240306030000,0.044,0.001,0.061,0.0,0.0,0.0,1.0,2.27,138.64,4,0.0,0.0,589376
2024-03-06 04:00:00,00000000270,20240306040000,0.052,0.001,0.061,0.0,0.0,0.0,1.0,1.92,117.31,4,0.0,0.0,589376
2024-03-06 05:00:00,00000000270,20240306050000,0.048,0.001,0.059,0.0,0.0,0.0,1.0,2.08,122.92,4,0.0,0.0,589376
2024-03-06 06:00:00,00000000270,20240306060000,0.052,0.0,0.06,0.0,0.0,0.0,1.0,0.0,115.38,4,0.0,0.0,589376
2024-03-06 07:00:00,00000000270,20240306070000,0.043,0.001,0.06,0.0,0.0,0.0,1.0,2.33,139.53,4,0.0,0.0,589376
2024-03-06 08:00:00,00000000270,20240306080000,0.034,0.001,0.061,0.0,0.0,0.0,1.0,2.94,179.41,4,0.0,0.0,589376
2024-03-06 09:00:00,00000000270,20240306090000,0.05,0.001,0.058,0.0,0.0,0.0,1.0,2.0,116.0,4,0.0,0.0,589376
2024-03-06 10:00:00,00000000270,20240306100000,0.047,0.0,0.058,0.0,0.0,0.0,1.0,0.0,123.4,4,0.0,0.0,589376
2024-03-06 11:00:00,00000000270,20240306110000,0.049,0.001,0.058,0.0,0.0,0.0,1.0,2.04,118.37,4,0.0,0.0,589376
2024-03-06 12:00:00,00000000270,20240306120000,0.049,0.001,0.06,0.0,0.0,0.0,1.0,2.04,122.45,4,0.0,0.0,589376
2024-03-06 13:00:00,00000000270,20240306130000,0.049,0.001,0.06,0.0,0.0,0.0,1.0,2.04,122.45,4,0.0,0.0,589376
2024-03-06 14:00:00,00000000270,20240306140000,0.035,0.0,0.06,0.0,0.0,0.0,1.0,0.0,171.43,4,0.0,0.0,589376
2024-03-06 15:00:00,00000000270,20240306150000,0.04,0.001,0.061,0.0,0.0,0.0,1.0,2.5,152.5,4,0.0,0.0,589376
2024-03-06 16:00:00,00000000270,20240306160000,0.053,0.001,0.06,0.0,0.0,0.0,1.0,1.89,113.21,4,0.0,0.0,589376
2024-03-06 17:00:00,00000000270,20240306170000,0.05,0.0,0.059,0.0,0.0,0.0,1.0,0.0,118.0,4,0.0,0.0,589376
2024-03-06 18:00:00,00000000270,20240306180000,0.05,0.001,0.058,0.0,0.0,0.0,1.0,2.0,116.0,4,0.0,0.0,589376
2024-03-06 19:00:00,00000000270,20240306190000,0.042,0.001,0.057,0.0,0.0,0.0,1.0,2.38,135.71,4,0.0,0.0,589376
2024-03-06 20:00:00,00000000270,20240306200000,0.035,0.0,0.056,0.0,0.0,0.0,1.0,0.0,160.0,4,0.0,0.0,589376
2024-03-06 21:00:00,00000000270,20240306210000,0.053,0.001,0.054,0.0,0.0,0.0,1.0,1.89,101.89,4,0.0,0.0,589376
2024-03-06 22:00:00,00000000270,20240306220000,0.137,0.001,0.053,0.0,0.0,0.0,1.0,0.73,38.69,4,0.0,0.0,589376
2024-03-06 23:00:00,00000000270,20240306230000,0.05,0.001,0.058,0.0,0.0,0.0,1.0,2.0,116.0,4,0.0,0.0,589376
2024-03-07 00:00:00,00000000270,20240307000000,0.041,0.0,0.058,0.0,0.0,0.0,1.0,0.0,141.46,4,0.0,0.0,589376
2024-03-07 01:00:00,00000000270,20240307010000,0.051,0.001,0.058,0.0,0.0,0.0,1.0,1.96,113.73,4,0.0,0.0,589376
2024-03-07 02:00:00,00000000270,20240307020000,0.049,0.001,0.059,0.0,0.0,0.0,1.0,2.04,120.41,4,0.0,0.0,589376
2024-03-07 03:00:00,00000000270,20240307030000,0.051,0.0,0.059,0.0,0.0,0.0,1.0,0.0,115.69,4,0.0,0.0,589376
2024-03-07 04:00:00,00000000270,20240307040000,0.046,0.001,0.061,0.0,0.0,0.0,1.0,2.17,132.61,4,0.0,0.0,589376
2024-03-07 05:00:00,00000000270,20240307050000,0.031,0.001,0.062,0.0,0.0,0.0,1.0,3.23,200.0,4,0.0,0.0,589376
2024-03-07 06:00:00,00000000270,20240307060000,0.051,0.001,0.059,0.0,0.0,0.0,1.0,1.96,115.69,4,0.0,0.0,589376
2024-03-07 07:00:00,00000000270,20240307070000,0.051,0.0,0.059,0.0,0.0,0.0,1.0,0.0,115.69,4,0.0,0.0,589376
2024-03-07 08:00:00,00000000270,20240307080000,0.051,0.001,0.059,0.0,0.0,0.0,1.0,1.96,115.69,4,0.0,0.0,589376
2024-03-07 09:00:00,00000000270,20240307090000,0.036,0.001,0.059,0.0,0.0,0.0,1.0,2.78,163.89,4,0.0,0.0,589376
2024-03-07 10:00:00,00000000270,20240307100000,0.039,0.001,0.06,0.0,0.0,0.0,1.0,2.56,153.85,4,0.0,0.0,589376
2024-03-07 11:00:00,00000000270,20240307110000,0.049,0.0,0.059,0.0,0.0,0.0,1.0,0.0,120.41,4,0.0,0.0,589376
2024-03-07 12:00:00,00000000270,20240307120000,0.054,0.001,0.06,0.0,0.0,0.0,1.0,1.85,111.11,4,0.0,0.0,589376
2024-03-07 13:00:00,00000000270,20240307130000,0.049,0.001,0.061,0.0,0.0,0.0,1.0,2.04,124.49,4,0.0,0.0,589376
2024-03-07 14:00:00,00000000270,20240307140000,0.028,0.0,0.06,0.0,0.0,0.0,1.0,0.0,214.29,4,0.0,0.0,589376
2024-03-07 15:00:00,00000000270,20240307150000,0.05,0.001,0.059,0.0,0.0,0.0,1.0,2.0,118.0,4,0.0,0.0,589376
2024-03-07 16:00:00,00000000270,20240307160000,0.042,0.0,0.037,0.0,0.0,0.0,1.0,0.0,88.1,4,0.0,0.0,589376
2024-03-07 17:00:00,00000000270,20240307170000,0.042,0.001,0.057,0.0,0.0,0.0,1.0,2.38,135.71,4,0.0,0.0,589376
2024-03-07 18:00:00,00000000270,20240307180000,0.042,0.001,0.059,0.0,0.0,0.0,1.0,2.38,140.48,4,0.0,0.0,589376
2024-03-07 19:00:00,00000000270,20240307190000,0.051,0.001,0.055,0.0,0.0,0.0,1.0,1.96,107.84,4,0.0,0.0,589376
2024-03-07 20:00:00,00000000270,20240307200000,0.051,0.0,0.056,0.0,0.0,0.0,1.0,0.0,109.8,4,0.0,0.0,589376
2024-03-07 21:00:00,00000000270,20240307210000,0.046,0.001,0.056,0.0,0.0,0.0,1.0,2.17,121.74,4,0.0,0.0,589376
2024-03-07 22:00:00,00000000270,20240307220000,0.032,0.001,0.058,0.0,0.0,0.0,1.0,3.12,181.25,4,0.0,0.0,589376
2024-03-07 23:00:00,00000000270,20240307230000,0.119,0.001,0.057,0.0,0.0,0.0,1.0,0.84,47.9,4,0.0,0.0,589376
2024-03-08 00:00:00,00000000270,20240308000000,0.08,0.0,0.054,0.0,0.0,0.0,1.0,0.0,67.5,4,0.0,0.0,589376
2024-03-08 01:00:00,00000000270,20240308010000,0.054,0.001,0.058,0.0,0.0,0.0,1.0,1.85,107.41,4,0.0,0.0,589376
2024-03-08 02:00:00,00000000270,20240308020000,0.045,0.001,0.061,0.0,0.0,0.0,1.0,2.22,135.56,4,0.0,0.0,589376
2024-03-08 03:00:00,00000000270,20240308030000,0.032,0.0,0.061,0.0,0.0,0.0,1.0,0.0,190.62,4,0.0,0.0,589376
2024-03-08 04:00:00,00000000270,20240308040000,0.051,0.001,0.06,0.0,0.0,0.0,1.0,1.96,117.65,4,0.0,0.0,589376
2024-03-08 05:00:00,00000000270,20240308050000,0.051,0.001,0.06,0.0,0.0,0.0,1.0,1.96,117.65,4,0.0,0.0,589376
2024-03-08 06:00:00,00000000270,20240308060000,0.048,0.001,0.058,0.0,0.0,0.0,1.0,2.08,120.83,4,0.0,0.0,589376
2024-03-08 07:00:00,00000000270,20240308070000,0.043,0.0,0.06,0.0,0.0,0.0,1.0,0.0,139.53,4,0.0,0.0,589376
2024-03-08 08:00:00,00000000270,20240308080000,0.034,0.001,0.061,0.0,0.0,0.0,1.0,2.94,179.41,4,0.0,0.0,589376
2024-03-08 09:00:00,00000000270,20240308090000,0.05,0.001,0.058,0.0,0.0,0.0,1.0,2.0,116.0,4,0.0,0.0,589376
2024-03-08 10:00:00,00000000270,20240308100000,0.05,0.001,0.056,0.0,0.0,0.0,1.0,2.0,112.0,4,0.0,0.0,589376
2024-03-08 11:00:00,00000000270,20240308110000,0.048,0.0,0.056,0.0,0.0,0.0,1.0,0.0,116.67,4,0.0,0.0,589376
2024-03-08 12:00:00,00000000270,20240308120000,0.039,0.001,0.058,0.0,0.0,0.0,1.0,2.56,148.72,4,0.0,0.0,589376
2024-03-08 13:00:00,00000000270,20240308130000,0.037,0.001,0.059,0.0,0.0,0.0,1.0,2.7,159.46,4,0.0,0.0,589376
2024-03-08 14:00:00,00000000270,20240308140000,0.049,0.001,0.057,0.0,0.0,0.0,1.0,2.04,116.33,4,0.0,0.0,589376
2024-03-08 15:00:00,00000000270,20240308150000,0.05,0.0,0.056,0.0,0.0,0.0,1.0,0.0,112.0,4,0.0,0.0,589376
2024-03-08 16:00:00,00000000270,20240308160000,0.046,0.001,0.056,0.0,0.0,0.0,1.0,2.17,121.74,4,0.0,0.0,589376
2024-03-08 17:00:00,00000000270,20240308170000,0.029,0.001,0.058,0.0,0.0,0.0,1.0,3.45,200.0,4,0.0,0.0,589376
2024-03-08 18:00:00,00000000270,20240308180000,0.047,0.0,0.057,0.0,0.0,0.0,1.0,0.0,121.28,4,0.0,0.0,589376
2024-03-08 19:00:00,00000000270,20240308190000,0.049,0.001,0.055,0.0,0.0,0.0,1.0,2.04,112.24,4,0.0,0.0,589376
2024-03-08 20:00:00,00000000270,20240308200000,0.048,0.001,0.056,0.0,0.0,0.0,1.0,2.08,116.67,4,0.0,0.0,589376
2024-03-08 21:00:00,00000000270,20240308210000,0.035,0.0,0.056,0.0,0.0,0.0,1.0,0.0,160.0,4,0.0,0.0,589376
2024-03-08 22:00:00,00000000270,20240308220000,0.038,0.0,0.057,0.0,0.0,0.0,1.0,0.0,150.0,4,0.0,0.0,589376
2024-03-08 23:00:00,00000000270,20240308230000,0.049,0.001,0.058,0.0,0.0,0.0,1.0,2.04,118.37,4,0.0,0.0,589376
2024-03-09 00:00:00,00000000270,20240309000000,0.049,0.0,0.056,0.0,0.0,0.0,1.0,0.0,114.29,4,0.0,0.0,589376
2024-03-09 01:00:00,00000000270,20240309010000,0.128,0.001,0.057,0.0,0.0,0.0,1.0,0.78,44.53,4,0.0,0.0,589376
2024-03-09 02:00:00,00000000270,20240309020000,0.05,0.001,0.059,0.0,0.0,0.0,1.0,2.0,118.0,4,0.0,0.0,589376
2024-03-09 03:00:00,00000000270,20240309030000,0.053,0.0,0.059,0.0,0.0,0.0,1.0,0.0,111.32,4,0.0,0.0,589376
2024-03-09 04:00:00,00000000270,20240309040000,0.049,0.001,0.059,0.0,0.0,0.0,1.0,2.04,120.41,4,0.0,0.0,589376
2024-03-09 05:00:00,00000000270,20240309050000,0.05,0.001,0.059,0.0,0.0,0.0,1.0,2.0,118.0,4,0.0,0.0,589376
2024-03-09 06:00:00,00000000270,20240309060000,0.034,0.001,0.06,0.0,0.0,0.0,1.0,2.94,176.47,4,0.0,0.0,589376
2024-03-09 07:00:00,00000000270,20240309070000,0.042,0.0,0.06,0.0,0.0,0.0,1.0,0.0,142.86,4,0.0,0.0,589376
2024-03-09 08:00:00,00000000270,20240309080000,0.049,0.001,0.059,0.0,0.0,0.0,1.0,2.04,120.41,4,0.0,0.0,589376
2024-03-09 09:00:00,00000000270,20240309090000,0.048,0.001,0.058,0.0,0.0,0.0,1.0,2.08,120.83,4,0.0,0.0,589376
2024-03-09 10:00:00,00000000270,20240309100000,0.038,0.001,0.058,0.0,0.0,0.0,1.0,2.63,152.63,4,0.0,0.0,589376
2024-03-09 11:00:00,00000000270,20240309110000,0.035,0.0,0.058,0.0,0.0,0.0,1.0,0.0,165.71,4,0.0,0.0,589376
2024-03-09 12:00:00,00000000270,20240309120000,0.05,0.001,0.057,0.0,0.0,0.0,1.0,2.0,114.0,4,0.0,0.0,589376
2024-03-09 13:00:00,00000000270,20240309130000,0.048,0.001,0.058,0.0,0.0,0.0,1.0,2.08,120.83,4,0.0,0.0,589376
2024-03-09 14:00:00,00000000270,20240309140000,0.047,0.001,0.058,0.0,0.0,0.0,1.0,2.13,123.4,4,0.0,0.0,589376
2024-03-09 15:00:00,00000000270,20240309150000,0.029,0.0,0.061,0.0,0.0,0.0,1.0,0.0,210.34,4,0.0,0.0,589376
2024-03-09 16:00:00,00000000270,20240309160000,0.049,0.001,0.059,0.0,0.0,0.0,1.0,2.04,120.41,4,0.0,0.0,589376
2024-03-09 17:00:00,00000000270,20240309170000,0.051,0.001,0.058,0.0,0.0,0.0,1.0,1.96,113.73,4,0.0,0.0,589376
2024-03-09 18:00:00,00000000270,20240309180000,0.047,0.001,0.057,0.0,0.0,0.0,1.0,2.13,121.28,4,0.0,0.0,589376
2024-03-09 19:00:00,00000000270,20240309190000,0.032,0.0,0.055,0.0,0.0,0.0,1.0,0.0,171.88,4,0.0,0.0,589376
2024-03-09 20:00:00,00000000270,20240309200000,0.041,0.0,0.055,0.0,0.0,0.0,1.0,0.0,134.15,4,0.0,0.0,589376
2024-03-09 21:00:00,00000000270,20240309210000,0.047,0.001,0.055,0.0,0.0,0.0,1.0,2.13,117.02,4,0.0,0.0,589376
2024-03-09 22:00:00,00000000270,20240309220000,0.047,0.0,0.056,0.0,0.0,0.0,1.0,0.0,119.15,4,0.0,0.0,589376
2024-03-09 23:00:00,00000000270,20240309230000,0.039,0.001,0.057,0.0,0.0,0.0,1.0,2.56,146.15,4,0.0,0.0,589376
2024-03-10 00:00:00,00000000270,20240310000000,0.034,0.0,0.059,0.0,0.0,0.0,1.0,0.0,173.53,4,0.0,0.0,589376
2024-03-10 01:00:00,00000000270,20240310010000,0.048,0.001,0.058,0.0,0.0,0.0,1.0,2.08,120.83,4,0.0,0.0,589376
2024-03-10 02:00:00,00000000270,20240310020000,0.079,0.0,0.059,0.0,0.0,0.0,1.0,0.0,74.68,4,0.0,0.0,589376
2024-03-10 03:00:00,00000000270,20240310030000,0.12,0.001,0.057,0.0,0.0,0.0,1.0,0.83,47.5,4,0.0,0.0,589376
2024-03-10 04:00:00,00000000270,20240310040000,0.042,0.001,0.061,0.0,0.0,0.0,1.0,2.38,145.24,4,0.0,0.0,589376
2024-03-10 05:00:00,00000000270,20240310050000,0.04,0.001,0.061,0.0,0.0,0.0,1.0,2.5,152.5,4,0.0,0.0,589376
2024-03-10 06:00:00,00000000270,20240310060000,0.049,0.0,0.059,0.0,0.0,0.0,1.0,0.0,120.41,4,0.0,0.0,589376
2024-03-10 07:00:00,00000000270,20240310070000,0.051,0.001,0.06,0.0,0.0,0.0,1.0,1.96,117.65,4,0.0,0.0,589376
2024-03-10 08:00:00,00000000270,20240310080000,0.048,0.001,0.061,0.0,0.0,0.0,1.0,2.08,127.08,4,0.0,0.0,589376
2024-03-10 09:00:00,00000000270,20240310090000,0.025,0.001,0.06,0.0,0.0,0.0,1.0,4.0,240.0,4,0.0,0.0,589376
2024-03-10 10:00:00,00000000270,20240310100000,0.048,0.0,0.057,0.0,0.0,0.0,1.0,0.0,118.75,4,0.0,0.0,589376
2024-03-10 11:00:00,00000000270,20240310110000,0.047,0.001,0.058,0.0,0.0,0.0,1.0,2.13,123.4,4,0.0,0.0,589376
2024-03-10 12:00:00,00000000270,20240310120000,0.051,0.001,0.059,0.0,0.0,0.0,1.0,1.96,115.69,4,0.0,0.0,589376
2024-03-10 13:00:00,00000000270,20240310130000,0.027,0.001,0.062,0.0,0.0,0.0,1.0,3.7,229.63,4,0.0,0.0,589376
2024-03-10 14:00:00,00000000270,20240310140000,0.05,0.0,0.06,0.0,0.0,0.0,1.0,0.0,120.0,4,0.0,0.0,589376
2024-03-10 15:00:00,00000000270,20240310150000,0.05,0.001,0.061,0.0,0.0,0.0,1.0,2.0,122.0,4,0.0,0.0,589376
2024-03-10 16:00:00,00000000270,20240310160000,0.05,0.001,0.059,0.0,0.0,0.0,1.0,2.0,118.0,4,0.0,0.0,589376
2024-03-10 17:00:00,00000000270,20240310170000,0.03,0.001,0.061,0.0,0.0,0.0,1.0,3.33,203.33,4,0.0,0.0,589376
2024-03-10 18:00:00,00000000270,20240310180000,0.044,0.0,0.058,0.0,0.0,0.0,1.0,0.0,131.82,4,0.0,0.0,589376
2024-03-10 19:00:00,00000000270,20240310190000,0.048,0.001,0.055,0.0,0.0,0.0,1.0,2.08,114.58,4,0.0,0.0,589376
2024-03-10 20:00:00,00000000270,20240310200000,0.048,0.0,0.053,0.0,0.0,0.0,1.0,0.0,110.42,4,0.0,0.0,589376
2024-03-10 21:00:00,00000000270,20240310210000,0.037,0.0,0.056,0.0,0.0,0.0,1.0,0.0,151.35,4,0.0,0.0,589376
2024-03-10 22:00:00,00000000270,20240310220000,0.036,0.001,0.056,0.0,0.0,0.0,1.0,2.78,155.56,4,0.0,0.0,589376
2024-03-10 23:00:00,00000000270,20240310230000,0.048,0.0,0.057,0.0,0.0,0.0,1.0,0.0,118.75,4,0.0,0.0,589376
2024-03-11 00:00:00,00000000270,20240311000000,0.047,0.001,0.057,0.0,0.0,0.0,1.0,2.13,121.28,4,0.0,0.0,589376
2024-03-11 01:00:00,00000000270,20240311010000,0.046,0.0,0.058,0.0,0.0,0.0,1.0,0.0,126.09,4,0.0,0.0,589376
2024-03-11 02:00:00,00000000270,20240311020000,0.026,0.001,0.061,0.0,0.0,0.0,1.0,3.85,234.62,4,0.0,0.0,589376
2024-03-11 03:00:00,00000000270,20240311030000,0.049,0.001,0.06,0.0,0.0,0.0,1.0,2.04,122.45,4,0.0,0.0,589376
2024-03-11 04:00:00,00000000270,20240311040000,0.108,0.0,0.06,0.0,0.0,0.0,1.0,0.0,55.56,4,0.0,0.0,589376
2024-03-11 05:00:00,00000000270,20240311050000,0.073,0.001,0.056,0.0,0.0,0.0,1.0,1.37,76.71,4,0.0,0.0,589376
2024-03-11 06:00:00,00000000270,20240311060000,0.051,0.001,0.058,0.0,0.0,0.0,1.0,1.96,113.73,4,0.0,0.0,589376
2024-03-11 07:00:00,00000000270,20240311070000,0.05,0.001,0.059,0.0,0.0,0.0,1.0,2.0,118.0,4,0.0,0.0,589376
2024-03-11 08:00:00,00000000270,20240311080000,0.039,0.0,0.06,0.0,0.0,0.0,1.0,0.0,153.85,4,0.0,0.0,589376
2024-03-11 09:00:00,00000000270,20240311090000,0.033,0.001,0.059,0.0,0.0,0.0,1.0,3.03,178.79,4,0.0,0.0,589376
2024-03-11 10:00:00,00000000270,20240311100000,0.05,0.001,0.057,0.0,0.0,0.0,1.0,2.0,114.0,4,0.0,0.0,589376
2024-03-11 11:00:00,00000000270,20240311110000,0.05,0.0,0.058,0.0,0.0,0.0,1.0,0.0,116.0,4,0.0,0.0,589376
2024-03-11 12:00:00,00000000270,20240311120000,0.046,0.001,0.06,0.0,0.0,0.0,1.0,2.17,130.43,4,0.0,0.0,589376
2024-03-11 13:00:00,00000000270,20240311130000,0.032,0.001,0.062,0.0,0.0,0.0,1.0,3.12,193.75,4,0.0,0.0,589376
2024-03-11 14:00:00,00000000270,20240311140000,0.05,0.001,0.059,0.0,0.0,0.0,1.0,2.0,118.0,4,0.0,0.0,589376
2024-03-11 15:00:00,00000000270,20240311150000,0.049,0.0,0.059,0.0,0.0,0.0,1.0,0.0,120.41,4,0.0,0.0,589376
2024-03-11 16:00:00,00000000270,20240311160000,0.051,0.001,0.06,0.0,0.0,0.0,1.0,1.96,117.65,4,0.0,0.0,589376
2024-03-11 17:00:00,00000000270,20240311170000,0.034,0.001,0.061,0.0,0.0,0.0,1.0,2.94,179.41,4,0.0,0.0,589376
2024-03-11 18:00:00,00000000270,20240311180000,0.044,0.001,0.058,0.0,0.0,0.0,1.0,2.27,131.82,4,0.0,0.0,589376
2024-03-11 19:00:00,00000000270,20240311190000,0.05,0.0,0.056,0.0,0.0,0.0,1.0,0.0,112.0,4,0.0,0.0,589376
2024-03-11 20:00:00,00000000270,20240311200000,0.046,0.001,0.053,0.0,0.0,0.0,1.0,2.17,115.22,4,0.0,0.0,589376
2024-03-11 21:00:00,00000000270,20240311210000,0.044,0.0,0.056,0.0,0.0,0.0,1.0,0.0,127.27,4,0.0,0.0,589376
2024-03-11 22:00:00,00000000270,20240311220000,0.031,0.001,0.059,0.0,0.0,0.0,1.0,3.23,190.32,4,0.0,0.0,589376
2024-03-11 23:00:00,00000000270,20240311230000,0.05,0.0,0.057,0.0,0.0,0.0,1.0,0.0,114.0,4,0.0,0.0,589376
2024-03-12 00:00:00,00000000270,20240312000000,0.05,0.001,0.058,0.0,0.0,0.0,1.0,2.0,116.0,4,0.0,0.0,589376
2024-03-12 01:00:00,00000000270,20240312010000,0.05,0.001,0.059,0.0,0.0,0.0,1.0,2.0,118.0,4,0.0,0.0,589376
2024-03-12 02:00:00,00000000270,20240312020000,0.034,0.001,0.061,0.0,0.0,0.0,1.0,2.94,179.41,4,0.0,0.0,589376
2024-03-12 03:00:00,00000000270,20240312030000,0.04,0.0,0.06,0.0,0.0,0.0,1.0,0.0,150.0,4,0.0,0.0,589376
2024-03-12 04:00:00,00000000270,20240312040000,0.051,0.001,0.06,0.0,0.0,0.0,1.0,1.96,117.65,4,0.0,0.0,589376
2024-03-12 05:00:00,00000000270,20240312050000,0.065,0.001,0.058,0.0,0.0,0.0,1.0,1.54,89.23,4,0.0,0.0,589376
2024-03-12 06:00:00,00000000270,20240312060000,0.132,0.001,0.056,0.0,0.0,0.0,1.0,0.76,42.42,4,0.0,0.0,589376
2024-03-12 07:00:00,00000000270,20240312070000,0.044,0.0,0.06,0.0,0.0,0.0,1.0,0.0,136.36,4,0.0,0.0,589376
2024-03-12 08:00:00,00000000270,20240312080000,0.039,0.001,0.061,0.0,0.0,0.0,1.0,2.56,156.41,4,0.0,0.0,589376
2024-03-12 09:00:00,00000000270,20240312090000,0.051,0.001,0.058,0.0,0.0,0.0,1.0,1.96,113.73,4,0.0,0.0,589376
2024-03-12 10:00:00,00000000270,20240312100000,0.05,0.0,0.058,0.0,0.0,0.0,1.0,0.0,116.0,4,0.0,0.0,589376
2024-03-12 11:00:00,00000000270,20240312110000,0.05,0.001,0.057,0.0,0.0,0.0,1.0,2.0,114.0,4,0.0,0.0,589376
2024-03-12 12:00:00,00000000270,20240312120000,0.039,0.001,0.059,0.0,0.0,0.0,1.0,2.56,151.28,4,0.0,0.0,589376
2024-03-12 13:00:00,00000000270,20240312130000,0.035,0.001,0.059,0.0,0.0,0.0,1.0,2.86,168.57,4,0.0,0.0,589376
2024-03-12 14:00:00,00000000270,20240312140000,0.051,0.0,0.058,0.0,0.0,0.0,1.0,0.0,113.73,4,0.0,0.0,589376
2024-03-12 15:00:00,00000000270,20240312150000,0.051,0.001,0.058,0.0,0.0,0.0,1.0,1.96,113.73,4,0.0,0.0,589376
2024-03-12 16:00:00,00000000270,20240312160000,0.051,0.001,0.058,0.0,0.0,0.0,1.0,1.96,113.73,4,0.0,0.0,589376
2024-03-12 17:00:00,00000000270,20240312170000,0.033,0.001,0.058,0.0,0.0,0.0,1.0,3.03,175.76,4,0.0,0.0,589376
2024-03-12 18:00:00,00000000270,20240312180000,0.04,0.0,0.058,0.0,0.0,0.0,1.0,0.0,145.0,4,0.0,0.0,589376
2024-03-12 19:00:00,00000000270,20240312190000,0.051,0.001,0.055,0.0,0.0,0.0,1.0,1.96,107.84,4,0.0,0.0,589376
2024-03-12 20:00:00,00000000270,20240312200000,0.048,0.0,0.054,0.0,0.0,0.0,1.0,0.0,112.5,4,0.0,0.0,589376
2024-03-12 21:00:00,00000000270,20240312210000,0.048,0.001,0.054,0.0,0.0,0.0,1.0,2.08,112.5,4,0.0,0.0,589376
2024-03-12 22:00:00,00000000270,20240312220000,0.031,0.0,0.058,0.0,0.0,0.0,1.0,0.0,187.1,4,0.0,0.0,589376
2024-03-12 23:00:00,00000000270,20240312230000,0.042,0.001,0.057,0.0,0.0,0.0,1.0,2.38,135.71,4,0.0,0.0,589376
2024-03-13 00:00:00,00000000270,20240313000000,0.051,0.0,0.058,0.0,0.0,0.0,1.0,0.0,113.73,4,0.0,0.0,589376
2024-03-13 01:00:00,00000000270,20240313010000,0.052,0.001,0.058,0.0,0.0,0.0,1.0,1.92,111.54,4,0.0,0.0,589376
2024-03-13 02:00:00,00000000270,20240313020000,0.037,0.001,0.06,0.0,0.0,0.0,1.0,2.7,162.16,4,0.0,0.0,589376
2024-03-13 03:00:00,00000000270,20240313030000,0.039,0.001,0.061,0.0,0.0,0.0,1.0,2.56,156.41,4,0.0,0.0,589376
2024-03-13 04:00:00,00000000270,20240313040000,0.049,0.0,0.059,0.0,0.0,0.0,1.0,0.0,120.41,4,0.0,0.0,589376
2024-03-13 05:00:00,00000000270,20240313050000,0.052,0.001,0.058,0.0,0.0,0.0,1.0,1.92,111.54,4,0.0,0.0,589376
2024-03-13 06:00:00,00000000270,20240313060000,0.048,0.001,0.059,0.0,0.0,0.0,1.0,2.08,122.92,4,0.0,0.0,589376
2024-03-13 07:00:00,00000000270,20240313070000,0.111,0.001,0.06,0.0,0.0,0.0,1.0,0.9,54.05,4,0.0,0.0,589376
2024-03-13 08:00:00,00000000270,20240313080000,0.071,0.0,0.056,0.0,0.0,0.0,1.0,0.0,78.87,4,0.0,0.0,589376
2024-03-13 09:00:00,00000000270,20240313090000,0.054,0.001,0.06,0.0,0.0,0.0,1.0,1.85,111.11,4,0.0,0.0,589376
2024-03-13 10:00:00,00000000270,20240313100000,0.051,0.001,0.058,0.0,0.0,0.0,1.0,1.96,113.73,4,0.0,0.0,589376
2024-03-13 11:00:00,00000000270,20240313110000,0.045,0.001,0.06,0.0,0.0,0.0,1.0,2.22,133.33,4,0.0,0.0,589376
2024-03-13 12:00:00,00000000270,20240313120000,0.032,0.0,0.061,0.0,0.0,0.0,1.0,0.0,190.62,4,0.0,0.0,589376
2024-03-13 13:00:00,00000000270,20240313130000,0.048,0.001,0.06,0.0,0.0,0.0,1.0,2.08,125.0,4,0.0,0.0,589376
2024-03-13 14:00:00,00000000270,20240313140000,0.052,0.001,0.06,0.0,0.0,0.0,1.0,1.92,115.38,4,0.0,0.0,589376
2024-03-13 15:00:00,00000000270,20240313150000,0.052,0.0,0.059,0.0,0.0,0.0,1.0,0.0,113.46,4,0.0,0.0,589376
2024-03-13 16:00:00,00000000270,20240313160000,0.051,0.001,0.058,0.0,0.0,0.0,1.0,1.96,113.73,4,0.0,0.0,589376
2024-03-13 17:00:00,00000000270,20240313170000,0.28,0.001,0.059,0.0,0.0,0.0,1.0,0.36,21.07,4,0.0,0.0,589376
2024-03-13 18:00:00,00000000270,20240313180000,0.052,0.001,0.058,0.0,0.0,0.0,1.0,1.92,111.54,4,0.0,0.0,589376
2024-03-13 19:00:00,00000000270,20240313190000,1.164,0.012,0.033,0.0,0.0,0.0,1.0,1.03,2.84,4,0.0,0.0,589376
2024-03-13 20:00:00,00000000270,20240313200000,1.039,0.015,0.019,0.0,0.0,0.0,1.0,1.44,1.83,4,0.0,0.0,589376
2024-03-13 21:00:00,00000000270,20240313210000,0.618,0.008,0.037,0.0,0.0,0.0,1.0,1.29,5.99,4,0.0,0.0,589376
2024-03-13 22:00:00,00000000270,20240313220000,0.65,0.026,0.003,0.0,0.0,0.0,1.0,4.0,0.46,4,0.0,0.0,589376
2024-03-13 23:00:00,00000000270,20240313230000,0.14,0.001,0.056,0.0,0.0,0.0,1.0,0.71,40.0,4,0.0,0.0,589376
2024-03-14 00:00:00,00000000270,20240314000000,0.042,0.001,0.057,0.0,0.0,0.0,1.0,2.38,135.71,4,0.0,0.0,589376
2024-03-14 01:00:00,00000000270,20240314010000,0.032,0.0,0.059,0.0,0.0,0.0,1.0,0.0,184.37,4,0.0,0.0,589376
2024-03-14 02:00:00,00000000270,20240314020000,0.051,0.001,0.059,0.0,0.0,0.0,1.0,1.96,115.69,4,0.0,0.0,589376
2024-03-14 03:00:00,00000000270,20240314030000,0.123,0.001,0.059,0.0,0.0,0.0,1.0,0.81,47.97,4,0.0,0.0,589376
2024-03-14 04:00:00,00000000270,20240314040000,0.085,0.0,0.056,0.0,0.0,0.0,1.0,0.0,65.88,4,0.0,0.0,589376
2024-03-14 05:00:00,00000000270,20240314050000,0.059,0.001,0.059,0.0,0.0,0.0,1.0,1.69,100.0,4,0.0,0.0,589376
2024-03-14 06:00:00,00000000270,20240314060000,0.042,0.001,0.06,0.0,0.0,0.0,1.0,2.38,142.86,4,0.0,0.0,589376
2024-03-14 07:00:00,00000000270,20240314070000,0.039,0.0,0.062,0.0,0.0,0.0,1.0,0.0,158.97,4,0.0,0.0,589376
2024-03-14 08:00:00,00000000270,20240314080000,0.052,0.001,0.059,0.0,0.0,0.0,1.0,1.92,113.46,4,0.0,0.0,589376
2024-03-14 09:00:00,00000000270,20240314090000,0.053,0.001,0.06,0.0,0.0,0.0,1.0,1.89,113.21,4,0.0,0.0,589376
2024-03-14 10:00:00,00000000270,20240314100000,0.05,0.001,0.057,0.0,0.0,0.0,1.0,2.0,114.0,4,0.0,0.0,589376
2024-03-14 11:00:00,00000000270,20240314110000,0.057,0.0,0.057,0.0,0.0,0.0,1.0,0.0,100.0,4,0.0,0.0,589376
2024-03-14 12:00:00,00000000270,20240314120000,0.043,0.001,0.058,0.0,0.0,0.0,1.0,2.33,134.88,4,0.0,0.0,589376
2024-03-14 13:00:00,00000000270,20240314130000,0.051,0.001,0.056,0.0,0.0,0.0,1.0,1.96,109.8,4,0.0,0.0,589376
2024-03-14 14:00:00,00000000270,20240314140000,0.141,0.001,0.057,0.0,0.0,0.0,1.0,0.71,40.43,4,0.0,0.0,589376
2024-03-14 15:00:00,00000000270,20240314150000,0.05,0.0,0.055,0.0,0.0,0.0,1.0,0.0,110.0,4,0.0,0.0,589376
2024-03-14 16:00:00,00000000270,20240314160000,0.053,0.001,0.056,0.0,0.0,0.0,1.0,1.89,105.66,4,0.0,0.0,589376
2024-03-14 17:00:00,00000000270,20240314170000,0.037,0.001,0.058,0.0,0.0,0.0,1.0,2.7,156.76,4,0.0,0.0,589376
2024-03-14 18:00:00,00000000270,20240314180000,0.885,0.001,0.056,0.0,0.0,0.0,1.0,0.11,6.33,4,0.0,0.0,589376
2024-03-14 19:00:00,00000000270,20240314190000,0.832,0.011,0.03,0.0,0.0,0.0,1.0,1.32,3.61,4,0.0,0.0,589376
2024-03-14 20:00:00,00000000270,20240314200000,1.257,0.026,0.0,0.0,0.0,0.0,1.0,2.07,0.0,4,0.0,0.0,589376
2024-03-14 21:00:00,00000000270,20240314210000,0.912,0.025,0.013,0.0,0.0,0.0,1.0,2.74,1.43,4,0.0,0.0,589376
2024-03-14 22:00:00,00000000270,20240314220000,0.555,0.028,0.0,0.0,0.0,0.0,1.0,5.05,0.0,4,0.0,0.0,589376
2024-03-14 23:00:00,00000000270,20240314230000,0.655,0.023,0.013,0.0,0.0,0.0,1.0,3.51,1.98,4,0.0,0.0,589376
2024-03-15 00:00:00,00000000270,20240315000000,0.755,0.023,0.017,0.0,0.0,0.0,1.0,3.05,2.25,4,0.0,0.0,589376
2024-03-15 01:00:00,00000000270,20240315010000,0.249,0.001,0.058,0.0,0.0,0.0,1.0,0.4,23.29,4,0.0,0.0,589376
2024-03-15 02:00:00,00000000270,20240315020000,0.054,0.001,0.058,0.0,0.0,0.0,1.0,1.85,107.41,4,0.0,0.0,589376
2024-03-15 03:00:00,00000000270,20240315030000,0.05,0.0,0.06,0.0,0.0,0.0,1.0,0.0,120.0,4,0.0,0.0,589376
2024-03-15 04:00:00,00000000270,20240315040000,0.151,0.007,0.05,0.0,0.0,0.0,1.0,4.64,33.11,4,0.0,0.0,589376
2024-03-15 05:00:00,00000000270,20240315050000,0.681,0.03,0.0,0.0,0.0,0.0,1.0,4.41,0.0,4,0.0,0.0,589376
2024-03-15 06:00:00,00000000270,20240315060000,0.193,0.012,0.043,0.0,0.0,0.0,1.0,6.22,22.28,4,0.0,0.0,589376
2024-03-15 07:00:00,00000000270,20240315070000,0.057,0.001,0.058,0.0,0.0,0.0,1.0,1.75,101.75,4,0.0,0.0,589376
2024-03-15 08:00:00,00000000270,20240315080000,0.052,0.0,0.057,0.0,0.0,0.0,1.0,0.0,109.62,4,0.0,0.0,589376
2024-03-15 09:00:00,00000000270,20240315090000,0.072,0.001,0.055,0.0,0.0,0.0,1.0,1.39,76.39,4,0.0,0.0,589376
2024-03-15 10:00:00,00000000270,20240315100000,0.078,0.001,0.054,0.0,0.0,0.0,1.0,1.28,69.23,4,0.0,0.0,589376
2024-03-15 11:00:00,00000000270,20240315110000,0.048,0.001,0.058,0.0,0.0,0.0,1.0,2.08,120.83,4,0.0,0.0,589376
2024-03-15 12:00:00,00000000270,20240315120000,0.045,0.0,0.058,0.0,0.0,0.0,1.0,0.0,128.89,4,0.0,0.0,589376
2024-03-15 13:00:00,00000000270,20240315130000,0.04,0.001,0.06,0.0,0.0,0.0,1.0,2.5,150.0,4,0.0,0.0,589376
2024-03-15 14:00:00,00000000270,20240315140000,0.063,0.001,0.059,0.0,0.0,0.0,1.0,1.59,93.65,4,0.0,0.0,589376
2024-03-15 15:00:00,00000000270,20240315150000,0.054,0.001,0.058,0.0,0.0,0.0,1.0,1.85,107.41,4,0.0,0.0,589376
2024-03-15 16:00:00,00000000270,20240315160000,0.052,0.0,0.058,0.0,0.0,0.0,1.0,0.0,111.54,4,0.0,0.0,589376
2024-03-15 17:00:00,00000000270,20240315170000,0.054,0.001,0.059,0.0,0.0,0.0,1.0,1.85,109.26,4,0.0,0.0,589376
2024-03-15 18:00:00,00000000270,20240315180000,0.51,0.001,0.055,0.0,0.0,0.0,1.0,0.2,10.78,4,0.0,0.0,589376
2024-03-15 19:00:00,00000000270,20240315190000,0.636,0.011,0.031,0.0,0.0,0.0,1.0,1.73,4.87,4,0.0,0.0,589376
2024-03-15 20:00:00,00000000270,20240315200000,0.637,0.023,0.0,0.0,0.0,0.0,1.0,3.61,0.0,4,0.0,0.0,589376
2024-03-15 21:00:00,00000000270,20240315210000,0.759,0.026,0.0,0.0,0.0,0.0,1.0,3.43,0.0,4,0.0,0.0,589376
2024-03-15 22:00:00,00000000270,20240315220000,0.944,0.028,0.0,0.0,0.0,0.0,1.0,2.97,0.0,4,0.0,0.0,589376
2024-03-15 23:00:00,00000000270,20240315230000,0.747,0.027,0.0,0.0,0.0,0.0,1.0,3.61,0.0,4,0.0,0.0,589376
2024-03-16 00:00:00,00000000270,20240316000000,0.714,0.024,0.0,0.0,0.0,0.0,1.0,3.36,0.0,4,0.0,0.0,589376
2024-03-16 01:00:00,00000000270,20240316010000,0.661,0.03,0.001,0.0,0.0,0.0,1.0,4.54,0.15,4,0.0,0.0,589376
2024-03-16 02:00:00,00000000270,20240316020000,0.053,0.001,0.06,0.0,0.0,0.0,1.0,1.89,113.21,4,0.0,0.0,589376
2024-03-16 03:00:00,00000000270,20240316030000,0.035,0.001,0.061,0.0,0.0,0.0,1.0,2.86,174.29,4,0.0,0.0,589376
2024-03-16 04:00:00,00000000270,20240316040000,0.045,0.0,0.061,0.0,0.0,0.0,1.0,0.0,135.56,4,0.0,0.0,589376
2024-03-16 05:00:00,00000000270,20240316050000,0.631,0.024,0.016,0.0,0.0,0.0,1.0,3.8,2.54,4,0.0,0.0,589376
2024-03-16 06:00:00,00000000270,20240316060000,0.183,0.006,0.048,0.0,0.0,0.0,1.0,3.28,26.23,4,0.0,0.0,589376
2024-03-16 07:00:00,00000000270,20240316070000,0.049,0.0,0.06,0.0,0.0,0.0,1.0,0.0,122.45,4,0.0,0.0,589376
2024-03-16 08:00:00,00000000270,20240316080000,0.031,0.001,0.062,0.0,0.0,0.0,1.0,3.23,200.0,4,0.0,0.0,589376
2024-03-16 09:00:00,00000000270,20240316090000,0.043,0.001,0.061,0.0,0.0,0.0,1.0,2.33,141.86,4,0.0,0.0,589376
2024-03-16 10:00:00,00000000270,20240316100000,0.406,0.068,0.053,0.0,0.0,0.0,1.0,16.75,13.05,4,0.0,0.0,589376
2024-03-16 11:00:00,00000000270,20240316110000,1.169,0.456,0.022,0.0,0.0,0.0,1.0,39.01,1.88,4,0.0,0.0,589376
2024-03-16 12:00:00,00000000270,20240316120000,0.174,0.344,0.019,0.0,0.0,0.0,1.0,197.7,10.92,4,0.0,0.0,589376
2024-03-16 13:00:00,00000000270,20240316130000,0.072,0.001,0.059,0.0,0.0,0.0,1.0,1.39,81.94,4,0.0,0.0,589376
2024-03-16 14:00:00,00000000270,20240316140000,0.13,0.001,0.058,0.0,0.0,0.0,1.0,0.77,44.62,4,0.0,0.0,589376
2024-03-16 15:00:00,00000000270,20240316150000,0.048,0.0,0.061,0.0,0.0,0.0,1.0,0.0,127.08,4,0.0,0.0,589376
2024-03-16 16:00:00,00000000270,20240316160000,0.041,0.001,0.061,0.0,0.0,0.0,1.0,2.44,148.78,4,0.0,0.0,589376
2024-03-16 17:00:00,00000000270,20240316170000,0.051,0.001,0.062,0.0,0.0,0.0,1.0,1.96,121.57,4,0.0,0.0,589376
2024-03-16 18:00:00,00000000270,20240316180000,0.058,0.001,0.058,0.0,0.0,0.0,1.0,1.72,100.0,4,0.0,0.0,589376
2024-03-16 19:00:00,00000000270,20240316190000,0.498,0.011,0.033,0.0,0.0,0.0,1.0,2.21,6.63,4,0.0,0.0,589376
2024-03-16 20:00:00,00000000270,20240316200000,1.058,0.014,0.03,0.0,0.0,0.0,1.0,1.32,2.84,4,0.0,0.0,589376
2024-03-16 21:00:00,00000000270,20240316210000,0.601,0.0,0.055,0.0,0.0,0.0,1.0,0.0,9.15,4,0.0,0.0,589376
2024-03-16 22:00:00,00000000270,20240316220000,0.124,0.0,0.058,0.0,0.0,0.0,1.0,0.0,46.77,4,0.0,0.0,589376
2024-03-16 23:00:00,00000000270,20240316230000,0.047,0.001,0.058,0.0,0.0,0.0,1.0,2.13,123.4,4,0.0,0.0,589376
2024-03-17 00:00:00,00000000270,20240317000000,0.053,0.0,0.058,0.0,0.0,0.0,1.0,0.0,109.43,4,0.0,0.0,589376
2024-03-17 01:00:00,00000000270,20240317010000,0.05,0.001,0.059,0.0,0.0,0.0,1.0,2.0,118.0,4,0.0,0.0,589376
2024-03-17 02:00:00,00000000270,20240317020000,0.045,0.0,0.061,0.0,0.0,0.0,1.0,0.0,135.56,4,0.0,0.0,589376
2024-03-17 03:00:00,00000000270,20240317030000,0.035,0.001,0.062,0.0,0.0,0.0,1.0,2.86,177.14,4,0.0,0.0,589376
2024-03-17 04:00:00,00000000270,20240317040000,0.052,0.001,0.061,0.0,0.0,0.0,1.0,1.92,117.31,4,0.0,0.0,589376
2024-03-17 05:00:00,00000000270,20240317050000,0.651,0.032,0.005,0.0,0.0,0.0,1.0,4.92,0.77,4,0.0,0.0,589376
2024-03-17 06:00:00,00000000270,20240317060000,0.363,0.014,0.03,0.0,0.0,0.0,1.0,3.86,8.26,4,0.0,0.0,589376
2024-03-17 07:00:00,00000000270,20240317070000,0.045,0.001,0.061,0.0,0.0,0.0,1.0,2.22,135.56,4,0.0,0.0,589376
2024-03-17 08:00:00,00000000270,20240317080000,0.036,0.0,0.06,0.0,0.0,0.0,1.0,0.0,166.67,4,0.0,0.0,589376
2024-03-17 09:00:00,00000000270,20240317090000,0.054,0.001,0.059,0.0,0.0,0.0,1.0,1.85,109.26,4,0.0,0.0,589376
2024-03-17 10:00:00,00000000270,20240317100000,0.109,0.001,0.06,0.0,0.0,0.0,1.0,0.92,55.05,4,0.0,0.0,589376
2024-03-17 11:00:00,00000000270,20240317110000,0.102,0.001,0.055,0.0,0.0,0.0,1.0,0.98,53.92,4,0.0,0.0,589376
2024-03-17 12:00:00,00000000270,20240317120000,0.056,0.0,0.06,0.0,0.0,0.0,1.0,0.0,107.14,4,0.0,0.0,589376
2024-03-17 13:00:00,00000000270,20240317130000,0.04,0.001,0.06,0.0,0.0,0.0,1.0,2.5,150.0,4,0.0,0.0,589376
2024-03-17 14:00:00,00000000270,20240317140000,0.055,0.001,0.057,0.0,0.0,0.0,1.0,1.82,103.64,4,0.0,0.0,589376
2024-03-17 15:00:00,00000000270,20240317150000,0.055,0.001,0.058,0.0,0.0,0.0,1.0,1.82,105.45,4,0.0,0.0,589376
2024-03-17 16:00:00,00000000270,20240317160000,0.054,0.0,0.057,0.0,0.0,0.0,1.0,0.0,105.56,4,0.0,0.0,589376
2024-03-17 17:00:00,00000000270,20240317170000,0.056,0.001,0.057,0.0,0.0,0.0,1.0,1.79,101.79,4,0.0,0.0,589376
2024-03-17 18:00:00,00000000270,20240317180000,0.04,0.001,0.056,0.0,0.0,0.0,1.0,2.5,140.0,4,0.0,0.0,589376
2024-03-17 19:00:00,00000000270,20240317190000,0.313,0.029,0.024,0.0,0.0,0.0,1.0,9.27,7.67,4,0.0,0.0,589376
2024-03-17 20:00:00,00000000270,20240317200000,0.251,0.01,0.036,0.0,0.0,0.0,1.0,3.98,14.34,4,0.0,0.0,589376
2024-03-17 21:00:00,00000000270,20240317210000,0.051,0.0,0.054,0.0,0.0,0.0,1.0,0.0,105.88,4,0.0,0.0,589376
2024-03-17 22:00:00,00000000270,20240317220000,0.06,0.0,0.057,0.0,0.0,0.0,1.0,0.0,95.0,4,0.0,0.0,589376
2024-03-17 23:00:00,00000000270,20240317230000,0.05,0.001,0.056,0.0,0.0,0.0,1.0,2.0,112.0,4,0.0,0.0,589376
2024-03-18 00:00:00,00000000270,20240318000000,0.036,0.0,0.058,0.0,0.0,0.0,1.0,0.0,161.11,4,0.0,0.0,589376
2024-03-18 01:00:00,00000000270,20240318010000,0.042,0.0,0.057,0.0,0.0,0.0,1.0,0.0,135.71,4,0.0,0.0,589376
2024-03-18 02:00:00,00000000270,20240318020000,0.055,0.001,0.058,0.0,0.0,0.0,1.0,1.82,105.45,4,0.0,0.0,589376
2024-03-18 03:00:00,00000000270,20240318030000,0.049,0.0,0.058,0.0,0.0,0.0,1.0,0.0,118.37,4,0.0,0.0,589376
2024-03-18 04:00:00,00000000270,20240318040000,0.051,0.001,0.057,0.0,0.0,0.0,1.0,1.96,111.76,4,0.0,0.0,589376
2024-03-18 05:00:00,00000000270,20240318050000,0.634,0.027,0.007,0.0,0.0,0.0,1.0,4.26,1.1,4,0.0,0.0,589376
2024-03-18 06:00:00,00000000270,20240318060000,0.528,0.019,0.022,0.0,0.0,0.0,1.0,3.6,4.17,4,0.0,0.0,589376
2024-03-18 07:00:00,00000000270,20240318070000,0.055,0.0,0.059,0.0,0.0,0.0,1.0,0.0,107.27,4,0.0,0.0,589376
2024-03-18 08:00:00,00000000270,20240318080000,0.051,0.0,0.06,0.0,0.0,0.0,1.0,0.0,117.65,4,0.0,0.0,589376
2024-03-18 09:00:00,00000000270,20240318090000,0.052,0.001,0.057,0.0,0.0,0.0,1.0,1.92,109.62,4,0.0,0.0,589376
2024-03-18 10:00:00,00000000270,20240318100000,0.054,0.0,0.058,0.0,0.0,0.0,1.0,0.0,107.41,4,0.0,0.0,589376
2024-03-18 11:00:00,00000000270,20240318110000,0.045,0.001,0.059,0.0,0.0,0.0,1.0,2.22,131.11,4,0.0,0.0,589376
2024-03-18 12:00:00,00000000270,20240318120000,0.037,0.001,0.061,0.0,0.0,0.0,1.0,2.7,164.86,4,0.0,0.0,589376
2024-03-18 13:00:00,00000000270,20240318130000,0.046,0.0,0.06,0.0,0.0,0.0,1.0,0.0,130.43,4,0.0,0.0,589376
2024-03-18 14:00:00,00000000270,20240318140000,0.053,0.001,0.06,0.0,0.0,0.0,1.0,1.89,113.21,4,0.0,0.0,589376
2024-03-18 15:00:00,00000000270,20240318150000,0.056,0.001,0.059,0.0,0.0,0.0,1.0,1.79,105.36,4,0.0,0.0,589376
2024-03-18 16:00:00,00000000270,20240318160000,0.052,0.001,0.06,0.0,0.0,0.0,1.0,1.92,115.38,4,0.0,0.0,589376
2024-03-18 17:00:00,00000000270,20240318170000,0.047,0.0,0.061,0.0,0.0,0.0,1.0,0.0,129.79,4,0.0,0.0,589376
2024-03-18 18:00:00,00000000270,20240318180000,0.036,0.001,0.061,0.0,0.0,0.0,1.0,2.78,169.44,4,0.0,0.0,589376
2024-03-18 19:00:00,00000000270,20240318190000,0.044,0.001,0.057,0.0,0.0,0.0,1.0,2.27,129.55,4,0.0,0.0,589376
2024-03-18 20:00:00,00000000270,20240318200000,0.049,0.0,0.055,0.0,0.0,0.0,1.0,0.0,112.24,4,0.0,0.0,589376
2024-03-18 21:00:00,00000000270,20240318210000,0.051,0.001,0.056,0.0,0.0,0.0,1.0,1.96,109.8,4,0.0,0.0,589376
2024-03-18 22:00:00,00000000270,20240318220000,0.05,0.0,0.057,0.0,0.0,0.0,1.0,0.0,114.0,4,0.0,0.0,589376
2024-03-18 23:00:00,00000000270,20240318230000,0.038,0.001,0.059,0.0,0.0,0.0,1.0,2.63,155.26,4,0.0,0.0,589376
2024-03-19 00:00:00,00000000270,20240319000000,0.038,0.0,0.06,0.0,0.0,0.0,1.0,0.0,157.89,4,0.0,0.0,589376
2024-03-19 01:00:00,00000000270,20240319010000,0.051,0.001,0.059,0.0,0.0,0.0,1.0,1.96,115.69,4,0.0,0.0,589376
2024-03-19 02:00:00,00000000270,20240319020000,0.099,0.001,0.06,0.0,0.0,0.0,1.0,1.01,60.61,4,0.0,0.0,589376
2024-03-19 03:00:00,00000000270,20240319030000,0.103,0.001,0.057,0.0,0.0,0.0,1.0,0.97,55.34,4,0.0,0.0,589376
2024-03-19 04:00:00,00000000270,20240319040000,0.051,0.001,0.059,0.0,0.0,0.0,1.0,1.96,115.69,4,0.0,0.0,589376
2024-03-19 05:00:00,00000000270,20240319050000,0.038,0.0,0.061,0.0,0.0,0.0,1.0,0.0,160.53,4,0.0,0.0,589376
2024-03-19 06:00:00,00000000270,20240319060000,0.039,0.001,0.06,0.0,0.0,0.0,1.0,2.56,153.85,4,0.0,0.0,589376
2024-03-19 07:00:00,00000000270,20240319070000,0.051,0.001,0.061,0.0,0.0,0.0,1.0,1.96,119.61,4,0.0,0.0,589376
2024-03-19 08:00:00,00000000270,20240319080000,0.052,0.0,0.06,0.0,0.0,0.0,1.0,0.0,115.38,4,0.0,0.0,589376
2024-03-19 09:00:00,00000000270,20240319090000,0.05,0.001,0.059,0.0,0.0,0.0,1.0,2.0,118.0,4,0.0,0.0,589376
2024-03-19 10:00:00,00000000270,20240319100000,0.043,0.001,0.061,0.0,0.0,0.0,1.0,2.33,141.86,4,0.0,0.0,589376
2024-03-19 11:00:00,00000000270,20240319110000,0.036,0.001,0.062,0.0,0.0,0.0,1.0,2.78,172.22,4,0.0,0.0,589376
2024-03-19 12:00:00,00000000270,20240319120000,0.051,0.0,0.06,0.0,0.0,0.0,1.0,0.0,117.65,4,0.0,0.0,589376
2024-03-19 13:00:00,00000000270,20240319130000,0.05,0.001,0.06,0.0,0.0,0.0,1.0,2.0,120.0,4,0.0,0.0,589376
2024-03-19 14:00:00,00000000270,20240319140000,0.05,0.001,0.06,0.0,0.0,0.0,1.0,2.0,120.0,4,0.0,0.0,589376
2024-03-19 15:00:00,00000000270,20240319150000,0.048,0.001,0.061,0.0,0.0,0.0,1.0,2.08,127.08,4,0.0,0.0,589376
2024-03-19 16:00:00,00000000270,20240319160000,0.035,0.0,0.063,0.0,0.0,0.0,1.0,0.0,180.0,4,0.0,0.0,589376
2024-03-19 17:00:00,00000000270,20240319170000,0.047,0.001,0.061,0.0,0.0,0.0,1.0,2.13,129.79,4,0.0,0.0,589376
2024-03-19 18:00:00,00000000270,20240319180000,0.049,0.001,0.058,0.0,0.0,0.0,1.0,2.04,118.37,4,0.0,0.0,589376
2024-03-19 19:00:00,00000000270,20240319190000,0.051,0.0,0.058,0.0,0.0,0.0,1.0,0.0,113.73,4,0.0,0.0,589376
2024-03-19 20:00:00,00000000270,20240319200000,0.05,0.001,0.056,0.0,0.0,0.0,1.0,2.0,112.0,4,0.0,0.0,589376
2024-03-19 21:00:00,00000000270,20240319210000,0.034,0.001,0.059,0.0,0.0,0.0,1.0,2.94,173.53,4,0.0,0.0,589376
2024-03-19 22:00:00,00000000270,20240319220000,0.043,0.001,0.059,0.0,0.0,0.0,1.0,2.33,137.21,4,0.0,0.0,589376
2024-03-19 23:00:00,00000000270,20240319230000,0.051,0.0,0.057,0.0,0.0,0.0,1.0,0.0,111.76,4,0.0,0.0,589376
2024-03-20 00:00:00,00000000270,20240320000000,0.051,0.001,0.058,0.0,0.0,0.0,1.0,1.96,113.73,4,0.0,0.0,589376
2024-03-20 01:00:00,00000000270,20240320010000,0.05,0.001,0.059,0.0,0.0,0.0,1.0,2.0,118.0,4,0.0,0.0,589376
2024-03-20 02:00:00,00000000270,20240320020000,0.033,0.001,0.062,0.0,0.0,0.0,1.0,3.03,187.88,4,0.0,0.0,589376
2024-03-20 03:00:00,00000000270,20240320030000,0.043,0.0,0.06,0.0,0.0,0.0,1.0,0.0,139.53,4,0.0,0.0,589376
2024-03-20 04:00:00,00000000270,20240320040000,0.123,0.001,0.059,0.0,0.0,0.0,1.0,0.81,47.97,4,0.0,0.0,589376
2024-03-20 05:00:00,00000000270,20240320050000,0.078,0.001,0.056,0.0,0.0,0.0,1.0,1.28,71.79,4,0.0,0.0,589376
2024-03-20 06:00:00,00000000270,20240320060000,0.054,0.001,0.059,0.0,0.0,0.0,1.0,1.85,109.26,4,0.0,0.0,589376
2024-03-20 07:00:00,00000000270,20240320070000,0.044,0.0,0.061,0.0,0.0,0.0,1.0,0.0,138.64,4,0.0,0.0,589376
2024-03-20 08:00:00,00000000270,20240320080000,0.033,0.001,0.061,0.0,0.0,0.0,1.0,3.03,184.85,4,0.0,0.0,589376
2024-03-20 09:00:00,00000000270,20240320090000,0.051,0.001,0.058,0.0,0.0,0.0,1.0,1.96,113.73,4,0.0,0.0,589376
2024-03-20 10:00:00,00000000270,20240320100000,0.049,0.001,0.058,0.0,0.0,0.0,1.0,2.04,118.37,4,0.0,0.0,589376
2024-03-20 11:00:00,00000000270,20240320110000,0.052,0.0,0.058,0.0,0.0,0.0,1.0,0.0,111.54,4,0.0,0.0,589376
2024-03-20 12:00:00,00000000270,20240320120000,0.039,0.001,0.06,0.0,0.0,0.0,1.0,2.56,153.85,4,0.0,0.0,589376
2024-03-20 13:00:00,00000000270,20240320130000,0.036,0.001,0.06,0.0,0.0,0.0,1.0,2.78,166.67,4,0.0,0.0,589376
2024-03-20 14:00:00,00000000270,20240320140000,0.049,0.001,0.058,0.0,0.0,0.0,1.0,2.04,118.37,4,0.0,0.0,589376
2024-03-20 15:00:00,00000000270,20240320150000,0.048,0.0,0.059,0.0,0.0,0.0,1.0,0.0,122.92,4,0.0,0.0,589376
2024-03-20 16:00:00,00000000270,20240320160000,0.051,0.001,0.057,0.0,0.0,0.0,1.0,1.96,111.76,4,0.0,0.0,589376
2024-03-20 17:00:00,00000000270,20240320170000,0.043,0.001,0.059,0.0,0.0,0.0,1.0,2.33,137.21,4,0.0,0.0,589376
2024-03-20 18:00:00,00000000270,20240320180000,0.033,0.001,0.059,0.0,0.0,0.0,1.0,3.03,178.79,4,0.0,0.0,589376
2024-03-20 19:00:00,00000000270,20240320190000,0.049,0.0,0.056,0.0,0.0,0.0,1.0,0.0,114.29,4,0.0,0.0,589376
2024-03-20 20:00:00,00000000270,20240320200000,0.05,0.001,0.053,0.0,0.0,0.0,1.0,2.0,106.0,4,0.0,0.0,589376
2024-03-20 21:00:00,00000000270,20240320210000,0.048,0.0,0.054,0.0,0.0,0.0,1.0,0.0,112.5,4,0.0,0.0,589376
2024-03-20 22:00:00,00000000270,20240320220000,0.03,0.0,0.057,0.0,0.0,0.0,1.0,0.0,190.0,4,0.0,0.0,589376
2024-03-20 23:00:00,00000000270,20240320230000,0.045,0.001,0.057,0.0,0.0,0.0,1.0,2.22,126.67,4,0.0,0.0,589376
2024-03-21 00:00:00,00000000270,20240321000000,0.048,0.0,0.057,0.0,0.0,0.0,1.0,0.0,118.75,4,0.0,0.0,589376
2024-03-21 01:00:00,00000000270,20240321010000,0.05,0.0,0.058,0.0,0.0,0.0,1.0,0.0,116.0,4,0.0,0.0,589376
2024-03-21 02:00:00,00000000270,20240321020000,0.039,0.001,0.06,0.0,0.0,0.0,1.0,2.56,153.85,4,0.0,0.0,589376
2024-03-21 03:00:00,00000000270,20240321030000,0.036,0.001,0.061,0.0,0.0,0.0,1.0,2.78,169.44,4,0.0,0.0,589376
2024-03-21 04:00:00,00000000270,20240321040000,0.051,0.001,0.06,0.0,0.0,0.0,1.0,1.96,117.65,4,0.0,0.0,589376
2024-03-21 05:00:00,00000000270,20240321050000,0.05,0.0,0.059,0.0,0.0,0.0,1.0,0.0,118.0,4,0.0,0.0,589376
2024-03-21 06:00:00,00000000270,20240321060000,0.13,0.001,0.058,0.0,0.0,0.0,1.0,0.77,44.62,4,0.0,0.0,589376
2024-03-21 07:00:00,00000000270,20240321070000,0.046,0.001,0.06,0.0,0.0,0.0,1.0,2.17,130.43,4,0.0,0.0,589376
2024-03-21 08:00:00,00000000270,20240321080000,0.053,0.001,0.06,0.0,0.0,0.0,1.0,1.89,113.21,4,0.0,0.0,589376
2024-03-21 09:00:00,00000000270,20240321090000,0.049,0.001,0.059,0.0,0.0,0.0,1.0,2.04,120.41,4,0.0,0.0,589376
2024-03-21 10:00:00,00000000270,20240321100000,0.05,0.0,0.059,0.0,0.0,0.0,1.0,0.0,118.0,4,0.0,0.0,589376
2024-03-21 11:00:00,00000000270,20240321110000,0.031,0.001,0.061,0.0,0.0,0.0,1.0,3.23,196.77,4,0.0,0.0,589376
2024-03-21 12:00:00,00000000270,20240321120000,0.046,0.001,0.06,0.0,0.0,0.0,1.0,2.17,130.43,4,0.0,0.0,589376
2024-03-21 13:00:00,00000000270,20240321130000,0.049,0.0,0.059,0.0,0.0,0.0,1.0,0.0,120.41,4,0.0,0.0,589376
2024-03-21 14:00:00,00000000270,20240321140000,0.051,0.001,0.059,0.0,0.0,0.0,1.0,1.96,115.69,4,0.0,0.0,589376
2024-03-21 15:00:00,00000000270,20240321150000,0.043,0.001,0.061,0.0,0.0,0.0,1.0,2.33,141.86,4,0.0,0.0,589376
2024-03-21 16:00:00,00000000270,20240321160000,0.034,0.001,0.06,0.0,0.0,0.0,1.0,2.94,176.47,4,0.0,0.0,589376
2024-03-21 17:00:00,00000000270,20240321170000,0.051,0.0,0.06,0.0,0.0,0.0,1.0,0.0,117.65,4,0.0,0.0,589376
2024-03-21 18:00:00,00000000270,20240321180000,0.05,0.001,0.058,0.0,0.0,0.0,1.0,2.0,116.0,4,0.0,0.0,589376
2024-03-21 19:00:00,00000000270,20240321190000,0.049,0.001,0.057,0.0,0.0,0.0,1.0,2.04,116.33,4,0.0,0.0,589376
2024-03-21 20:00:00,00000000270,20240321200000,0.027,0.0,0.056,0.0,0.0,0.0,1.0,0.0,207.41,4,0.0,0.0,589376
2024-03-21 21:00:00,00000000270,20240321210000,0.045,0.001,0.056,0.0,0.0,0.0,1.0,2.22,124.44,4,0.0,0.0,589376
2024-03-21 22:00:00,00000000270,20240321220000,0.05,0.0,0.057,0.0,0.0,0.0,1.0,0.0,114.0,4,0.0,0.0,589376
2024-03-21 23:00:00,00000000270,20240321230000,0.05,0.001,0.056,0.0,0.0,0.0,1.0,2.0,112.0,4,0.0,0.0,589376
2024-03-22 00:00:00,00000000270,20240322000000,0.035,0.0,0.058,0.0,0.0,0.0,1.0,0.0,165.71,4,0.0,0.0,589376
2024-03-22 01:00:00,00000000270,20240322010000,0.039,0.001,0.061,0.0,0.0,0.0,1.0,2.56,156.41,4,0.0,0.0,589376
2024-03-22 02:00:00,00000000270,20240322020000,0.05,0.001,0.06,0.0,0.0,0.0,1.0,2.0,120.0,4,0.0,0.0,589376
2024-03-22 03:00:00,00000000270,20240322030000,0.052,0.0,0.06,0.0,0.0,0.0,1.0,0.0,115.38,4,0.0,0.0,589376
2024-03-22 04:00:00,00000000270,20240322040000,0.041,0.001,0.061,0.0,0.0,0.0,1.0,2.44,148.78,4,0.0,0.0,589376
2024-03-22 05:00:00,00000000270,20240322050000,0.034,0.001,0.061,0.0,0.0,0.0,1.0,2.94,179.41,4,0.0,0.0,589376
2024-03-22 06:00:00,00000000270,20240322060000,0.051,0.001,0.059,0.0,0.0,0.0,1.0,1.96,115.69,4,0.0,0.0,589376
2024-03-22 07:00:00,00000000270,20240322070000,0.083,0.0,0.061,0.0,0.0,0.0,1.0,0.0,73.49,4,0.0,0.0,589376
2024-03-22 08:00:00,00000000270,20240322080000,0.116,0.001,0.058,0.0,0.0,0.0,1.0,0.86,50.0,4,0.0,0.0,589376
2024-03-22 09:00:00,00000000270,20240322090000,0.05,0.001,0.06,0.0,0.0,0.0,1.0,2.0,120.0,4,0.0,0.0,589376
2024-03-22 10:00:00,00000000270,20240322100000,0.033,0.001,0.061,0.0,0.0,0.0,1.0,3.03,184.85,4,0.0,0.0,589376
2024-03-22 11:00:00,00000000270,20240322110000,0.045,0.0,0.06,0.0,0.0,0.0,1.0,0.0,133.33,4,0.0,0.0,589376
2024-03-22 12:00:00,00000000270,20240322120000,0.05,0.001,0.061,0.0,0.0,0.0,1.0,2.0,122.0,4,0.0,0.0,589376
2024-03-22 13:00:00,00000000270,20240322130000,0.049,0.001,0.06,0.0,0.0,0.0,1.0,2.04,122.45,4,0.0,0.0,589376
2024-03-22 14:00:00,00000000270,20240322140000,0.047,0.001,0.06,0.0,0.0,0.0,1.0,2.13,127.66,4,0.0,0.0,589376
2024-03-22 15:00:00,00000000270,20240322150000,0.028,0.0,0.062,0.0,0.0,0.0,1.0,0.0,221.43,4,0.0,0.0,589376
2024-03-22 16:00:00,00000000270,20240322160000,0.051,0.001,0.06,0.0,0.0,0.0,1.0,1.96,117.65,4,0.0,0.0,589376
2024-03-22 17:00:00,00000000270,20240322170000,0.052,0.001,0.06,0.0,0.0,0.0,1.0,1.92,115.38,4,0.0,0.0,589376
2024-03-22 18:00:00,00000000270,20240322180000,0.05,0.001,0.058,0.0,0.0,0.0,1.0,2.0,116.0,4,0.0,0.0,589376
2024-03-22 19:00:00,00000000270,20240322190000,0.037,0.001,0.059,0.0,0.0,0.0,1.0,2.7,159.46,4,0.0,0.0,589376
2024-03-22 20:00:00,00000000270,20240322200000,0.037,0.0,0.056,0.0,0.0,0.0,1.0,0.0,151.35,4,0.0,0.0,589376
2024-03-22 21:00:00,00000000270,20240322210000,0.05,0.0,0.056,0.0,0.0,0.0,1.0,0.0,112.0,4,0.0,0.0,589376
2024-03-22 22:00:00,00000000270,20240322220000,0.048,0.001,0.057,0.0,0.0,0.0,1.0,2.08,118.75,4,0.0,0.0,589376
2024-03-22 23:00:00,00000000270,20240322230000,0.042,0.0,0.058,0.0,0.0,0.0,1.0,0.0,138.1,4,0.0,0.0,589376
2024-03-23 00:00:00,00000000270,20240323000000,0.031,0.001,0.059,0.0,0.0,0.0,1.0,3.23,190.32,4,0.0,0.0,589376
2024-03-23 01:00:00,00000000270,20240323010000,0.051,0.0,0.058,0.0,0.0,0.0,1.0,0.0,113.73,4,0.0,0.0,589376
2024-03-23 02:00:00,00000000270,20240323020000,0.048,0.001,0.059,0.0,0.0,0.0,1.0,2.08,122.92,4,0.0,0.0,589376
2024-03-23 03:00:00,00000000270,20240323030000,0.049,0.001,0.06,0.0,0.0,0.0,1.0,2.04,122.45,4,0.0,0.0,589376
2024-03-23 04:00:00,00000000270,20240323040000,0.029,0.001,0.062,0.0,0.0,0.0,1.0,3.45,213.79,4,0.0,0.0,589376
2024-03-23 05:00:00,00000000270,20240323050000,0.046,0.0,0.06,0.0,0.0,0.0,1.0,0.0,130.43,4,0.0,0.0,589376
2024-03-23 06:00:00,00000000270,20240323060000,0.051,0.001,0.06,0.0,0.0,0.0,1.0,1.96,117.65,4,0.0,0.0,589376
2024-03-23 07:00:00,00000000270,20240323070000,0.05,0.001,0.062,0.0,0.0,0.0,1.0,2.0,124.0,4,0.0,0.0,589376
2024-03-23 08:00:00,00000000270,20240323080000,0.031,0.001,0.063,0.0,0.0,0.0,1.0,3.23,203.23,4,0.0,0.0,589376
2024-03-23 09:00:00,00000000270,20240323090000,0.128,0.0,0.06,0.0,0.0,0.0,1.0,0.0,46.88,4,0.0,0.0,589376
2024-03-23 10:00:00,00000000270,20240323100000,0.065,0.001,0.058,0.0,0.0,0.0,1.0,1.54,89.23,4,0.0,0.0,589376
2024-03-23 11:00:00,00000000270,20240323110000,0.054,0.001,0.06,0.0,0.0,0.0,1.0,1.85,111.11,4,0.0,0.0,589376
2024-03-23 12:00:00,00000000270,20240323120000,0.049,0.001,0.06,0.0,0.0,0.0,1.0,2.04,122.45,4,0.0,0.0,589376
2024-03-23 13:00:00,00000000270,20240323130000,0.041,0.0,0.061,0.0,0.0,0.0,1.0,0.0,148.78,4,0.0,0.0,589376
2024-03-23 14:00:00,00000000270,20240323140000,0.034,0.001,0.063,0.0,0.0,0.0,1.0,2.94,185.29,4,0.0,0.0,589376
2024-03-23 15:00:00,00000000270,20240323150000,0.049,0.001,0.06,0.0,0.0,0.0,1.0,2.04,122.45,4,0.0,0.0,589376
2024-03-23 16:00:00,00000000270,20240323160000,0.042,0.0,0.036,0.0,0.0,0.0,1.0,0.0,85.71,4,0.0,0.0,589376
2024-03-23 17:00:00,00000000270,20240323170000,0.051,0.001,0.043,0.0,0.0,0.0,1.0,1.96,84.31,4,0.0,0.0,589376
2024-03-23 18:00:00,00000000270,20240323180000,0.194,0.0,0.06,0.0,0.0,0.0,1.0,0.0,30.93,4,0.0,0.0,589376
2024-03-23 19:00:00,00000000270,20240323190000,0.381,0.072,0.032,0.0,0.0,0.0,1.0,18.9,8.4,4,0.0,0.0,589376
2024-03-23 20:00:00,00000000270,20240323200000,0.301,0.008,0.045,0.0,0.0,0.0,1.0,2.66,14.95,4,0.0,0.0,589376
2024-03-23 21:00:00,00000000270,20240323210000,0.05,0.0,0.056,0.0,0.0,0.0,1.0,0.0,112.0,4,0.0,0.0,589376
2024-03-23 22:00:00,00000000270,20240323220000,0.053,0.0,0.058,0.0,0.0,0.0,1.0,0.0,109.43,4,0.0,0.0,589376
2024-03-23 23:00:00,00000000270,20240323230000,0.054,0.001,0.061,0.0,0.0,0.0,1.0,1.85,112.96,4,0.0,0.0,589376
2024-03-24 00:00:00,00000000270,20240324000000,0.038,0.0,0.059,0.0,0.0,0.0,1.0,0.0,155.26,4,0.0,0.0,589376
2024-03-24 01:00:00,00000000270,20240324010000,0.052,0.001,0.059,0.0,0.0,0.0,1.0,1.92,113.46,4,0.0,0.0,589376
2024-03-24 02:00:00,00000000270,20240324020000,0.051,0.0,0.059,0.0,0.0,0.0,1.0,0.0,115.69,4,0.0,0.0,589376
2024-03-24 03:00:00,00000000270,20240324030000,0.052,0.0,0.06,0.0,0.0,0.0,1.0,0.0,115.38,4,0.0,0.0,589376
2024-03-24 04:00:00,00000000270,20240324040000,0.03,0.003,0.058,0.0,0.0,0.0,1.0,10.0,193.33,4,0.0,0.0,589376
2024-03-24 05:00:00,00000000270,20240324050000,0.11,0.029,0.003,0.0,0.0,0.0,1.0,26.36,2.73,4,0.0,0.0,589376
2024-03-24 06:00:00,00000000270,20240324060000,0.048,0.0,0.059,0.0,0.0,0.0,1.0,0.0,122.92,4,0.0,0.0,589376
2024-03-24 07:00:00,00000000270,20240324070000,0.051,0.001,0.062,0.0,0.0,0.0,1.0,1.96,121.57,4,0.0,0.0,589376
2024-03-24 08:00:00,00000000270,20240324080000,0.135,0.001,0.061,0.0,0.0,0.0,1.0,0.74,45.19,4,0.0,0.0,589376
2024-03-24 09:00:00,00000000270,20240324090000,0.052,0.0,0.062,0.0,0.0,0.0,1.0,0.0,119.23,4,0.0,0.0,589376
2024-03-24 10:00:00,00000000270,20240324100000,0.053,0.001,0.059,0.0,0.0,0.0,1.0,1.89,111.32,4,0.0,0.0,589376
2024-03-24 11:00:00,00000000270,20240324110000,0.052,0.001,0.061,0.0,0.0,0.0,1.0,1.92,117.31,4,0.0,0.0,589376
2024-03-24 12:00:00,00000000270,20240324120000,0.225,0.003,0.048,0.0,0.0,0.0,1.0,1.33,21.33,4,0.0,0.0,589376
2024-03-24 13:00:00,00000000270,20240324130000,0.054,0.001,0.059,0.0,0.0,0.0,1.0,1.85,109.26,4,0.0,0.0,589376
2024-03-24 14:00:00,00000000270,20240324140000,0.034,0.001,0.061,0.0,0.0,0.0,1.0,2.94,179.41,4,0.0,0.0,589376
2024-03-24 15:00:00,00000000270,20240324150000,0.1,0.001,0.056,0.0,0.0,0.0,1.0,1.0,56.0,4,0.0,0.0,589376
2024-03-24 16:00:00,00000000270,20240324160000,0.054,0.001,0.06,0.0,0.0,0.0,1.0,1.85,111.11,4,0.0,0.0,589376
2024-03-24 17:00:00,00000000270,20240324170000,0.055,0.0,0.059,0.0,0.0,0.0,1.0,0.0,107.27,4,0.0,0.0,589376
2024-03-24 18:00:00,00000000270,20240324180000,0.055,0.001,0.058,0.0,0.0,0.0,1.0,1.82,105.45,4,0.0,0.0,589376
2024-03-24 19:00:00,00000000270,20240324190000,0.568,0.002,0.054,0.0,0.0,0.0,1.0,0.35,9.51,4,0.0,0.0,589376
2024-03-24 20:00:00,00000000270,20240324200000,0.355,0.014,0.024,0.0,0.0,0.0,1.0,3.94,6.76,4,0.0,0.0,589376
2024-03-24 21:00:00,00000000270,20240324210000,0.032,0.0,0.057,0.0,0.0,0.0,1.0,0.0,178.12,4,0.0,0.0,589376
2024-03-24 22:00:00,00000000270,20240324220000,1.154,0.004,0.053,0.0,0.0,0.0,1.0,0.35,4.59,4,0.0,0.0,589376
2024-03-24 23:00:00,00000000270,20240324230000,1.643,0.001,0.081,0.0,0.0,0.0,1.0,0.06,4.93,4,0.0,0.0,589376
2024-03-25 00:00:00,00000000270,20240325000000,0.052,0.0,0.058,0.0,0.0,0.0,1.0,0.0,111.54,4,0.0,0.0,589376
2024-03-25 01:00:00,00000000270,20240325010000,0.049,0.001,0.06,0.0,0.0,0.0,1.0,2.04,122.45,4,0.0,0.0,589376
2024-03-25 02:00:00,00000000270,20240325020000,0.035,0.001,0.061,0.0,0.0,0.0,1.0,2.86,174.29,4,0.0,0.0,589376
2024-03-25 03:00:00,00000000270,20240325030000,0.04,0.0,0.062,0.0,0.0,0.0,1.0,0.0,155.0,4,0.0,0.0,589376
2024-03-25 04:00:00,00000000270,20240325040000,0.154,0.003,0.06,0.0,0.0,0.0,1.0,1.95,38.96,4,0.0,0.0,589376
2024-03-25 05:00:00,00000000270,20240325050000,0.404,0.034,0.001,0.0,0.0,0.0,1.0,8.42,0.25,4,0.0,0.0,589376
2024-03-25 06:00:00,00000000270,20240325060000,0.062,0.001,0.06,0.0,0.0,0.0,1.0,1.61,96.77,4,0.0,0.0,589376
2024-03-25 07:00:00,00000000270,20240325070000,0.055,0.001,0.061,0.0,0.0,0.0,1.0,1.82,110.91,4,0.0,0.0,589376
2024-03-25 08:00:00,00000000270,20240325080000,0.042,0.0,0.063,0.0,0.0,0.0,1.0,0.0,150.0,4,0.0,0.0,589376
2024-03-25 09:00:00,00000000270,20240325090000,0.037,0.001,0.062,0.0,0.0,0.0,1.0,2.7,167.57,4,0.0,0.0,589376
2024-03-25 10:00:00,00000000270,20240325100000,0.055,0.001,0.059,0.0,0.0,0.0,1.0,1.82,107.27,4,0.0,0.0,589376
2024-03-25 11:00:00,00000000270,20240325110000,0.061,0.001,0.057,0.0,0.0,0.0,1.0,1.64,93.44,4,0.0,0.0,589376
2024-03-25 12:00:00,00000000270,20240325120000,0.055,0.0,0.058,0.0,0.0,0.0,1.0,0.0,105.45,4,0.0,0.0,589376
2024-03-25 13:00:00,00000000270,20240325130000,0.046,0.001,0.059,0.0,0.0,0.0,1.0,2.17,128.26,4,0.0,0.0,589376
2024-03-25 14:00:00,00000000270,20240325140000,0.039,0.001,0.06,0.0,0.0,0.0,1.0,2.56,153.85,4,0.0,0.0,589376
2024-03-25 15:00:00,00000000270,20240325150000,0.048,0.0,0.06,0.0,0.0,0.0,1.0,0.0,125.0,4,0.0,0.0,589376
2024-03-25 16:00:00,00000000270,20240325160000,0.296,0.001,0.06,0.0,0.0,0.0,1.0,0.34,20.27,4,0.0,0.0,589376
2024-03-25 17:00:00,00000000270,20240325170000,0.053,0.001,0.061,0.0,0.0,0.0,1.0,1.89,115.09,4,0.0,0.0,589376
2024-03-25 18:00:00,00000000270,20240325180000,0.05,0.001,0.059,0.0,0.0,0.0,1.0,2.0,118.0,4,0.0,0.0,589376
2024-03-25 19:00:00,00000000270,20240325190000,0.053,0.0,0.057,0.0,0.0,0.0,1.0,0.0,107.55,4,0.0,0.0,589376
2024-03-25 20:00:00,00000000270,20240325200000,1.044,0.001,0.069,0.0,0.0,0.0,1.0,0.1,6.61,4,0.0,0.0,589376
2024-03-25 21:00:00,00000000270,20240325210000,1.187,0.0,0.07,0.0,0.0,0.0,1.0,0.0,5.9,4,0.0,0.0,589376
2024-03-25 22:00:00,00000000270,20240325220000,0.051,0.001,0.057,0.0,0.0,0.0,1.0,1.96,111.76,4,0.0,0.0,589376
2024-03-25 23:00:00,00000000270,20240325230000,0.121,0.0,0.059,0.0,0.0,0.0,1.0,0.0,48.76,4,0.0,0.0,589376
2024-03-26 00:00:00,00000000270,20240326000000,0.086,0.001,0.056,0.0,0.0,0.0,1.0,1.16,65.12,4,0.0,0.0,589376
2024-03-26 01:00:00,00000000270,20240326010000,0.058,0.001,0.06,0.0,0.0,0.0,1.0,1.72,103.45,4,0.0,0.0,589376
2024-03-26 02:00:00,00000000270,20240326020000,0.048,0.0,0.061,0.0,0.0,0.0,1.0,0.0,127.08,4,0.0,0.0,589376
2024-03-26 03:00:00,00000000270,20240326030000,0.037,0.001,0.063,0.0,0.0,0.0,1.0,2.7,170.27,4,0.0,0.0,589376
2024-03-26 04:00:00,00000000270,20240326040000,0.051,0.001,0.063,0.0,0.0,0.0,1.0,1.96,123.53,4,0.0,0.0,589376
2024-03-26 05:00:00,00000000270,20240326050000,1.751,0.001,0.085,0.0,0.0,0.0,1.0,0.06,4.85,4,0.0,0.0,589376
2024-03-26 06:00:00,00000000270,20240326060000,0.28,0.0,0.065,0.0,0.0,0.0,1.0,0.0,23.21,4,0.0,0.0,589376
2024-03-26 07:00:00,00000000270,20240326070000,0.05,0.001,0.062,0.0,0.0,0.0,1.0,2.0,124.0,4,0.0,0.0,589376
2024-03-26 08:00:00,00000000270,20240326080000,0.049,0.001,0.063,0.0,0.0,0.0,1.0,2.04,128.57,4,0.0,0.0,589376
2024-03-26 09:00:00,00000000270,20240326090000,0.037,0.0,0.064,0.0,0.0,0.0,1.0,0.0,172.97,4,0.0,0.0,589376
2024-03-26 10:00:00,00000000270,20240326100000,0.054,0.001,0.062,0.0,0.0,0.0,1.0,1.85,114.81,4,0.0,0.0,589376
2024-03-26 11:00:00,00000000270,20240326110000,0.055,0.001,0.06,0.0,0.0,0.0,1.0,1.82,109.09,4,0.0,0.0,589376
2024-03-26 12:00:00,00000000270,20240326120000,0.062,0.001,0.059,0.0,0.0,0.0,1.0,1.61,95.16,4,0.0,0.0,589376
2024-03-26 13:00:00,00000000270,20240326130000,1.092,0.0,0.056,0.0,0.0,0.0,1.0,0.0,5.13,4,0.0,0.0,589376
2024-03-26 14:00:00,00000000270,20240326140000,0.27,0.001,0.06,0.0,0.0,0.0,1.0,0.37,22.22,4,0.0,0.0,589376
2024-03-26 15:00:00,00000000270,20240326150000,0.05,0.001,0.06,0.0,0.0,0.0,1.0,2.0,120.0,4,0.0,0.0,589376
2024-03-26 16:00:00,00000000270,20240326160000,0.054,0.0,0.059,0.0,0.0,0.0,1.0,0.0,109.26,4,0.0,0.0,589376
2024-03-26 17:00:00,00000000270,20240326170000,0.053,0.001,0.058,0.0,0.0,0.0,1.0,1.89,109.43,4,0.0,0.0,589376
2024-03-26 18:00:00,00000000270,20240326180000,0.594,0.001,0.055,0.0,0.0,0.0,1.0,0.17,9.26,4,0.0,0.0,589376
2024-03-26 19:00:00,00000000270,20240326190000,0.047,0.0,0.056,0.0,0.0,0.0,1.0,0.0,119.15,4,0.0,0.0,589376
2024-03-26 20:00:00,00000000270,20240326200000,1.135,0.001,0.064,0.0,0.0,0.0,1.0,0.09,5.64,4,0.0,0.0,589376
2024-03-26 21:00:00,00000000270,20240326210000,1.432,0.0,0.076,0.0,0.0,0.0,1.0,0.0,5.31,4,0.0,0.0,589376
2024-03-26 22:00:00,00000000270,20240326220000,0.076,0.0,0.064,0.0,0.0,0.0,1.0,0.0,84.21,4,0.0,0.0,589376
2024-03-26 23:00:00,00000000270,20240326230000,0.063,0.001,0.061,0.0,0.0,0.0,1.0,1.59,96.83,4,0.0,0.0,589376
2024-03-27 00:00:00,00000000270,20240327000000,0.063,0.0,0.061,0.0,0.0,0.0,1.0,0.0,96.83,4,0.0,0.0,589376
2024-03-27 01:00:00,00000000270,20240327010000,0.055,0.001,0.059,0.0,0.0,0.0,1.0,1.82,107.27,4,0.0,0.0,589376
2024-03-27 02:00:00,00000000270,20240327020000,0.046,0.0,0.059,0.0,0.0,0.0,1.0,0.0,128.26,4,0.0,0.0,589376
2024-03-27 03:00:00,00000000270,20240327030000,0.038,0.001,0.06,0.0,0.0,0.0,1.0,2.63,157.89,4,0.0,0.0,589376
2024-03-27 04:00:00,00000000270,20240327040000,0.045,0.001,0.06,0.0,0.0,0.0,1.0,2.22,133.33,4,0.0,0.0,589376
2024-03-27 05:00:00,00000000270,20240327050000,0.721,0.015,0.037,0.0,0.0,0.0,1.0,2.08,5.13,4,0.0,0.0,589376
2024-03-27 06:00:00,00000000270,20240327060000,0.051,0.0,0.058,0.0,0.0,0.0,1.0,0.0,113.73,4,0.0,0.0,589376
2024-03-27 07:00:00,00000000270,20240327070000,0.049,0.001,0.059,0.0,0.0,0.0,1.0,2.04,120.41,4,0.0,0.0,589376
2024-03-27 08:00:00,00000000270,20240327080000,0.036,0.001,0.06,0.0,0.0,0.0,1.0,2.78,166.67,4,0.0,0.0,589376
2024-03-27 09:00:00,00000000270,20240327090000,0.043,0.0,0.059,0.0,0.0,0.0,1.0,0.0,137.21,4,0.0,0.0,589376
2024-03-27 10:00:00,00000000270,20240327100000,0.064,0.001,0.058,0.0,0.0,0.0,1.0,1.56,90.62,4,0.0,0.0,589376
2024-03-27 11:00:00,00000000270,20240327110000,0.056,0.001,0.057,0.0,0.0,0.0,1.0,1.79,101.79,4,0.0,0.0,589376
2024-03-27 12:00:00,00000000270,20240327120000,0.055,0.001,0.057,0.0,0.0,0.0,1.0,1.82,103.64,4,0.0,0.0,589376
2024-03-27 13:00:00,00000000270,20240327130000,0.05,0.0,0.056,0.0,0.0,0.0,1.0,0.0,112.0,4,0.0,0.0,589376
2024-03-27 14:00:00,00000000270,20240327140000,0.053,0.001,0.057,0.0,0.0,0.0,1.0,1.89,107.55,4,0.0,0.0,589376
2024-03-27 15:00:00,00000000270,20240327150000,0.05,0.001,0.057,0.0,0.0,0.0,1.0,2.0,114.0,4,0.0,0.0,589376
2024-03-27 16:00:00,00000000270,20240327160000,0.151,0.001,0.054,0.0,0.0,0.0,1.0,0.66,35.76,4,0.0,0.0,589376
2024-03-27 17:00:00,00000000270,20240327170000,0.052,0.0,0.057,0.0,0.0,0.0,1.0,0.0,109.62,4,0.0,0.0,589376
2024-03-27 18:00:00,00000000270,20240327180000,0.049,0.001,0.057,0.0,0.0,0.0,1.0,2.04,116.33,4,0.0,0.0,589376
2024-03-27 19:00:00,00000000270,20240327190000,0.988,0.001,0.062,0.0,0.0,0.0,1.0,0.1,6.28,4,0.0,0.0,589376
2024-03-27 20:00:00,00000000270,20240327200000,1.922,0.0,0.068,0.0,0.0,0.0,1.0,0.0,3.54,4,0.0,0.0,589376
2024-03-27 21:00:00,00000000270,20240327210000,0.31,0.001,0.058,0.0,0.0,0.0,1.0,0.32,18.71,4,0.0,0.0,589376
2024-03-27 22:00:00,00000000270,20240327220000,0.051,0.0,0.054,0.0,0.0,0.0,1.0,0.0,105.88,4,0.0,0.0,589376
2024-03-27 23:00:00,00000000270,20240327230000,0.052,0.001,0.055,0.0,0.0,0.0,1.0,1.92,105.77,4,0.0,0.0,589376
2024-03-28 00:00:00,00000000270,20240328000000,0.045,0.0,0.056,0.0,0.0,0.0,1.0,0.0,124.44,4,0.0,0.0,589376
2024-03-28 01:00:00,00000000270,20240328010000,0.038,0.001,0.058,0.0,0.0,0.0,1.0,2.63,152.63,4,0.0,0.0,589376
2024-03-28 02:00:00,00000000270,20240328020000,0.046,0.001,0.059,0.0,0.0,0.0,1.0,2.17,128.26,4,0.0,0.0,589376
2024-03-28 03:00:00,00000000270,20240328030000,0.054,0.0,0.058,0.0,0.0,0.0,1.0,0.0,107.41,4,0.0,0.0,589376
2024-03-28 04:00:00,00000000270,20240328040000,0.053,0.001,0.058,0.0,0.0,0.0,1.0,1.89,109.43,4,0.0,0.0,589376
2024-03-28 05:00:00,00000000270,20240328050000,0.081,0.001,0.065,0.0,0.0,0.0,1.0,1.23,80.25,4,0.0,0.0,589376
2024-03-28 06:00:00,00000000270,20240328060000,0.057,0.001,0.063,0.0,0.0,0.0,1.0,1.75,110.53,4,0.0,0.0,589376
2024-03-28 07:00:00,00000000270,20240328070000,0.039,0.0,0.06,0.0,0.0,0.0,1.0,0.0,153.85,4,0.0,0.0,589376
2024-03-28 08:00:00,00000000270,20240328080000,0.051,0.001,0.059,0.0,0.0,0.0,1.0,1.96,115.69,4,0.0,0.0,589376
2024-03-28 09:00:00,00000000270,20240328090000,0.06,0.001,0.057,0.0,0.0,0.0,1.0,1.67,95.0,4,0.0,0.0,589376
2024-03-28 10:00:00,00000000270,20240328100000,0.102,0.0,0.057,0.0,0.0,0.0,1.0,0.0,55.88,4,0.0,0.0,589376
2024-03-28 11:00:00,00000000270,20240328110000,0.115,0.001,0.053,0.0,0.0,0.0,1.0,0.87,46.09,4,0.0,0.0,589376
2024-03-28 12:00:00,00000000270,20240328120000,0.054,0.001,0.058,0.0,0.0,0.0,1.0,1.85,107.41,4,0.0,0.0,589376
2024-03-28 13:00:00,00000000270,20240328130000,0.052,0.001,0.058,0.0,0.0,0.0,1.0,1.92,111.54,4,0.0,0.0,589376
2024-03-28 14:00:00,00000000270,20240328140000,0.052,0.0,0.059,0.0,0.0,0.0,1.0,0.0,113.46,4,0.0,0.0,589376
2024-03-28 15:00:00,00000000270,20240328150000,0.051,0.001,0.058,0.0,0.0,0.0,1.0,1.96,113.73,4,0.0,0.0,589376
2024-03-28 16:00:00,00000000270,20240328160000,0.047,0.001,0.059,0.0,0.0,0.0,1.0,2.13,125.53,4,0.0,0.0,589376
2024-03-28 17:00:00,00000000270,20240328170000,0.054,0.001,0.06,0.0,0.0,0.0,1.0,1.85,111.11,4,0.0,0.0,589376
2024-03-28 18:00:00,00000000270,20240328180000,0.054,0.0,0.057,0.0,0.0,0.0,1.0,0.0,105.56,4,0.0,0.0,589376
2024-03-28 19:00:00,00000000270,20240328190000,0.617,0.001,0.061,0.0,0.0,0.0,1.0,0.16,9.89,4,0.0,0.0,589376
2024-03-28 20:00:00,00000000270,20240328200000,1.761,0.001,0.077,0.0,0.0,0.0,1.0,0.06,4.37,4,0.0,0.0,589376
2024-03-28 21:00:00,00000000270,20240328210000,0.259,0.0,0.057,0.0,0.0,0.0,1.0,0.0,22.01,4,0.0,0.0,589376
2024-03-28 22:00:00,00000000270,20240328220000,0.05,0.001,0.055,0.0,0.0,0.0,1.0,2.0,110.0,4,0.0,0.0,589376
2024-03-28 23:00:00,00000000270,20240328230000,0.052,0.001,0.056,0.0,0.0,0.0,1.0,1.92,107.69,4,0.0,0.0,589376
2024-03-29 00:00:00,00000000270,20240329000000,0.051,0.001,0.056,0.0,0.0,0.0,1.0,1.96,109.8,4,0.0,0.0,589376
2024-03-29 01:00:00,00000000270,20240329010000,0.038,0.0,0.057,0.0,0.0,0.0,1.0,0.0,150.0,4,0.0,0.0,589376
2024-03-29 02:00:00,00000000270,20240329020000,0.042,0.001,0.059,0.0,0.0,0.0,1.0,2.38,140.48,4,0.0,0.0,589376
2024-03-29 03:00:00,00000000270,20240329030000,0.052,0.001,0.058,0.0,0.0,0.0,1.0,1.92,111.54,4,0.0,0.0,589376
2024-03-29 04:00:00,00000000270,20240329040000,0.077,0.0,0.063,0.0,0.0,0.0,1.0,0.0,81.82,4,0.0,0.0,589376
2024-03-29 05:00:00,00000000270,20240329050000,0.138,0.001,0.063,0.0,0.0,0.0,1.0,0.72,45.65,4,0.0,0.0,589376
2024-03-29 06:00:00,00000000270,20240329060000,0.099,0.001,0.055,0.0,0.0,0.0,1.0,1.01,55.56,4,0.0,0.0,589376
2024-03-29 07:00:00,00000000270,20240329070000,0.053,0.001,0.057,0.0,0.0,0.0,1.0,1.89,107.55,4,0.0,0.0,589376
2024-03-29 08:00:00,00000000270,20240329080000,0.055,0.0,0.059,0.0,0.0,0.0,1.0,0.0,107.27,4,0.0,0.0,589376
2024-03-29 09:00:00,00000000270,20240329090000,0.049,0.001,0.058,0.0,0.0,0.0,1.0,2.04,118.37,4,0.0,0.0,589376
2024-03-29 10:00:00,00000000270,20240329100000,0.053,0.001,0.057,0.0,0.0,0.0,1.0,1.89,107.55,4,0.0,0.0,589376
2024-03-29 11:00:00,00000000270,20240329110000,0.062,0.0,0.059,0.0,0.0,0.0,1.0,0.0,95.16,4,0.0,0.0,589376
2024-03-29 12:00:00,00000000270,20240329120000,0.053,0.001,0.058,0.0,0.0,0.0,1.0,1.89,109.43,4,0.0,0.0,589376
2024-03-29 13:00:00,00000000270,20240329130000,0.056,0.001,0.058,0.0,0.0,0.0,1.0,1.79,103.57,4,0.0,0.0,589376
2024-03-29 14:00:00,00000000270,20240329140000,0.049,0.001,0.059,0.0,0.0,0.0,1.0,2.04,120.41,4,0.0,0.0,589376
2024-03-29 15:00:00,00000000270,20240329150000,0.056,0.0,0.059,0.0,0.0,0.0,1.0,0.0,105.36,4,0.0,0.0,589376
2024-03-29 16:00:00,00000000270,20240329160000,0.055,0.001,0.059,0.0,0.0,0.0,1.0,1.82,107.27,4,0.0,0.0,589376
2024-03-29 17:00:00,00000000270,20240329170000,0.052,0.001,0.058,0.0,0.0,0.0,1.0,1.92,111.54,4,0.0,0.0,589376
2024-03-29 18:00:00,00000000270,20240329180000,0.056,0.0,0.057,0.0,0.0,0.0,1.0,0.0,101.79,4,0.0,0.0,589376
2024-03-29 19:00:00,00000000270,20240329190000,0.06,0.001,0.055,0.0,0.0,0.0,1.0,1.67,91.67,4,0.0,0.0,589376
2024-03-29 20:00:00,00000000270,20240329200000,0.066,0.007,0.041,0.0,0.0,0.0,1.0,10.61,62.12,4,0.0,0.0,589376
2024-03-29 21:00:00,00000000270,20240329210000,0.049,0.001,0.055,0.0,0.0,0.0,1.0,2.04,112.24,4,0.0,0.0,589376
2024-03-29 22:00:00,00000000270,20240329220000,0.089,0.019,0.023,0.0,0.0,0.0,1.0,21.35,25.84,4,0.0,0.0,589376
2024-03-29 23:00:00,00000000270,20240329230000,0.202,0.032,0.0,0.0,0.0,0.0,1.0,15.84,0.0,4,0.0,0.0,589376
2024-03-30 00:00:00,00000000270,20240330000000,0.116,0.03,0.003,0.0,0.0,0.0,1.0,25.86,2.59,4,0.0,0.0,589376
2024-03-30 01:00:00,00000000270,20240330010000,0.067,0.0,0.058,0.0,0.0,0.0,1.0,0.0,86.57,4,0.0,0.0,589376
2024-03-30 02:00:00,00000000270,20240330020000,0.058,0.001,0.057,0.0,0.0,0.0,1.0,1.72,98.28,4,0.0,0.0,589376
2024-03-30 03:00:00,00000000270,20240330030000,0.052,0.001,0.057,0.0,0.0,0.0,1.0,1.92,109.62,4,0.0,0.0,589376
2024-03-30 04:00:00,00000000270,20240330040000,0.062,0.001,0.06,0.0,0.0,0.0,1.0,1.61,96.77,4,0.0,0.0,589376
2024-03-30 05:00:00,00000000270,20240330050000,0.066,0.0,0.061,0.0,0.0,0.0,1.0,0.0,92.42,4,0.0,0.0,589376
2024-03-30 06:00:00,00000000270,20240330060000,0.073,0.001,0.065,0.0,0.0,0.0,1.0,1.37,89.04,4,0.0,0.0,589376
2024-03-30 07:00:00,00000000270,20240330070000,0.054,0.001,0.06,0.0,0.0,0.0,1.0,1.85,111.11,4,0.0,0.0,589376
2024-03-30 08:00:00,00000000270,20240330080000,0.052,0.001,0.059,0.0,0.0,0.0,1.0,1.92,113.46,4,0.0,0.0,589376
2024-03-30 09:00:00,00000000270,20240330090000,0.063,0.0,0.059,0.0,0.0,0.0,1.0,0.0,93.65,4,0.0,0.0,589376
2024-03-30 10:00:00,00000000270,20240330100000,0.063,0.001,0.059,0.0,0.0,0.0,1.0,1.59,93.65,4,0.0,0.0,589376
2024-03-30 11:00:00,00000000270,20240330110000,0.052,0.001,0.057,0.0,0.0,0.0,1.0,1.92,109.62,4,0.0,0.0,589376
2024-03-30 12:00:00,00000000270,20240330120000,0.051,0.0,0.058,0.0,0.0,0.0,1.0,0.0,113.73,4,0.0,0.0,589376
2024-03-30 13:00:00,00000000270,20240330130000,0.056,0.001,0.059,0.0,0.0,0.0,1.0,1.79,105.36,4,0.0,0.0,589376
2024-03-30 14:00:00,00000000270,20240330140000,0.145,0.089,0.005,0.0,0.0,0.0,1.0,61.38,3.45,4,0.0,0.0,589376
2024-03-30 15:00:00,00000000270,20240330150000,0.135,0.069,0.015,0.0,0.0,0.0,1.0,51.11,11.11,4,0.0,0.0,589376
2024-03-30 16:00:00,00000000270,20240330160000,0.143,0.0,0.057,0.0,0.0,0.0,1.0,0.0,39.86,4,0.0,0.0,589376
2024-03-30 17:00:00,00000000270,20240330170000,0.063,0.001,0.055,0.0,0.0,0.0,1.0,1.59,87.3,4,0.0,0.0,589376
2024-03-30 18:00:00,00000000270,20240330180000,0.066,0.001,0.056,0.0,0.0,0.0,1.0,1.52,84.85,4,0.0,0.0,589376
2024-03-30 19:00:00,00000000270,20240330190000,0.7,0.0,0.058,0.0,0.0,0.0,1.0,0.0,8.29,4,0.0,0.0,589376
2024-03-30 20:00:00,00000000270,20240330200000,0.873,0.001,0.062,0.0,0.0,0.0,1.0,0.11,7.1,4,0.0,0.0,589376
2024-03-30 21:00:00,00000000270,20240330210000,0.053,0.001,0.055,0.0,0.0,0.0,1.0,1.89,103.77,4,0.0,0.0,589376
2024-03-30 22:00:00,00000000270,20240330220000,0.05,0.0,0.055,0.0,0.0,0.0,1.0,0.0,110.0,4,0.0,0.0,589376
2024-03-30 23:00:00,00000000270,20240330230000,0.051,0.001,0.057,0.0,0.0,0.0,1.0,1.96,111.76,4,0.0,0.0,589376
2024-03-31 00:00:00,00000000270,20240331000000,0.048,0.001,0.056,0.0,0.0,0.0,1.0,2.08,116.67,4,0.0,0.0,589376
2024-03-31 01:00:00,00000000270,20240331010000,0.049,0.0,0.057,0.0,0.0,0.0,1.0,0.0,116.33,4,0.0,0.0,589376
2024-03-31 02:00:00,00000000270,20240331020000,0.052,0.001,0.059,0.0,0.0,0.0,1.0,1.92,113.46,4,0.0,0.0,589376
2024-03-31 03:00:00,00000000270,20240331030000,0.05,0.001,0.058,0.0,0.0,0.0,1.0,2.0,116.0,4,0.0,0.0,589376
2024-03-31 04:00:00,00000000270,20240331040000,0.065,0.0,0.064,0.0,0.0,0.0,1.0,0.0,98.46,4,0.0,0.0,589376
2024-03-31 05:00:00,00000000270,20240331050000,0.059,0.001,0.06,0.0,0.0,0.0,1.0,1.69,101.69,4,0.0,0.0,589376
2024-03-31 06:00:00,00000000270,20240331060000,0.063,0.001,0.06,0.0,0.0,0.0,1.0,1.59,95.24,4,0.0,0.0,589376
2024-03-31 07:00:00,00000000270,20240331070000,0.055,0.0,0.059,0.0,0.0,0.0,1.0,0.0,107.27,4,0.0,0.0,589376
2024-03-31 08:00:00,00000000270,20240331080000,0.133,0.001,0.061,0.0,0.0,0.0,1.0,0.75,45.86,4,0.0,0.0,589376
2024-03-31 09:00:00,00000000270,20240331090000,0.089,0.001,0.055,0.0,0.0,0.0,1.0,1.12,61.8,4,0.0,0.0,589376
2024-03-31 10:00:00,00000000270,20240331100000,0.048,0.001,0.058,0.0,0.0,0.0,1.0,2.08,120.83,4,0.0,0.0,589376
2024-03-31 11:00:00,00000000270,20240331110000,0.058,0.0,0.059,0.0,0.0,0.0,1.0,0.0,101.72,4,0.0,0.0,589376
2024-03-31 12:00:00,00000000270,20240331120000,0.051,0.001,0.058,0.0,0.0,0.0,1.0,1.96,113.73,4,0.0,0.0,589376
2024-03-31 13:00:00,00000000270,20240331130000,0.063,0.001,0.06,0.0,0.0,0.0,1.0,1.59,95.24,4,0.0,0.0,589376
2024-03-31 14:00:00,00000000270,20240331140000,0.05,0.0,0.058,0.0,0.0,0.0,1.0,0.0,116.0,4,0.0,0.0,589376
2024-03-31 15:00:00,00000000270,20240331150000,0.051,0.001,0.059,0.0,0.0,0.0,1.0,1.96,115.69,4,0.0,0.0,589376
2024-03-31 16:00:00,00000000270,20240331160000,0.053,0.001,0.059,0.0,0.0,0.0,1.0,1.89,111.32,4,0.0,0.0,589376
2024-03-31 17:00:00,00000000270,20240331170000,0.053,0.0,0.058,0.0,0.0,0.0,1.0,0.0,109.43,4,0.0,0.0,589376
2024-03-31 18:00:00,00000000270,20240331180000,0.049,0.001,0.056,0.0,0.0,0.0,1.0,2.04,114.29,4,0.0,0.0,589376
2024-03-31 19:00:00,00000000270,20240331190000,0.175,0.001,0.059,0.0,0.0,0.0,1.0,0.57,33.71,4,0.0,0.0,589376
2024-03-31 20:00:00,00000000270,20240331200000,1.024,0.003,0.065,0.0,0.0,0.0,1.0,0.29,6.35,4,0.0,0.0,589376
2024-03-31 21:00:00,00000000270,20240331210000,0.054,0.004,0.05,0.0,0.0,0.0,1.0,7.41,92.59,4,0.0,0.0,589376
2024-03-31 22:00:00,00000000270,20240331220000,0.071,0.0,0.06,0.0,0.0,0.0,1.0,0.0,84.51,4,0.0,0.0,589376
2024-03-31 23:00:00,00000000270,20240331230000,0.057,0.001,0.057,0.0,0.0,0.0,1.0,1.75,100.0,4,0.0,0.0,589376
2024-04-01 00:00:00,00000000270,20240401000000,0.132,0.001,0.057,0.0,0.0,0.0,1.0,0.76,43.18,4,0.0,0.0,589376
2024-04-01 01:00:00,00000000270,20240401010000,0.091,0.0,0.053,0.0,0.0,0.0,1.0,0.0,58.24,4,0.0,0.0,589376
2024-04-01 02:00:00,00000000270,20240401020000,0.047,0.001,0.058,0.0,0.0,0.0,1.0,2.13,123.4,4,0.0,0.0,589376
2024-04-01 03:00:00,00000000270,20240401030000,0.051,0.001,0.058,0.0,0.0,0.0,1.0,1.96,113.73,4,0.0,0.0,589376
2024-04-01 04:00:00,00000000270,20240401040000,0.066,0.0,0.063,0.0,0.0,0.0,1.0,0.0,95.45,4,0.0,0.0,589376
2024-04-01 05:00:00,00000000270,20240401050000,0.081,0.001,0.067,0.0,0.0,0.0,1.0,1.23,82.72,4,0.0,0.0,589376
2024-04-01 06:00:00,00000000270,20240401060000,0.057,0.001,0.06,0.0,0.0,0.0,1.0,1.75,105.26,4,0.0,0.0,589376
2024-04-01 07:00:00,00000000270,20240401070000,0.064,0.0,0.06,0.0,0.0,0.0,1.0,0.0,93.75,4,0.0,0.0,589376
2024-04-01 08:00:00,00000000270,20240401080000,0.057,0.001,0.059,0.0,0.0,0.0,1.0,1.75,103.51,4,0.0,0.0,589376
2024-04-01 09:00:00,00000000270,20240401090000,0.054,0.001,0.059,0.0,0.0,0.0,1.0,1.85,109.26,4,0.0,0.0,589376
2024-04-01 10:00:00,00000000270,20240401100000,0.055,0.0,0.058,0.0,0.0,0.0,1.0,0.0,105.45,4,0.0,0.0,589376
2024-04-01 11:00:00,00000000270,20240401110000,0.057,0.001,0.058,0.0,0.0,0.0,1.0,1.75,101.75,4,0.0,0.0,589376
2024-04-01 12:00:00,00000000270,20240401120000,0.053,0.001,0.058,0.0,0.0,0.0,1.0,1.89,109.43,4,0.0,0.0,589376
2024-04-01 13:00:00,00000000270,20240401130000,0.062,0.0,0.059,0.0,0.0,0.0,1.0,0.0,95.16,4,0.0,0.0,589376
2024-04-01 14:00:00,00000000270,20240401140000,0.053,0.001,0.057,0.0,0.0,0.0,1.0,1.89,107.55,4,0.0,0.0,589376
2024-04-01 15:00:00,00000000270,20240401150000,0.054,0.001,0.058,0.0,0.0,0.0,1.0,1.85,107.41,4,0.0,0.0,589376
2024-04-01 16:00:00,00000000270,20240401160000,0.132,0.0,0.058,0.0,0.0,0.0,1.0,0.0,43.94,4,0.0,0.0,589376
2024-04-01 17:00:00,00000000270,20240401170000,0.095,0.001,0.054,0.0,0.0,0.0,1.0,1.05,56.84,4,0.0,0.0,589376
2024-04-01 18:00:00,00000000270,20240401180000,0.052,0.001,0.057,0.0,0.0,0.0,1.0,1.92,109.62,4,0.0,0.0,589376
2024-04-01 19:00:00,00000000270,20240401190000,0.058,0.0,0.059,0.0,0.0,0.0,1.0,0.0,101.72,4,0.0,0.0,589376
2024-04-01 20:00:00,00000000270,20240401200000,0.515,0.001,0.068,0.0,0.0,0.0,1.0,0.19,13.2,4,0.0,0.0,589376
2024-04-01 21:00:00,00000000270,20240401210000,0.498,0.001,0.069,0.0,0.0,0.0,1.0,0.2,13.86,4,0.0,0.0,589376
2024-04-01 22:00:00,00000000270,20240401220000,0.049,0.0,0.058,0.0,0.0,0.0,1.0,0.0,118.37,4,0.0,0.0,589376
2024-04-01 23:00:00,00000000270,20240401230000,0.048,0.001,0.058,0.0,0.0,0.0,1.0,2.08,120.83,4,0.0,0.0,589376
2024-04-02 00:00:00,00000000270,20240402000000,0.05,0.001,0.058,0.0,0.0,0.0,1.0,2.0,116.0,4,0.0,0.0,589376
2024-04-02 01:00:00,00000000270,20240402010000,0.051,0.0,0.061,0.0,0.0,0.0,1.0,0.0,119.61,4,0.0,0.0,589376
2024-04-02 02:00:00,00000000270,20240402020000,0.05,0.001,0.06,0.0,0.0,0.0,1.0,2.0,120.0,4,0.0,0.0,589376
2024-04-02 03:00:00,00000000270,20240402030000,0.05,0.0,0.06,0.0,0.0,0.0,1.0,0.0,120.0,4,0.0,0.0,589376
2024-04-02 04:00:00,00000000270,20240402040000,0.056,0.001,0.062,0.0,0.0,0.0,1.0,1.79,110.71,4,0.0,0.0,589376
2024-04-02 05:00:00,00000000270,20240402050000,0.089,0.001,0.07,0.0,0.0,0.0,1.0,1.12,78.65,4,0.0,0.0,589376
2024-04-02 06:00:00,00000000270,20240402060000,0.062,0.0,0.063,0.0,0.0,0.0,1.0,0.0,101.61,4,0.0,0.0,589376
2024-04-02 07:00:00,00000000270,20240402070000,0.05,0.001,0.061,0.0,0.0,0.0,1.0,2.0,122.0,4,0.0,0.0,589376
2024-04-02 08:00:00,00000000270,20240402080000,0.107,0.001,0.061,0.0,0.0,0.0,1.0,0.93,57.01,4,0.0,0.0,589376
2024-04-02 09:00:00,00000000270,20240402090000,0.111,0.0,0.056,0.0,0.0,0.0,1.0,0.0,50.45,4,0.0,0.0,589376
2024-04-02 10:00:00,00000000270,20240402100000,0.053,0.001,0.06,0.0,0.0,0.0,1.0,1.89,113.21,4,0.0,0.0,589376
2024-04-02 11:00:00,00000000270,20240402110000,0.051,0.001,0.061,0.0,0.0,0.0,1.0,1.96,119.61,4,0.0,0.0,589376
2024-04-02 12:00:00,00000000270,20240402120000,0.051,0.0,0.061,0.0,0.0,0.0,1.0,0.0,119.61,4,0.0,0.0,589376
2024-04-02 13:00:00,00000000270,20240402130000,0.049,0.001,0.061,0.0,0.0,0.0,1.0,2.04,124.49,4,0.0,0.0,589376
2024-04-02 14:00:00,00000000270,20240402140000,0.048,0.0,0.061,0.0,0.0,0.0,1.0,0.0,127.08,4,0.0,0.0,589376
2024-04-02 15:00:00,00000000270,20240402150000,0.051,0.001,0.061,0.0,0.0,0.0,1.0,1.96,119.61,4,0.0,0.0,589376
2024-04-02 16:00:00,00000000270,20240402160000,0.058,0.001,0.059,0.0,0.0,0.0,1.0,1.72,101.72,4,0.0,0.0,589376
2024-04-02 17:00:00,00000000270,20240402170000,0.055,0.0,0.06,0.0,0.0,0.0,1.0,0.0,109.09,4,0.0,0.0,589376
2024-04-02 18:00:00,00000000270,20240402180000,0.051,0.001,0.06,0.0,0.0,0.0,1.0,1.96,117.65,4,0.0,0.0,589376
2024-04-02 19:00:00,00000000270,20240402190000,0.048,0.001,0.058,0.0,0.0,0.0,1.0,2.08,120.83,4,0.0,0.0,589376
2024-04-02 20:00:00,00000000270,20240402200000,0.049,0.0,0.055,0.0,0.0,0.0,1.0,0.0,112.24,4,0.0,0.0,589376
2024-04-02 21:00:00,00000000270,20240402210000,0.047,0.001,0.057,0.0,0.0,0.0,1.0,2.13,121.28,4,0.0,0.0,589376
2024-04-02 22:00:00,00000000270,20240402220000,0.048,0.0,0.057,0.0,0.0,0.0,1.0,0.0,118.75,4,0.0,0.0,589376
2024-04-02 23:00:00,00000000270,20240402230000,0.046,0.001,0.058,0.0,0.0,0.0,1.0,2.17,126.09,4,0.0,0.0,589376
2024-04-03 00:00:00,00000000270,20240403000000,0.05,0.001,0.058,0.0,0.0,0.0,1.0,2.0,116.0,4,0.0,0.0,589376
2024-04-03 01:00:00,00000000270,20240403010000,0.047,0.0,0.059,0.0,0.0,0.0,1.0,0.0,125.53,4,0.0,0.0,589376
2024-04-03 02:00:00,00000000270,20240403020000,0.052,0.001,0.06,0.0,0.0,0.0,1.0,1.92,115.38,4,0.0,0.0,589376
2024-04-03 03:00:00,00000000270,20240403030000,0.047,0.001,0.06,0.0,0.0,0.0,1.0,2.13,127.66,4,0.0,0.0,589376
2024-04-03 04:00:00,00000000270,20240403040000,0.049,0.0,0.06,0.0,0.0,0.0,1.0,0.0,122.45,4,0.0,0.0,589376
2024-04-03 05:00:00,00000000270,20240403050000,0.046,0.001,0.059,0.0,0.0,0.0,1.0,2.17,128.26,4,0.0,0.0,589376
2024-04-03 06:00:00,00000000270,20240403060000,0.046,0.0,0.06,0.0,0.0,0.0,1.0,0.0,130.43,4,0.0,0.0,589376
2024-04-03 07:00:00,00000000270,20240403070000,0.047,0.001,0.061,0.0,0.0,0.0,1.0,2.13,129.79,4,0.0,0.0,589376
2024-04-03 08:00:00,00000000270,20240403080000,0.05,0.001,0.06,0.0,0.0,0.0,1.0,2.0,120.0,4,0.0,0.0,589376
2024-04-03 09:00:00,00000000270,20240403090000,0.05,0.0,0.06,0.0,0.0,0.0,1.0,0.0,120.0,4,0.0,0.0,589376
2024-04-03 10:00:00,00000000270,20240403100000,0.13,0.001,0.059,0.0,0.0,0.0,1.0,0.77,45.38,4,0.0,0.0,589376
2024-04-03 11:00:00,00000000270,20240403110000,0.087,0.001,0.055,0.0,0.0,0.0,1.0,1.15,63.22,4,0.0,0.0,589376
2024-04-03 12:00:00,00000000270,20240403120000,0.052,0.0,0.06,0.0,0.0,0.0,1.0,0.0,115.38,4,0.0,0.0,589376
2024-04-03 13:00:00,00000000270,20240403130000,0.049,0.001,0.06,0.0,0.0,0.0,1.0,2.04,122.45,4,0.0,0.0,589376
2024-04-03 14:00:00,00000000270,20240403140000,0.049,0.0,0.059,0.0,0.0,0.0,1.0,0.0,120.41,4,0.0,0.0,589376
2024-04-03 15:00:00,00000000270,20240403150000,0.049,0.001,0.059,0.0,0.0,0.0,1.0,2.04,120.41,4,0.0,0.0,589376
2024-04-03 16:00:00,00000000270,20240403160000,0.048,0.001,0.06,0.0,0.0,0.0,1.0,2.08,125.0,4,0.0,0.0,589376
2024-04-03 17:00:00,00000000270,20240403170000,0.048,0.0,0.059,0.0,0.0,0.0,1.0,0.0,122.92,4,0.0,0.0,589376
2024-04-03 18:00:00,00000000270,20240403180000,0.048,0.001,0.058,0.0,0.0,0.0,1.0,2.08,120.83,4,0.0,0.0,589376
2024-04-03 19:00:00,00000000270,20240403190000,0.049,0.0,0.057,0.0,0.0,0.0,1.0,0.0,116.33,4,0.0,0.0,589376
2024-04-03 20:00:00,00000000270,20240403200000,0.047,0.001,0.055,0.0,0.0,0.0,1.0,2.13,117.02,4,0.0,0.0,589376
2024-04-03 21:00:00,00000000270,20240403210000,0.048,0.001,0.056,0.0,0.0,0.0,1.0,2.08,116.67,4,0.0,0.0,589376
2024-04-03 22:00:00,00000000270,20240403220000,0.047,0.0,0.057,0.0,0.0,0.0,1.0,0.0,121.28,4,0.0,0.0,589376
2024-04-03 23:00:00,00000000270,20240403230000,0.05,0.001,0.057,0.0,0.0,0.0,1.0,2.0,114.0,4,0.0,0.0,589376
2024-04-04 00:00:00,00000000270,20240404000000,0.049,0.001,0.058,0.0,0.0,0.0,1.0,2.04,118.37,4,0.0,0.0,589376
2024-04-04 01:00:00,00000000270,20240404010000,0.05,0.0,0.058,0.0,0.0,0.0,1.0,0.0,116.0,4,0.0,0.0,589376
2024-04-04 02:00:00,00000000270,20240404020000,0.05,0.001,0.06,0.0,0.0,0.0,1.0,2.0,120.0,4,0.0,0.0,589376
2024-04-04 03:00:00,00000000270,20240404030000,0.05,0.0,0.059,0.0,0.0,0.0,1.0,0.0,118.0,4,0.0,0.0,589376
2024-04-04 04:00:00,00000000270,20240404040000,0.049,0.001,0.06,0.0,0.0,0.0,1.0,2.04,122.45,4,0.0,0.0,589376
2024-04-04 05:00:00,00000000270,20240404050000,0.048,0.001,0.06,0.0,0.0,0.0,1.0,2.08,125.0,4,0.0,0.0,589376
2024-04-04 06:00:00,00000000270,20240404060000,0.046,0.0,0.06,0.0,0.0,0.0,1.0,0.0,130.43,4,0.0,0.0,589376
2024-04-04 07:00:00,00000000270,20240404070000,0.047,0.001,0.061,0.0,0.0,0.0,1.0,2.13,129.79,4,0.0,0.0,589376
2024-04-04 08:00:00,00000000270,20240404080000,0.047,0.001,0.061,0.0,0.0,0.0,1.0,2.13,129.79,4,0.0,0.0,589376
2024-04-04 09:00:00,00000000270,20240404090000,0.049,0.0,0.06,0.0,0.0,0.0,1.0,0.0,122.45,4,0.0,0.0,589376
2024-04-04 10:00:00,00000000270,20240404100000,0.048,0.001,0.06,0.0,0.0,0.0,1.0,2.08,125.0,4,0.0,0.0,589376
2024-04-04 11:00:00,00000000270,20240404110000,0.048,0.0,0.058,0.0,0.0,0.0,1.0,0.0,120.83,4,0.0,0.0,589376
2024-04-04 12:00:00,00000000270,20240404120000,0.136,0.001,0.058,0.0,0.0,0.0,1.0,0.74,42.65,4,0.0,0.0,589376
2024-04-04 13:00:00,00000000270,20240404130000,0.064,0.0,0.058,0.0,0.0,0.0,1.0,0.0,90.62,4,0.0,0.0,589376
2024-04-04 14:00:00,00000000270,20240404140000,0.052,0.001,0.06,0.0,0.0,0.0,1.0,1.92,115.38,4,0.0,0.0,589376
2024-04-04 15:00:00,00000000270,20240404150000,0.054,0.001,0.06,0.0,0.0,0.0,1.0,1.85,111.11,4,0.0,0.0,589376
2024-04-04 16:00:00,00000000270,20240404160000,0.053,0.0,0.06,0.0,0.0,0.0,1.0,0.0,113.21,4,0.0,0.0,589376
2024-04-04 17:00:00,00000000270,20240404170000,0.05,0.001,0.061,0.0,0.0,0.0,1.0,2.0,122.0,4,0.0,0.0,589376
2024-04-04 18:00:00,00000000270,20240404180000,0.049,0.0,0.058,0.0,0.0,0.0,1.0,0.0,118.37,4,0.0,0.0,589376
2024-04-04 19:00:00,00000000270,20240404190000,0.052,0.001,0.057,0.0,0.0,0.0,1.0,1.92,109.62,4,0.0,0.0,589376
2024-04-04 20:00:00,00000000270,20240404200000,0.046,0.001,0.056,0.0,0.0,0.0,1.0,2.17,121.74,4,0.0,0.0,589376
2024-04-04 21:00:00,00000000270,20240404210000,0.046,0.0,0.057,0.0,0.0,0.0,1.0,0.0,123.91,4,0.0,0.0,589376
2024-04-04 22:00:00,00000000270,20240404220000,0.046,0.001,0.058,0.0,0.0,0.0,1.0,2.17,126.09,4,0.0,0.0,589376
2024-04-04 23:00:00,00000000270,20240404230000,0.046,0.0,0.058,0.0,0.0,0.0,1.0,0.0,126.09,4,0.0,0.0,589376
2024-04-05 00:00:00,00000000270,20240405000000,0.045,0.001,0.058,0.0,0.0,0.0,1.0,2.22,128.89,4,0.0,0.0,589376
2024-04-05 01:00:00,00000000270,20240405010000,0.045,0.001,0.059,0.0,0.0,0.0,1.0,2.22,131.11,4,0.0,0.0,589376
2024-04-05 02:00:00,00000000270,20240405020000,0.049,0.0,0.06,0.0,0.0,0.0,1.0,0.0,122.45,4,0.0,0.0,589376
2024-04-05 03:00:00,00000000270,20240405030000,0.051,0.001,0.059,0.0,0.0,0.0,1.0,1.96,115.69,4,0.0,0.0,589376
2024-04-05 04:00:00,00000000270,20240405040000,0.051,0.0,0.059,0.0,0.0,0.0,1.0,0.0,115.69,4,0.0,0.0,589376
2024-04-05 05:00:00,00000000270,20240405050000,0.051,0.001,0.059,0.0,0.0,0.0,1.0,1.96,115.69,4,0.0,0.0,589376
2024-04-05 06:00:00,00000000270,20240405060000,0.052,0.001,0.06,0.0,0.0,0.0,1.0,1.92,115.38,4,0.0,0.0,589376
2024-04-05 07:00:00,00000000270,20240405070000,0.053,0.0,0.061,0.0,0.0,0.0,1.0,0.0,115.09,4,0.0,0.0,589376
2024-04-05 08:00:00,00000000270,20240405080000,0.052,0.001,0.06,0.0,0.0,0.0,1.0,1.92,115.38,4,0.0,0.0,589376
2024-04-05 09:00:00,00000000270,20240405090000,0.052,0.0,0.059,0.0,0.0,0.0,1.0,0.0,113.46,4,0.0,0.0,589376
2024-04-05 10:00:00,00000000270,20240405100000,0.052,0.001,0.059,0.0,0.0,0.0,1.0,1.92,113.46,4,0.0,0.0,589376
2024-04-05 11:00:00,00000000270,20240405110000,0.051,0.001,0.059,0.0,0.0,0.0,1.0,1.96,115.69,4,0.0,0.0,589376
2024-04-05 12:00:00,00000000270,20240405120000,0.051,0.0,0.059,0.0,0.0,0.0,1.0,0.0,115.69,4,0.0,0.0,589376
2024-04-05 13:00:00,00000000270,20240405130000,0.096,0.001,0.063,0.0,0.0,0.0,1.0,1.04,65.62,4,0.0,0.0,589376
2024-04-05 14:00:00,00000000270,20240405140000,0.099,0.0,0.053,0.0,0.0,0.0,1.0,0.0,53.54,4,0.0,0.0,589376
2024-04-05 15:00:00,00000000270,20240405150000,0.048,0.001,0.059,0.0,0.0,0.0,1.0,2.08,122.92,4,0.0,0.0,589376
2024-04-05 16:00:00,00000000270,20240405160000,0.047,0.001,0.059,0.0,0.0,0.0,1.0,2.13,125.53,4,0.0,0.0,589376
2024-04-05 17:00:00,00000000270,20240405170000,0.049,0.0,0.059,0.0,0.0,0.0,1.0,0.0,120.41,4,0.0,0.0,589376
2024-04-05 18:00:00,00000000270,20240405180000,0.048,0.001,0.059,0.0,0.0,0.0,1.0,2.08,122.92,4,0.0,0.0,589376
2024-04-05 19:00:00,00000000270,20240405190000,0.227,0.004,0.05,0.0,0.0,0.0,1.0,1.76,22.03,4,0.0,0.0,589376
2024-04-05 20:00:00,00000000270,20240405200000,0.065,0.008,0.038,0.0,0.0,0.0,1.0,12.31,58.46,4,0.0,0.0,589376
2024-04-05 21:00:00,00000000270,20240405210000,0.052,0.0,0.057,0.0,0.0,0.0,1.0,0.0,109.62,4,0.0,0.0,589376
2024-04-05 22:00:00,00000000270,20240405220000,0.062,0.001,0.059,0.0,0.0,0.0,1.0,1.61,95.16,4,0.0,0.0,589376
2024-04-05 23:00:00,00000000270,20240405230000,0.051,0.0,0.057,0.0,0.0,0.0,1.0,0.0,111.76,4,0.0,0.0,589376
2024-04-06 00:00:00,00000000270,20240406000000,0.051,0.001,0.057,0.0,0.0,0.0,1.0,1.96,111.76,4,0.0,0.0,589376
2024-04-06 01:00:00,00000000270,20240406010000,0.05,0.001,0.058,0.0,0.0,0.0,1.0,2.0,116.0,4,0.0,0.0,589376
2024-04-06 02:00:00,00000000270,20240406020000,0.049,0.0,0.06,0.0,0.0,0.0,1.0,0.0,122.45,4,0.0,0.0,589376
2024-04-06 03:00:00,00000000270,20240406030000,0.049,0.001,0.059,0.0,0.0,0.0,1.0,2.04,120.41,4,0.0,0.0,589376
2024-04-06 04:00:00,00000000270,20240406040000,0.052,0.002,0.06,0.0,0.0,0.0,1.0,3.85,115.38,4,0.0,0.0,589376
2024-04-06 05:00:00,00000000270,20240406050000,0.107,0.033,0.0,0.0,0.0,0.0,1.0,30.84,0.0,4,0.0,0.0,589376
2024-04-06 06:00:00,00000000270,20240406060000,0.175,0.01,0.046,0.0,0.0,0.0,1.0,5.71,26.29,4,0.0,0.0,589376
2024-04-06 07:00:00,00000000270,20240406070000,0.068,0.0,0.061,0.0,0.0,0.0,1.0,0.0,89.71,4,0.0,0.0,589376
2024-04-06 08:00:00,00000000270,20240406080000,0.058,0.001,0.058,0.0,0.0,0.0,1.0,1.72,100.0,4,0.0,0.0,589376
2024-04-06 09:00:00,00000000270,20240406090000,0.056,0.001,0.058,0.0,0.0,0.0,1.0,1.79,103.57,4,0.0,0.0,589376
2024-04-06 10:00:00,00000000270,20240406100000,0.054,0.0,0.056,0.0,0.0,0.0,1.0,0.0,103.7,4,0.0,0.0,589376
2024-04-06 11:00:00,00000000270,20240406110000,0.05,0.001,0.058,0.0,0.0,0.0,1.0,2.0,116.0,4,0.0,0.0,589376
2024-04-06 12:00:00,00000000270,20240406120000,0.053,0.0,0.058,0.0,0.0,0.0,1.0,0.0,109.43,4,0.0,0.0,589376
2024-04-06 13:00:00,00000000270,20240406130000,0.06,0.001,0.059,0.0,0.0,0.0,1.0,1.67,98.33,4,0.0,0.0,589376
2024-04-06 14:00:00,00000000270,20240406140000,0.057,0.001,0.057,0.0,0.0,0.0,1.0,1.75,100.0,4,0.0,0.0,589376
2024-04-06 15:00:00,00000000270,20240406150000,0.06,0.0,0.059,0.0,0.0,0.0,1.0,0.0,98.33,4,0.0,0.0,589376
2024-04-06 16:00:00,00000000270,20240406160000,0.058,0.001,0.058,0.0,0.0,0.0,1.0,1.72,100.0,4,0.0,0.0,589376
2024-04-06 17:00:00,00000000270,20240406170000,0.055,0.0,0.055,0.0,0.0,0.0,1.0,0.0,100.0,4,0.0,0.0,589376
2024-04-06 18:00:00,00000000270,20240406180000,0.065,0.001,0.055,0.0,0.0,0.0,1.0,1.54,84.62,4,0.0,0.0,589376
2024-04-06 19:00:00,00000000270,20240406190000,0.065,0.005,0.049,0.0,0.0,0.0,1.0,7.69,75.38,4,0.0,0.0,589376
2024-04-06 20:00:00,00000000270,20240406200000,0.589,0.01,0.039,0.0,0.0,0.0,1.0,1.7,6.62,4,0.0,0.0,589376
2024-04-06 21:00:00,00000000270,20240406210000,0.052,0.0,0.053,0.0,0.0,0.0,1.0,0.0,101.92,4,0.0,0.0,589376
2024-04-06 22:00:00,00000000270,20240406220000,0.141,0.001,0.055,0.0,0.0,0.0,1.0,0.71,39.01,4,0.0,0.0,589376
2024-04-06 23:00:00,00000000270,20240406230000,0.066,0.0,0.055,0.0,0.0,0.0,1.0,0.0,83.33,4,0.0,0.0,589376
2024-04-07 00:00:00,00000000270,20240407000000,0.053,0.001,0.057,0.0,0.0,0.0,1.0,1.89,107.55,4,0.0,0.0,589376
2024-04-07 01:00:00,00000000270,20240407010000,0.053,0.0,0.056,0.0,0.0,0.0,1.0,0.0,105.66,4,0.0,0.0,589376
2024-04-07 02:00:00,00000000270,20240407020000,0.049,0.001,0.058,0.0,0.0,0.0,1.0,2.04,118.37,4,0.0,0.0,589376
2024-04-07 03:00:00,00000000270,20240407030000,0.052,0.001,0.057,0.0,0.0,0.0,1.0,1.92,109.62,4,0.0,0.0,589376
2024-04-07 04:00:00,00000000270,20240407040000,0.075,0.013,0.034,0.0,0.0,0.0,1.0,17.33,45.33,4,0.0,0.0,589376
2024-04-07 05:00:00,00000000270,20240407050000,0.108,0.031,0.007,0.0,0.0,0.0,1.0,28.7,6.48,4,0.0,0.0,589376
2024-04-07 06:00:00,00000000270,20240407060000,0.063,0.001,0.06,0.0,0.0,0.0,1.0,1.59,95.24,4,0.0,0.0,589376
2024-04-07 07:00:00,00000000270,20240407070000,0.056,0.001,0.061,0.0,0.0,0.0,1.0,1.79,108.93,4,0.0,0.0,589376
2024-04-07 08:00:00,00000000270,20240407080000,0.052,0.0,0.061,0.0,0.0,0.0,1.0,0.0,117.31,4,0.0,0.0,589376
2024-04-07 09:00:00,00000000270,20240407090000,0.053,0.001,0.059,0.0,0.0,0.0,1.0,1.89,111.32,4,0.0,0.0,589376
2024-04-07 10:00:00,00000000270,20240407100000,0.063,0.0,0.059,0.0,0.0,0.0,1.0,0.0,93.65,4,0.0,0.0,589376
2024-04-07 11:00:00,00000000270,20240407110000,0.056,0.001,0.058,0.0,0.0,0.0,1.0,1.79,103.57,4,0.0,0.0,589376
2024-04-07 12:00:00,00000000270,20240407120000,0.049,0.001,0.058,0.0,0.0,0.0,1.0,2.04,118.37,4,0.0,0.0,589376
2024-04-07 13:00:00,00000000270,20240407130000,0.052,0.0,0.057,0.0,0.0,0.0,1.0,0.0,109.62,4,0.0,0.0,589376
2024-04-07 14:00:00,00000000270,20240407140000,0.131,0.001,0.057,0.0,0.0,0.0,1.0,0.76,43.51,4,0.0,0.0,589376
2024-04-07 15:00:00,00000000270,20240407150000,0.089,0.0,0.053,0.0,0.0,0.0,1.0,0.0,59.55,4,0.0,0.0,589376
2024-04-07 16:00:00,00000000270,20240407160000,0.052,0.001,0.057,0.0,0.0,0.0,1.0,1.92,109.62,4,0.0,0.0,589376
2024-04-07 17:00:00,00000000270,20240407170000,0.058,0.0,0.056,0.0,0.0,0.0,1.0,0.0,96.55,4,0.0,0.0,589376
2024-04-07 18:00:00,00000000270,20240407180000,0.074,0.007,0.039,0.0,0.0,0.0,1.0,9.46,52.7,4,0.0,0.0,589376
2024-04-07 19:00:00,00000000270,20240407190000,0.072,0.0,0.056,0.0,0.0,0.0,1.0,0.0,77.78,4,0.0,0.0,589376
2024-04-07 20:00:00,00000000270,20240407200000,0.066,0.001,0.055,0.0,0.0,0.0,1.0,1.52,83.33,4,0.0,0.0,589376
2024-04-07 21:00:00,00000000270,20240407210000,0.064,0.001,0.053,0.0,0.0,0.0,1.0,1.56,82.81,4,0.0,0.0,589376
2024-04-07 22:00:00,00000000270,20240407220000,0.06,0.0,0.054,0.0,0.0,0.0,1.0,0.0,90.0,4,0.0,0.0,589376
2024-04-07 23:00:00,00000000270,20240407230000,0.059,0.001,0.057,0.0,0.0,0.0,1.0,1.69,96.61,4,0.0,0.0,589376
2024-04-08 00:00:00,00000000270,20240408000000,0.06,0.0,0.06,0.0,0.0,0.0,1.0,0.0,100.0,4,0.0,0.0,589376
2024-04-08 01:00:00,00000000270,20240408010000,0.061,0.001,0.059,0.0,0.0,0.0,1.0,1.64,96.72,4,0.0,0.0,589376
2024-04-08 02:00:00,00000000270,20240408020000,0.049,0.0,0.058,0.0,0.0,0.0,1.0,0.0,118.37,4,0.0,0.0,589376
2024-04-08 03:00:00,00000000270,20240408030000,0.049,0.001,0.058,0.0,0.0,0.0,1.0,2.04,118.37,4,0.0,0.0,589376
2024-04-08 04:00:00,00000000270,20240408040000,0.089,0.022,0.025,0.0,0.0,0.0,1.0,24.72,28.09,4,0.0,0.0,589376
2024-04-08 05:00:00,00000000270,20240408050000,0.2,0.028,0.012,0.0,0.0,0.0,1.0,14.0,6.0,4,0.0,0.0,589376
2024-04-08 06:00:00,00000000270,20240408060000,0.086,0.001,0.058,0.0,0.0,0.0,1.0,1.16,67.44,4,0.0,0.0,589376
2024-04-08 07:00:00,00000000270,20240408070000,0.055,0.0,0.06,0.0,0.0,0.0,1.0,0.0,109.09,4,0.0,0.0,589376
2024-04-08 08:00:00,00000000270,20240408080000,0.057,0.001,0.059,0.0,0.0,0.0,1.0,1.75,103.51,4,0.0,0.0,589376
2024-04-08 09:00:00,00000000270,20240408090000,0.05,0.0,0.057,0.0,0.0,0.0,1.0,0.0,114.0,4,0.0,0.0,589376
2024-04-08 10:00:00,00000000270,20240408100000,0.054,0.001,0.057,0.0,0.0,0.0,1.0,1.85,105.56,4,0.0,0.0,589376
2024-04-08 11:00:00,00000000270,20240408110000,0.055,0.0,0.058,0.0,0.0,0.0,1.0,0.0,105.45,4,0.0,0.0,589376
2024-04-08 12:00:00,00000000270,20240408120000,0.057,0.001,0.057,0.0,0.0,0.0,1.0,1.75,100.0,4,0.0,0.0,589376
2024-04-08 13:00:00,00000000270,20240408130000,0.056,0.001,0.058,0.0,0.0,0.0,1.0,1.79,103.57,4,0.0,0.0,589376
2024-04-08 14:00:00,00000000270,20240408140000,0.054,0.0,0.058,0.0,0.0,0.0,1.0,0.0,107.41,4,0.0,0.0,589376
2024-04-08 15:00:00,00000000270,20240408150000,0.051,0.001,0.057,0.0,0.0,0.0,1.0,1.96,111.76,4,0.0,0.0,589376
2024-04-08 16:00:00,00000000270,20240408160000,0.051,0.0,0.057,0.0,0.0,0.0,1.0,0.0,111.76,4,0.0,0.0,589376
2024-04-08 17:00:00,00000000270,20240408170000,0.05,0.001,0.057,0.0,0.0,0.0,1.0,2.0,114.0,4,0.0,0.0,589376
2024-04-08 18:00:00,00000000270,20240408180000,0.057,0.001,0.055,0.0,0.0,0.0,1.0,1.75,96.49,4,0.0,0.0,589376
2024-04-08 19:00:00,00000000270,20240408190000,0.056,0.0,0.054,0.0,0.0,0.0,1.0,0.0,96.43,4,0.0,0.0,589376
2024-04-08 20:00:00,00000000270,20240408200000,0.105,0.001,0.052,0.0,0.0,0.0,1.0,0.95,49.52,4,0.0,0.0,589376
2024-04-08 21:00:00,00000000270,20240408210000,0.108,0.0,0.05,0.0,0.0,0.0,1.0,0.0,46.3,4,0.0,0.0,589376
2024-04-08 22:00:00,00000000270,20240408220000,0.045,0.001,0.054,0.0,0.0,0.0,1.0,2.22,120.0,4,0.0,0.0,589376
2024-04-08 23:00:00,00000000270,20240408230000,0.07,0.0,0.058,0.0,0.0,0.0,1.0,0.0,82.86,4,0.0,0.0,589376
2024-04-09 00:00:00,00000000270,20240409000000,0.053,0.001,0.055,0.0,0.0,0.0,1.0,1.89,103.77,4,0.0,0.0,589376
2024-04-09 01:00:00,00000000270,20240409010000,0.054,0.001,0.056,0.0,0.0,0.0,1.0,1.85,103.7,4,0.0,0.0,589376
2024-04-09 02:00:00,00000000270,20240409020000,0.055,0.0,0.057,0.0,0.0,0.0,1.0,0.0,103.64,4,0.0,0.0,589376
2024-04-09 03:00:00,00000000270,20240409030000,0.055,0.001,0.057,0.0,0.0,0.0,1.0,1.82,103.64,4,0.0,0.0,589376
2024-04-09 04:00:00,00000000270,20240409040000,0.063,0.005,0.051,0.0,0.0,0.0,1.0,7.94,80.95,4,0.0,0.0,589376
2024-04-09 05:00:00,00000000270,20240409050000,0.087,0.02,0.023,0.0,0.0,0.0,1.0,22.99,26.44,4,0.0,0.0,589376
2024-04-09 06:00:00,00000000270,20240409060000,0.05,0.0,0.059,0.0,0.0,0.0,1.0,0.0,118.0,4,0.0,0.0,589376
2024-04-09 07:00:00,00000000270,20240409070000,0.054,0.001,0.06,0.0,0.0,0.0,1.0,1.85,111.11,4,0.0,0.0,589376
2024-04-09 08:00:00,00000000270,20240409080000,0.064,0.001,0.062,0.0,0.0,0.0,1.0,1.56,96.88,4,0.0,0.0,589376
2024-04-09 09:00:00,00000000270,20240409090000,0.66,0.226,0.041,0.0,0.0,0.0,1.0,34.24,6.21,4,0.0,0.0,589376
2024-04-09 10:00:00,00000000270,20240409100000,0.123,0.179,0.032,0.0,0.0,0.0,1.0,145.53,26.02,4,0.0,0.0,589376
2024-04-09 11:00:00,00000000270,20240409110000,0.662,0.289,0.028,0.0,0.0,0.0,1.0,43.66,4.23,4,0.0,0.0,589376
2024-04-09 12:00:00,00000000270,20240409120000,0.104,0.066,0.043,0.0,0.0,0.0,1.0,63.46,41.35,4,0.0,0.0,589376
2024-04-09 13:00:00,00000000270,20240409130000,0.135,0.0,0.057,0.0,0.0,0.0,1.0,0.0,42.22,4,0.0,0.0,589376
2024-04-09 14:00:00,00000000270,20240409140000,0.086,0.001,0.055,0.0,0.0,0.0,1.0,1.16,63.95,4,0.0,0.0,589376
2024-04-09 15:00:00,00000000270,20240409150000,0.051,0.0,0.058,0.0,0.0,0.0,1.0,0.0,113.73,4,0.0,0.0,589376
2024-04-09 16:00:00,00000000270,20240409160000,0.054,0.001,0.058,0.0,0.0,0.0,1.0,1.85,107.41,4,0.0,0.0,589376
2024-04-09 17:00:00,00000000270,20240409170000,0.049,0.0,0.057,0.0,0.0,0.0,1.0,0.0,116.33,4,0.0,0.0,589376
2024-04-09 18:00:00,00000000270,20240409180000,0.048,0.001,0.055,0.0,0.0,0.0,1.0,2.08,114.58,4,0.0,0.0,589376
2024-04-09 19:00:00,00000000270,20240409190000,0.053,0.001,0.056,0.0,0.0,0.0,1.0,1.89,105.66,4,0.0,0.0,589376
2024-04-09 20:00:00,00000000270,20240409200000,0.107,0.029,0.0,0.0,0.0,0.0,1.0,27.1,0.0,4,0.0,0.0,589376
2024-04-09 21:00:00,00000000270,20240409210000,0.104,0.024,0.003,0.0,0.0,0.0,1.0,23.08,2.88,4,0.0,0.0,589376
2024-04-09 22:00:00,00000000270,20240409220000,0.54,0.001,0.063,0.0,0.0,0.0,1.0,0.19,11.67,4,0.0,0.0,589376
2024-04-09 23:00:00,00000000270,20240409230000,0.051,0.001,0.054,0.0,0.0,0.0,1.0,1.96,105.88,4,0.0,0.0,589376
2024-04-10 00:00:00,00000000270,20240410000000,0.051,0.0,0.054,0.0,0.0,0.0,1.0,0.0,105.88,4,0.0,0.0,589376
2024-04-10 01:00:00,00000000270,20240410010000,0.054,0.001,0.057,0.0,0.0,0.0,1.0,1.85,105.56,4,0.0,0.0,589376
2024-04-10 02:00:00,00000000270,20240410020000,0.056,0.0,0.058,0.0,0.0,0.0,1.0,0.0,103.57,4,0.0,0.0,589376
2024-04-10 03:00:00,00000000270,20240410030000,0.056,0.001,0.06,0.0,0.0,0.0,1.0,1.79,107.14,4,0.0,0.0,589376
2024-04-10 04:00:00,00000000270,20240410040000,0.055,0.001,0.06,0.0,0.0,0.0,1.0,1.82,109.09,4,0.0,0.0,589376
2024-04-10 05:00:00,00000000270,20240410050000,0.088,0.022,0.027,0.0,0.0,0.0,1.0,25.0,30.68,4,0.0,0.0,589376
2024-04-10 06:00:00,00000000270,20240410060000,0.154,0.009,0.043,0.0,0.0,0.0,1.0,5.84,27.92,4,0.0,0.0,589376
2024-04-10 07:00:00,00000000270,20240410070000,0.052,0.0,0.06,0.0,0.0,0.0,1.0,0.0,115.38,4,0.0,0.0,589376
2024-04-10 08:00:00,00000000270,20240410080000,0.067,0.001,0.065,0.0,0.0,0.0,1.0,1.49,97.01,4,0.0,0.0,589376
2024-04-10 09:00:00,00000000270,20240410090000,0.292,0.0,0.065,0.0,0.0,0.0,1.0,0.0,22.26,4,0.0,0.0,589376
2024-04-10 10:00:00,00000000270,20240410100000,0.065,0.001,0.063,0.0,0.0,0.0,1.0,1.54,96.92,4,0.0,0.0,589376
2024-04-10 11:00:00,00000000270,20240410110000,0.066,0.001,0.062,0.0,0.0,0.0,1.0,1.52,93.94,4,0.0,0.0,589376
2024-04-10 12:00:00,00000000270,20240410120000,0.06,0.0,0.058,0.0,0.0,0.0,1.0,0.0,96.67,4,0.0,0.0,589376
2024-04-10 13:00:00,00000000270,20240410130000,0.052,0.001,0.058,0.0,0.0,0.0,1.0,1.92,111.54,4,0.0,0.0,589376
2024-04-10 14:00:00,00000000270,20240410140000,0.16,0.001,0.058,0.0,0.0,0.0,1.0,0.62,36.25,4,0.0,0.0,589376
2024-04-10 15:00:00,00000000270,20240410150000,0.124,0.0,0.059,0.0,0.0,0.0,1.0,0.0,47.58,4,0.0,0.0,589376
2024-04-10 16:00:00,00000000270,20240410160000,0.141,0.001,0.06,0.0,0.0,0.0,1.0,0.71,42.55,4,0.0,0.0,589376
2024-04-10 17:00:00,00000000270,20240410170000,0.061,0.0,0.059,0.0,0.0,0.0,1.0,0.0,96.72,4,0.0,0.0,589376
2024-04-10 18:00:00,00000000270,20240410180000,0.055,0.001,0.057,0.0,0.0,0.0,1.0,1.82,103.64,4,0.0,0.0,589376
2024-04-10 19:00:00,00000000270,20240410190000,0.052,0.0,0.056,0.0,0.0,0.0,1.0,0.0,107.69,4,0.0,0.0,589376
2024-04-10 20:00:00,00000000270,20240410200000,0.051,0.001,0.054,0.0,0.0,0.0,1.0,1.96,105.88,4,0.0,0.0,589376
2024-04-10 21:00:00,00000000270,20240410210000,0.068,0.001,0.058,0.0,0.0,0.0,1.0,1.47,85.29,4,0.0,0.0,589376
2024-04-10 22:00:00,00000000270,20240410220000,0.07,0.0,0.055,0.0,0.0,0.0,1.0,0.0,78.57,4,0.0,0.0,589376
2024-04-10 23:00:00,00000000270,20240410230000,0.144,0.001,0.052,0.0,0.0,0.0,1.0,0.69,36.11,4,0.0,0.0,589376
2024-04-11 00:00:00,00000000270,20240411000000,0.057,0.001,0.056,0.0,0.0,0.0,1.0,1.75,98.25,4,0.0,0.0,589376
2024-04-11 01:00:00,00000000270,20240411010000,0.054,0.0,0.056,0.0,0.0,0.0,1.0,0.0,103.7,4,0.0,0.0,589376
2024-04-11 02:00:00,00000000270,20240411020000,0.049,0.001,0.058,0.0,0.0,0.0,1.0,2.04,118.37,4,0.0,0.0,589376
2024-04-11 03:00:00,00000000270,20240411030000,0.05,0.001,0.059,0.0,0.0,0.0,1.0,2.0,118.0,4,0.0,0.0,589376
2024-04-11 04:00:00,00000000270,20240411040000,0.051,0.0,0.06,0.0,0.0,0.0,1.0,0.0,117.65,4,0.0,0.0,589376
2024-04-11 05:00:00,00000000270,20240411050000,0.05,0.001,0.058,0.0,0.0,0.0,1.0,2.0,116.0,4,0.0,0.0,589376
2024-04-11 06:00:00,00000000270,20240411060000,0.049,0.0,0.059,0.0,0.0,0.0,1.0,0.0,120.41,4,0.0,0.0,589376
2024-04-11 07:00:00,00000000270,20240411070000,0.054,0.001,0.061,0.0,0.0,0.0,1.0,1.85,112.96,4,0.0,0.0,589376
2024-04-11 08:00:00,00000000270,20240411080000,0.063,0.001,0.061,0.0,0.0,0.0,1.0,1.59,96.83,4,0.0,0.0,589376
2024-04-11 09:00:00,00000000270,20240411090000,0.053,0.0,0.06,0.0,0.0,0.0,1.0,0.0,113.21,4,0.0,0.0,589376
2024-04-11 10:00:00,00000000270,20240411100000,0.057,0.001,0.058,0.0,0.0,0.0,1.0,1.75,101.75,4,0.0,0.0,589376
2024-04-11 11:00:00,00000000270,20240411110000,0.058,0.001,0.059,0.0,0.0,0.0,1.0,1.72,101.72,4,0.0,0.0,589376
2024-04-11 12:00:00,00000000270,20240411120000,0.055,0.0,0.058,0.0,0.0,0.0,1.0,0.0,105.45,4,0.0,0.0,589376
2024-04-11 13:00:00,00000000270,20240411130000,0.052,0.001,0.058,0.0,0.0,0.0,1.0,1.92,111.54,4,0.0,0.0,589376
2024-04-11 14:00:00,00000000270,20240411140000,0.049,0.0,0.059,0.0,0.0,0.0,1.0,0.0,120.41,4,0.0,0.0,589376
2024-04-11 15:00:00,00000000270,20240411150000,0.134,0.001,0.059,0.0,0.0,0.0,1.0,0.75,44.03,4,0.0,0.0,589376
2024-04-11 16:00:00,00000000270,20240411160000,0.089,0.001,0.054,0.0,0.0,0.0,1.0,1.12,60.67,4,0.0,0.0,589376
2024-04-11 17:00:00,00000000270,20240411170000,0.052,0.0,0.056,0.0,0.0,0.0,1.0,0.0,107.69,4,0.0,0.0,589376
2024-04-11 18:00:00,00000000270,20240411180000,0.05,0.001,0.057,0.0,0.0,0.0,1.0,2.0,114.0,4,0.0,0.0,589376
2024-04-11 19:00:00,00000000270,20240411190000,0.395,0.0,0.056,0.0,0.0,0.0,1.0,0.0,14.18,4,0.0,0.0,589376
2024-04-11 20:00:00,00000000270,20240411200000,0.087,0.001,0.063,0.0,0.0,0.0,1.0,1.15,72.41,4,0.0,0.0,589376
2024-04-11 21:00:00,00000000270,20240411210000,0.081,0.0,0.066,0.0,0.0,0.0,1.0,0.0,81.48,4,0.0,0.0,589376
2024-04-11 22:00:00,00000000270,20240411220000,0.09,0.017,0.03,0.0,0.0,0.0,1.0,18.89,33.33,4,0.0,0.0,589376
2024-04-11 23:00:00,00000000270,20240411230000,0.083,0.011,0.036,0.0,0.0,0.0,1.0,13.25,43.37,4,0.0,0.0,589376
2024-04-12 00:00:00,00000000270,20240412000000,0.06,0.001,0.061,0.0,0.0,0.0,1.0,1.67,101.67,4,0.0,0.0,589376
2024-04-12 01:00:00,00000000270,20240412010000,0.055,0.0,0.06,0.0,0.0,0.0,1.0,0.0,109.09,4,0.0,0.0,589376
2024-04-12 02:00:00,00000000270,20240412020000,0.058,0.001,0.062,0.0,0.0,0.0,1.0,1.72,106.9,4,0.0,0.0,589376
2024-04-12 03:00:00,00000000270,20240412030000,0.056,0.0,0.063,0.0,0.0,0.0,1.0,0.0,112.5,4,0.0,0.0,589376
2024-04-12 04:00:00,00000000270,20240412040000,0.056,0.001,0.062,0.0,0.0,0.0,1.0,1.79,110.71,4,0.0,0.0,589376
2024-04-12 05:00:00,00000000270,20240412050000,0.057,0.0,0.062,0.0,0.0,0.0,1.0,0.0,108.77,4,0.0,0.0,589376
2024-04-12 06:00:00,00000000270,20240412060000,0.057,0.001,0.063,0.0,0.0,0.0,1.0,1.75,110.53,4,0.0,0.0,589376
2024-04-12 07:00:00,00000000270,20240412070000,0.053,0.0,0.063,0.0,0.0,0.0,1.0,0.0,118.87,4,0.0,0.0,589376
2024-04-12 08:00:00,00000000270,20240412080000,0.151,0.001,0.062,0.0,0.0,0.0,1.0,0.66,41.06,4,0.0,0.0,589376
2024-04-12 09:00:00,00000000270,20240412090000,0.234,0.008,0.038,0.0,0.0,0.0,1.0,3.42,16.24,4,0.0,0.0,589376
2024-04-12 10:00:00,00000000270,20240412100000,0.061,0.001,0.06,0.0,0.0,0.0,1.0,1.64,98.36,4,0.0,0.0,589376
2024-04-12 11:00:00,00000000270,20240412110000,0.131,0.0,0.055,0.0,0.0,0.0,1.0,0.0,41.98,4,0.0,0.0,589376
2024-04-12 12:00:00,00000000270,20240412120000,0.065,0.001,0.059,0.0,0.0,0.0,1.0,1.54,90.77,4,0.0,0.0,589376
2024-04-12 13:00:00,00000000270,20240412130000,0.067,0.0,0.062,0.0,0.0,0.0,1.0,0.0,92.54,4,0.0,0.0,589376
2024-04-12 14:00:00,00000000270,20240412140000,0.059,0.001,0.06,0.0,0.0,0.0,1.0,1.69,101.69,4,0.0,0.0,589376
2024-04-12 15:00:00,00000000270,20240412150000,0.054,0.0,0.06,0.0,0.0,0.0,1.0,0.0,111.11,4,0.0,0.0,589376
2024-04-12 16:00:00,00000000270,20240412160000,0.049,0.001,0.058,0.0,0.0,0.0,1.0,2.04,118.37,4,0.0,0.0,589376
2024-04-12 17:00:00,00000000270,20240412170000,0.054,0.0,0.059,0.0,0.0,0.0,1.0,0.0,109.26,4,0.0,0.0,589376
2024-04-12 18:00:00,00000000270,20240412180000,0.062,0.001,0.062,0.0,0.0,0.0,1.0,1.61,100.0,4,0.0,0.0,589376
2024-04-12 19:00:00,00000000270,20240412190000,0.051,0.001,0.057,0.0,0.0,0.0,1.0,1.96,111.76,4,0.0,0.0,589376
2024-04-12 20:00:00,00000000270,20240412200000,0.048,0.0,0.055,0.0,0.0,0.0,1.0,0.0,114.58,4,0.0,0.0,589376
2024-04-12 21:00:00,00000000270,20240412210000,0.103,0.014,0.021,0.0,0.0,0.0,1.0,13.59,20.39,4,0.0,0.0,589376
2024-04-12 22:00:00,00000000270,20240412220000,0.072,0.006,0.048,0.0,0.0,0.0,1.0,8.33,66.67,4,0.0,0.0,589376
2024-04-12 23:00:00,00000000270,20240412230000,0.146,0.0,0.058,0.0,0.0,0.0,1.0,0.0,39.73,4,0.0,0.0,589376
2024-04-13 00:00:00,00000000270,20240413000000,0.091,0.001,0.054,0.0,0.0,0.0,1.0,1.1,59.34,4,0.0,0.0,589376
2024-04-13 01:00:00,00000000270,20240413010000,0.052,0.001,0.06,0.0,0.0,0.0,1.0,1.92,115.38,4,0.0,0.0,589376
2024-04-13 02:00:00,00000000270,20240413020000,0.05,0.0,0.06,0.0,0.0,0.0,1.0,0.0,120.0,4,0.0,0.0,589376
2024-04-13 03:00:00,00000000270,20240413030000,0.05,0.001,0.062,0.0,0.0,0.0,1.0,2.0,124.0,4,0.0,0.0,589376
2024-04-13 04:00:00,00000000270,20240413040000,0.05,0.0,0.062,0.0,0.0,0.0,1.0,0.0,124.0,4,0.0,0.0,589376
2024-04-13 05:00:00,00000000270,20240413050000,0.052,0.001,0.062,0.0,0.0,0.0,1.0,1.92,119.23,4,0.0,0.0,589376
2024-04-13 06:00:00,00000000270,20240413060000,0.051,0.001,0.062,0.0,0.0,0.0,1.0,1.96,121.57,4,0.0,0.0,589376
2024-04-13 07:00:00,00000000270,20240413070000,0.052,0.0,0.063,0.0,0.0,0.0,1.0,0.0,121.15,4,0.0,0.0,589376
2024-04-13 08:00:00,00000000270,20240413080000,0.064,0.001,0.063,0.0,0.0,0.0,1.0,1.56,98.44,4,0.0,0.0,589376
2024-04-13 09:00:00,00000000270,20240413090000,0.052,0.0,0.061,0.0,0.0,0.0,1.0,0.0,117.31,4,0.0,0.0,589376
2024-04-13 10:00:00,00000000270,20240413100000,0.058,0.001,0.06,0.0,0.0,0.0,1.0,1.72,103.45,4,0.0,0.0,589376
2024-04-13 11:00:00,00000000270,20240413110000,0.051,0.0,0.06,0.0,0.0,0.0,1.0,0.0,117.65,4,0.0,0.0,589376
2024-04-13 12:00:00,00000000270,20240413120000,0.055,0.001,0.059,0.0,0.0,0.0,1.0,1.82,107.27,4,0.0,0.0,589376
2024-04-13 13:00:00,00000000270,20240413130000,0.051,0.001,0.059,0.0,0.0,0.0,1.0,1.96,115.69,4,0.0,0.0,589376
2024-04-13 14:00:00,00000000270,20240413140000,0.05,0.0,0.06,0.0,0.0,0.0,1.0,0.0,120.0,4,0.0,0.0,589376
2024-04-13 15:00:00,00000000270,20240413150000,0.053,0.001,0.06,0.0,0.0,0.0,1.0,1.89,113.21,4,0.0,0.0,589376
2024-04-13 16:00:00,00000000270,20240413160000,0.149,0.0,0.058,0.0,0.0,0.0,1.0,0.0,38.93,4,0.0,0.0,589376
2024-04-13 17:00:00,00000000270,20240413170000,0.065,0.001,0.059,0.0,0.0,0.0,1.0,1.54,90.77,4,0.0,0.0,589376
2024-04-13 18:00:00,00000000270,20240413180000,0.055,0.001,0.057,0.0,0.0,0.0,1.0,1.82,103.64,4,0.0,0.0,589376
2024-04-13 19:00:00,00000000270,20240413190000,0.048,0.0,0.059,0.0,0.0,0.0,1.0,0.0,122.92,4,0.0,0.0,589376
2024-04-13 20:00:00,00000000270,20240413200000,0.057,0.001,0.057,0.0,0.0,0.0,1.0,1.75,100.0,4,0.0,0.0,589376
2024-04-13 21:00:00,00000000270,20240413210000,0.103,0.028,0.001,0.0,0.0,0.0,1.0,27.18,0.97,4,0.0,0.0,589376
2024-04-13 22:00:00,00000000270,20240413220000,0.107,0.03,0.0,0.0,0.0,0.0,1.0,28.04,0.0,4,0.0,0.0,589376
2024-04-13 23:00:00,00000000270,20240413230000,0.065,0.003,0.056,0.0,0.0,0.0,1.0,4.62,86.15,4,0.0,0.0,589376
2024-04-14 00:00:00,00000000270,20240414000000,0.053,0.001,0.059,0.0,0.0,0.0,1.0,1.89,111.32,4,0.0,0.0,589376
2024-04-14 01:00:00,00000000270,20240414010000,0.049,0.0,0.06,0.0,0.0,0.0,1.0,0.0,122.45,4,0.0,0.0,589376
2024-04-14 02:00:00,00000000270,20240414020000,0.049,0.001,0.062,0.0,0.0,0.0,1.0,2.04,126.53,4,0.0,0.0,589376
2024-04-14 03:00:00,00000000270,20240414030000,0.048,0.0,0.062,0.0,0.0,0.0,1.0,0.0,129.17,4,0.0,0.0,589376
2024-04-14 04:00:00,00000000270,20240414040000,0.047,0.001,0.062,0.0,0.0,0.0,1.0,2.13,131.91,4,0.0,0.0,589376
2024-04-14 05:00:00,00000000270,20240414050000,0.049,0.001,0.063,0.0,0.0,0.0,1.0,2.04,128.57,4,0.0,0.0,589376
2024-04-14 06:00:00,00000000270,20240414060000,0.052,0.0,0.062,0.0,0.0,0.0,1.0,0.0,119.23,4,0.0,0.0,589376
2024-04-14 07:00:00,00000000270,20240414070000,0.084,0.001,0.063,0.0,0.0,0.0,1.0,1.19,75.0,4,0.0,0.0,589376
2024-04-14 08:00:00,00000000270,20240414080000,0.136,0.0,0.057,0.0,0.0,0.0,1.0,0.0,41.91,4,0.0,0.0,589376
2024-04-14 09:00:00,00000000270,20240414090000,0.061,0.001,0.058,0.0,0.0,0.0,1.0,1.64,95.08,4,0.0,0.0,589376
2024-04-14 10:00:00,00000000270,20240414100000,0.051,0.001,0.058,0.0,0.0,0.0,1.0,1.96,113.73,4,0.0,0.0,589376
2024-04-14 11:00:00,00000000270,20240414110000,0.05,0.0,0.057,0.0,0.0,0.0,1.0,0.0,114.0,4,0.0,0.0,589376
2024-04-14 12:00:00,00000000270,20240414120000,0.062,0.001,0.058,0.0,0.0,0.0,1.0,1.61,93.55,4,0.0,0.0,589376
2024-04-14 13:00:00,00000000270,20240414130000,0.056,0.001,0.058,0.0,0.0,0.0,1.0,1.79,103.57,4,0.0,0.0,589376
2024-04-14 14:00:00,00000000270,20240414140000,0.052,0.0,0.059,0.0,0.0,0.0,1.0,0.0,113.46,4,0.0,0.0,589376
2024-04-14 15:00:00,00000000270,20240414150000,0.051,0.001,0.059,0.0,0.0,0.0,1.0,1.96,115.69,4,0.0,0.0,589376
2024-04-14 16:00:00,00000000270,20240414160000,0.05,0.0,0.06,0.0,0.0,0.0,1.0,0.0,120.0,4,0.0,0.0,589376
2024-04-14 17:00:00,00000000270,20240414170000,0.053,0.001,0.06,0.0,0.0,0.0,1.0,1.89,113.21,4,0.0,0.0,589376
2024-04-14 18:00:00,00000000270,20240414180000,0.052,0.001,0.059,0.0,0.0,0.0,1.0,1.92,113.46,4,0.0,0.0,589376
2024-04-14 19:00:00,00000000270,20240414190000,0.054,0.0,0.056,0.0,0.0,0.0,1.0,0.0,103.7,4,0.0,0.0,589376
2024-04-14 20:00:00,00000000270,20240414200000,0.096,0.018,0.019,0.0,0.0,0.0,1.0,18.75,19.79,4,0.0,0.0,589376
2024-04-14 21:00:00,00000000270,20240414210000,0.099,0.027,0.008,0.0,0.0,0.0,1.0,27.27,8.08,4,0.0,0.0,589376
2024-04-14 22:00:00,00000000270,20240414220000,0.07,0.005,0.048,0.0,0.0,0.0,1.0,7.14,68.57,4,0.0,0.0,589376
2024-04-14 23:00:00,00000000270,20240414230000,0.148,0.001,0.058,0.0,0.0,0.0,1.0,0.68,39.19,4,0.0,0.0,589376
2024-04-15 00:00:00,00000000270,20240415000000,0.096,0.0,0.057,0.0,0.0,0.0,1.0,0.0,59.38,4,0.0,0.0,589376
2024-04-15 01:00:00,00000000270,20240415010000,0.053,0.001,0.058,0.0,0.0,0.0,1.0,1.89,109.43,4,0.0,0.0,589376
2024-04-15 02:00:00,00000000270,20240415020000,0.053,0.001,0.06,0.0,0.0,0.0,1.0,1.89,113.21,4,0.0,0.0,589376
2024-04-15 03:00:00,00000000270,20240415030000,0.051,0.0,0.061,0.0,0.0,0.0,1.0,0.0,119.61,4,0.0,0.0,589376
2024-04-15 04:00:00,00000000270,20240415040000,0.052,0.001,0.059,0.0,0.0,0.0,1.0,1.92,113.46,4,0.0,0.0,589376
2024-04-15 05:00:00,00000000270,20240415050000,0.05,0.001,0.059,0.0,0.0,0.0,1.0,2.0,118.0,4,0.0,0.0,589376
2024-04-15 06:00:00,00000000270,20240415060000,0.052,0.0,0.059,0.0,0.0,0.0,1.0,0.0,113.46,4,0.0,0.0,589376
2024-04-15 07:00:00,00000000270,20240415070000,1.091,0.242,0.039,0.0,0.0,0.0,1.0,22.18,3.57,4,0.0,0.0,589376
2024-04-15 08:00:00,00000000270,20240415080000,0.147,0.397,0.023,0.0,0.0,0.0,1.0,270.07,15.65,4,0.0,0.0,589376
2024-04-15 09:00:00,00000000270,20240415090000,0.848,0.32,0.02,0.0,0.0,0.0,1.0,37.74,2.36,4,0.0,0.0,589376
2024-04-15 10:00:00,00000000270,20240415100000,0.292,0.468,0.023,0.0,0.0,0.0,1.0,160.27,7.88,4,0.0,0.0,589376
2024-04-15 11:00:00,00000000270,20240415110000,0.128,0.23,0.034,0.0,0.0,0.0,1.0,179.69,26.56,4,0.0,0.0,589376
2024-04-15 12:00:00,00000000270,20240415120000,0.053,0.001,0.06,0.0,0.0,0.0,1.0,1.89,113.21,4,0.0,0.0,589376
2024-04-15 13:00:00,00000000270,20240415130000,0.058,0.0,0.062,0.0,0.0,0.0,1.0,0.0,106.9,4,0.0,0.0,589376
2024-04-15 14:00:00,00000000270,20240415140000,0.054,0.001,0.059,0.0,0.0,0.0,1.0,1.85,109.26,4,0.0,0.0,589376
2024-04-15 15:00:00,00000000270,20240415150000,0.131,0.0,0.06,0.0,0.0,0.0,1.0,0.0,45.8,4,0.0,0.0,589376
2024-04-15 16:00:00,00000000270,20240415160000,0.097,0.001,0.054,0.0,0.0,0.0,1.0,1.03,55.67,4,0.0,0.0,589376
2024-04-15 17:00:00,00000000270,20240415170000,0.052,0.0,0.061,0.0,0.0,0.0,1.0,0.0,117.31,4,0.0,0.0,589376
2024-04-15 18:00:00,00000000270,20240415180000,0.052,0.001,0.059,0.0,0.0,0.0,1.0,1.92,113.46,4,0.0,0.0,589376
2024-04-15 19:00:00,00000000270,20240415190000,0.052,0.001,0.061,0.0,0.0,0.0,1.0,1.92,117.31,4,0.0,0.0,589376
2024-04-15 20:00:00,00000000270,20240415200000,0.067,0.0,0.06,0.0,0.0,0.0,1.0,0.0,89.55,4,0.0,0.0,589376
2024-04-15 21:00:00,00000000270,20240415210000,0.075,0.001,0.064,0.0,0.0,0.0,1.0,1.33,85.33,4,0.0,0.0,589376
2024-04-15 22:00:00,00000000270,20240415220000,0.066,0.0,0.058,0.0,0.0,0.0,1.0,0.0,87.88,4,0.0,0.0,589376
2024-04-15 23:00:00,00000000270,20240415230000,0.055,0.001,0.059,0.0,0.0,0.0,1.0,1.82,107.27,4,0.0,0.0,589376
2024-04-16 00:00:00,00000000270,20240416000000,0.057,0.001,0.058,0.0,0.0,0.0,1.0,1.75,101.75,4,0.0,0.0,589376
2024-04-16 01:00:00,00000000270,20240416010000,0.048,0.0,0.059,0.0,0.0,0.0,1.0,0.0,122.92,4,0.0,0.0,589376
2024-04-16 02:00:00,00000000270,20240416020000,0.05,0.001,0.06,0.0,0.0,0.0,1.0,2.0,120.0,4,0.0,0.0,589376
2024-04-16 03:00:00,00000000270,20240416030000,0.053,0.0,0.06,0.0,0.0,0.0,1.0,0.0,113.21,4,0.0,0.0,589376
2024-04-16 04:00:00,00000000270,20240416040000,0.053,0.001,0.062,0.0,0.0,0.0,1.0,1.89,116.98,4,0.0,0.0,589376
2024-04-16 05:00:00,00000000270,20240416050000,0.092,0.0,0.074,0.0,0.0,0.0,1.0,0.0,80.43,4,0.0,0.0,589376
2024-04-16 06:00:00,00000000270,20240416060000,0.054,0.001,0.063,0.0,0.0,0.0,1.0,1.85,116.67,4,0.0,0.0,589376
2024-04-16 07:00:00,00000000270,20240416070000,0.144,0.0,0.059,0.0,0.0,0.0,1.0,0.0,40.97,4,0.0,0.0,589376
2024-04-16 08:00:00,00000000270,20240416080000,0.063,0.001,0.058,0.0,0.0,0.0,1.0,1.59,92.06,4,0.0,0.0,589376
2024-04-16 09:00:00,00000000270,20240416090000,0.06,0.0,0.059,0.0,0.0,0.0,1.0,0.0,98.33,4,0.0,0.0,589376
2024-04-16 10:00:00,00000000270,20240416100000,0.058,0.001,0.06,0.0,0.0,0.0,1.0,1.72,103.45,4,0.0,0.0,589376
2024-04-16 11:00:00,00000000270,20240416110000,0.054,0.001,0.059,0.0,0.0,0.0,1.0,1.85,109.26,4,0.0,0.0,589376
2024-04-16 12:00:00,00000000270,20240416120000,0.048,0.0,0.061,0.0,0.0,0.0,1.0,0.0,127.08,4,0.0,0.0,589376
2024-04-16 13:00:00,00000000270,20240416130000,0.054,0.001,0.062,0.0,0.0,0.0,1.0,1.85,114.81,4,0.0,0.0,589376
2024-04-16 14:00:00,00000000270,20240416140000,0.046,0.0,0.059,0.0,0.0,0.0,1.0,0.0,128.26,4,0.0,0.0,589376
2024-04-16 15:00:00,00000000270,20240416150000,0.053,0.001,0.061,0.0,0.0,0.0,1.0,1.89,115.09,4,0.0,0.0,589376
2024-04-16 16:00:00,00000000270,20240416160000,0.051,0.0,0.059,0.0,0.0,0.0,1.0,0.0,115.69,4,0.0,0.0,589376
2024-04-16 17:00:00,00000000270,20240416170000,0.05,0.001,0.059,0.0,0.0,0.0,1.0,2.0,118.0,4,0.0,0.0,589376
2024-04-16 18:00:00,00000000270,20240416180000,0.053,0.0,0.06,0.0,0.0,0.0,1.0,0.0,113.21,4,0.0,0.0,589376
2024-04-16 19:00:00,00000000270,20240416190000,0.046,0.001,0.057,0.0,0.0,0.0,1.0,2.17,123.91,4,0.0,0.0,589376
2024-04-16 20:00:00,00000000270,20240416200000,0.052,0.0,0.057,0.0,0.0,0.0,1.0,0.0,109.62,4,0.0,0.0,589376
2024-04-16 21:00:00,00000000270,20240416210000,0.047,0.001,0.057,0.0,0.0,0.0,1.0,2.13,121.28,4,0.0,0.0,589376
2024-04-16 22:00:00,00000000270,20240416220000,0.053,0.0,0.058,0.0,0.0,0.0,1.0,0.0,109.43,4,0.0,0.0,589376
2024-04-16 23:00:00,00000000270,20240416230000,0.045,0.001,0.058,0.0,0.0,0.0,1.0,2.22,128.89,4,0.0,0.0,589376
2024-04-17 00:00:00,00000000270,20240417000000,0.051,0.0,0.059,0.0,0.0,0.0,1.0,0.0,115.69,4,0.0,0.0,589376
2024-04-17 01:00:00,00000000270,20240417010000,0.05,0.001,0.059,0.0,0.0,0.0,1.0,2.0,118.0,4,0.0,0.0,589376
2024-04-17 02:00:00,00000000270,20240417020000,0.05,0.001,0.06,0.0,0.0,0.0,1.0,2.0,120.0,4,0.0,0.0,589376
2024-04-17 03:00:00,00000000270,20240417030000,0.049,0.0,0.06,0.0,0.0,0.0,1.0,0.0,122.45,4,0.0,0.0,589376
2024-04-17 04:00:00,00000000270,20240417040000,0.049,0.001,0.06,0.0,0.0,0.0,1.0,2.04,122.45,4,0.0,0.0,589376
2024-04-17 05:00:00,00000000270,20240417050000,0.05,0.0,0.061,0.0,0.0,0.0,1.0,0.0,122.0,4,0.0,0.0,589376
2024-04-17 06:00:00,00000000270,20240417060000,0.049,0.001,0.061,0.0,0.0,0.0,1.0,2.04,124.49,4,0.0,0.0,589376
2024-04-17 07:00:00,00000000270,20240417070000,0.051,0.0,0.061,0.0,0.0,0.0,1.0,0.0,119.61,4,0.0,0.0,589376
2024-04-17 08:00:00,00000000270,20240417080000,0.049,0.001,0.06,0.0,0.0,0.0,1.0,2.04,122.45,4,0.0,0.0,589376
2024-04-17 09:00:00,00000000270,20240417090000,0.05,0.0,0.06,0.0,0.0,0.0,1.0,0.0,120.0,4,0.0,0.0,589376
2024-04-17 10:00:00,00000000270,20240417100000,0.049,0.001,0.058,0.0,0.0,0.0,1.0,2.04,118.37,4,0.0,0.0,589376
2024-04-17 11:00:00,00000000270,20240417110000,0.049,0.0,0.059,0.0,0.0,0.0,1.0,0.0,120.41,4,0.0,0.0,589376
2024-04-17 12:00:00,00000000270,20240417120000,0.05,0.001,0.06,0.0,0.0,0.0,1.0,2.0,120.0,4,0.0,0.0,589376
2024-04-17 13:00:00,00000000270,20240417130000,0.047,0.0,0.061,0.0,0.0,0.0,1.0,0.0,129.79,4,0.0,0.0,589376
2024-04-17 14:00:00,00000000270,20240417140000,0.052,0.001,0.062,0.0,0.0,0.0,1.0,1.92,119.23,4,0.0,0.0,589376
2024-04-17 15:00:00,00000000270,20240417150000,0.048,0.0,0.06,0.0,0.0,0.0,1.0,0.0,125.0,4,0.0,0.0,589376
2024-04-17 16:00:00,00000000270,20240417160000,0.054,0.001,0.061,0.0,0.0,0.0,1.0,1.85,112.96,4,0.0,0.0,589376
2024-04-17 17:00:00,00000000270,20240417170000,0.047,0.0,0.06,0.0,0.0,0.0,1.0,0.0,127.66,4,0.0,0.0,589376
2024-04-17 18:00:00,00000000270,20240417180000,0.052,0.001,0.06,0.0,0.0,0.0,1.0,1.92,115.38,4,0.0,0.0,589376
2024-04-17 19:00:00,00000000270,20240417190000,0.049,0.0,0.059,0.0,0.0,0.0,1.0,0.0,120.41,4,0.0,0.0,589376
2024-04-17 20:00:00,00000000270,20240417200000,0.049,0.001,0.057,0.0,0.0,0.0,1.0,2.04,116.33,4,0.0,0.0,589376
2024-04-17 21:00:00,00000000270,20240417210000,0.052,0.0,0.059,0.0,0.0,0.0,1.0,0.0,113.46,4,0.0,0.0,589376
2024-04-17 22:00:00,00000000270,20240417220000,0.048,0.001,0.058,0.0,0.0,0.0,1.0,2.08,120.83,4,0.0,0.0,589376
2024-04-17 23:00:00,00000000270,20240417230000,0.051,0.0,0.06,0.0,0.0,0.0,1.0,0.0,117.65,4,0.0,0.0,589376
2024-04-18 00:00:00,00000000270,20240418000000,0.049,0.001,0.059,0.0,0.0,0.0,1.0,2.04,120.41,4,0.0,0.0,589376
2024-04-18 01:00:00,00000000270,20240418010000,0.048,0.0,0.059,0.0,0.0,0.0,1.0,0.0,122.92,4,0.0,0.0,589376
2024-04-18 02:00:00,00000000270,20240418020000,0.053,0.001,0.061,0.0,0.0,0.0,1.0,1.89,115.09,4,0.0,0.0,589376
2024-04-18 03:00:00,00000000270,20240418030000,0.046,0.0,0.061,0.0,0.0,0.0,1.0,0.0,132.61,4,0.0,0.0,589376
2024-04-18 04:00:00,00000000270,20240418040000,0.051,0.001,0.06,0.0,0.0,0.0,1.0,1.96,117.65,4,0.0,0.0,589376
2024-04-18 05:00:00,00000000270,20240418050000,0.051,0.0,0.061,0.0,0.0,0.0,1.0,0.0,119.61,4,0.0,0.0,589376
2024-04-18 06:00:00,00000000270,20240418060000,0.047,0.001,0.06,0.0,0.0,0.0,1.0,2.13,127.66,4,0.0,0.0,589376
2024-04-18 07:00:00,00000000270,20240418070000,0.053,0.0,0.061,0.0,0.0,0.0,1.0,0.0,115.09,4,0.0,0.0,589376
2024-04-18 08:00:00,00000000270,20240418080000,0.13,0.001,0.059,0.0,0.0,0.0,1.0,0.77,45.38,4,0.0,0.0,589376
2024-04-18 09:00:00,00000000270,20240418090000,0.089,0.0,0.055,0.0,0.0,0.0,1.0,0.0,61.8,4,0.0,0.0,589376
2024-04-18 10:00:00,00000000270,20240418100000,0.051,0.001,0.06,0.0,0.0,0.0,1.0,1.96,117.65,4,0.0,0.0,589376
2024-04-18 11:00:00,00000000270,20240418110000,0.047,0.0,0.058,0.0,0.0,0.0,1.0,0.0,123.4,4,0.0,0.0,589376
2024-04-18 12:00:00,00000000270,20240418120000,0.053,0.001,0.061,0.0,0.0,0.0,1.0,1.89,115.09,4,0.0,0.0,589376
2024-04-18 13:00:00,00000000270,20240418130000,0.046,0.0,0.059,0.0,0.0,0.0,1.0,0.0,128.26,4,0.0,0.0,589376
2024-04-18 14:00:00,00000000270,20240418140000,0.052,0.001,0.06,0.0,0.0,0.0,1.0,1.92,115.38,4,0.0,0.0,589376
2024-04-18 15:00:00,00000000270,20240418150000,0.057,0.0,0.06,0.0,0.0,0.0,1.0,0.0,105.26,4,0.0,0.0,589376
2024-04-18 16:00:00,00000000270,20240418160000,0.051,0.001,0.059,0.0,0.0,0.0,1.0,1.96,115.69,4,0.0,0.0,589376
2024-04-18 17:00:00,00000000270,20240418170000,0.054,0.001,0.06,0.0,0.0,0.0,1.0,1.85,111.11,4,0.0,0.0,589376
2024-04-18 18:00:00,00000000270,20240418180000,0.05,0.0,0.058,0.0,0.0,0.0,1.0,0.0,116.0,4,0.0,0.0,589376
2024-04-18 19:00:00,00000000270,20240418190000,0.052,0.001,0.058,0.0,0.0,0.0,1.0,1.92,111.54,4,0.0,0.0,589376
2024-04-18 20:00:00,00000000270,20240418200000,0.049,0.0,0.057,0.0,0.0,0.0,1.0,0.0,116.33,4,0.0,0.0,589376
2024-04-18 21:00:00,00000000270,20240418210000,0.05,0.0,0.056,0.0,0.0,0.0,1.0,0.0,112.0,4,0.0,0.0,589376
2024-04-18 22:00:00,00000000270,20240418220000,0.053,0.001,0.059,0.0,0.0,0.0,1.0,1.89,111.32,4,0.0,0.0,589376
2024-04-18 23:00:00,00000000270,20240418230000,0.049,0.0,0.058,0.0,0.0,0.0,1.0,0.0,118.37,4,0.0,0.0,589376
2024-04-19 00:00:00,00000000270,20240419000000,0.049,0.001,0.059,0.0,0.0,0.0,1.0,2.04,120.41,4,0.0,0.0,589376
2024-04-19 01:00:00,00000000270,20240419010000,0.049,0.001,0.059,0.0,0.0,0.0,1.0,2.04,120.41,4,0.0,0.0,589376
2024-04-19 02:00:00,00000000270,20240419020000,0.047,0.0,0.06,0.0,0.0,0.0,1.0,0.0,127.66,4,0.0,0.0,589376
2024-04-19 03:00:00,00000000270,20240419030000,0.048,0.001,0.061,0.0,0.0,0.0,1.0,2.08,127.08,4,0.0,0.0,589376
2024-04-19 04:00:00,00000000270,20240419040000,0.045,0.0,0.06,0.0,0.0,0.0,1.0,0.0,133.33,4,0.0,0.0,589376
2024-04-19 05:00:00,00000000270,20240419050000,0.05,0.001,0.061,0.0,0.0,0.0,1.0,2.0,122.0,4,0.0,0.0,589376
2024-04-19 06:00:00,00000000270,20240419060000,0.043,0.0,0.06,0.0,0.0,0.0,1.0,0.0,139.53,4,0.0,0.0,589376
2024-04-19 07:00:00,00000000270,20240419070000,0.051,0.001,0.062,0.0,0.0,0.0,1.0,1.96,121.57,4,0.0,0.0,589376
2024-04-19 08:00:00,00000000270,20240419080000,0.045,0.0,0.06,0.0,0.0,0.0,1.0,0.0,133.33,4,0.0,0.0,589376
2024-04-19 09:00:00,00000000270,20240419090000,0.051,0.001,0.061,0.0,0.0,0.0,1.0,1.96,119.61,4,0.0,0.0,589376
2024-04-19 10:00:00,00000000270,20240419100000,0.043,0.0,0.059,0.0,0.0,0.0,1.0,0.0,137.21,4,0.0,0.0,589376
2024-04-19 11:00:00,00000000270,20240419110000,0.05,0.001,0.061,0.0,0.0,0.0,1.0,2.0,122.0,4,0.0,0.0,589376
2024-04-19 12:00:00,00000000270,20240419120000,0.044,0.0,0.061,0.0,0.0,0.0,1.0,0.0,138.64,4,0.0,0.0,589376
2024-04-19 13:00:00,00000000270,20240419130000,0.05,0.001,0.062,0.0,0.0,0.0,1.0,2.0,124.0,4,0.0,0.0,589376
2024-04-19 14:00:00,00000000270,20240419140000,0.046,0.0,0.06,0.0,0.0,0.0,1.0,0.0,130.43,4,0.0,0.0,589376
2024-04-19 15:00:00,00000000270,20240419150000,0.052,0.001,0.063,0.0,0.0,0.0,1.0,1.92,121.15,4,0.0,0.0,589376
2024-04-19 16:00:00,00000000270,20240419160000,0.047,0.0,0.059,0.0,0.0,0.0,1.0,0.0,125.53,4,0.0,0.0,589376
2024-04-19 17:00:00,00000000270,20240419170000,0.053,0.001,0.061,0.0,0.0,0.0,1.0,1.89,115.09,4,0.0,0.0,589376
2024-04-19 18:00:00,00000000270,20240419180000,0.047,0.0,0.06,0.0,0.0,0.0,1.0,0.0,127.66,4,0.0,0.0,589376
2024-04-19 19:00:00,00000000270,20240419190000,0.049,0.001,0.059,0.0,0.0,0.0,1.0,2.04,120.41,4,0.0,0.0,589376
2024-04-19 20:00:00,00000000270,20240419200000,0.049,0.0,0.057,0.0,0.0,0.0,1.0,0.0,116.33,4,0.0,0.0,589376
2024-04-19 21:00:00,00000000270,20240419210000,0.046,0.001,0.057,0.0,0.0,0.0,1.0,2.17,123.91,4,0.0,0.0,589376
2024-04-19 22:00:00,00000000270,20240419220000,0.052,0.0,0.059,0.0,0.0,0.0,1.0,0.0,113.46,4,0.0,0.0,589376
2024-04-19 23:00:00,00000000270,20240419230000,0.046,0.001,0.058,0.0,0.0,0.0,1.0,2.17,126.09,4,0.0,0.0,589376
2024-04-20 00:00:00,00000000270,20240420000000,0.134,0.0,0.06,0.0,0.0,0.0,1.0,0.0,44.78,4,0.0,0.0,589376
2024-04-20 01:00:00,00000000270,20240420010000,0.084,0.001,0.055,0.0,0.0,0.0,1.0,1.19,65.48,4,0.0,0.0,589376
2024-04-20 02:00:00,00000000270,20240420020000,0.053,0.0,0.061,0.0,0.0,0.0,1.0,0.0,115.09,4,0.0,0.0,589376
2024-04-20 03:00:00,00000000270,20240420030000,0.047,0.001,0.061,0.0,0.0,0.0,1.0,2.13,129.79,4,0.0,0.0,589376
2024-04-20 04:00:00,00000000270,20240420040000,0.048,0.0,0.061,0.0,0.0,0.0,1.0,0.0,127.08,4,0.0,0.0,589376
2024-04-20 05:00:00,00000000270,20240420050000,0.049,0.001,0.061,0.0,0.0,0.0,1.0,2.04,124.49,4,0.0,0.0,589376
2024-04-20 06:00:00,00000000270,20240420060000,0.051,0.0,0.062,0.0,0.0,0.0,1.0,0.0,121.57,4,0.0,0.0,589376
2024-04-20 07:00:00,00000000270,20240420070000,0.05,0.001,0.062,0.0,0.0,0.0,1.0,2.0,124.0,4,0.0,0.0,589376
2024-04-20 08:00:00,00000000270,20240420080000,0.051,0.0,0.062,0.0,0.0,0.0,1.0,0.0,121.57,4,0.0,0.0,589376
2024-04-20 09:00:00,00000000270,20240420090000,0.05,0.001,0.059,0.0,0.0,0.0,1.0,2.0,118.0,4,0.0,0.0,589376
2024-04-20 10:00:00,00000000270,20240420100000,0.053,0.001,0.06,0.0,0.0,0.0,1.0,1.89,113.21,4,0.0,0.0,589376
2024-04-20 11:00:00,00000000270,20240420110000,0.046,0.0,0.057,0.0,0.0,0.0,1.0,0.0,123.91,4,0.0,0.0,589376
2024-04-20 12:00:00,00000000270,20240420120000,0.054,0.001,0.059,0.0,0.0,0.0,1.0,1.85,109.26,4,0.0,0.0,589376
2024-04-20 13:00:00,00000000270,20240420130000,0.052,0.0,0.059,0.0,0.0,0.0,1.0,0.0,113.46,4,0.0,0.0,589376
2024-04-20 14:00:00,00000000270,20240420140000,0.049,0.001,0.059,0.0,0.0,0.0,1.0,2.04,120.41,4,0.0,0.0,589376
2024-04-20 15:00:00,00000000270,20240420150000,0.055,0.0,0.06,0.0,0.0,0.0,1.0,0.0,109.09,4,0.0,0.0,589376
2024-04-20 16:00:00,00000000270,20240420160000,0.048,0.001,0.059,0.0,0.0,0.0,1.0,2.08,122.92,4,0.0,0.0,589376
2024-04-20 17:00:00,00000000270,20240420170000,0.05,0.0,0.058,0.0,0.0,0.0,1.0,0.0,116.0,4,0.0,0.0,589376
2024-04-20 18:00:00,00000000270,20240420180000,0.055,0.001,0.059,0.0,0.0,0.0,1.0,1.82,107.27,4,0.0,0.0,589376
2024-04-20 19:00:00,00000000270,20240420190000,0.042,0.0,0.057,0.0,0.0,0.0,1.0,0.0,135.71,4,0.0,0.0,589376
2024-04-20 20:00:00,00000000270,20240420200000,0.048,0.001,0.056,0.0,0.0,0.0,1.0,2.08,116.67,4,0.0,0.0,589376
2024-04-20 21:00:00,00000000270,20240420210000,0.047,0.001,0.055,0.0,0.0,0.0,1.0,2.13,117.02,4,0.0,0.0,589376
2024-04-20 22:00:00,00000000270,20240420220000,0.047,0.0,0.056,0.0,0.0,0.0,1.0,0.0,119.15,4,0.0,0.0,589376
2024-04-20 23:00:00,00000000270,20240420230000,0.049,0.0,0.059,0.0,0.0,0.0,1.0,0.0,120.41,4,0.0,0.0,589376
2024-04-21 00:00:00,00000000270,20240421000000,0.055,0.001,0.059,0.0,0.0,0.0,1.0,1.82,107.27,4,0.0,0.0,589376
2024-04-21 01:00:00,00000000270,20240421010000,0.051,0.001,0.058,0.0,0.0,0.0,1.0,1.96,113.73,4,0.0,0.0,589376
2024-04-21 02:00:00,00000000270,20240421020000,0.137,0.0,0.057,0.0,0.0,0.0,1.0,0.0,41.61,4,0.0,0.0,589376
2024-04-21 03:00:00,00000000270,20240421030000,0.058,0.001,0.06,0.0,0.0,0.0,1.0,1.72,103.45,4,0.0,0.0,589376
2024-04-21 04:00:00,00000000270,20240421040000,0.058,0.0,0.06,0.0,0.0,0.0,1.0,0.0,103.45,4,0.0,0.0,589376
2024-04-21 05:00:00,00000000270,20240421050000,0.051,0.001,0.059,0.0,0.0,0.0,1.0,1.96,115.69,4,0.0,0.0,589376
2024-04-21 06:00:00,00000000270,20240421060000,0.049,0.001,0.061,0.0,0.0,0.0,1.0,2.04,124.49,4,0.0,0.0,589376
2024-04-21 07:00:00,00000000270,20240421070000,0.05,0.0,0.062,0.0,0.0,0.0,1.0,0.0,124.0,4,0.0,0.0,589376
2024-04-21 08:00:00,00000000270,20240421080000,0.053,0.001,0.06,0.0,0.0,0.0,1.0,1.89,113.21,4,0.0,0.0,589376
2024-04-21 09:00:00,00000000270,20240421090000,0.053,0.0,0.059,0.0,0.0,0.0,1.0,0.0,111.32,4,0.0,0.0,589376
2024-04-21 10:00:00,00000000270,20240421100000,0.051,0.001,0.059,0.0,0.0,0.0,1.0,1.96,115.69,4,0.0,0.0,589376
2024-04-21 11:00:00,00000000270,20240421110000,0.055,0.0,0.057,0.0,0.0,0.0,1.0,0.0,103.64,4,0.0,0.0,589376
2024-04-21 12:00:00,00000000270,20240421120000,0.055,0.001,0.059,0.0,0.0,0.0,1.0,1.82,107.27,4,0.0,0.0,589376
2024-04-21 13:00:00,00000000270,20240421130000,0.058,0.001,0.058,0.0,0.0,0.0,1.0,1.72,100.0,4,0.0,0.0,589376
2024-04-21 14:00:00,00000000270,20240421140000,0.053,0.0,0.057,0.0,0.0,0.0,1.0,0.0,107.55,4,0.0,0.0,589376
2024-04-21 15:00:00,00000000270,20240421150000,0.052,0.001,0.059,0.0,0.0,0.0,1.0,1.92,113.46,4,0.0,0.0,589376
2024-04-21 16:00:00,00000000270,20240421160000,0.055,0.0,0.059,0.0,0.0,0.0,1.0,0.0,107.27,4,0.0,0.0,589376
2024-04-21 17:00:00,00000000270,20240421170000,0.056,0.001,0.059,0.0,0.0,0.0,1.0,1.79,105.36,4,0.0,0.0,589376
2024-04-21 18:00:00,00000000270,20240421180000,0.049,0.0,0.058,0.0,0.0,0.0,1.0,0.0,118.37,4,0.0,0.0,589376
2024-04-21 19:00:00,00000000270,20240421190000,0.133,0.001,0.056,0.0,0.0,0.0,1.0,0.75,42.11,4,0.0,0.0,589376
2024-04-21 20:00:00,00000000270,20240421200000,0.075,0.01,0.034,0.0,0.0,0.0,1.0,13.33,45.33,4,0.0,0.0,589376
2024-04-21 21:00:00,00000000270,20240421210000,0.117,0.025,0.0,0.0,0.0,0.0,1.0,21.37,0.0,4,0.0,0.0,589376
2024-04-21 22:00:00,00000000270,20240421220000,0.119,0.026,0.0,0.0,0.0,0.0,1.0,21.85,0.0,4,0.0,0.0,589376
2024-04-21 23:00:00,00000000270,20240421230000,0.079,0.013,0.037,0.0,0.0,0.0,1.0,16.46,46.84,4,0.0,0.0,589376
2024-04-22 00:00:00,00000000270,20240422000000,0.052,0.001,0.058,0.0,0.0,0.0,1.0,1.92,111.54,4,0.0,0.0,589376
2024-04-22 01:00:00,00000000270,20240422010000,0.053,0.0,0.059,0.0,0.0,0.0,1.0,0.0,111.32,4,0.0,0.0,589376
2024-04-22 02:00:00,00000000270,20240422020000,0.055,0.001,0.059,0.0,0.0,0.0,1.0,1.82,107.27,4,0.0,0.0,589376
2024-04-22 03:00:00,00000000270,20240422030000,0.055,0.001,0.06,0.0,0.0,0.0,1.0,1.82,109.09,4,0.0,0.0,589376
2024-04-22 04:00:00,00000000270,20240422040000,0.053,0.0,0.06,0.0,0.0,0.0,1.0,0.0,113.21,4,0.0,0.0,589376
2024-04-22 05:00:00,00000000270,20240422050000,0.054,0.001,0.06,0.0,0.0,0.0,1.0,1.85,111.11,4,0.0,0.0,589376
2024-04-22 06:00:00,00000000270,20240422060000,0.047,0.0,0.061,0.0,0.0,0.0,1.0,0.0,129.79,4,0.0,0.0,589376
2024-04-22 07:00:00,00000000270,20240422070000,0.043,0.001,0.061,0.0,0.0,0.0,1.0,2.33,141.86,4,0.0,0.0,589376
2024-04-22 08:00:00,00000000270,20240422080000,0.049,0.001,0.061,0.0,0.0,0.0,1.0,2.04,124.49,4,0.0,0.0,589376
2024-04-22 09:00:00,00000000270,20240422090000,0.048,0.0,0.059,0.0,0.0,0.0,1.0,0.0,122.92,4,0.0,0.0,589376
2024-04-22 10:00:00,00000000270,20240422100000,0.054,0.001,0.059,0.0,0.0,0.0,1.0,1.85,109.26,4,0.0,0.0,589376
2024-04-22 11:00:00,00000000270,20240422110000,0.063,0.0,0.057,0.0,0.0,0.0,1.0,0.0,90.48,4,0.0,0.0,589376
2024-04-22 12:00:00,00000000270,20240422120000,0.142,0.001,0.056,0.0,0.0,0.0,1.0,0.7,39.44,4,0.0,0.0,589376
2024-04-22 13:00:00,00000000270,20240422130000,0.201,0.002,0.047,0.0,0.0,0.0,1.0,1.0,23.38,4,0.0,0.0,589376
2024-04-22 14:00:00,00000000270,20240422140000,0.054,0.001,0.059,0.0,0.0,0.0,1.0,1.85,109.26,4,0.0,0.0,589376
2024-04-22 15:00:00,00000000270,20240422150000,0.192,0.001,0.057,0.0,0.0,0.0,1.0,0.52,29.69,4,0.0,0.0,589376
2024-04-22 16:00:00,00000000270,20240422160000,0.052,0.0,0.057,0.0,0.0,0.0,1.0,0.0,109.62,4,0.0,0.0,589376
2024-04-22 17:00:00,00000000270,20240422170000,0.234,0.002,0.044,0.0,0.0,0.0,1.0,0.85,18.8,4,0.0,0.0,589376
2024-04-22 18:00:00,00000000270,20240422180000,0.05,0.001,0.059,0.0,0.0,0.0,1.0,2.0,118.0,4,0.0,0.0,589376
2024-04-22 19:00:00,00000000270,20240422190000,0.048,0.0,0.057,0.0,0.0,0.0,1.0,0.0,118.75,4,0.0,0.0,589376
2024-04-22 20:00:00,00000000270,20240422200000,0.109,0.001,0.057,0.0,0.0,0.0,1.0,0.92,52.29,4,0.0,0.0,589376
2024-04-22 21:00:00,00000000270,20240422210000,0.144,0.001,0.065,0.0,0.0,0.0,1.0,0.69,45.14,4,0.0,0.0,589376
2024-04-22 22:00:00,00000000270,20240422220000,0.973,0.0,0.063,0.0,0.0,0.0,1.0,0.0,6.47,4,0.0,0.0,589376
2024-04-22 23:00:00,00000000270,20240422230000,0.054,0.001,0.057,0.0,0.0,0.0,1.0,1.85,105.56,4,0.0,0.0,589376
2024-04-23 00:00:00,00000000270,20240423000000,0.053,0.001,0.058,0.0,0.0,0.0,1.0,1.89,109.43,4,0.0,0.0,589376
2024-04-23 01:00:00,00000000270,20240423010000,0.055,0.0,0.059,0.0,0.0,0.0,1.0,0.0,107.27,4,0.0,0.0,589376
2024-04-23 02:00:00,00000000270,20240423020000,0.054,0.001,0.059,0.0,0.0,0.0,1.0,1.85,109.26,4,0.0,0.0,589376
2024-04-23 03:00:00,00000000270,20240423030000,0.055,0.0,0.06,0.0,0.0,0.0,1.0,0.0,109.09,4,0.0,0.0,589376
2024-04-23 04:00:00,00000000270,20240423040000,0.051,0.001,0.06,0.0,0.0,0.0,1.0,1.96,117.65,4,0.0,0.0,589376
2024-04-23 05:00:00,00000000270,20240423050000,0.054,0.001,0.064,0.0,0.0,0.0,1.0,1.85,118.52,4,0.0,0.0,589376
2024-04-23 06:00:00,00000000270,20240423060000,0.159,0.0,0.064,0.0,0.0,0.0,1.0,0.0,40.25,4,0.0,0.0,589376
2024-04-23 07:00:00,00000000270,20240423070000,0.061,0.001,0.059,0.0,0.0,0.0,1.0,1.64,96.72,4,0.0,0.0,589376
2024-04-23 08:00:00,00000000270,20240423080000,0.057,0.0,0.059,0.0,0.0,0.0,1.0,0.0,103.51,4,0.0,0.0,589376
2024-04-23 09:00:00,00000000270,20240423090000,0.072,0.008,0.057,0.0,0.0,0.0,1.0,11.11,79.17,4,0.0,0.0,589376
2024-04-23 10:00:00,00000000270,20240423100000,0.064,0.0,0.057,0.0,0.0,0.0,1.0,0.0,89.06,4,0.0,0.0,589376
2024-04-23 11:00:00,00000000270,20240423110000,0.064,0.001,0.058,0.0,0.0,0.0,1.0,1.56,90.62,4,0.0,0.0,589376
2024-04-23 12:00:00,00000000270,20240423120000,0.049,0.0,0.059,0.0,0.0,0.0,1.0,0.0,120.41,4,0.0,0.0,589376
2024-04-23 13:00:00,00000000270,20240423130000,0.058,0.001,0.058,0.0,0.0,0.0,1.0,1.72,100.0,4,0.0,0.0,589376
2024-04-23 14:00:00,00000000270,20240423140000,0.054,0.0,0.058,0.0,0.0,0.0,1.0,0.0,107.41,4,0.0,0.0,589376
2024-04-23 15:00:00,00000000270,20240423150000,0.055,0.001,0.059,0.0,0.0,0.0,1.0,1.82,107.27,4,0.0,0.0,589376
2024-04-23 16:00:00,00000000270,20240423160000,0.054,0.001,0.059,0.0,0.0,0.0,1.0,1.85,109.26,4,0.0,0.0,589376
2024-04-23 17:00:00,00000000270,20240423170000,0.055,0.0,0.058,0.0,0.0,0.0,1.0,0.0,105.45,4,0.0,0.0,589376
2024-04-23 18:00:00,00000000270,20240423180000,0.055,0.001,0.058,0.0,0.0,0.0,1.0,1.82,105.45,4,0.0,0.0,589376
2024-04-23 19:00:00,00000000270,20240423190000,0.054,0.0,0.057,0.0,0.0,0.0,1.0,0.0,105.56,4,0.0,0.0,589376
2024-04-23 20:00:00,00000000270,20240423200000,0.045,0.001,0.056,0.0,0.0,0.0,1.0,2.22,124.44,4,0.0,0.0,589376
2024-04-23 21:00:00,00000000270,20240423210000,0.045,0.001,0.055,0.0,0.0,0.0,1.0,2.22,122.22,4,0.0,0.0,589376
2024-04-23 22:00:00,00000000270,20240423220000,0.046,0.0,0.057,0.0,0.0,0.0,1.0,0.0,123.91,4,0.0,0.0,589376
2024-04-23 23:00:00,00000000270,20240423230000,0.139,0.001,0.056,0.0,0.0,0.0,1.0,0.72,40.29,4,0.0,0.0,589376
2024-04-24 00:00:00,00000000270,20240424000000,0.071,0.0,0.055,0.0,0.0,0.0,1.0,0.0,77.46,4,0.0,0.0,589376
2024-04-24 01:00:00,00000000270,20240424010000,0.056,0.001,0.059,0.0,0.0,0.0,1.0,1.79,105.36,4,0.0,0.0,589376
2024-04-24 02:00:00,00000000270,20240424020000,0.055,0.0,0.06,0.0,0.0,0.0,1.0,0.0,109.09,4,0.0,0.0,589376
2024-04-24 03:00:00,00000000270,20240424030000,0.054,0.001,0.06,0.0,0.0,0.0,1.0,1.85,111.11,4,0.0,0.0,589376
2024-04-24 04:00:00,00000000270,20240424040000,0.052,0.001,0.06,0.0,0.0,0.0,1.0,1.92,115.38,4,0.0,0.0,589376
2024-04-24 05:00:00,00000000270,20240424050000,0.055,0.0,0.06,0.0,0.0,0.0,1.0,0.0,109.09,4,0.0,0.0,589376
2024-04-24 06:00:00,00000000270,20240424060000,0.055,0.001,0.061,0.0,0.0,0.0,1.0,1.82,110.91,4,0.0,0.0,589376
2024-04-24 07:00:00,00000000270,20240424070000,0.046,0.0,0.062,0.0,0.0,0.0,1.0,0.0,134.78,4,0.0,0.0,589376
2024-04-24 08:00:00,00000000270,20240424080000,0.05,0.001,0.06,0.0,0.0,0.0,1.0,2.0,120.0,4,0.0,0.0,589376
2024-04-24 09:00:00,00000000270,20240424090000,0.046,0.0,0.058,0.0,0.0,0.0,1.0,0.0,126.09,4,0.0,0.0,589376
2024-04-24 10:00:00,00000000270,20240424100000,0.049,0.001,0.059,0.0,0.0,0.0,1.0,2.04,120.41,4,0.0,0.0,589376
2024-04-24 11:00:00,00000000270,20240424110000,0.048,0.0,0.06,0.0,0.0,0.0,1.0,0.0,125.0,4,0.0,0.0,589376
2024-04-24 12:00:00,00000000270,20240424120000,0.055,0.001,0.06,0.0,0.0,0.0,1.0,1.82,109.09,4,0.0,0.0,589376
2024-04-24 13:00:00,00000000270,20240424130000,0.051,0.001,0.061,0.0,0.0,0.0,1.0,1.96,119.61,4,0.0,0.0,589376
2024-04-24 14:00:00,00000000270,20240424140000,0.052,0.0,0.06,0.0,0.0,0.0,1.0,0.0,115.38,4,0.0,0.0,589376
2024-04-24 15:00:00,00000000270,20240424150000,0.048,0.001,0.059,0.0,0.0,0.0,1.0,2.08,122.92,4,0.0,0.0,589376
2024-04-24 16:00:00,00000000270,20240424160000,0.054,0.0,0.06,0.0,0.0,0.0,1.0,0.0,111.11,4,0.0,0.0,589376
2024-04-24 17:00:00,00000000270,20240424170000,0.055,0.001,0.059,0.0,0.0,0.0,1.0,1.82,107.27,4,0.0,0.0,589376
2024-04-24 18:00:00,00000000270,20240424180000,0.055,0.0,0.06,0.0,0.0,0.0,1.0,0.0,109.09,4,0.0,0.0,589376
2024-04-24 19:00:00,00000000270,20240424190000,0.052,0.001,0.058,0.0,0.0,0.0,1.0,1.92,111.54,4,0.0,0.0,589376
2024-04-24 20:00:00,00000000270,20240424200000,0.051,0.001,0.056,0.0,0.0,0.0,1.0,1.96,109.8,4,0.0,0.0,589376
2024-04-24 21:00:00,00000000270,20240424210000,0.054,0.0,0.057,0.0,0.0,0.0,1.0,0.0,105.56,4,0.0,0.0,589376
2024-04-24 22:00:00,00000000270,20240424220000,0.054,0.001,0.057,0.0,0.0,0.0,1.0,1.85,105.56,4,0.0,0.0,589376
2024-04-24 23:00:00,00000000270,20240424230000,0.056,0.0,0.059,0.0,0.0,0.0,1.0,0.0,105.36,4,0.0,0.0,589376
2024-04-25 00:00:00,00000000270,20240425000000,0.05,0.001,0.058,0.0,0.0,0.0,1.0,2.0,116.0,4,0.0,0.0,589376
2024-04-25 01:00:00,00000000270,20240425010000,0.141,0.001,0.056,0.0,0.0,0.0,1.0,0.71,39.72,4,0.0,0.0,589376
2024-04-25 02:00:00,00000000270,20240425020000,0.058,0.0,0.059,0.0,0.0,0.0,1.0,0.0,101.72,4,0.0,0.0,589376
2024-04-25 03:00:00,00000000270,20240425030000,0.056,0.001,0.06,0.0,0.0,0.0,1.0,1.79,107.14,4,0.0,0.0,589376
2024-04-25 04:00:00,00000000270,20240425040000,0.05,0.0,0.061,0.0,0.0,0.0,1.0,0.0,122.0,4,0.0,0.0,589376
2024-04-25 05:00:00,00000000270,20240425050000,0.05,0.001,0.059,0.0,0.0,0.0,1.0,2.0,118.0,4,0.0,0.0,589376
2024-04-25 06:00:00,00000000270,20240425060000,0.049,0.0,0.061,0.0,0.0,0.0,1.0,0.0,124.49,4,0.0,0.0,589376
2024-04-25 07:00:00,00000000270,20240425070000,0.051,0.001,0.062,0.0,0.0,0.0,1.0,1.96,121.57,4,0.0,0.0,589376
2024-04-25 08:00:00,00000000270,20240425080000,0.055,0.0,0.06,0.0,0.0,0.0,1.0,0.0,109.09,4,0.0,0.0,589376
2024-04-25 09:00:00,00000000270,20240425090000,0.051,0.001,0.058,0.0,0.0,0.0,1.0,1.96,113.73,4,0.0,0.0,589376
2024-04-25 10:00:00,00000000270,20240425100000,0.053,0.0,0.059,0.0,0.0,0.0,1.0,0.0,111.32,4,0.0,0.0,589376
2024-04-25 11:00:00,00000000270,20240425110000,0.055,0.001,0.06,0.0,0.0,0.0,1.0,1.82,109.09,4,0.0,0.0,589376
2024-04-25 12:00:00,00000000270,20240425120000,0.053,0.001,0.059,0.0,0.0,0.0,1.0,1.89,111.32,4,0.0,0.0,589376
2024-04-25 13:00:00,00000000270,20240425130000,0.052,0.0,0.06,0.0,0.0,0.0,1.0,0.0,115.38,4,0.0,0.0,589376
2024-04-25 14:00:00,00000000270,20240425140000,0.055,0.001,0.06,0.0,0.0,0.0,1.0,1.82,109.09,4,0.0,0.0,589376
2024-04-25 15:00:00,00000000270,20240425150000,0.052,0.0,0.059,0.0,0.0,0.0,1.0,0.0,113.46,4,0.0,0.0,589376
2024-04-25 16:00:00,00000000270,20240425160000,0.05,0.001,0.059,0.0,0.0,0.0,1.0,2.0,118.0,4,0.0,0.0,589376
2024-04-25 17:00:00,00000000270,20240425170000,0.055,0.0,0.059,0.0,0.0,0.0,1.0,0.0,107.27,4,0.0,0.0,589376
2024-04-25 18:00:00,00000000270,20240425180000,0.051,0.001,0.058,0.0,0.0,0.0,1.0,1.96,113.73,4,0.0,0.0,589376
2024-04-25 19:00:00,00000000270,20240425190000,0.05,0.0,0.058,0.0,0.0,0.0,1.0,0.0,116.0,4,0.0,0.0,589376
2024-04-25 20:00:00,00000000270,20240425200000,0.052,0.001,0.056,0.0,0.0,0.0,1.0,1.92,107.69,4,0.0,0.0,589376
2024-04-25 21:00:00,00000000270,20240425210000,0.047,0.001,0.057,0.0,0.0,0.0,1.0,2.13,121.28,4,0.0,0.0,589376
2024-04-25 22:00:00,00000000270,20240425220000,0.045,0.0,0.057,0.0,0.0,0.0,1.0,0.0,126.67,4,0.0,0.0,589376
2024-04-25 23:00:00,00000000270,20240425230000,0.049,0.001,0.058,0.0,0.0,0.0,1.0,2.04,118.37,4,0.0,0.0,589376
2024-04-26 00:00:00,00000000270,20240426000000,0.046,0.0,0.059,0.0,0.0,0.0,1.0,0.0,128.26,4,0.0,0.0,589376
2024-04-26 01:00:00,00000000270,20240426010000,0.049,0.001,0.058,0.0,0.0,0.0,1.0,2.04,118.37,4,0.0,0.0,589376
2024-04-26 02:00:00,00000000270,20240426020000,0.13,0.0,0.059,0.0,0.0,0.0,1.0,0.0,45.38,4,0.0,0.0,589376
2024-04-26 03:00:00,00000000270,20240426030000,0.09,0.001,0.056,0.0,0.0,0.0,1.0,1.11,62.22,4,0.0,0.0,589376
2024-04-26 04:00:00,00000000270,20240426040000,0.051,0.0,0.059,0.0,0.0,0.0,1.0,0.0,115.69,4,0.0,0.0,589376
2024-04-26 05:00:00,00000000270,20240426050000,0.052,0.001,0.059,0.0,0.0,0.0,1.0,1.92,113.46,4,0.0,0.0,589376
2024-04-26 06:00:00,00000000270,20240426060000,0.056,0.0,0.062,0.0,0.0,0.0,1.0,0.0,110.71,4,0.0,0.0,589376
2024-04-26 07:00:00,00000000270,20240426070000,0.052,0.001,0.06,0.0,0.0,0.0,1.0,1.92,115.38,4,0.0,0.0,589376
2024-04-26 08:00:00,00000000270,20240426080000,0.051,0.0,0.059,0.0,0.0,0.0,1.0,0.0,115.69,4,0.0,0.0,589376
2024-04-26 09:00:00,00000000270,20240426090000,0.048,0.001,0.06,0.0,0.0,0.0,1.0,2.08,125.0,4,0.0,0.0,589376
2024-04-26 10:00:00,00000000270,20240426100000,0.048,0.001,0.06,0.0,0.0,0.0,1.0,2.08,125.0,4,0.0,0.0,589376
2024-04-26 11:00:00,00000000270,20240426110000,0.046,0.0,0.059,0.0,0.0,0.0,1.0,0.0,128.26,4,0.0,0.0,589376
2024-04-26 12:00:00,00000000270,20240426120000,0.05,0.001,0.061,0.0,0.0,0.0,1.0,2.0,122.0,4,0.0,0.0,589376
2024-04-26 13:00:00,00000000270,20240426130000,0.053,0.0,0.061,0.0,0.0,0.0,1.0,0.0,115.09,4,0.0,0.0,589376
2024-04-26 14:00:00,00000000270,20240426140000,0.049,0.001,0.059,0.0,0.0,0.0,1.0,2.04,120.41,4,0.0,0.0,589376
2024-04-26 15:00:00,00000000270,20240426150000,0.05,0.0,0.059,0.0,0.0,0.0,1.0,0.0,118.0,4,0.0,0.0,589376
2024-04-26 16:00:00,00000000270,20240426160000,0.054,0.001,0.061,0.0,0.0,0.0,1.0,1.85,112.96,4,0.0,0.0,589376
2024-04-26 17:00:00,00000000270,20240426170000,0.05,0.0,0.059,0.0,0.0,0.0,1.0,0.0,118.0,4,0.0,0.0,589376
2024-04-26 18:00:00,00000000270,20240426180000,0.049,0.001,0.058,0.0,0.0,0.0,1.0,2.04,118.37,4,0.0,0.0,589376
2024-04-26 19:00:00,00000000270,20240426190000,0.051,0.001,0.059,0.0,0.0,0.0,1.0,1.96,115.69,4,0.0,0.0,589376
2024-04-26 20:00:00,00000000270,20240426200000,0.051,0.0,0.057,0.0,0.0,0.0,1.0,0.0,111.76,4,0.0,0.0,589376
2024-04-26 21:00:00,00000000270,20240426210000,0.048,0.001,0.056,0.0,0.0,0.0,1.0,2.08,116.67,4,0.0,0.0,589376
2024-04-26 22:00:00,00000000270,20240426220000,0.051,0.0,0.057,0.0,0.0,0.0,1.0,0.0,111.76,4,0.0,0.0,589376
2024-04-26 23:00:00,00000000270,20240426230000,0.053,0.001,0.059,0.0,0.0,0.0,1.0,1.89,111.32,4,0.0,0.0,589376
2024-04-27 00:00:00,00000000270,20240427000000,0.05,0.0,0.057,0.0,0.0,0.0,1.0,0.0,114.0,4,0.0,0.0,589376
2024-04-27 01:00:00,00000000270,20240427010000,0.049,0.001,0.059,0.0,0.0,0.0,1.0,2.04,120.41,4,0.0,0.0,589376
2024-04-27 02:00:00,00000000270,20240427020000,0.055,0.0,0.059,0.0,0.0,0.0,1.0,0.0,107.27,4,0.0,0.0,589376
2024-04-27 03:00:00,00000000270,20240427030000,0.054,0.001,0.059,0.0,0.0,0.0,1.0,1.85,109.26,4,0.0,0.0,589376
2024-04-27 04:00:00,00000000270,20240427040000,0.131,0.001,0.058,0.0,0.0,0.0,1.0,0.76,44.27,4,0.0,0.0,589376
2024-04-27 05:00:00,00000000270,20240427050000,0.054,0.0,0.059,0.0,0.0,0.0,1.0,0.0,109.26,4,0.0,0.0,589376
2024-04-27 06:00:00,00000000270,20240427060000,0.054,0.001,0.061,0.0,0.0,0.0,1.0,1.85,112.96,4,0.0,0.0,589376
2024-04-27 07:00:00,00000000270,20240427070000,0.05,0.0,0.06,0.0,0.0,0.0,1.0,0.0,120.0,4,0.0,0.0,589376
2024-04-27 08:00:00,00000000270,20240427080000,0.054,0.001,0.06,0.0,0.0,0.0,1.0,1.85,111.11,4,0.0,0.0,589376
2024-04-27 09:00:00,00000000270,20240427090000,0.055,0.0,0.059,0.0,0.0,0.0,1.0,0.0,107.27,4,0.0,0.0,589376
2024-04-27 10:00:00,00000000270,20240427100000,0.049,0.001,0.058,0.0,0.0,0.0,1.0,2.04,118.37,4,0.0,0.0,589376
2024-04-27 11:00:00,00000000270,20240427110000,0.051,0.0,0.057,0.0,0.0,0.0,1.0,0.0,111.76,4,0.0,0.0,589376
2024-04-27 12:00:00,00000000270,20240427120000,0.053,0.001,0.058,0.0,0.0,0.0,1.0,1.89,109.43,4,0.0,0.0,589376
2024-04-27 13:00:00,00000000270,20240427130000,0.054,0.001,0.06,0.0,0.0,0.0,1.0,1.85,111.11,4,0.0,0.0,589376
2024-04-27 14:00:00,00000000270,20240427140000,0.049,0.0,0.057,0.0,0.0,0.0,1.0,0.0,116.33,4,0.0,0.0,589376
2024-04-27 15:00:00,00000000270,20240427150000,0.052,0.001,0.058,0.0,0.0,0.0,1.0,1.92,111.54,4,0.0,0.0,589376
2024-04-27 16:00:00,00000000270,20240427160000,0.053,0.0,0.059,0.0,0.0,0.0,1.0,0.0,111.32,4,0.0,0.0,589376
2024-04-27 17:00:00,00000000270,20240427170000,0.051,0.001,0.058,0.0,0.0,0.0,1.0,1.96,113.73,4,0.0,0.0,589376
2024-04-27 18:00:00,00000000270,20240427180000,0.05,0.0,0.058,0.0,0.0,0.0,1.0,0.0,116.0,4,0.0,0.0,589376
2024-04-27 19:00:00,00000000270,20240427190000,0.052,0.001,0.059,0.0,0.0,0.0,1.0,1.92,113.46,4,0.0,0.0,589376
2024-04-27 20:00:00,00000000270,20240427200000,0.052,0.0,0.056,0.0,0.0,0.0,1.0,0.0,107.69,4,0.0,0.0,589376
2024-04-27 21:00:00,00000000270,20240427210000,0.048,0.001,0.055,0.0,0.0,0.0,1.0,2.08,114.58,4,0.0,0.0,589376
2024-04-27 22:00:00,00000000270,20240427220000,0.051,0.001,0.058,0.0,0.0,0.0,1.0,1.96,113.73,4,0.0,0.0,589376
2024-04-27 23:00:00,00000000270,20240427230000,0.05,0.0,0.058,0.0,0.0,0.0,1.0,0.0,116.0,4,0.0,0.0,589376
2024-04-28 00:00:00,00000000270,20240428000000,0.047,0.001,0.059,0.0,0.0,0.0,1.0,2.13,125.53,4,0.0,0.0,589376
2024-04-28 01:00:00,00000000270,20240428010000,0.045,0.0,0.059,0.0,0.0,0.0,1.0,0.0,131.11,4,0.0,0.0,589376
2024-04-28 02:00:00,00000000270,20240428020000,0.051,0.001,0.06,0.0,0.0,0.0,1.0,1.96,117.65,4,0.0,0.0,589376
2024-04-28 03:00:00,00000000270,20240428030000,0.052,0.0,0.061,0.0,0.0,0.0,1.0,0.0,117.31,4,0.0,0.0,589376
2024-04-28 04:00:00,00000000270,20240428040000,0.047,0.001,0.061,0.0,0.0,0.0,1.0,2.13,129.79,4,0.0,0.0,589376
2024-04-28 05:00:00,00000000270,20240428050000,0.125,0.0,0.059,0.0,0.0,0.0,1.0,0.0,47.2,4,0.0,0.0,589376
2024-04-28 06:00:00,00000000270,20240428060000,0.093,0.001,0.057,0.0,0.0,0.0,1.0,1.08,61.29,4,0.0,0.0,589376
2024-04-28 07:00:00,00000000270,20240428070000,0.054,0.001,0.062,0.0,0.0,0.0,1.0,1.85,114.81,4,0.0,0.0,589376
2024-04-28 08:00:00,00000000270,20240428080000,0.054,0.0,0.062,0.0,0.0,0.0,1.0,0.0,114.81,4,0.0,0.0,589376
2024-04-28 09:00:00,00000000270,20240428090000,0.051,0.001,0.06,0.0,0.0,0.0,1.0,1.96,117.65,4,0.0,0.0,589376
2024-04-28 10:00:00,00000000270,20240428100000,0.046,0.0,0.06,0.0,0.0,0.0,1.0,0.0,130.43,4,0.0,0.0,589376
2024-04-28 11:00:00,00000000270,20240428110000,0.053,0.001,0.06,0.0,0.0,0.0,1.0,1.89,113.21,4,0.0,0.0,589376
2024-04-28 12:00:00,00000000270,20240428120000,0.05,0.0,0.061,0.0,0.0,0.0,1.0,0.0,122.0,4,0.0,0.0,589376
2024-04-28 13:00:00,00000000270,20240428130000,0.052,0.001,0.059,0.0,0.0,0.0,1.0,1.92,113.46,4,0.0,0.0,589376
2024-04-28 14:00:00,00000000270,20240428140000,0.05,0.0,0.06,0.0,0.0,0.0,1.0,0.0,120.0,4,0.0,0.0,589376
2024-04-28 15:00:00,00000000270,20240428150000,0.05,0.001,0.06,0.0,0.0,0.0,1.0,2.0,120.0,4,0.0,0.0,589376
2024-04-28 16:00:00,00000000270,20240428160000,0.051,0.001,0.059,0.0,0.0,0.0,1.0,1.96,115.69,4,0.0,0.0,589376
2024-04-28 17:00:00,00000000270,20240428170000,0.045,0.0,0.059,0.0,0.0,0.0,1.0,0.0,131.11,4,0.0,0.0,589376
2024-04-28 18:00:00,00000000270,20240428180000,0.047,0.001,0.058,0.0,0.0,0.0,1.0,2.13,123.4,4,0.0,0.0,589376
2024-04-28 19:00:00,00000000270,20240428190000,0.054,0.0,0.058,0.0,0.0,0.0,1.0,0.0,107.41,4,0.0,0.0,589376
2024-04-28 20:00:00,00000000270,20240428200000,0.053,0.001,0.056,0.0,0.0,0.0,1.0,1.89,105.66,4,0.0,0.0,589376
2024-04-28 21:00:00,00000000270,20240428210000,0.049,0.0,0.054,0.0,0.0,0.0,1.0,0.0,110.2,4,0.0,0.0,589376
2024-04-28 22:00:00,00000000270,20240428220000,0.054,0.001,0.057,0.0,0.0,0.0,1.0,1.85,105.56,4,0.0,0.0,589376
2024-04-28 23:00:00,00000000270,20240428230000,0.054,0.0,0.056,0.0,0.0,0.0,1.0,0.0,103.7,4,0.0,0.0,589376
2024-04-29 00:00:00,00000000270,20240429000000,0.051,0.001,0.057,0.0,0.0,0.0,1.0,1.96,111.76,4,0.0,0.0,589376
2024-04-29 01:00:00,00000000270,20240429010000,0.052,0.001,0.058,0.0,0.0,0.0,1.0,1.92,111.54,4,0.0,0.0,589376
2024-04-29 02:00:00,00000000270,20240429020000,0.054,0.0,0.06,0.0,0.0,0.0,1.0,0.0,111.11,4,0.0,0.0,589376
2024-04-29 03:00:00,00000000270,20240429030000,0.055,0.001,0.059,0.0,0.0,0.0,1.0,1.82,107.27,4,0.0,0.0,589376
2024-04-29 04:00:00,00000000270,20240429040000,0.051,0.0,0.06,0.0,0.0,0.0,1.0,0.0,117.65,4,0.0,0.0,589376
2024-04-29 05:00:00,00000000270,20240429050000,0.054,0.001,0.06,0.0,0.0,0.0,1.0,1.85,111.11,4,0.0,0.0,589376
2024-04-29 06:00:00,00000000270,20240429060000,0.049,0.0,0.062,0.0,0.0,0.0,1.0,0.0,126.53,4,0.0,0.0,589376
2024-04-29 07:00:00,00000000270,20240429070000,0.135,0.001,0.059,0.0,0.0,0.0,1.0,0.74,43.7,4,0.0,0.0,589376
2024-04-29 08:00:00,00000000270,20240429080000,0.053,0.0,0.058,0.0,0.0,0.0,1.0,0.0,109.43,4,0.0,0.0,589376
2024-04-29 09:00:00,00000000270,20240429090000,0.055,0.001,0.06,0.0,0.0,0.0,1.0,1.82,109.09,4,0.0,0.0,589376
2024-04-29 10:00:00,00000000270,20240429100000,0.055,0.001,0.06,0.0,0.0,0.0,1.0,1.82,109.09,4,0.0,0.0,589376
2024-04-29 11:00:00,00000000270,20240429110000,0.053,0.0,0.059,0.0,0.0,0.0,1.0,0.0,111.32,4,0.0,0.0,589376
2024-04-29 12:00:00,00000000270,20240429120000,0.051,0.001,0.06,0.0,0.0,0.0,1.0,1.96,117.65,4,0.0,0.0,589376
2024-04-29 13:00:00,00000000270,20240429130000,0.053,0.0,0.06,0.0,0.0,0.0,1.0,0.0,113.21,4,0.0,0.0,589376
2024-04-29 14:00:00,00000000270,20240429140000,0.054,0.001,0.06,0.0,0.0,0.0,1.0,1.85,111.11,4,0.0,0.0,589376
2024-04-29 15:00:00,00000000270,20240429150000,0.049,0.0,0.059,0.0,0.0,0.0,1.0,0.0,120.41,4,0.0,0.0,589376
2024-04-29 16:00:00,00000000270,20240429160000,0.053,0.001,0.06,0.0,0.0,0.0,1.0,1.89,113.21,4,0.0,0.0,589376
2024-04-29 17:00:00,00000000270,20240429170000,0.053,0.0,0.06,0.0,0.0,0.0,1.0,0.0,113.21,4,0.0,0.0,589376
2024-04-29 18:00:00,00000000270,20240429180000,0.048,0.001,0.059,0.0,0.0,0.0,1.0,2.08,122.92,4,0.0,0.0,589376
2024-04-29 19:00:00,00000000270,20240429190000,0.05,0.001,0.058,0.0,0.0,0.0,1.0,2.0,116.0,4,0.0,0.0,589376
2024-04-29 20:00:00,00000000270,20240429200000,0.054,0.0,0.057,0.0,0.0,0.0,1.0,0.0,105.56,4,0.0,0.0,589376
2024-04-29 21:00:00,00000000270,20240429210000,0.052,0.001,0.055,0.0,0.0,0.0,1.0,1.92,105.77,4,0.0,0.0,589376
2024-04-29 22:00:00,00000000270,20240429220000,0.05,0.0,0.057,0.0,0.0,0.0,1.0,0.0,114.0,4,0.0,0.0,589376
2024-04-29 23:00:00,00000000270,20240429230000,0.054,0.001,0.058,0.0,0.0,0.0,1.0,1.85,107.41,4,0.0,0.0,589376
2024-04-30 00:00:00,00000000270,20240430000000,0.054,0.0,0.058,0.0,0.0,0.0,1.0,0.0,107.41,4,0.0,0.0,589376
2024-04-30 01:00:00,00000000270,20240430010000,0.047,0.001,0.059,0.0,0.0,0.0,1.0,2.13,125.53,4,0.0,0.0,589376
2024-04-30 02:00:00,00000000270,20240430020000,0.047,0.0,0.06,0.0,0.0,0.0,1.0,0.0,127.66,4,0.0,0.0,589376
2024-04-30 03:00:00,00000000270,20240430030000,0.05,0.001,0.06,0.0,0.0,0.0,1.0,2.0,120.0,4,0.0,0.0,589376
2024-04-30 04:00:00,00000000270,20240430040000,0.05,0.001,0.06,0.0,0.0,0.0,1.0,2.0,120.0,4,0.0,0.0,589376
2024-04-30 05:00:00,00000000270,20240430050000,0.05,0.0,0.06,0.0,0.0,0.0,1.0,0.0,120.0,4,0.0,0.0,589376
2024-04-30 06:00:00,00000000270,20240430060000,0.048,0.001,0.06,0.0,0.0,0.0,1.0,2.08,125.0,4,0.0,0.0,589376
2024-04-30 07:00:00,00000000270,20240430070000,0.052,0.0,0.06,0.0,0.0,0.0,1.0,0.0,115.38,4,0.0,0.0,589376
2024-04-30 08:00:00,00000000270,20240430080000,0.11,0.001,0.059,0.0,0.0,0.0,1.0,0.91,53.64,4,0.0,0.0,589376
2024-04-30 09:00:00,00000000270,20240430090000,0.108,0.0,0.055,0.0,0.0,0.0,1.0,0.0,50.93,4,0.0,0.0,589376
2024-04-30 10:00:00,00000000270,20240430100000,0.054,0.001,0.058,0.0,0.0,0.0,1.0,1.85,107.41,4,0.0,0.0,589376
2024-04-30 11:00:00,00000000270,20240430110000,0.053,0.001,0.058,0.0,0.0,0.0,1.0,1.89,109.43,4,0.0,0.0,589376
2024-04-30 12:00:00,00000000270,20240430120000,0.051,0.0,0.059,0.0,0.0,0.0,1.0,0.0,115.69,4,0.0,0.0,589376
2024-04-30 13:00:00,00000000270,20240430130000,0.05,0.001,0.059,0.0,0.0,0.0,1.0,2.0,118.0,4,0.0,0.0,589376
2024-04-30 14:00:00,00000000270,20240430140000,0.051,0.0,0.06,0.0,0.0,0.0,1.0,0.0,117.65,4,0.0,0.0,589376
2024-04-30 15:00:00,00000000270,20240430150000,0.05,0.001,0.059,0.0,0.0,0.0,1.0,2.0,118.0,4,0.0,0.0,589376
2024-04-30 16:00:00,00000000270,20240430160000,0.046,0.0,0.059,0.0,0.0,0.0,1.0,0.0,128.26,4,0.0,0.0,589376
2024-04-30 17:00:00,00000000270,20240430170000,0.048,0.001,0.059,0.0,0.0,0.0,1.0,2.08,122.92,4,0.0,0.0,589376
2024-04-30 18:00:00,00000000270,20240430180000,0.051,0.001,0.059,0.0,0.0,0.0,1.0,1.96,115.69,4,0.0,0.0,589376
2024-04-30 19:00:00,00000000270,20240430190000,0.053,0.0,0.057,0.0,0.0,0.0,1.0,0.0,107.55,4,0.0,0.0,589376
2024-04-30 20:00:00,00000000270,20240430200000,0.05,0.001,0.055,0.0,0.0,0.0,1.0,2.0,110.0,4,0.0,0.0,589376
2024-04-30 21:00:00,00000000270,20240430210000,0.053,0.0,0.056,0.0,0.0,0.0,1.0,0.0,105.66,4,0.0,0.0,589376
2024-04-30 22:00:00,00000000270,20240430220000,0.052,0.001,0.058,0.0,0.0,0.0,1.0,1.92,111.54,4,0.0,0.0,589376
2024-04-30 23:00:00,00000000270,20240430230000,0.053,0.0,0.058,0.0,0.0,0.0,1.0,0.0,109.43,4,0.0,0.0,589376
2024-05-01 00:00:00,00000000270,20240501000000,0.051,0.001,0.058,0.0,0.0,0.0,1.0,1.96,113.73,4,0.0,0.0,589376
2024-05-01 01:00:00,00000000270,20240501010000,0.052,0.0,0.058,0.0,0.0,0.0,1.0,0.0,111.54,4,0.0,0.0,589376
2024-05-01 02:00:00,00000000270,20240501020000,0.054,0.001,0.059,0.0,0.0,0.0,1.0,1.85,109.26,4,0.0,0.0,589376
2024-05-01 03:00:00,00000000270,20240501030000,0.055,0.001,0.06,0.0,0.0,0.0,1.0,1.82,109.09,4,0.0,0.0,589376
2024-05-01 04:00:00,00000000270,20240501040000,0.054,0.0,0.061,0.0,0.0,0.0,1.0,0.0,112.96,4,0.0,0.0,589376
2024-05-01 05:00:00,00000000270,20240501050000,0.05,0.001,0.06,0.0,0.0,0.0,1.0,2.0,120.0,4,0.0,0.0,589376
2024-05-01 06:00:00,00000000270,20240501060000,0.049,0.0,0.061,0.0,0.0,0.0,1.0,0.0,124.49,4,0.0,0.0,589376
2024-05-01 07:00:00,00000000270,20240501070000,0.051,0.001,0.062,0.0,0.0,0.0,1.0,1.96,121.57,4,0.0,0.0,589376
2024-05-01 08:00:00,00000000270,20240501080000,0.051,0.0,0.061,0.0,0.0,0.0,1.0,0.0,119.61,4,0.0,0.0,589376
2024-05-01 09:00:00,00000000270,20240501090000,0.046,0.001,0.061,0.0,0.0,0.0,1.0,2.17,132.61,4,0.0,0.0,589376
2024-05-01 10:00:00,00000000270,20240501100000,0.137,0.001,0.057,0.0,0.0,0.0,1.0,0.73,41.61,4,0.0,0.0,589376
2024-05-01 11:00:00,00000000270,20240501110000,0.059,0.0,0.055,0.0,0.0,0.0,1.0,0.0,93.22,4,0.0,0.0,589376
2024-05-01 12:00:00,00000000270,20240501120000,0.056,0.001,0.059,0.0,0.0,0.0,1.0,1.79,105.36,4,0.0,0.0,589376
2024-05-01 13:00:00,00000000270,20240501130000,0.055,0.0,0.059,0.0,0.0,0.0,1.0,0.0,107.27,4,0.0,0.0,589376
2024-05-01 14:00:00,00000000270,20240501140000,0.054,0.001,0.058,0.0,0.0,0.0,1.0,1.85,107.41,4,0.0,0.0,589376
2024-05-01 15:00:00,00000000270,20240501150000,0.05,0.0,0.058,0.0,0.0,0.0,1.0,0.0,116.0,4,0.0,0.0,589376
2024-05-01 16:00:00,00000000270,20240501160000,0.055,0.001,0.059,0.0,0.0,0.0,1.0,1.82,107.27,4,0.0,0.0,589376
2024-05-01 17:00:00,00000000270,20240501170000,0.054,0.0,0.059,0.0,0.0,0.0,1.0,0.0,109.26,4,0.0,0.0,589376
2024-05-01 18:00:00,00000000270,20240501180000,0.05,0.001,0.058,0.0,0.0,0.0,1.0,2.0,116.0,4,0.0,0.0,589376
2024-05-01 19:00:00,00000000270,20240501190000,0.052,0.001,0.058,0.0,0.0,0.0,1.0,1.92,111.54,4,0.0,0.0,589376
2024-05-01 20:00:00,00000000270,20240501200000,0.055,0.0,0.056,0.0,0.0,0.0,1.0,0.0,101.82,4,0.0,0.0,589376
2024-05-01 21:00:00,00000000270,20240501210000,0.052,0.001,0.055,0.0,0.0,0.0,1.0,1.92,105.77,4,0.0,0.0,589376
2024-05-01 22:00:00,00000000270,20240501220000,0.048,0.0,0.057,0.0,0.0,0.0,1.0,0.0,118.75,4,0.0,0.0,589376
2024-05-01 23:00:00,00000000270,20240501230000,0.049,0.001,0.057,0.0,0.0,0.0,1.0,2.04,116.33,4,0.0,0.0,589376
2024-05-02 00:00:00,00000000270,20240502000000,0.047,0.0,0.059,0.0,0.0,0.0,1.0,0.0,125.53,4,0.0,0.0,589376
2024-05-02 01:00:00,00000000270,20240502010000,0.048,0.001,0.059,0.0,0.0,0.0,1.0,2.08,122.92,4,0.0,0.0,589376
2024-05-02 02:00:00,00000000270,20240502020000,0.044,0.001,0.059,0.0,0.0,0.0,1.0,2.27,134.09,4,0.0,0.0,589376
2024-05-02 03:00:00,00000000270,20240502030000,0.052,0.0,0.061,0.0,0.0,0.0,1.0,0.0,117.31,4,0.0,0.0,589376
2024-05-02 04:00:00,00000000270,20240502040000,0.055,0.001,0.06,0.0,0.0,0.0,1.0,1.82,109.09,4,0.0,0.0,589376
2024-05-02 05:00:00,00000000270,20240502050000,0.054,0.0,0.06,0.0,0.0,0.0,1.0,0.0,111.11,4,0.0,0.0,589376
2024-05-02 06:00:00,00000000270,20240502060000,0.051,0.001,0.06,0.0,0.0,0.0,1.0,1.96,117.65,4,0.0,0.0,589376
2024-05-02 07:00:00,00000000270,20240502070000,0.053,0.0,0.06,0.0,0.0,0.0,1.0,0.0,113.21,4,0.0,0.0,589376
2024-05-02 08:00:00,00000000270,20240502080000,0.055,0.001,0.06,0.0,0.0,0.0,1.0,1.82,109.09,4,0.0,0.0,589376
2024-05-02 09:00:00,00000000270,20240502090000,0.053,0.0,0.059,0.0,0.0,0.0,1.0,0.0,111.32,4,0.0,0.0,589376
2024-05-02 10:00:00,00000000270,20240502100000,0.047,0.001,0.059,0.0,0.0,0.0,1.0,2.13,125.53,4,0.0,0.0,589376
2024-05-02 11:00:00,00000000270,20240502110000,0.082,0.0,0.058,0.0,0.0,0.0,1.0,0.0,70.73,4,0.0,0.0,589376
2024-05-02 12:00:00,00000000270,20240502120000,0.129,0.001,0.057,0.0,0.0,0.0,1.0,0.78,44.19,4,0.0,0.0,589376
2024-05-02 13:00:00,00000000270,20240502130000,0.056,0.001,0.059,0.0,0.0,0.0,1.0,1.79,105.36,4,0.0,0.0,589376
2024-05-02 14:00:00,00000000270,20240502140000,0.049,0.0,0.058,0.0,0.0,0.0,1.0,0.0,118.37,4,0.0,0.0,589376
2024-05-02 15:00:00,00000000270,20240502150000,0.053,0.001,0.059,0.0,0.0,0.0,1.0,1.89,111.32,4,0.0,0.0,589376
2024-05-02 16:00:00,00000000270,20240502160000,0.052,0.0,0.06,0.0,0.0,0.0,1.0,0.0,115.38,4,0.0,0.0,589376
2024-05-02 17:00:00,00000000270,20240502170000,0.046,0.001,0.059,0.0,0.0,0.0,1.0,2.17,128.26,4,0.0,0.0,589376
2024-05-02 18:00:00,00000000270,20240502180000,0.295,0.0,0.059,0.0,0.0,0.0,1.0,0.0,20.0,4,0.0,0.0,589376
2024-05-02 19:00:00,00000000270,20240502190000,0.189,0.001,0.059,0.0,0.0,0.0,1.0,0.53,31.22,4,0.0,0.0,589376
2024-05-02 20:00:00,00000000270,20240502200000,0.106,0.017,0.013,0.0,0.0,0.0,1.0,16.04,12.26,4,0.0,0.0,589376
2024-05-02 21:00:00,00000000270,20240502210000,0.059,0.001,0.055,0.0,0.0,0.0,1.0,1.69,93.22,4,0.0,0.0,589376
2024-05-02 22:00:00,00000000270,20240502220000,0.099,0.02,0.033,0.0,0.0,0.0,1.0,20.2,33.33,4,0.0,0.0,589376
2024-05-02 23:00:00,00000000270,20240502230000,0.12,0.032,0.021,0.0,0.0,0.0,1.0,26.67,17.5,4,0.0,0.0,589376
2024-05-03 00:00:00,00000000270,20240503000000,0.06,0.001,0.064,0.0,0.0,0.0,1.0,1.67,106.67,4,0.0,0.0,589376
2024-05-03 01:00:00,00000000270,20240503010000,0.06,0.0,0.065,0.0,0.0,0.0,1.0,0.0,108.33,4,0.0,0.0,589376
2024-05-03 02:00:00,00000000270,20240503020000,0.051,0.001,0.064,0.0,0.0,0.0,1.0,1.96,125.49,4,0.0,0.0,589376
2024-05-03 03:00:00,00000000270,20240503030000,0.147,0.0,0.064,0.0,0.0,0.0,1.0,0.0,43.54,4,0.0,0.0,589376
2024-05-03 04:00:00,00000000270,20240503040000,0.087,0.001,0.063,0.0,0.0,0.0,1.0,1.15,72.41,4,0.0,0.0,589376
2024-05-03 05:00:00,00000000270,20240503050000,0.062,0.0,0.068,0.0,0.0,0.0,1.0,0.0,109.68,4,0.0,0.0,589376
2024-05-03 06:00:00,00000000270,20240503060000,0.068,0.001,0.066,0.0,0.0,0.0,1.0,1.47,97.06,4,0.0,0.0,589376
2024-05-03 07:00:00,00000000270,20240503070000,0.065,0.0,0.06,0.0,0.0,0.0,1.0,0.0,92.31,4,0.0,0.0,589376
2024-05-03 08:00:00,00000000270,20240503080000,0.054,0.001,0.059,0.0,0.0,0.0,1.0,1.85,109.26,4,0.0,0.0,589376
2024-05-03 09:00:00,00000000270,20240503090000,0.056,0.0,0.059,0.0,0.0,0.0,1.0,0.0,105.36,4,0.0,0.0,589376
2024-05-03 10:00:00,00000000270,20240503100000,0.054,0.001,0.06,0.0,0.0,0.0,1.0,1.85,111.11,4,0.0,0.0,589376
2024-05-03 11:00:00,00000000270,20240503110000,0.05,0.001,0.059,0.0,0.0,0.0,1.0,2.0,118.0,4,0.0,0.0,589376
2024-05-03 12:00:00,00000000270,20240503120000,0.055,0.0,0.061,0.0,0.0,0.0,1.0,0.0,110.91,4,0.0,0.0,589376
2024-05-03 13:00:00,00000000270,20240503130000,0.052,0.001,0.06,0.0,0.0,0.0,1.0,1.92,115.38,4,0.0,0.0,589376
2024-05-03 14:00:00,00000000270,20240503140000,0.051,0.0,0.059,0.0,0.0,0.0,1.0,0.0,115.69,4,0.0,0.0,589376
2024-05-03 15:00:00,00000000270,20240503150000,0.053,0.001,0.061,0.0,0.0,0.0,1.0,1.89,115.09,4,0.0,0.0,589376
2024-05-03 16:00:00,00000000270,20240503160000,0.384,0.0,0.058,0.0,0.0,0.0,1.0,0.0,15.1,4,0.0,0.0,589376
2024-05-03 17:00:00,00000000270,20240503170000,0.053,0.001,0.06,0.0,0.0,0.0,1.0,1.89,113.21,4,0.0,0.0,589376
2024-05-03 18:00:00,00000000270,20240503180000,0.053,0.001,0.06,0.0,0.0,0.0,1.0,1.89,113.21,4,0.0,0.0,589376
2024-05-03 19:00:00,00000000270,20240503190000,0.06,0.0,0.059,0.0,0.0,0.0,1.0,0.0,98.33,4,0.0,0.0,589376
2024-05-03 20:00:00,00000000270,20240503200000,0.206,0.03,0.02,0.0,0.0,0.0,1.0,14.56,9.71,4,0.0,0.0,589376
2024-05-03 21:00:00,00000000270,20240503210000,0.38,0.1,0.0,0.0,0.0,0.0,1.0,26.32,0.0,4,0.0,0.0,589376
2024-05-03 22:00:00,00000000270,20240503220000,0.128,0.029,0.0,0.0,0.0,0.0,1.0,22.66,0.0,4,0.0,0.0,589376
2024-05-03 23:00:00,00000000270,20240503230000,0.133,0.018,0.014,0.0,0.0,0.0,1.0,13.53,10.53,4,0.0,0.0,589376
2024-05-04 00:00:00,00000000270,20240504000000,0.07,0.001,0.063,0.0,0.0,0.0,1.0,1.43,90.0,4,0.0,0.0,589376
2024-05-04 01:00:00,00000000270,20240504010000,0.056,0.001,0.064,0.0,0.0,0.0,1.0,1.79,114.29,4,0.0,0.0,589376
2024-05-04 02:00:00,00000000270,20240504020000,0.061,0.0,0.064,0.0,0.0,0.0,1.0,0.0,104.92,4,0.0,0.0,589376
2024-05-04 03:00:00,00000000270,20240504030000,0.057,0.001,0.064,0.0,0.0,0.0,1.0,1.75,112.28,4,0.0,0.0,589376
2024-05-04 04:00:00,00000000270,20240504040000,0.068,0.0,0.066,0.0,0.0,0.0,1.0,0.0,97.06,4,0.0,0.0,589376
2024-05-04 05:00:00,00000000270,20240504050000,0.073,0.001,0.069,0.0,0.0,0.0,1.0,1.37,94.52,4,0.0,0.0,589376
2024-05-04 06:00:00,00000000270,20240504060000,0.061,0.001,0.067,0.0,0.0,0.0,1.0,1.64,109.84,4,0.0,0.0,589376
2024-05-04 07:00:00,00000000270,20240504070000,0.059,0.0,0.066,0.0,0.0,0.0,1.0,0.0,111.86,4,0.0,0.0,589376
2024-05-04 08:00:00,00000000270,20240504080000,0.076,0.001,0.063,0.0,0.0,0.0,1.0,1.32,82.89,4,0.0,0.0,589376
2024-05-04 09:00:00,00000000270,20240504090000,0.356,0.0,0.059,0.0,0.0,0.0,1.0,0.0,16.57,4,0.0,0.0,589376
2024-05-04 10:00:00,00000000270,20240504100000,0.144,0.001,0.057,0.0,0.0,0.0,1.0,0.69,39.58,4,0.0,0.0,589376
2024-05-04 11:00:00,00000000270,20240504110000,0.076,0.001,0.054,0.0,0.0,0.0,1.0,1.32,71.05,4,0.0,0.0,589376
2024-05-04 12:00:00,00000000270,20240504120000,0.061,0.0,0.055,0.0,0.0,0.0,1.0,0.0,90.16,4,0.0,0.0,589376
2024-05-04 13:00:00,00000000270,20240504130000,0.066,0.001,0.057,0.0,0.0,0.0,1.0,1.52,86.36,4,0.0,0.0,589376
2024-05-04 14:00:00,00000000270,20240504140000,0.068,0.0,0.058,0.0,0.0,0.0,1.0,0.0,85.29,4,0.0,0.0,589376
2024-05-04 15:00:00,00000000270,20240504150000,0.057,0.001,0.058,0.0,0.0,0.0,1.0,1.75,101.75,4,0.0,0.0,589376
2024-05-04 16:00:00,00000000270,20240504160000,0.055,0.0,0.06,0.0,0.0,0.0,1.0,0.0,109.09,4,0.0,0.0,589376
2024-05-04 17:00:00,00000000270,20240504170000,0.057,0.001,0.06,0.0,0.0,0.0,1.0,1.75,105.26,4,0.0,0.0,589376
2024-05-04 18:00:00,00000000270,20240504180000,0.057,0.001,0.057,0.0,0.0,0.0,1.0,1.75,100.0,4,0.0,0.0,589376
2024-05-04 19:00:00,00000000270,20240504190000,0.053,0.0,0.056,0.0,0.0,0.0,1.0,0.0,105.66,4,0.0,0.0,589376
2024-05-04 20:00:00,00000000270,20240504200000,1.222,0.318,0.026,0.0,0.0,0.0,1.0,26.02,2.13,4,0.0,0.0,589376
2024-05-04 21:00:00,00000000270,20240504210000,0.215,0.442,0.001,0.0,0.0,0.0,1.0,205.58,0.47,4,0.0,0.0,589376
2024-05-04 22:00:00,00000000270,20240504220000,0.115,0.123,0.037,0.0,0.0,0.0,1.0,106.96,32.17,4,0.0,0.0,589376
2024-05-04 23:00:00,00000000270,20240504230000,0.056,0.001,0.056,0.0,0.0,0.0,1.0,1.79,100.0,4,0.0,0.0,589376
2024-05-05 00:00:00,00000000270,20240505000000,0.054,0.001,0.058,0.0,0.0,0.0,1.0,1.85,107.41,4,0.0,0.0,589376
2024-05-05 01:00:00,00000000270,20240505010000,0.145,0.0,0.056,0.0,0.0,0.0,1.0,0.0,38.62,4,0.0,0.0,589376
2024-05-05 02:00:00,00000000270,20240505020000,1.117,0.288,0.034,0.0,0.0,0.0,1.0,25.78,3.04,4,0.0,0.0,589376
2024-05-05 03:00:00,00000000270,20240505030000,0.155,0.408,0.021,0.0,0.0,0.0,1.0,263.23,13.55,4,0.0,0.0,589376
2024-05-05 04:00:00,00000000270,20240505040000,0.131,0.13,0.036,0.0,0.0,0.0,1.0,99.24,27.48,4,0.0,0.0,589376
2024-05-05 05:00:00,00000000270,20240505050000,0.061,0.001,0.059,0.0,0.0,0.0,1.0,1.64,96.72,4,0.0,0.0,589376
2024-05-05 06:00:00,00000000270,20240505060000,0.057,0.001,0.059,0.0,0.0,0.0,1.0,1.75,103.51,4,0.0,0.0,589376
2024-05-05 07:00:00,00000000270,20240505070000,0.058,0.0,0.06,0.0,0.0,0.0,1.0,0.0,103.45,4,0.0,0.0,589376
2024-05-05 08:00:00,00000000270,20240505080000,0.053,0.001,0.059,0.0,0.0,0.0,1.0,1.89,111.32,4,0.0,0.0,589376
2024-05-05 09:00:00,00000000270,20240505090000,0.578,0.303,0.03,0.0,0.0,0.0,1.0,52.42,5.19,4,0.0,0.0,589376
2024-05-05 10:00:00,00000000270,20240505100000,0.098,0.085,0.043,0.0,0.0,0.0,1.0,86.73,43.88,4,0.0,0.0,589376
2024-05-05 11:00:00,00000000270,20240505110000,0.054,0.001,0.057,0.0,0.0,0.0,1.0,1.85,105.56,4,0.0,0.0,589376
2024-05-05 12:00:00,00000000270,20240505120000,0.055,0.0,0.057,0.0,0.0,0.0,1.0,0.0,103.64,4,0.0,0.0,589376
2024-05-05 13:00:00,00000000270,20240505130000,0.054,0.001,0.057,0.0,0.0,0.0,1.0,1.85,105.56,4,0.0,0.0,589376
2024-05-05 14:00:00,00000000270,20240505140000,0.049,0.0,0.057,0.0,0.0,0.0,1.0,0.0,116.33,4,0.0,0.0,589376
2024-05-05 15:00:00,00000000270,20240505150000,0.049,0.001,0.058,0.0,0.0,0.0,1.0,2.04,118.37,4,0.0,0.0,589376
2024-05-05 16:00:00,00000000270,20240505160000,0.053,0.001,0.058,0.0,0.0,0.0,1.0,1.89,109.43,4,0.0,0.0,589376
2024-05-05 17:00:00,00000000270,20240505170000,0.14,0.0,0.055,0.0,0.0,0.0,1.0,0.0,39.29,4,0.0,0.0,589376
2024-05-05 18:00:00,00000000270,20240505180000,0.062,0.001,0.056,0.0,0.0,0.0,1.0,1.61,90.32,4,0.0,0.0,589376
2024-05-05 19:00:00,00000000270,20240505190000,0.059,0.0,0.055,0.0,0.0,0.0,1.0,0.0,93.22,4,0.0,0.0,589376
2024-05-05 20:00:00,00000000270,20240505200000,0.057,0.001,0.055,0.0,0.0,0.0,1.0,1.75,96.49,4,0.0,0.0,589376
2024-05-05 21:00:00,00000000270,20240505210000,0.076,0.011,0.033,0.0,0.0,0.0,1.0,14.47,43.42,4,0.0,0.0,589376
2024-05-05 22:00:00,00000000270,20240505220000,0.071,0.008,0.037,0.0,0.0,0.0,1.0,11.27,52.11,4,0.0,0.0,589376
2024-05-05 23:00:00,00000000270,20240505230000,0.053,0.0,0.056,0.0,0.0,0.0,1.0,0.0,105.66,4,0.0,0.0,589376
2024-05-06 00:00:00,00000000270,20240506000000,0.047,0.001,0.056,0.0,0.0,0.0,1.0,2.13,119.15,4,0.0,0.0,589376
2024-05-06 01:00:00,00000000270,20240506010000,0.045,0.001,0.057,0.0,0.0,0.0,1.0,2.22,126.67,4,0.0,0.0,589376
2024-05-06 02:00:00,00000000270,20240506020000,0.055,0.0,0.058,0.0,0.0,0.0,1.0,0.0,105.45,4,0.0,0.0,589376
2024-05-06 03:00:00,00000000270,20240506030000,0.053,0.001,0.057,0.0,0.0,0.0,1.0,1.89,107.55,4,0.0,0.0,589376
2024-05-06 04:00:00,00000000270,20240506040000,0.056,0.001,0.058,0.0,0.0,0.0,1.0,1.79,103.57,4,0.0,0.0,589376
2024-05-06 05:00:00,00000000270,20240506050000,0.055,0.001,0.058,0.0,0.0,0.0,1.0,1.82,105.45,4,0.0,0.0,589376
2024-05-06 06:00:00,00000000270,20240506060000,0.052,0.0,0.059,0.0,0.0,0.0,1.0,0.0,113.46,4,0.0,0.0,589376
2024-05-06 07:00:00,00000000270,20240506070000,0.065,0.001,0.06,0.0,0.0,0.0,1.0,1.54,92.31,4,0.0,0.0,589376
2024-05-06 08:00:00,00000000270,20240506080000,0.062,0.0,0.057,0.0,0.0,0.0,1.0,0.0,91.94,4,0.0,0.0,589376
2024-05-06 09:00:00,00000000270,20240506090000,0.073,0.001,0.057,0.0,0.0,0.0,1.0,1.37,78.08,4,0.0,0.0,589376
2024-05-06 10:00:00,00000000270,20240506100000,0.137,0.001,0.054,0.0,0.0,0.0,1.0,0.73,39.42,4,0.0,0.0,589376
2024-05-06 11:00:00,00000000270,20240506110000,0.061,0.001,0.056,0.0,0.0,0.0,1.0,1.64,91.8,4,0.0,0.0,589376
2024-05-06 12:00:00,00000000270,20240506120000,0.012,0.0,0.044,0.0,0.0,0.0,1.0,0.0,366.67,4,0.0,0.0,589376
2024-05-06 13:00:00,00000000270,20240506130000,0.001,0.0,0.04,0.0,0.0,0.0,1.0,0.0,4000.0,4,0.0,0.0,589376
2024-05-06 14:00:00,00000000270,20240506140000,0.001,0.0,0.04,0.0,0.0,0.0,1.0,0.0,4000.0,4,0.0,0.0,589376
2024-05-06 15:00:00,00000000270,20240506150000,0.001,0.0,0.04,0.0,0.0,0.0,1.0,0.0,4000.0,4,0.0,0.0,589376
2024-05-06 16:00:00,00000000270,20240506160000,0.001,0.0,0.04,0.0,0.0,0.0,1.0,0.0,4000.0,4,0.0,0.0,589376
2024-05-06 17:00:00,00000000270,20240506170000,0.002,0.0,0.04,0.0,0.0,0.0,1.0,0.0,2000.0,4,0.0,0.0,589376
2024-05-06 18:00:00,00000000270,20240506180000,0.001,0.0,0.04,0.0,0.0,0.0,1.0,0.0,4000.0,4,0.0,0.0,589376
2024-05-06 19:00:00,00000000270,20240506190000,0.0,0.0,0.039,0.0,0.0,0.0,1.0,,,4,0.0,0.0,589376
2024-05-06 20:00:00,00000000270,20240506200000,0.083,0.0,0.05,0.0,0.0,0.0,1.0,0.0,60.24,4,0.0,0.0,589376
2024-05-06 21:00:00,00000000270,20240506210000,0.135,0.006,0.046,0.0,0.0,0.0,1.0,4.44,34.07,4,0.0,0.0,589376
2024-05-06 22:00:00,00000000270,20240506220000,0.122,0.029,0.0,0.0,0.0,0.0,1.0,23.77,0.0,4,0.0,0.0,589376
2024-05-06 23:00:00,00000000270,20240506230000,0.383,0.002,0.059,0.0,0.0,0.0,1.0,0.52,15.4,4,0.0,0.0,589376
2024-05-07 00:00:00,00000000270,20240507000000,0.15,0.019,0.03,0.0,0.0,0.0,1.0,12.67,20.0,4,0.0,0.0,589376
2024-05-07 01:00:00,00000000270,20240507010000,0.059,0.001,0.059,0.0,0.0,0.0,1.0,1.69,100.0,4,0.0,0.0,589376
2024-05-07 02:00:00,00000000270,20240507020000,0.066,0.001,0.06,0.0,0.0,0.0,1.0,1.52,90.91,4,0.0,0.0,589376
2024-05-07 03:00:00,00000000270,20240507030000,0.062,0.0,0.059,0.0,0.0,0.0,1.0,0.0,95.16,4,0.0,0.0,589376
2024-05-07 04:00:00,00000000270,20240507040000,0.057,0.001,0.061,0.0,0.0,0.0,1.0,1.75,107.02,4,0.0,0.0,589376
2024-05-07 05:00:00,00000000270,20240507050000,0.064,0.002,0.058,0.0,0.0,0.0,1.0,3.12,90.62,4,0.0,0.0,589376
2024-05-07 06:00:00,00000000270,20240507060000,0.298,0.02,0.024,0.0,0.0,0.0,1.0,6.71,8.05,4,0.0,0.0,589376
2024-05-07 07:00:00,00000000270,20240507070000,0.302,0.0,0.061,0.0,0.0,0.0,1.0,0.0,20.2,4,0.0,0.0,589376
2024-05-07 08:00:00,00000000270,20240507080000,0.059,0.001,0.058,0.0,0.0,0.0,1.0,1.69,98.31,4,0.0,0.0,589376
2024-05-07 09:00:00,00000000270,20240507090000,0.057,0.001,0.059,0.0,0.0,0.0,1.0,1.75,103.51,4,0.0,0.0,589376
2024-05-07 10:00:00,00000000270,20240507100000,0.058,0.0,0.06,0.0,0.0,0.0,1.0,0.0,103.45,4,0.0,0.0,589376
2024-05-07 11:00:00,00000000270,20240507110000,0.057,0.001,0.059,0.0,0.0,0.0,1.0,1.75,103.51,4,0.0,0.0,589376
2024-05-07 12:00:00,00000000270,20240507120000,0.059,0.001,0.058,0.0,0.0,0.0,1.0,1.69,98.31,4,0.0,0.0,589376
2024-05-07 13:00:00,00000000270,20240507130000,0.059,0.0,0.06,0.0,0.0,0.0,1.0,0.0,101.69,4,0.0,0.0,589376
2024-05-07 14:00:00,00000000270,20240507140000,0.05,0.001,0.06,0.0,0.0,0.0,1.0,2.0,120.0,4,0.0,0.0,589376
2024-05-07 15:00:00,00000000270,20240507150000,0.049,0.001,0.059,0.0,0.0,0.0,1.0,2.04,120.41,4,0.0,0.0,589376
2024-05-07 16:00:00,00000000270,20240507160000,0.053,0.0,0.06,0.0,0.0,0.0,1.0,0.0,113.21,4,0.0,0.0,589376
2024-05-07 17:00:00,00000000270,20240507170000,0.052,0.001,0.06,0.0,0.0,0.0,1.0,1.92,115.38,4,0.0,0.0,589376
2024-05-07 18:00:00,00000000270,20240507180000,0.049,0.001,0.059,0.0,0.0,0.0,1.0,2.04,120.41,4,0.0,0.0,589376
2024-05-07 19:00:00,00000000270,20240507190000,0.054,0.0,0.059,0.0,0.0,0.0,1.0,0.0,109.26,4,0.0,0.0,589376
2024-05-07 20:00:00,00000000270,20240507200000,0.057,0.001,0.057,0.0,0.0,0.0,1.0,1.75,100.0,4,0.0,0.0,589376
2024-05-07 21:00:00,00000000270,20240507210000,0.061,0.001,0.057,0.0,0.0,0.0,1.0,1.64,93.44,4,0.0,0.0,589376
2024-05-07 22:00:00,00000000270,20240507220000,0.163,0.0,0.06,0.0,0.0,0.0,1.0,0.0,36.81,4,0.0,0.0,589376
2024-05-07 23:00:00,00000000270,20240507230000,0.063,0.001,0.057,0.0,0.0,0.0,1.0,1.59,90.48,4,0.0,0.0,589376
2024-05-08 00:00:00,00000000270,20240508000000,0.057,0.001,0.059,0.0,0.0,0.0,1.0,1.75,103.51,4,0.0,0.0,589376
2024-05-08 01:00:00,00000000270,20240508010000,0.047,0.001,0.058,0.0,0.0,0.0,1.0,2.13,123.4,4,0.0,0.0,589376
2024-05-08 02:00:00,00000000270,20240508020000,0.102,0.023,0.014,0.0,0.0,0.0,1.0,22.55,13.73,4,0.0,0.0,589376
2024-05-08 03:00:00,00000000270,20240508030000,0.05,0.0,0.06,0.0,0.0,0.0,1.0,0.0,120.0,4,0.0,0.0,589376
2024-05-08 04:00:00,00000000270,20240508040000,0.049,0.001,0.059,0.0,0.0,0.0,1.0,2.04,120.41,4,0.0,0.0,589376
2024-05-08 05:00:00,00000000270,20240508050000,0.049,0.001,0.061,0.0,0.0,0.0,1.0,2.04,124.49,4,0.0,0.0,589376
2024-05-08 06:00:00,00000000270,20240508060000,0.048,0.0,0.061,0.0,0.0,0.0,1.0,0.0,127.08,4,0.0,0.0,589376
2024-05-08 07:00:00,00000000270,20240508070000,0.055,0.001,0.059,0.0,0.0,0.0,1.0,1.82,107.27,4,0.0,0.0,589376
2024-05-08 08:00:00,00000000270,20240508080000,0.055,0.001,0.058,0.0,0.0,0.0,1.0,1.82,105.45,4,0.0,0.0,589376
2024-05-08 09:00:00,00000000270,20240508090000,0.056,0.0,0.059,0.0,0.0,0.0,1.0,0.0,105.36,4,0.0,0.0,589376
2024-05-08 10:00:00,00000000270,20240508100000,0.051,0.001,0.059,0.0,0.0,0.0,1.0,1.96,115.69,4,0.0,0.0,589376
2024-05-08 11:00:00,00000000270,20240508110000,0.05,0.001,0.059,0.0,0.0,0.0,1.0,2.0,118.0,4,0.0,0.0,589376
2024-05-08 12:00:00,00000000270,20240508120000,0.05,0.0,0.06,0.0,0.0,0.0,1.0,0.0,120.0,4,0.0,0.0,589376
2024-05-08 13:00:00,00000000270,20240508130000,0.056,0.001,0.06,0.0,0.0,0.0,1.0,1.79,107.14,4,0.0,0.0,589376
2024-05-08 14:00:00,00000000270,20240508140000,0.139,0.001,0.058,0.0,0.0,0.0,1.0,0.72,41.73,4,0.0,0.0,589376
2024-05-08 15:00:00,00000000270,20240508150000,0.075,0.0,0.057,0.0,0.0,0.0,1.0,0.0,76.0,4,0.0,0.0,589376
2024-05-08 16:00:00,00000000270,20240508160000,0.052,0.001,0.059,0.0,0.0,0.0,1.0,1.92,113.46,4,0.0,0.0,589376
2024-05-08 17:00:00,00000000270,20240508170000,0.049,0.0,0.06,0.0,0.0,0.0,1.0,0.0,122.45,4,0.0,0.0,589376
2024-05-08 18:00:00,00000000270,20240508180000,0.056,0.001,0.058,0.0,0.0,0.0,1.0,1.79,103.57,4,0.0,0.0,589376
2024-05-08 19:00:00,00000000270,20240508190000,0.054,0.001,0.058,0.0,0.0,0.0,1.0,1.85,107.41,4,0.0,0.0,589376
2024-05-08 20:00:00,00000000270,20240508200000,0.065,0.0,0.058,0.0,0.0,0.0,1.0,0.0,89.23,4,0.0,0.0,589376
2024-05-08 21:00:00,00000000270,20240508210000,0.06,0.003,0.054,0.0,0.0,0.0,1.0,5.0,90.0,4,0.0,0.0,589376
2024-05-08 22:00:00,00000000270,20240508220000,0.05,0.001,0.058,0.0,0.0,0.0,1.0,2.0,116.0,4,0.0,0.0,589376
2024-05-08 23:00:00,00000000270,20240508230000,0.05,0.0,0.057,0.0,0.0,0.0,1.0,0.0,114.0,4,0.0,0.0,589376
2024-05-09 00:00:00,00000000270,20240509000000,0.048,0.001,0.058,0.0,0.0,0.0,1.0,2.08,120.83,4,0.0,0.0,589376
2024-05-09 01:00:00,00000000270,20240509010000,0.05,0.0,0.06,0.0,0.0,0.0,1.0,0.0,120.0,4,0.0,0.0,589376
2024-05-09 02:00:00,00000000270,20240509020000,0.048,0.001,0.059,0.0,0.0,0.0,1.0,2.08,122.92,4,0.0,0.0,589376
2024-05-09 03:00:00,00000000270,20240509030000,0.049,0.001,0.06,0.0,0.0,0.0,1.0,2.04,122.45,4,0.0,0.0,589376
2024-05-09 04:00:00,00000000270,20240509040000,0.048,0.0,0.06,0.0,0.0,0.0,1.0,0.0,125.0,4,0.0,0.0,589376
2024-05-09 05:00:00,00000000270,20240509050000,0.048,0.001,0.06,0.0,0.0,0.0,1.0,2.08,125.0,4,0.0,0.0,589376
2024-05-09 06:00:00,00000000270,20240509060000,0.14,0.001,0.061,0.0,0.0,0.0,1.0,0.71,43.57,4,0.0,0.0,589376
2024-05-09 07:00:00,00000000270,20240509070000,0.082,0.0,0.059,0.0,0.0,0.0,1.0,0.0,71.95,4,0.0,0.0,589376
2024-05-09 08:00:00,00000000270,20240509080000,0.061,0.001,0.058,0.0,0.0,0.0,1.0,1.64,95.08,4,0.0,0.0,589376
2024-05-09 09:00:00,00000000270,20240509090000,0.049,0.0,0.059,0.0,0.0,0.0,1.0,0.0,120.41,4,0.0,0.0,589376
2024-05-09 10:00:00,00000000270,20240509100000,0.055,0.001,0.058,0.0,0.0,0.0,1.0,1.82,105.45,4,0.0,0.0,589376
2024-05-09 11:00:00,00000000270,20240509110000,0.053,0.0,0.058,0.0,0.0,0.0,1.0,0.0,109.43,4,0.0,0.0,589376
2024-05-09 12:00:00,00000000270,20240509120000,0.052,0.001,0.058,0.0,0.0,0.0,1.0,1.92,111.54,4,0.0,0.0,589376
2024-05-09 13:00:00,00000000270,20240509130000,0.05,0.001,0.057,0.0,0.0,0.0,1.0,2.0,114.0,4,0.0,0.0,589376
2024-05-09 14:00:00,00000000270,20240509140000,0.051,0.0,0.058,0.0,0.0,0.0,1.0,0.0,113.73,4,0.0,0.0,589376
2024-05-09 15:00:00,00000000270,20240509150000,0.048,0.001,0.059,0.0,0.0,0.0,1.0,2.08,122.92,4,0.0,0.0,589376
2024-05-09 16:00:00,00000000270,20240509160000,0.048,0.0,0.059,0.0,0.0,0.0,1.0,0.0,122.92,4,0.0,0.0,589376
2024-05-09 17:00:00,00000000270,20240509170000,0.048,0.001,0.058,0.0,0.0,0.0,1.0,2.08,120.83,4,0.0,0.0,589376
2024-05-09 18:00:00,00000000270,20240509180000,0.049,0.001,0.059,0.0,0.0,0.0,1.0,2.04,120.41,4,0.0,0.0,589376
2024-05-09 19:00:00,00000000270,20240509190000,0.169,0.0,0.056,0.0,0.0,0.0,1.0,0.0,33.14,4,0.0,0.0,589376
2024-05-09 20:00:00,00000000270,20240509200000,0.05,0.001,0.054,0.0,0.0,0.0,1.0,2.0,108.0,4,0.0,0.0,589376
2024-05-09 21:00:00,00000000270,20240509210000,0.172,0.019,0.019,0.0,0.0,0.0,1.0,11.05,11.05,4,0.0,0.0,589376
2024-05-09 22:00:00,00000000270,20240509220000,0.122,0.006,0.045,0.0,0.0,0.0,1.0,4.92,36.89,4,0.0,0.0,589376
2024-05-09 23:00:00,00000000270,20240509230000,0.127,0.001,0.055,0.0,0.0,0.0,1.0,0.79,43.31,4,0.0,0.0,589376
2024-05-10 00:00:00,00000000270,20240510000000,0.054,0.0,0.056,0.0,0.0,0.0,1.0,0.0,103.7,4,0.0,0.0,589376
2024-05-10 01:00:00,00000000270,20240510010000,0.049,0.001,0.057,0.0,0.0,0.0,1.0,2.04,116.33,4,0.0,0.0,589376
2024-05-10 02:00:00,00000000270,20240510020000,0.049,0.001,0.059,0.0,0.0,0.0,1.0,2.04,120.41,4,0.0,0.0,589376
2024-05-10 03:00:00,00000000270,20240510030000,0.051,0.0,0.058,0.0,0.0,0.0,1.0,0.0,113.73,4,0.0,0.0,589376
2024-05-10 04:00:00,00000000270,20240510040000,0.051,0.001,0.058,0.0,0.0,0.0,1.0,1.96,113.73,4,0.0,0.0,589376
2024-05-10 05:00:00,00000000270,20240510050000,0.05,0.0,0.058,0.0,0.0,0.0,1.0,0.0,116.0,4,0.0,0.0,589376
2024-05-10 06:00:00,00000000270,20240510060000,0.054,0.001,0.059,0.0,0.0,0.0,1.0,1.85,109.26,4,0.0,0.0,589376
2024-05-10 07:00:00,00000000270,20240510070000,0.057,0.001,0.059,0.0,0.0,0.0,1.0,1.75,103.51,4,0.0,0.0,589376
2024-05-10 08:00:00,00000000270,20240510080000,0.059,0.0,0.059,0.0,0.0,0.0,1.0,0.0,100.0,4,0.0,0.0,589376
2024-05-10 09:00:00,00000000270,20240510090000,0.053,0.001,0.057,0.0,0.0,0.0,1.0,1.89,107.55,4,0.0,0.0,589376
2024-05-10 10:00:00,00000000270,20240510100000,0.059,0.001,0.058,0.0,0.0,0.0,1.0,1.69,98.31,4,0.0,0.0,589376
2024-05-10 11:00:00,00000000270,20240510110000,0.054,0.0,0.056,0.0,0.0,0.0,1.0,0.0,103.7,4,0.0,0.0,589376
2024-05-10 12:00:00,00000000270,20240510120000,0.054,0.001,0.058,0.0,0.0,0.0,1.0,1.85,107.41,4,0.0,0.0,589376
2024-05-10 13:00:00,00000000270,20240510130000,0.05,0.001,0.059,0.0,0.0,0.0,1.0,2.0,118.0,4,0.0,0.0,589376
2024-05-10 14:00:00,00000000270,20240510140000,0.051,0.0,0.058,0.0,0.0,0.0,1.0,0.0,113.73,4,0.0,0.0,589376
2024-05-10 15:00:00,00000000270,20240510150000,0.048,0.001,0.057,0.0,0.0,0.0,1.0,2.08,118.75,4,0.0,0.0,589376
2024-05-10 16:00:00,00000000270,20240510160000,0.136,0.001,0.054,0.0,0.0,0.0,1.0,0.74,39.71,4,0.0,0.0,589376
2024-05-10 17:00:00,00000000270,20240510170000,0.06,0.0,0.055,0.0,0.0,0.0,1.0,0.0,91.67,4,0.0,0.0,589376
2024-05-10 18:00:00,00000000270,20240510180000,0.056,0.001,0.057,0.0,0.0,0.0,1.0,1.79,101.79,4,0.0,0.0,589376
2024-05-10 19:00:00,00000000270,20240510190000,0.055,0.0,0.056,0.0,0.0,0.0,1.0,0.0,101.82,4,0.0,0.0,589376
2024-05-10 20:00:00,00000000270,20240510200000,0.085,0.015,0.02,0.0,0.0,0.0,1.0,17.65,23.53,4,0.0,0.0,589376
2024-05-10 21:00:00,00000000270,20240510210000,0.168,0.019,0.0,0.0,0.0,0.0,1.0,11.31,0.0,4,0.0,0.0,589376
2024-05-10 22:00:00,00000000270,20240510220000,0.157,0.013,0.0,0.0,0.0,0.0,1.0,8.28,0.0,4,0.0,0.0,589376
2024-05-10 23:00:00,00000000270,20240510230000,0.664,0.142,0.0,0.0,0.0,0.0,1.0,21.39,0.0,4,0.0,0.0,589376
2024-05-11 00:00:00,00000000270,20240511000000,0.276,0.429,0.006,0.0,0.0,0.0,1.0,155.43,2.17,4,0.0,0.0,589376
2024-05-11 01:00:00,00000000270,20240511010000,0.135,0.205,0.025,0.0,0.0,0.0,1.0,151.85,18.52,4,0.0,0.0,589376
2024-05-11 02:00:00,00000000270,20240511020000,0.056,0.001,0.057,0.0,0.0,0.0,1.0,1.79,101.79,4,0.0,0.0,589376
2024-05-11 03:00:00,00000000270,20240511030000,0.06,0.001,0.059,0.0,0.0,0.0,1.0,1.67,98.33,4,0.0,0.0,589376
2024-05-11 04:00:00,00000000270,20240511040000,0.053,0.0,0.057,0.0,0.0,0.0,1.0,0.0,107.55,4,0.0,0.0,589376
2024-05-11 05:00:00,00000000270,20240511050000,0.057,0.001,0.059,0.0,0.0,0.0,1.0,1.75,103.51,4,0.0,0.0,589376
2024-05-11 06:00:00,00000000270,20240511060000,0.06,0.001,0.061,0.0,0.0,0.0,1.0,1.67,101.67,4,0.0,0.0,589376
2024-05-11 07:00:00,00000000270,20240511070000,0.058,0.0,0.063,0.0,0.0,0.0,1.0,0.0,108.62,4,0.0,0.0,589376
2024-05-11 08:00:00,00000000270,20240511080000,0.213,0.001,0.059,0.0,0.0,0.0,1.0,0.47,27.7,4,0.0,0.0,589376
2024-05-11 09:00:00,00000000270,20240511090000,0.14,0.001,0.056,0.0,0.0,0.0,1.0,0.71,40.0,4,0.0,0.0,589376
2024-05-11 10:00:00,00000000270,20240511100000,0.574,0.258,0.029,0.0,0.0,0.0,1.0,44.95,5.05,4,0.0,0.0,589376
2024-05-11 11:00:00,00000000270,20240511110000,0.104,0.082,0.043,0.0,0.0,0.0,1.0,78.85,41.35,4,0.0,0.0,589376
2024-05-11 12:00:00,00000000270,20240511120000,0.254,0.001,0.058,0.0,0.0,0.0,1.0,0.39,22.83,4,0.0,0.0,589376
2024-05-11 13:00:00,00000000270,20240511130000,0.056,0.0,0.058,0.0,0.0,0.0,1.0,0.0,103.57,4,0.0,0.0,589376
2024-05-11 14:00:00,00000000270,20240511140000,0.055,0.001,0.057,0.0,0.0,0.0,1.0,1.82,103.64,4,0.0,0.0,589376
2024-05-11 15:00:00,00000000270,20240511150000,0.052,0.001,0.058,0.0,0.0,0.0,1.0,1.92,111.54,4,0.0,0.0,589376
2024-05-11 16:00:00,00000000270,20240511160000,0.052,0.0,0.057,0.0,0.0,0.0,1.0,0.0,109.62,4,0.0,0.0,589376
2024-05-11 17:00:00,00000000270,20240511170000,0.049,0.001,0.057,0.0,0.0,0.0,1.0,2.04,116.33,4,0.0,0.0,589376
2024-05-11 18:00:00,00000000270,20240511180000,0.056,0.001,0.057,0.0,0.0,0.0,1.0,1.79,101.79,4,0.0,0.0,589376
2024-05-11 19:00:00,00000000270,20240511190000,0.055,0.0,0.057,0.0,0.0,0.0,1.0,0.0,103.64,4,0.0,0.0,589376
2024-05-11 20:00:00,00000000270,20240511200000,0.227,0.008,0.038,0.0,0.0,0.0,1.0,3.52,16.74,4,0.0,0.0,589376
2024-05-11 21:00:00,00000000270,20240511210000,0.478,0.022,0.013,0.0,0.0,0.0,1.0,4.6,2.72,4,0.0,0.0,589376
2024-05-11 22:00:00,00000000270,20240511220000,0.273,0.01,0.033,0.0,0.0,0.0,1.0,3.66,12.09,4,0.0,0.0,589376
2024-05-11 23:00:00,00000000270,20240511230000,0.059,0.001,0.056,0.0,0.0,0.0,1.0,1.69,94.92,4,0.0,0.0,589376
2024-05-12 00:00:00,00000000270,20240512000000,0.056,0.0,0.056,0.0,0.0,0.0,1.0,0.0,100.0,4,0.0,0.0,589376
2024-05-12 01:00:00,00000000270,20240512010000,0.055,0.001,0.057,0.0,0.0,0.0,1.0,1.82,103.64,4,0.0,0.0,589376
2024-05-12 02:00:00,00000000270,20240512020000,0.142,0.0,0.056,0.0,0.0,0.0,1.0,0.0,39.44,4,0.0,0.0,589376
2024-05-12 03:00:00,00000000270,20240512030000,0.062,0.001,0.057,0.0,0.0,0.0,1.0,1.61,91.94,4,0.0,0.0,589376
2024-05-12 04:00:00,00000000270,20240512040000,0.053,0.001,0.058,0.0,0.0,0.0,1.0,1.89,109.43,4,0.0,0.0,589376
2024-05-12 05:00:00,00000000270,20240512050000,0.116,0.024,0.002,0.0,0.0,0.0,1.0,20.69,1.72,4,0.0,0.0,589376
2024-05-12 06:00:00,00000000270,20240512060000,0.063,0.008,0.05,0.0,0.0,0.0,1.0,12.7,79.37,4,0.0,0.0,589376
2024-05-12 07:00:00,00000000270,20240512070000,0.048,0.0,0.062,0.0,0.0,0.0,1.0,0.0,129.17,4,0.0,0.0,589376
2024-05-12 08:00:00,00000000270,20240512080000,0.054,0.001,0.063,0.0,0.0,0.0,1.0,1.85,116.67,4,0.0,0.0,589376
2024-05-12 09:00:00,00000000270,20240512090000,0.054,0.0,0.06,0.0,0.0,0.0,1.0,0.0,111.11,4,0.0,0.0,589376
2024-05-12 10:00:00,00000000270,20240512100000,0.052,0.001,0.059,0.0,0.0,0.0,1.0,1.92,113.46,4,0.0,0.0,589376
2024-05-12 11:00:00,00000000270,20240512110000,0.053,0.001,0.059,0.0,0.0,0.0,1.0,1.89,111.32,4,0.0,0.0,589376
2024-05-12 12:00:00,00000000270,20240512120000,0.053,0.0,0.059,0.0,0.0,0.0,1.0,0.0,111.32,4,0.0,0.0,589376
2024-05-12 13:00:00,00000000270,20240512130000,0.05,0.001,0.059,0.0,0.0,0.0,1.0,2.0,118.0,4,0.0,0.0,589376
2024-05-12 14:00:00,00000000270,20240512140000,0.05,0.001,0.059,0.0,0.0,0.0,1.0,2.0,118.0,4,0.0,0.0,589376
2024-05-12 15:00:00,00000000270,20240512150000,0.052,0.0,0.06,0.0,0.0,0.0,1.0,0.0,115.38,4,0.0,0.0,589376
2024-05-12 16:00:00,00000000270,20240512160000,0.051,0.001,0.06,0.0,0.0,0.0,1.0,1.96,117.65,4,0.0,0.0,589376
2024-05-12 17:00:00,00000000270,20240512170000,0.046,0.001,0.058,0.0,0.0,0.0,1.0,2.17,126.09,4,0.0,0.0,589376
2024-05-12 18:00:00,00000000270,20240512180000,0.047,0.0,0.058,0.0,0.0,0.0,1.0,0.0,123.4,4,0.0,0.0,589376
2024-05-12 19:00:00,00000000270,20240512190000,0.136,0.001,0.056,0.0,0.0,0.0,1.0,0.74,41.18,4,0.0,0.0,589376
2024-05-12 20:00:00,00000000270,20240512200000,0.073,0.001,0.055,0.0,0.0,0.0,1.0,1.37,75.34,4,0.0,0.0,589376
2024-05-12 21:00:00,00000000270,20240512210000,0.048,0.0,0.055,0.0,0.0,0.0,1.0,0.0,114.58,4,0.0,0.0,589376
2024-05-12 22:00:00,00000000270,20240512220000,0.048,0.001,0.057,0.0,0.0,0.0,1.0,2.08,118.75,4,0.0,0.0,589376
2024-05-12 23:00:00,00000000270,20240512230000,0.051,0.001,0.058,0.0,0.0,0.0,1.0,1.96,113.73,4,0.0,0.0,589376
2024-05-13 00:00:00,00000000270,20240513000000,0.052,0.0,0.06,0.0,0.0,0.0,1.0,0.0,115.38,4,0.0,0.0,589376
2024-05-13 01:00:00,00000000270,20240513010000,0.05,0.001,0.059,0.0,0.0,0.0,1.0,2.0,118.0,4,0.0,0.0,589376
2024-05-13 02:00:00,00000000270,20240513020000,0.051,0.001,0.06,0.0,0.0,0.0,1.0,1.96,117.65,4,0.0,0.0,589376
2024-05-13 03:00:00,00000000270,20240513030000,0.051,0.0,0.061,0.0,0.0,0.0,1.0,0.0,119.61,4,0.0,0.0,589376
2024-05-13 04:00:00,00000000270,20240513040000,0.052,0.001,0.061,0.0,0.0,0.0,1.0,1.92,117.31,4,0.0,0.0,589376
2024-05-13 05:00:00,00000000270,20240513050000,0.051,0.0,0.06,0.0,0.0,0.0,1.0,0.0,117.65,4,0.0,0.0,589376
2024-05-13 06:00:00,00000000270,20240513060000,0.052,0.001,0.062,0.0,0.0,0.0,1.0,1.92,119.23,4,0.0,0.0,589376
2024-05-13 07:00:00,00000000270,20240513070000,0.055,0.001,0.062,0.0,0.0,0.0,1.0,1.82,112.73,4,0.0,0.0,589376
2024-05-13 08:00:00,00000000270,20240513080000,0.053,0.0,0.059,0.0,0.0,0.0,1.0,0.0,111.32,4,0.0,0.0,589376
2024-05-13 09:00:00,00000000270,20240513090000,0.051,0.001,0.059,0.0,0.0,0.0,1.0,1.96,115.69,4,0.0,0.0,589376
2024-05-13 10:00:00,00000000270,20240513100000,0.051,0.001,0.06,0.0,0.0,0.0,1.0,1.96,117.65,4,0.0,0.0,589376
2024-05-13 11:00:00,00000000270,20240513110000,0.049,0.0,0.06,0.0,0.0,0.0,1.0,0.0,122.45,4,0.0,0.0,589376
2024-05-13 12:00:00,00000000270,20240513120000,0.046,0.001,0.061,0.0,0.0,0.0,1.0,2.17,132.61,4,0.0,0.0,589376
2024-05-13 13:00:00,00000000270,20240513130000,0.048,0.001,0.06,0.0,0.0,0.0,1.0,2.08,125.0,4,0.0,0.0,589376
2024-05-13 14:00:00,00000000270,20240513140000,0.049,0.0,0.059,0.0,0.0,0.0,1.0,0.0,120.41,4,0.0,0.0,589376
2024-05-13 15:00:00,00000000270,20240513150000,0.052,0.001,0.061,0.0,0.0,0.0,1.0,1.92,117.31,4,0.0,0.0,589376
2024-05-13 16:00:00,00000000270,20240513160000,0.046,0.001,0.06,0.0,0.0,0.0,1.0,2.17,130.43,4,0.0,0.0,589376
2024-05-13 17:00:00,00000000270,20240513170000,0.046,0.0,0.059,0.0,0.0,0.0,1.0,0.0,128.26,4,0.0,0.0,589376
2024-05-13 18:00:00,00000000270,20240513180000,0.045,0.001,0.059,0.0,0.0,0.0,1.0,2.22,131.11,4,0.0,0.0,589376
2024-05-13 19:00:00,00000000270,20240513190000,0.046,0.0,0.059,0.0,0.0,0.0,1.0,0.0,128.26,4,0.0,0.0,589376
2024-05-13 20:00:00,00000000270,20240513200000,0.053,0.001,0.057,0.0,0.0,0.0,1.0,1.89,107.55,4,0.0,0.0,589376
2024-05-13 21:00:00,00000000270,20240513210000,0.142,0.001,0.052,0.0,0.0,0.0,1.0,0.7,36.62,4,0.0,0.0,589376
2024-05-13 22:00:00,00000000270,20240513220000,0.055,0.0,0.056,0.0,0.0,0.0,1.0,0.0,101.82,4,0.0,0.0,589376
2024-05-13 23:00:00,00000000270,20240513230000,0.054,0.001,0.057,0.0,0.0,0.0,1.0,1.85,105.56,4,0.0,0.0,589376
2024-05-14 00:00:00,00000000270,20240514000000,0.046,0.001,0.058,0.0,0.0,0.0,1.0,2.17,126.09,4,0.0,0.0,589376
2024-05-14 01:00:00,00000000270,20240514010000,0.051,0.0,0.059,0.0,0.0,0.0,1.0,0.0,115.69,4,0.0,0.0,589376
2024-05-14 02:00:00,00000000270,20240514020000,0.045,0.001,0.059,0.0,0.0,0.0,1.0,2.22,131.11,4,0.0,0.0,589376
2024-05-14 03:00:00,00000000270,20240514030000,0.05,0.001,0.06,0.0,0.0,0.0,1.0,2.0,120.0,4,0.0,0.0,589376
2024-05-14 04:00:00,00000000270,20240514040000,0.05,0.0,0.059,0.0,0.0,0.0,1.0,0.0,118.0,4,0.0,0.0,589376
2024-05-14 05:00:00,00000000270,20240514050000,0.054,0.001,0.06,0.0,0.0,0.0,1.0,1.85,111.11,4,0.0,0.0,589376
2024-05-14 06:00:00,00000000270,20240514060000,0.05,0.001,0.06,0.0,0.0,0.0,1.0,2.0,120.0,4,0.0,0.0,589376
2024-05-14 07:00:00,00000000270,20240514070000,0.054,0.0,0.061,0.0,0.0,0.0,1.0,0.0,112.96,4,0.0,0.0,589376
2024-05-14 08:00:00,00000000270,20240514080000,0.053,0.001,0.059,0.0,0.0,0.0,1.0,1.89,111.32,4,0.0,0.0,589376
2024-05-14 09:00:00,00000000270,20240514090000,0.055,0.001,0.059,0.0,0.0,0.0,1.0,1.82,107.27,4,0.0,0.0,589376
2024-05-14 10:00:00,00000000270,20240514100000,0.051,0.0,0.059,0.0,0.0,0.0,1.0,0.0,115.69,4,0.0,0.0,589376
2024-05-14 11:00:00,00000000270,20240514110000,0.053,0.001,0.06,0.0,0.0,0.0,1.0,1.89,113.21,4,0.0,0.0,589376
2024-05-14 12:00:00,00000000270,20240514120000,0.051,0.001,0.06,0.0,0.0,0.0,1.0,1.96,117.65,4,0.0,0.0,589376
2024-05-14 13:00:00,00000000270,20240514130000,0.053,0.0,0.061,0.0,0.0,0.0,1.0,0.0,115.09,4,0.0,0.0,589376
2024-05-14 14:00:00,00000000270,20240514140000,0.05,0.001,0.059,0.0,0.0,0.0,1.0,2.0,118.0,4,0.0,0.0,589376
2024-05-14 15:00:00,00000000270,20240514150000,0.053,0.001,0.06,0.0,0.0,0.0,1.0,1.89,113.21,4,0.0,0.0,589376
2024-05-14 16:00:00,00000000270,20240514160000,0.052,0.0,0.06,0.0,0.0,0.0,1.0,0.0,115.38,4,0.0,0.0,589376
2024-05-14 17:00:00,00000000270,20240514170000,0.048,0.001,0.058,0.0,0.0,0.0,1.0,2.08,120.83,4,0.0,0.0,589376
2024-05-14 18:00:00,00000000270,20240514180000,0.049,0.001,0.061,0.0,0.0,0.0,1.0,2.04,124.49,4,0.0,0.0,589376
2024-05-14 19:00:00,00000000270,20240514190000,0.044,0.0,0.058,0.0,0.0,0.0,1.0,0.0,131.82,4,0.0,0.0,589376
2024-05-14 20:00:00,00000000270,20240514200000,0.046,0.001,0.057,0.0,0.0,0.0,1.0,2.17,123.91,4,0.0,0.0,589376
2024-05-14 21:00:00,00000000270,20240514210000,0.049,0.001,0.057,0.0,0.0,0.0,1.0,2.04,116.33,4,0.0,0.0,589376
2024-05-14 22:00:00,00000000270,20240514220000,0.115,0.0,0.057,0.0,0.0,0.0,1.0,0.0,49.57,4,0.0,0.0,589376
2024-05-14 23:00:00,00000000270,20240514230000,0.085,0.001,0.054,0.0,0.0,0.0,1.0,1.18,63.53,4,0.0,0.0,589376
2024-05-15 00:00:00,00000000270,20240515000000,0.049,0.001,0.057,0.0,0.0,0.0,1.0,2.04,116.33,4,0.0,0.0,589376
2024-05-15 01:00:00,00000000270,20240515010000,0.053,0.0,0.059,0.0,0.0,0.0,1.0,0.0,111.32,4,0.0,0.0,589376
2024-05-15 02:00:00,00000000270,20240515020000,0.049,0.001,0.059,0.0,0.0,0.0,1.0,2.04,120.41,4,0.0,0.0,589376
2024-05-15 03:00:00,00000000270,20240515030000,0.055,0.001,0.059,0.0,0.0,0.0,1.0,1.82,107.27,4,0.0,0.0,589376
2024-05-15 04:00:00,00000000270,20240515040000,0.054,0.001,0.059,0.0,0.0,0.0,1.0,1.85,109.26,4,0.0,0.0,589376
2024-05-15 05:00:00,00000000270,20240515050000,0.051,0.0,0.059,0.0,0.0,0.0,1.0,0.0,115.69,4,0.0,0.0,589376
2024-05-15 06:00:00,00000000270,20240515060000,0.05,0.001,0.061,0.0,0.0,0.0,1.0,2.0,122.0,4,0.0,0.0,589376
2024-05-15 07:00:00,00000000270,20240515070000,0.047,0.001,0.061,0.0,0.0,0.0,1.0,2.13,129.79,4,0.0,0.0,589376
2024-05-15 08:00:00,00000000270,20240515080000,0.045,0.0,0.06,0.0,0.0,0.0,1.0,0.0,133.33,4,0.0,0.0,589376
2024-05-15 09:00:00,00000000270,20240515090000,0.05,0.001,0.059,0.0,0.0,0.0,1.0,2.0,118.0,4,0.0,0.0,589376
2024-05-15 10:00:00,00000000270,20240515100000,0.052,0.001,0.057,0.0,0.0,0.0,1.0,1.92,109.62,4,0.0,0.0,589376
2024-05-15 11:00:00,00000000270,20240515110000,0.055,0.0,0.059,0.0,0.0,0.0,1.0,0.0,107.27,4,0.0,0.0,589376
2024-05-15 12:00:00,00000000270,20240515120000,0.051,0.001,0.057,0.0,0.0,0.0,1.0,1.96,111.76,4,0.0,0.0,589376
2024-05-15 13:00:00,00000000270,20240515130000,0.055,0.001,0.058,0.0,0.0,0.0,1.0,1.82,105.45,4,0.0,0.0,589376
2024-05-15 14:00:00,00000000270,20240515140000,0.053,0.0,0.057,0.0,0.0,0.0,1.0,0.0,107.55,4,0.0,0.0,589376
2024-05-15 15:00:00,00000000270,20240515150000,0.053,0.001,0.058,0.0,0.0,0.0,1.0,1.89,109.43,4,0.0,0.0,589376
2024-05-15 16:00:00,00000000270,20240515160000,0.054,0.001,0.059,0.0,0.0,0.0,1.0,1.85,109.26,4,0.0,0.0,589376
2024-05-15 17:00:00,00000000270,20240515170000,0.05,0.0,0.058,0.0,0.0,0.0,1.0,0.0,116.0,4,0.0,0.0,589376
2024-05-15 18:00:00,00000000270,20240515180000,0.048,0.001,0.059,0.0,0.0,0.0,1.0,2.08,122.92,4,0.0,0.0,589376
2024-05-15 19:00:00,00000000270,20240515190000,0.046,0.001,0.058,0.0,0.0,0.0,1.0,2.17,126.09,4,0.0,0.0,589376
2024-05-15 20:00:00,00000000270,20240515200000,0.045,0.0,0.057,0.0,0.0,0.0,1.0,0.0,126.67,4,0.0,0.0,589376
2024-05-15 21:00:00,00000000270,20240515210000,0.047,0.001,0.056,0.0,0.0,0.0,1.0,2.13,119.15,4,0.0,0.0,589376
2024-05-15 22:00:00,00000000270,20240515220000,0.046,0.001,0.056,0.0,0.0,0.0,1.0,2.17,121.74,4,0.0,0.0,589376
2024-05-15 23:00:00,00000000270,20240515230000,0.054,0.0,0.057,0.0,0.0,0.0,1.0,0.0,105.56,4,0.0,0.0,589376
2024-05-16 00:00:00,00000000270,20240516000000,0.138,0.001,0.055,0.0,0.0,0.0,1.0,0.72,39.86,4,0.0,0.0,589376
2024-05-16 01:00:00,00000000270,20240516010000,0.058,0.001,0.058,0.0,0.0,0.0,1.0,1.72,100.0,4,0.0,0.0,589376
2024-05-16 02:00:00,00000000270,20240516020000,0.049,0.0,0.059,0.0,0.0,0.0,1.0,0.0,120.41,4,0.0,0.0,589376
2024-05-16 03:00:00,00000000270,20240516030000,0.051,0.001,0.059,0.0,0.0,0.0,1.0,1.96,115.69,4,0.0,0.0,589376
2024-05-16 04:00:00,00000000270,20240516040000,0.054,0.001,0.06,0.0,0.0,0.0,1.0,1.85,111.11,4,0.0,0.0,589376
2024-05-16 05:00:00,00000000270,20240516050000,0.053,0.0,0.059,0.0,0.0,0.0,1.0,0.0,111.32,4,0.0,0.0,589376
2024-05-16 06:00:00,00000000270,20240516060000,0.055,0.001,0.061,0.0,0.0,0.0,1.0,1.82,110.91,4,0.0,0.0,589376
2024-05-16 07:00:00,00000000270,20240516070000,0.053,0.001,0.059,0.0,0.0,0.0,1.0,1.89,111.32,4,0.0,0.0,589376
2024-05-16 08:00:00,00000000270,20240516080000,0.055,0.0,0.06,0.0,0.0,0.0,1.0,0.0,109.09,4,0.0,0.0,589376
2024-05-16 09:00:00,00000000270,20240516090000,0.051,0.001,0.058,0.0,0.0,0.0,1.0,1.96,113.73,4,0.0,0.0,589376
2024-05-16 10:00:00,00000000270,20240516100000,0.057,0.001,0.059,0.0,0.0,0.0,1.0,1.75,103.51,4,0.0,0.0,589376
2024-05-16 11:00:00,00000000270,20240516110000,0.051,0.0,0.057,0.0,0.0,0.0,1.0,0.0,111.76,4,0.0,0.0,589376
2024-05-16 12:00:00,00000000270,20240516120000,0.053,0.001,0.057,0.0,0.0,0.0,1.0,1.89,107.55,4,0.0,0.0,589376
2024-05-16 13:00:00,00000000270,20240516130000,0.055,0.001,0.059,0.0,0.0,0.0,1.0,1.82,107.27,4,0.0,0.0,589376
2024-05-16 14:00:00,00000000270,20240516140000,0.05,0.0,0.058,0.0,0.0,0.0,1.0,0.0,116.0,4,0.0,0.0,589376
2024-05-16 15:00:00,00000000270,20240516150000,0.049,0.001,0.057,0.0,0.0,0.0,1.0,2.04,116.33,4,0.0,0.0,589376
2024-05-16 16:00:00,00000000270,20240516160000,0.05,0.001,0.058,0.0,0.0,0.0,1.0,2.0,116.0,4,0.0,0.0,589376
2024-05-16 17:00:00,00000000270,20240516170000,0.047,0.0,0.057,0.0,0.0,0.0,1.0,0.0,121.28,4,0.0,0.0,589376
2024-05-16 18:00:00,00000000270,20240516180000,0.047,0.001,0.058,0.0,0.0,0.0,1.0,2.13,123.4,4,0.0,0.0,589376
2024-05-16 19:00:00,00000000270,20240516190000,0.049,0.001,0.057,0.0,0.0,0.0,1.0,2.04,116.33,4,0.0,0.0,589376
2024-05-16 20:00:00,00000000270,20240516200000,0.05,0.0,0.055,0.0,0.0,0.0,1.0,0.0,110.0,4,0.0,0.0,589376
2024-05-16 21:00:00,00000000270,20240516210000,0.054,0.001,0.055,0.0,0.0,0.0,1.0,1.85,101.85,4,0.0,0.0,589376
2024-05-16 22:00:00,00000000270,20240516220000,0.053,0.0,0.056,0.0,0.0,0.0,1.0,0.0,105.66,4,0.0,0.0,589376
2024-05-16 23:00:00,00000000270,20240516230000,0.052,0.001,0.055,0.0,0.0,0.0,1.0,1.92,105.77,4,0.0,0.0,589376
2024-05-17 00:00:00,00000000270,20240517000000,0.054,0.001,0.058,0.0,0.0,0.0,1.0,1.85,107.41,4,0.0,0.0,589376
2024-05-17 01:00:00,00000000270,20240517010000,0.084,0.0,0.058,0.0,0.0,0.0,1.0,0.0,69.05,4,0.0,0.0,589376
2024-05-17 02:00:00,00000000270,20240517020000,0.124,0.001,0.055,0.0,0.0,0.0,1.0,0.81,44.35,4,0.0,0.0,589376
2024-05-17 03:00:00,00000000270,20240517030000,0.056,0.001,0.059,0.0,0.0,0.0,1.0,1.79,105.36,4,0.0,0.0,589376
2024-05-17 04:00:00,00000000270,20240517040000,0.05,0.0,0.059,0.0,0.0,0.0,1.0,0.0,118.0,4,0.0,0.0,589376
2024-05-17 05:00:00,00000000270,20240517050000,0.051,0.001,0.06,0.0,0.0,0.0,1.0,1.96,117.65,4,0.0,0.0,589376
2024-05-17 06:00:00,00000000270,20240517060000,0.046,0.001,0.061,0.0,0.0,0.0,1.0,2.17,132.61,4,0.0,0.0,589376
2024-05-17 07:00:00,00000000270,20240517070000,0.048,0.001,0.061,0.0,0.0,0.0,1.0,2.08,127.08,4,0.0,0.0,589376
2024-05-17 08:00:00,00000000270,20240517080000,0.048,0.0,0.06,0.0,0.0,0.0,1.0,0.0,125.0,4,0.0,0.0,589376
2024-05-17 09:00:00,00000000270,20240517090000,0.05,0.001,0.059,0.0,0.0,0.0,1.0,2.0,118.0,4,0.0,0.0,589376
2024-05-17 10:00:00,00000000270,20240517100000,0.055,0.0,0.058,0.0,0.0,0.0,1.0,0.0,105.45,4,0.0,0.0,589376
2024-05-17 11:00:00,00000000270,20240517110000,0.052,0.001,0.058,0.0,0.0,0.0,1.0,1.92,111.54,4,0.0,0.0,589376
2024-05-17 12:00:00,00000000270,20240517120000,0.053,0.001,0.059,0.0,0.0,0.0,1.0,1.89,111.32,4,0.0,0.0,589376
2024-05-17 13:00:00,00000000270,20240517130000,0.055,0.0,0.06,0.0,0.0,0.0,1.0,0.0,109.09,4,0.0,0.0,589376
2024-05-17 14:00:00,00000000270,20240517140000,0.053,0.001,0.057,0.0,0.0,0.0,1.0,1.89,107.55,4,0.0,0.0,589376
2024-05-17 15:00:00,00000000270,20240517150000,0.052,0.001,0.058,0.0,0.0,0.0,1.0,1.92,111.54,4,0.0,0.0,589376
2024-05-17 16:00:00,00000000270,20240517160000,0.056,0.0,0.059,0.0,0.0,0.0,1.0,0.0,105.36,4,0.0,0.0,589376
2024-05-17 17:00:00,00000000270,20240517170000,0.049,0.001,0.058,0.0,0.0,0.0,1.0,2.04,118.37,4,0.0,0.0,589376
2024-05-17 18:00:00,00000000270,20240517180000,0.051,0.001,0.057,0.0,0.0,0.0,1.0,1.96,111.76,4,0.0,0.0,589376
2024-05-17 19:00:00,00000000270,20240517190000,0.26,0.0,0.053,0.0,0.0,0.0,1.0,0.0,20.38,4,0.0,0.0,589376
2024-05-17 20:00:00,00000000270,20240517200000,0.081,0.001,0.056,0.0,0.0,0.0,1.0,1.23,69.14,4,0.0,0.0,589376
2024-05-17 21:00:00,00000000270,20240517210000,0.074,0.009,0.036,0.0,0.0,0.0,1.0,12.16,48.65,4,0.0,0.0,589376
2024-05-17 22:00:00,00000000270,20240517220000,0.054,0.0,0.054,0.0,0.0,0.0,1.0,0.0,100.0,4,0.0,0.0,589376
2024-05-17 23:00:00,00000000270,20240517230000,0.059,0.001,0.057,0.0,0.0,0.0,1.0,1.69,96.61,4,0.0,0.0,589376
2024-05-18 00:00:00,00000000270,20240518000000,0.051,0.001,0.055,0.0,0.0,0.0,1.0,1.96,107.84,4,0.0,0.0,589376
2024-05-18 01:00:00,00000000270,20240518010000,0.054,0.0,0.058,0.0,0.0,0.0,1.0,0.0,107.41,4,0.0,0.0,589376
2024-05-18 02:00:00,00000000270,20240518020000,0.047,0.001,0.057,0.0,0.0,0.0,1.0,2.13,121.28,4,0.0,0.0,589376
2024-05-18 03:00:00,00000000270,20240518030000,0.047,0.001,0.057,0.0,0.0,0.0,1.0,2.13,121.28,4,0.0,0.0,589376
2024-05-18 04:00:00,00000000270,20240518040000,0.051,0.0,0.058,0.0,0.0,0.0,1.0,0.0,113.73,4,0.0,0.0,589376
2024-05-18 05:00:00,00000000270,20240518050000,0.05,0.001,0.058,0.0,0.0,0.0,1.0,2.0,116.0,4,0.0,0.0,589376
2024-05-18 06:00:00,00000000270,20240518060000,0.052,0.0,0.058,0.0,0.0,0.0,1.0,0.0,111.54,4,0.0,0.0,589376
2024-05-18 07:00:00,00000000270,20240518070000,0.068,0.001,0.06,0.0,0.0,0.0,1.0,1.47,88.24,4,0.0,0.0,589376
2024-05-18 08:00:00,00000000270,20240518080000,0.06,0.001,0.057,0.0,0.0,0.0,1.0,1.67,95.0,4,0.0,0.0,589376
2024-05-18 09:00:00,00000000270,20240518090000,0.057,0.0,0.056,0.0,0.0,0.0,1.0,0.0,98.25,4,0.0,0.0,589376
2024-05-18 10:00:00,00000000270,20240518100000,0.053,0.001,0.056,0.0,0.0,0.0,1.0,1.89,105.66,4,0.0,0.0,589376
2024-05-18 11:00:00,00000000270,20240518110000,0.095,0.001,0.055,0.0,0.0,0.0,1.0,1.05,57.89,4,0.0,0.0,589376
2024-05-18 12:00:00,00000000270,20240518120000,0.134,0.0,0.052,0.0,0.0,0.0,1.0,0.0,38.81,4,0.0,0.0,589376
2024-05-18 13:00:00,00000000270,20240518130000,0.064,0.001,0.054,0.0,0.0,0.0,1.0,1.56,84.38,4,0.0,0.0,589376
2024-05-18 14:00:00,00000000270,20240518140000,0.055,0.001,0.055,0.0,0.0,0.0,1.0,1.82,100.0,4,0.0,0.0,589376
2024-05-18 15:00:00,00000000270,20240518150000,0.057,0.0,0.057,0.0,0.0,0.0,1.0,0.0,100.0,4,0.0,0.0,589376
2024-05-18 16:00:00,00000000270,20240518160000,0.053,0.001,0.056,0.0,0.0,0.0,1.0,1.89,105.66,4,0.0,0.0,589376
2024-05-18 17:00:00,00000000270,20240518170000,0.051,0.0,0.056,0.0,0.0,0.0,1.0,0.0,109.8,4,0.0,0.0,589376
2024-05-18 18:00:00,00000000270,20240518180000,0.295,0.056,0.05,0.0,0.0,0.0,1.0,18.98,16.95,4,0.0,0.0,589376
2024-05-18 19:00:00,00000000270,20240518190000,0.346,0.326,0.016,0.0,0.0,0.0,1.0,94.22,4.62,4,0.0,0.0,589376
2024-05-18 20:00:00,00000000270,20240518200000,0.054,0.0,0.055,0.0,0.0,0.0,1.0,0.0,101.85,4,0.0,0.0,589376
2024-05-18 21:00:00,00000000270,20240518210000,0.089,0.018,0.028,0.0,0.0,0.0,1.0,20.22,31.46,4,0.0,0.0,589376
2024-05-18 22:00:00,00000000270,20240518220000,0.056,0.001,0.055,0.0,0.0,0.0,1.0,1.79,98.21,4,0.0,0.0,589376
2024-05-18 23:00:00,00000000270,20240518230000,0.049,0.001,0.055,0.0,0.0,0.0,1.0,2.04,112.24,4,0.0,0.0,589376
2024-05-19 00:00:00,00000000270,20240519000000,0.059,0.0,0.057,0.0,0.0,0.0,1.0,0.0,96.61,4,0.0,0.0,589376
2024-05-19 01:00:00,00000000270,20240519010000,0.05,0.001,0.057,0.0,0.0,0.0,1.0,2.0,114.0,4,0.0,0.0,589376
2024-05-19 02:00:00,00000000270,20240519020000,0.136,0.0,0.056,0.0,0.0,0.0,1.0,0.0,41.18,4,0.0,0.0,589376
2024-05-19 03:00:00,00000000270,20240519030000,0.086,0.001,0.054,0.0,0.0,0.0,1.0,1.16,62.79,4,0.0,0.0,589376
2024-05-19 04:00:00,00000000270,20240519040000,0.056,0.001,0.057,0.0,0.0,0.0,1.0,1.79,101.79,4,0.0,0.0,589376
2024-05-19 05:00:00,00000000270,20240519050000,0.062,0.0,0.059,0.0,0.0,0.0,1.0,0.0,95.16,4,0.0,0.0,589376
2024-05-19 06:00:00,00000000270,20240519060000,0.057,0.001,0.06,0.0,0.0,0.0,1.0,1.75,105.26,4,0.0,0.0,589376
2024-05-19 07:00:00,00000000270,20240519070000,0.056,0.0,0.06,0.0,0.0,0.0,1.0,0.0,107.14,4,0.0,0.0,589376
2024-05-19 08:00:00,00000000270,20240519080000,0.124,0.001,0.058,0.0,0.0,0.0,1.0,0.81,46.77,4,0.0,0.0,589376
2024-05-19 09:00:00,00000000270,20240519090000,0.054,0.001,0.058,0.0,0.0,0.0,1.0,1.85,107.41,4,0.0,0.0,589376
2024-05-19 10:00:00,00000000270,20240519100000,0.051,0.0,0.058,0.0,0.0,0.0,1.0,0.0,113.73,4,0.0,0.0,589376
2024-05-19 11:00:00,00000000270,20240519110000,0.056,0.001,0.057,0.0,0.0,0.0,1.0,1.79,101.79,4,0.0,0.0,589376
2024-05-19 12:00:00,00000000270,20240519120000,0.051,0.0,0.057,0.0,0.0,0.0,1.0,0.0,111.76,4,0.0,0.0,589376
2024-05-19 13:00:00,00000000270,20240519130000,0.056,0.001,0.056,0.0,0.0,0.0,1.0,1.79,100.0,4,0.0,0.0,589376
2024-05-19 14:00:00,00000000270,20240519140000,0.065,0.0,0.059,0.0,0.0,0.0,1.0,0.0,90.77,4,0.0,0.0,589376
2024-05-19 15:00:00,00000000270,20240519150000,0.072,0.001,0.06,0.0,0.0,0.0,1.0,1.39,83.33,4,0.0,0.0,589376
2024-05-19 16:00:00,00000000270,20240519160000,0.053,0.001,0.056,0.0,0.0,0.0,1.0,1.89,105.66,4,0.0,0.0,589376
2024-05-19 17:00:00,00000000270,20240519170000,0.055,0.0,0.056,0.0,0.0,0.0,1.0,0.0,101.82,4,0.0,0.0,589376
2024-05-19 18:00:00,00000000270,20240519180000,0.152,0.001,0.055,0.0,0.0,0.0,1.0,0.66,36.18,4,0.0,0.0,589376
2024-05-19 19:00:00,00000000270,20240519190000,0.07,0.0,0.054,0.0,0.0,0.0,1.0,0.0,77.14,4,0.0,0.0,589376
2024-05-19 20:00:00,00000000270,20240519200000,0.062,0.001,0.055,0.0,0.0,0.0,1.0,1.61,88.71,4,0.0,0.0,589376
2024-05-19 21:00:00,00000000270,20240519210000,0.054,0.001,0.053,0.0,0.0,0.0,1.0,1.85,98.15,4,0.0,0.0,589376
2024-05-19 22:00:00,00000000270,20240519220000,0.049,0.0,0.054,0.0,0.0,0.0,1.0,0.0,110.2,4,0.0,0.0,589376
2024-05-19 23:00:00,00000000270,20240519230000,0.068,0.008,0.044,0.0,0.0,0.0,1.0,11.76,64.71,4,0.0,0.0,589376
2024-05-20 00:00:00,00000000270,20240520000000,0.058,0.001,0.057,0.0,0.0,0.0,1.0,1.72,98.28,4,0.0,0.0,589376
2024-05-20 01:00:00,00000000270,20240520010000,0.051,0.0,0.057,0.0,0.0,0.0,1.0,0.0,111.76,4,0.0,0.0,589376
2024-05-20 02:00:00,00000000270,20240520020000,0.052,0.001,0.058,0.0,0.0,0.0,1.0,1.92,111.54,4,0.0,0.0,589376
2024-05-20 03:00:00,00000000270,20240520030000,0.051,0.001,0.059,0.0,0.0,0.0,1.0,1.96,115.69,4,0.0,0.0,589376
2024-05-20 04:00:00,00000000270,20240520040000,0.053,0.0,0.058,0.0,0.0,0.0,1.0,0.0,109.43,4,0.0,0.0,589376
2024-05-20 05:00:00,00000000270,20240520050000,0.051,0.001,0.058,0.0,0.0,0.0,1.0,1.96,113.73,4,0.0,0.0,589376
2024-05-20 06:00:00,00000000270,20240520060000,0.051,0.001,0.06,0.0,0.0,0.0,1.0,1.96,117.65,4,0.0,0.0,589376
2024-05-20 07:00:00,00000000270,20240520070000,0.56,0.295,0.031,0.0,0.0,0.0,1.0,52.68,5.54,4,0.0,0.0,589376
2024-05-20 08:00:00,00000000270,20240520080000,0.095,0.081,0.044,0.0,0.0,0.0,1.0,85.26,46.32,4,0.0,0.0,589376
2024-05-20 09:00:00,00000000270,20240520090000,0.051,0.001,0.056,0.0,0.0,0.0,1.0,1.96,109.8,4,0.0,0.0,589376
2024-05-20 10:00:00,00000000270,20240520100000,0.148,0.001,0.055,0.0,0.0,0.0,1.0,0.68,37.16,4,0.0,0.0,589376
2024-05-20 11:00:00,00000000270,20240520110000,0.068,0.0,0.055,0.0,0.0,0.0,1.0,0.0,80.88,4,0.0,0.0,589376
2024-05-20 12:00:00,00000000270,20240520120000,0.054,0.001,0.057,0.0,0.0,0.0,1.0,1.85,105.56,4,0.0,0.0,589376
2024-05-20 13:00:00,00000000270,20240520130000,0.686,0.278,0.032,0.0,0.0,0.0,1.0,40.52,4.66,4,0.0,0.0,589376
2024-05-20 14:00:00,00000000270,20240520140000,0.126,0.156,0.023,0.0,0.0,0.0,1.0,123.81,18.25,4,0.0,0.0,589376
2024-05-20 15:00:00,00000000270,20240520150000,0.053,0.0,0.056,0.0,0.0,0.0,1.0,0.0,105.66,4,0.0,0.0,589376
2024-05-20 16:00:00,00000000270,20240520160000,0.052,0.001,0.057,0.0,0.0,0.0,1.0,1.92,109.62,4,0.0,0.0,589376
2024-05-20 17:00:00,00000000270,20240520170000,0.053,0.0,0.057,0.0,0.0,0.0,1.0,0.0,107.55,4,0.0,0.0,589376
2024-05-20 18:00:00,00000000270,20240520180000,0.056,0.001,0.056,0.0,0.0,0.0,1.0,1.79,100.0,4,0.0,0.0,589376
2024-05-20 19:00:00,00000000270,20240520190000,0.056,0.0,0.058,0.0,0.0,0.0,1.0,0.0,103.57,4,0.0,0.0,589376
2024-05-20 20:00:00,00000000270,20240520200000,0.129,0.001,0.038,0.0,0.0,0.0,1.0,0.78,29.46,4,0.0,0.0,589376
2024-05-20 21:00:00,00000000270,20240520210000,0.125,0.001,0.039,0.0,0.0,0.0,1.0,0.8,31.2,4,0.0,0.0,589376
2024-05-20 22:00:00,00000000270,20240520220000,0.121,0.0,0.049,0.0,0.0,0.0,1.0,0.0,40.5,4,0.0,0.0,589376
2024-05-20 23:00:00,00000000270,20240520230000,0.089,0.001,0.049,0.0,0.0,0.0,1.0,1.12,55.06,4,0.0,0.0,589376
2024-05-21 00:00:00,00000000270,20240521000000,0.094,0.001,0.047,0.0,0.0,0.0,1.0,1.06,50.0,4,0.0,0.0,589376
2024-05-21 01:00:00,00000000270,20240521010000,0.145,0.0,0.045,0.0,0.0,0.0,1.0,0.0,31.03,4,0.0,0.0,589376
2024-05-21 02:00:00,00000000270,20240521020000,0.134,0.001,0.043,0.0,0.0,0.0,1.0,0.75,32.09,4,0.0,0.0,589376
2024-05-21 03:00:00,00000000270,20240521030000,0.076,0.001,0.049,0.0,0.0,0.0,1.0,1.32,64.47,4,0.0,0.0,589376
2024-05-21 04:00:00,00000000270,20240521040000,0.075,0.0,0.045,0.0,0.0,0.0,1.0,0.0,60.0,4,0.0,0.0,589376
2024-05-21 05:00:00,00000000270,20240521050000,0.073,0.001,0.044,0.0,0.0,0.0,1.0,1.37,60.27,4,0.0,0.0,589376
2024-05-21 06:00:00,00000000270,20240521060000,0.398,0.062,0.044,0.0,0.0,0.0,1.0,15.58,11.06,4,0.0,0.0,589376
2024-05-21 07:00:00,00000000270,20240521070000,0.259,0.295,0.015,0.0,0.0,0.0,1.0,113.9,5.79,4,0.0,0.0,589376
2024-05-21 08:00:00,00000000270,20240521080000,0.648,0.321,0.017,0.0,0.0,0.0,1.0,49.54,2.62,4,0.0,0.0,589376
2024-05-21 09:00:00,00000000270,20240521090000,0.548,0.206,0.018,0.0,0.0,0.0,1.0,37.59,3.28,4,0.0,0.0,589376
2024-05-21 10:00:00,00000000270,20240521100000,0.151,0.258,0.013,0.0,0.0,0.0,1.0,170.86,8.61,4,0.0,0.0,589376
2024-05-21 11:00:00,00000000270,20240521110000,0.301,0.03,0.04,0.0,0.0,0.0,1.0,9.97,13.29,4,0.0,0.0,589376
2024-05-21 12:00:00,00000000270,20240521120000,0.08,0.0,0.046,0.0,0.0,0.0,1.0,0.0,57.5,4,0.0,0.0,589376
2024-05-21 13:00:00,00000000270,20240521130000,0.066,0.001,0.047,0.0,0.0,0.0,1.0,1.52,71.21,4,0.0,0.0,589376
2024-05-21 14:00:00,00000000270,20240521140000,0.075,0.001,0.047,0.0,0.0,0.0,1.0,1.33,62.67,4,0.0,0.0,589376
2024-05-21 15:00:00,00000000270,20240521150000,0.078,0.0,0.043,0.0,0.0,0.0,1.0,0.0,55.13,4,0.0,0.0,589376
2024-05-21 16:00:00,00000000270,20240521160000,0.081,0.001,0.044,0.0,0.0,0.0,1.0,1.23,54.32,4,0.0,0.0,589376
2024-05-21 17:00:00,00000000270,20240521170000,0.167,0.001,0.043,0.0,0.0,0.0,1.0,0.6,25.75,4,0.0,0.0,589376
2024-05-21 18:00:00,00000000270,20240521180000,0.102,0.005,0.039,0.0,0.0,0.0,1.0,4.9,38.24,4,0.0,0.0,589376
2024-05-21 19:00:00,00000000270,20240521190000,0.501,0.077,0.014,0.0,0.0,0.0,1.0,15.37,2.79,4,0.0,0.0,589376
2024-05-21 20:00:00,00000000270,20240521200000,0.278,0.201,0.009,0.0,0.0,0.0,1.0,72.3,3.24,4,0.0,0.0,589376
2024-05-21 21:00:00,00000000270,20240521210000,0.136,0.031,0.004,0.0,0.0,0.0,1.0,22.79,2.94,4,0.0,0.0,589376
2024-05-21 22:00:00,00000000270,20240521220000,0.193,0.059,0.0,0.0,0.0,0.0,1.0,30.57,0.0,4,0.0,0.0,589376
2024-05-21 23:00:00,00000000270,20240521230000,0.166,0.051,0.009,0.0,0.0,0.0,1.0,30.72,5.42,4,0.0,0.0,589376
2024-05-22 00:00:00,00000000270,20240522000000,0.084,0.001,0.065,0.0,0.0,0.0,1.0,1.19,77.38,4,0.0,0.0,589376
2024-05-22 01:00:00,00000000270,20240522010000,0.132,0.0,0.032,0.0,0.0,0.0,1.0,0.0,24.24,4,0.0,0.0,589376
2024-05-22 02:00:00,00000000270,20240522020000,0.075,0.001,0.065,0.0,0.0,0.0,1.0,1.33,86.67,4,0.0,0.0,589376
2024-05-22 03:00:00,00000000270,20240522030000,0.126,0.001,0.042,0.0,0.0,0.0,1.0,0.79,33.33,4,0.0,0.0,589376
2024-05-22 04:00:00,00000000270,20240522040000,0.082,0.0,0.062,0.0,0.0,0.0,1.0,0.0,75.61,4,0.0,0.0,589376
2024-05-22 05:00:00,00000000270,20240522050000,0.104,0.001,0.043,0.0,0.0,0.0,1.0,0.96,41.35,4,0.0,0.0,589376
2024-05-22 06:00:00,00000000270,20240522060000,0.07,0.001,0.053,0.0,0.0,0.0,1.0,1.43,75.71,4,0.0,0.0,589376
2024-05-22 07:00:00,00000000270,20240522070000,0.17,0.0,0.04,0.0,0.0,0.0,1.0,0.0,23.53,4,0.0,0.0,589376
2024-05-22 08:00:00,00000000270,20240522080000,0.096,0.001,0.044,0.0,0.0,0.0,1.0,1.04,45.83,4,0.0,0.0,589376
2024-05-22 09:00:00,00000000270,20240522090000,0.275,0.0,0.042,0.0,0.0,0.0,1.0,0.0,15.27,4,0.0,0.0,589376
2024-05-22 10:00:00,00000000270,20240522100000,0.097,0.001,0.044,0.0,0.0,0.0,1.0,1.03,45.36,4,0.0,0.0,589376
2024-05-22 11:00:00,00000000270,20240522110000,0.087,0.001,0.042,0.0,0.0,0.0,1.0,1.15,48.28,4,0.0,0.0,589376
2024-05-22 12:00:00,00000000270,20240522120000,0.085,0.0,0.041,0.0,0.0,0.0,1.0,0.0,48.24,4,0.0,0.0,589376
2024-05-22 13:00:00,00000000270,20240522130000,0.082,0.001,0.047,0.0,0.0,0.0,1.0,1.22,57.32,4,0.0,0.0,589376
2024-05-22 14:00:00,00000000270,20240522140000,0.096,0.0,0.032,0.0,0.0,0.0,1.0,0.0,33.33,4,0.0,0.0,589376
2024-05-22 15:00:00,00000000270,20240522150000,0.064,0.001,0.058,0.0,0.0,0.0,1.0,1.56,90.62,4,0.0,0.0,589376
2024-05-22 16:00:00,00000000270,20240522160000,0.118,0.001,0.024,0.0,0.0,0.0,1.0,0.85,20.34,4,0.0,0.0,589376
2024-05-22 17:00:00,00000000270,20240522170000,0.063,0.0,0.06,0.0,0.0,0.0,1.0,0.0,95.24,4,0.0,0.0,589376
2024-05-22 18:00:00,00000000270,20240522180000,0.096,0.001,0.035,0.0,0.0,0.0,1.0,1.04,36.46,4,0.0,0.0,589376
2024-05-22 19:00:00,00000000270,20240522190000,0.084,0.0,0.045,0.0,0.0,0.0,1.0,0.0,53.57,4,0.0,0.0,589376
2024-05-22 20:00:00,00000000270,20240522200000,0.754,0.001,0.03,0.0,0.0,0.0,1.0,0.13,3.98,4,0.0,0.0,589376
2024-05-22 21:00:00,00000000270,20240522210000,0.442,0.0,0.03,0.0,0.0,0.0,1.0,0.0,6.79,4,0.0,0.0,589376
2024-05-22 22:00:00,00000000270,20240522220000,0.173,0.001,0.026,0.0,0.0,0.0,1.0,0.58,15.03,4,0.0,0.0,589376
2024-05-22 23:00:00,00000000270,20240522230000,0.124,0.0,0.029,0.0,0.0,0.0,1.0,0.0,23.39,4,0.0,0.0,589376
2024-05-23 00:00:00,00000000270,20240523000000,0.115,0.001,0.028,0.0,0.0,0.0,1.0,0.87,24.35,4,0.0,0.0,589376
2024-05-23 01:00:00,00000000270,20240523010000,0.069,0.0,0.05,0.0,0.0,0.0,1.0,0.0,72.46,4,0.0,0.0,589376
2024-05-23 02:00:00,00000000270,20240523020000,0.059,0.001,0.062,0.0,0.0,0.0,1.0,1.69,105.08,4,0.0,0.0,589376
2024-05-23 03:00:00,00000000270,20240523030000,0.109,0.0,0.025,0.0,0.0,0.0,1.0,0.0,22.94,4,0.0,0.0,589376
2024-05-23 04:00:00,00000000270,20240523040000,0.083,0.001,0.043,0.0,0.0,0.0,1.0,1.2,51.81,4,0.0,0.0,589376
2024-05-23 05:00:00,00000000270,20240523050000,0.065,0.0,0.063,0.0,0.0,0.0,1.0,0.0,96.92,4,0.0,0.0,589376
2024-05-23 06:00:00,00000000270,20240523060000,0.108,0.001,0.027,0.0,0.0,0.0,1.0,0.93,25.0,4,0.0,0.0,589376
2024-05-23 07:00:00,00000000270,20240523070000,0.092,0.001,0.052,0.0,0.0,0.0,1.0,1.09,56.52,4,0.0,0.0,589376
2024-05-23 08:00:00,00000000270,20240523080000,0.627,0.346,0.018,0.0,0.0,0.0,1.0,55.18,2.87,4,0.0,0.0,589376
2024-05-23 09:00:00,00000000270,20240523090000,0.144,0.041,0.021,0.0,0.0,0.0,1.0,28.47,14.58,4,0.0,0.0,589376
2024-05-23 10:00:00,00000000270,20240523100000,0.062,0.001,0.055,0.0,0.0,0.0,1.0,1.61,88.71,4,0.0,0.0,589376
2024-05-23 11:00:00,00000000270,20240523110000,0.086,0.001,0.045,0.0,0.0,0.0,1.0,1.16,52.33,4,0.0,0.0,589376
2024-05-23 12:00:00,00000000270,20240523120000,0.191,0.0,0.031,0.0,0.0,0.0,1.0,0.0,16.23,4,0.0,0.0,589376
2024-05-23 13:00:00,00000000270,20240523130000,0.078,0.001,0.057,0.0,0.0,0.0,1.0,1.28,73.08,4,0.0,0.0,589376
2024-05-23 14:00:00,00000000270,20240523140000,0.111,0.0,0.031,0.0,0.0,0.0,1.0,0.0,27.93,4,0.0,0.0,589376
2024-05-23 15:00:00,00000000270,20240523150000,0.087,0.001,0.04,0.0,0.0,0.0,1.0,1.15,45.98,4,0.0,0.0,589376
2024-05-23 16:00:00,00000000270,20240523160000,0.068,0.0,0.056,0.0,0.0,0.0,1.0,0.0,82.35,4,0.0,0.0,589376
2024-05-23 17:00:00,00000000270,20240523170000,0.12,0.001,0.023,0.0,0.0,0.0,1.0,0.83,19.17,4,0.0,0.0,589376
2024-05-23 18:00:00,00000000270,20240523180000,0.111,0.0,0.041,0.0,0.0,0.0,1.0,0.0,36.94,4,0.0,0.0,589376
2024-05-23 19:00:00,00000000270,20240523190000,0.254,0.001,0.045,0.0,0.0,0.0,1.0,0.39,17.72,4,0.0,0.0,589376
2024-05-23 20:00:00,00000000270,20240523200000,0.151,0.0,0.025,0.0,0.0,0.0,1.0,0.0,16.56,4,0.0,0.0,589376
2024-05-23 21:00:00,00000000270,20240523210000,0.162,0.05,0.004,0.0,0.0,0.0,1.0,30.86,2.47,4,0.0,0.0,589376
2024-05-23 22:00:00,00000000270,20240523220000,0.172,0.047,0.007,0.0,0.0,0.0,1.0,27.33,4.07,4,0.0,0.0,589376
2024-05-23 23:00:00,00000000270,20240523230000,0.107,0.001,0.052,0.0,0.0,0.0,1.0,0.93,48.6,4,0.0,0.0,589376
2024-05-24 00:00:00,00000000270,20240524000000,0.065,0.0,0.059,0.0,0.0,0.0,1.0,0.0,90.77,4,0.0,0.0,589376
2024-05-24 01:00:00,00000000270,20240524010000,0.092,0.001,0.036,0.0,0.0,0.0,1.0,1.09,39.13,4,0.0,0.0,589376
2024-05-24 02:00:00,00000000270,20240524020000,0.184,0.001,0.022,0.0,0.0,0.0,1.0,0.54,11.96,4,0.0,0.0,589376
2024-05-24 03:00:00,00000000270,20240524030000,0.097,0.0,0.053,0.0,0.0,0.0,1.0,0.0,54.64,4,0.0,0.0,589376
2024-05-24 04:00:00,00000000270,20240524040000,0.066,0.001,0.049,0.0,0.0,0.0,1.0,1.52,74.24,4,0.0,0.0,589376
2024-05-24 05:00:00,00000000270,20240524050000,0.104,0.0,0.022,0.0,0.0,0.0,1.0,0.0,21.15,4,0.0,0.0,589376
2024-05-24 06:00:00,00000000270,20240524060000,0.06,0.001,0.055,0.0,0.0,0.0,1.0,1.67,91.67,4,0.0,0.0,589376
2024-05-24 07:00:00,00000000270,20240524070000,0.135,0.001,0.056,0.0,0.0,0.0,1.0,0.74,41.48,4,0.0,0.0,589376
2024-05-24 08:00:00,00000000270,20240524080000,0.106,0.0,0.022,0.0,0.0,0.0,1.0,0.0,20.75,4,0.0,0.0,589376
2024-05-24 09:00:00,00000000270,20240524090000,0.066,0.001,0.05,0.0,0.0,0.0,1.0,1.52,75.76,4,0.0,0.0,589376
2024-05-24 10:00:00,00000000270,20240524100000,0.056,0.0,0.055,0.0,0.0,0.0,1.0,0.0,98.21,4,0.0,0.0,589376
2024-05-24 11:00:00,00000000270,20240524110000,0.121,0.001,0.023,0.0,0.0,0.0,1.0,0.83,19.01,4,0.0,0.0,589376
2024-05-24 12:00:00,00000000270,20240524120000,0.072,0.0,0.041,0.0,0.0,0.0,1.0,0.0,56.94,4,0.0,0.0,589376
2024-05-24 13:00:00,00000000270,20240524130000,0.062,0.001,0.057,0.0,0.0,0.0,1.0,1.61,91.94,4,0.0,0.0,589376
2024-05-24 14:00:00,00000000270,20240524140000,0.101,0.0,0.026,0.0,0.0,0.0,1.0,0.0,25.74,4,0.0,0.0,589376
2024-05-24 15:00:00,00000000270,20240524150000,0.11,0.001,0.028,0.0,0.0,0.0,1.0,0.91,25.45,4,0.0,0.0,589376
2024-05-24 16:00:00,00000000270,20240524160000,0.054,0.001,0.053,0.0,0.0,0.0,1.0,1.85,98.15,4,0.0,0.0,589376
2024-05-24 17:00:00,00000000270,20240524170000,0.098,0.0,0.039,0.0,0.0,0.0,1.0,0.0,39.8,4,0.0,0.0,589376
2024-05-24 18:00:00,00000000270,20240524180000,0.214,0.001,0.024,0.0,0.0,0.0,1.0,0.47,11.21,4,0.0,0.0,589376
2024-05-24 19:00:00,00000000270,20240524190000,0.181,0.134,0.021,0.0,0.0,0.0,1.0,74.03,11.6,4,0.0,0.0,589376
2024-05-24 20:00:00,00000000270,20240524200000,0.282,0.246,0.01,0.0,0.0,0.0,1.0,87.23,3.55,4,0.0,0.0,589376
2024-05-24 21:00:00,00000000270,20240524210000,0.084,0.011,0.049,0.0,0.0,0.0,1.0,13.1,58.33,4,0.0,0.0,589376
2024-05-24 22:00:00,00000000270,20240524220000,0.242,0.001,0.034,0.0,0.0,0.0,1.0,0.41,14.05,4,0.0,0.0,589376
2024-05-24 23:00:00,00000000270,20240524230000,0.102,0.0,0.036,0.0,0.0,0.0,1.0,0.0,35.29,4,0.0,0.0,589376
2024-05-25 00:00:00,00000000270,20240525000000,0.1,0.001,0.048,0.0,0.0,0.0,1.0,1.0,48.0,4,0.0,0.0,589376
2024-05-25 01:00:00,00000000270,20240525010000,0.136,0.001,0.028,0.0,0.0,0.0,1.0,0.74,20.59,4,0.0,0.0,589376
2024-05-25 02:00:00,00000000270,20240525020000,0.077,0.0,0.048,0.0,0.0,0.0,1.0,0.0,62.34,4,0.0,0.0,589376
2024-05-25 03:00:00,00000000270,20240525030000,0.062,0.001,0.052,0.0,0.0,0.0,1.0,1.61,83.87,4,0.0,0.0,589376
2024-05-25 04:00:00,00000000270,20240525040000,0.108,0.0,0.023,0.0,0.0,0.0,1.0,0.0,21.3,4,0.0,0.0,589376
2024-05-25 05:00:00,00000000270,20240525050000,0.069,0.001,0.043,0.0,0.0,0.0,1.0,1.45,62.32,4,0.0,0.0,589376
2024-05-25 06:00:00,00000000270,20240525060000,0.058,0.0,0.059,0.0,0.0,0.0,1.0,0.0,101.72,4,0.0,0.0,589376
2024-05-25 07:00:00,00000000270,20240525070000,0.122,0.001,0.024,0.0,0.0,0.0,1.0,0.82,19.67,4,0.0,0.0,589376
2024-05-25 08:00:00,00000000270,20240525080000,0.404,0.039,0.041,0.0,0.0,0.0,1.0,9.65,10.15,4,0.0,0.0,589376
2024-05-25 09:00:00,00000000270,20240525090000,0.472,0.133,0.032,0.0,0.0,0.0,1.0,28.18,6.78,4,0.0,0.0,589376
2024-05-25 10:00:00,00000000270,20240525100000,0.725,0.139,0.02,0.0,0.0,0.0,1.0,19.17,2.76,4,0.0,0.0,589376
2024-05-25 11:00:00,00000000270,20240525110000,0.471,0.184,0.034,0.0,0.0,0.0,1.0,39.07,7.22,4,0.0,0.0,589376
2024-05-25 12:00:00,00000000270,20240525120000,0.694,0.156,0.014,0.0,0.0,0.0,1.0,22.48,2.02,4,0.0,0.0,589376
2024-05-25 13:00:00,00000000270,20240525130000,0.539,0.273,0.01,0.0,0.0,0.0,1.0,50.65,1.86,4,0.0,0.0,589376
2024-05-25 14:00:00,00000000270,20240525140000,0.278,0.166,0.016,0.0,0.0,0.0,1.0,59.71,5.76,4,0.0,0.0,589376
2024-05-25 15:00:00,00000000270,20240525150000,0.242,0.001,0.039,0.0,0.0,0.0,1.0,0.41,16.12,4,0.0,0.0,589376
2024-05-25 16:00:00,00000000270,20240525160000,0.187,0.004,0.046,0.0,0.0,0.0,1.0,2.14,24.6,4,0.0,0.0,589376
2024-05-25 17:00:00,00000000270,20240525170000,0.221,0.006,0.018,0.0,0.0,0.0,1.0,2.71,8.14,4,0.0,0.0,589376
2024-05-25 18:00:00,00000000270,20240525180000,0.188,0.005,0.019,0.0,0.0,0.0,1.0,2.66,10.11,4,0.0,0.0,589376
2024-05-25 19:00:00,00000000270,20240525190000,0.161,0.003,0.031,0.0,0.0,0.0,1.0,1.86,19.25,4,0.0,0.0,589376
2024-05-25 20:00:00,00000000270,20240525200000,0.753,0.192,0.026,0.0,0.0,0.0,1.0,25.5,3.45,4,0.0,0.0,589376
2024-05-25 21:00:00,00000000270,20240525210000,0.535,0.097,0.027,0.0,0.0,0.0,1.0,18.13,5.05,4,0.0,0.0,589376
2024-05-25 22:00:00,00000000270,20240525220000,0.276,0.001,0.027,0.0,0.0,0.0,1.0,0.36,9.78,4,0.0,0.0,589376
2024-05-25 23:00:00,00000000270,20240525230000,0.119,0.001,0.024,0.0,0.0,0.0,1.0,0.84,20.17,4,0.0,0.0,589376
2024-05-26 00:00:00,00000000270,20240526000000,0.21,0.005,0.02,0.0,0.0,0.0,1.0,2.38,9.52,4,0.0,0.0,589376
2024-05-26 01:00:00,00000000270,20240526010000,0.135,0.001,0.054,0.0,0.0,0.0,1.0,0.74,40.0,4,0.0,0.0,589376
2024-05-26 02:00:00,00000000270,20240526020000,0.098,0.0,0.065,0.0,0.0,0.0,1.0,0.0,66.33,4,0.0,0.0,589376
2024-05-26 03:00:00,00000000270,20240526030000,0.129,0.001,0.045,0.0,0.0,0.0,1.0,0.78,34.88,4,0.0,0.0,589376
2024-05-26 04:00:00,00000000270,20240526040000,0.158,0.001,0.037,0.0,0.0,0.0,1.0,0.63,23.42,4,0.0,0.0,589376
2024-05-26 05:00:00,00000000270,20240526050000,0.092,0.0,0.065,0.0,0.0,0.0,1.0,0.0,70.65,4,0.0,0.0,589376
2024-05-26 06:00:00,00000000270,20240526060000,0.059,0.001,0.062,0.0,0.0,0.0,1.0,1.69,105.08,4,0.0,0.0,589376
2024-05-26 07:00:00,00000000270,20240526070000,0.369,0.07,0.023,0.0,0.0,0.0,1.0,18.97,6.23,4,0.0,0.0,589376
2024-05-26 08:00:00,00000000270,20240526080000,0.567,0.6,0.01,0.0,0.0,0.0,1.0,105.82,1.76,4,0.0,0.0,589376
2024-05-26 09:00:00,00000000270,20240526090000,0.336,0.343,0.021,0.0,0.0,0.0,1.0,102.08,6.25,4,0.0,0.0,589376
2024-05-26 10:00:00,00000000270,20240526100000,0.435,0.001,0.03,0.0,0.0,0.0,1.0,0.23,6.9,4,0.0,0.0,589376
2024-05-26 11:00:00,00000000270,20240526110000,0.123,0.0,0.024,0.0,0.0,0.0,1.0,0.0,19.51,4,0.0,0.0,589376
2024-05-26 12:00:00,00000000270,20240526120000,0.218,0.001,0.026,0.0,0.0,0.0,1.0,0.46,11.93,4,0.0,0.0,589376
2024-05-26 13:00:00,00000000270,20240526130000,0.116,0.0,0.067,0.0,0.0,0.0,1.0,0.0,57.76,4,0.0,0.0,589376
2024-05-26 14:00:00,00000000270,20240526140000,0.107,0.001,0.035,0.0,0.0,0.0,1.0,0.93,32.71,4,0.0,0.0,589376
2024-05-26 15:00:00,00000000270,20240526150000,0.107,0.0,0.023,0.0,0.0,0.0,1.0,0.0,21.5,4,0.0,0.0,589376
2024-05-26 16:00:00,00000000270,20240526160000,0.419,0.001,0.027,0.0,0.0,0.0,1.0,0.24,6.44,4,0.0,0.0,589376
2024-05-26 17:00:00,00000000270,20240526170000,0.119,0.0,0.028,0.0,0.0,0.0,1.0,0.0,23.53,4,0.0,0.0,589376
2024-05-26 18:00:00,00000000270,20240526180000,0.114,0.001,0.026,0.0,0.0,0.0,1.0,0.88,22.81,4,0.0,0.0,589376
2024-05-26 19:00:00,00000000270,20240526190000,0.088,0.001,0.051,0.0,0.0,0.0,1.0,1.14,57.95,4,0.0,0.0,589376
2024-05-26 20:00:00,00000000270,20240526200000,0.089,0.0,0.043,0.0,0.0,0.0,1.0,0.0,48.31,4,0.0,0.0,589376
2024-05-26 21:00:00,00000000270,20240526210000,0.207,0.001,0.026,0.0,0.0,0.0,1.0,0.48,12.56,4,0.0,0.0,589376
2024-05-26 22:00:00,00000000270,20240526220000,0.316,0.0,0.027,0.0,0.0,0.0,1.0,0.0,8.54,4,0.0,0.0,589376
2024-05-26 23:00:00,00000000270,20240526230000,0.141,0.001,0.026,0.0,0.0,0.0,1.0,0.71,18.44,4,0.0,0.0,589376
2024-05-27 00:00:00,00000000270,20240527000000,0.078,0.0,0.054,0.0,0.0,0.0,1.0,0.0,69.23,4,0.0,0.0,589376
2024-05-27 01:00:00,00000000270,20240527010000,0.056,0.001,0.06,0.0,0.0,0.0,1.0,1.79,107.14,4,0.0,0.0,589376
2024-05-27 02:00:00,00000000270,20240527020000,0.089,0.0,0.034,0.0,0.0,0.0,1.0,0.0,38.2,4,0.0,0.0,589376
2024-05-27 03:00:00,00000000270,20240527030000,0.105,0.001,0.025,0.0,0.0,0.0,1.0,0.95,23.81,4,0.0,0.0,589376
2024-05-27 04:00:00,00000000270,20240527040000,0.102,0.001,0.028,0.0,0.0,0.0,1.0,0.98,27.45,4,0.0,0.0,589376
2024-05-27 05:00:00,00000000270,20240527050000,0.056,0.0,0.061,0.0,0.0,0.0,1.0,0.0,108.93,4,0.0,0.0,589376
2024-05-27 06:00:00,00000000270,20240527060000,0.069,0.001,0.062,0.0,0.0,0.0,1.0,1.45,89.86,4,0.0,0.0,589376
2024-05-27 07:00:00,00000000270,20240527070000,0.153,0.0,0.038,0.0,0.0,0.0,1.0,0.0,24.84,4,0.0,0.0,589376
2024-05-27 08:00:00,00000000270,20240527080000,0.17,0.001,0.026,0.0,0.0,0.0,1.0,0.59,15.29,4,0.0,0.0,589376
2024-05-27 09:00:00,00000000270,20240527090000,0.353,0.001,0.044,0.0,0.0,0.0,1.0,0.28,12.46,4,0.0,0.0,589376
2024-05-27 10:00:00,00000000270,20240527100000,0.321,0.0,0.06,0.0,0.0,0.0,1.0,0.0,18.69,4,0.0,0.0,589376
2024-05-27 11:00:00,00000000270,20240527110000,0.207,0.001,0.031,0.0,0.0,0.0,1.0,0.48,14.98,4,0.0,0.0,589376
2024-05-27 12:00:00,00000000270,20240527120000,0.983,0.001,0.034,0.0,0.0,0.0,1.0,0.1,3.46,4,0.0,0.0,589376
2024-05-27 13:00:00,00000000270,20240527130000,0.154,0.0,0.042,0.0,0.0,0.0,1.0,0.0,27.27,4,0.0,0.0,589376
2024-05-27 14:00:00,00000000270,20240527140000,0.1,0.001,0.072,0.0,0.0,0.0,1.0,1.0,72.0,4,0.0,0.0,589376
2024-05-27 15:00:00,00000000270,20240527150000,0.11,0.0,0.071,0.0,0.0,0.0,1.0,0.0,64.55,4,0.0,0.0,589376
2024-05-27 16:00:00,00000000270,20240527160000,0.214,0.001,0.039,0.0,0.0,0.0,1.0,0.47,18.22,4,0.0,0.0,589376
2024-05-27 17:00:00,00000000270,20240527170000,0.185,0.0,0.039,0.0,0.0,0.0,1.0,0.0,21.08,4,0.0,0.0,589376
2024-05-27 18:00:00,00000000270,20240527180000,0.146,0.001,0.037,0.0,0.0,0.0,1.0,0.68,25.34,4,0.0,0.0,589376
2024-05-27 19:00:00,00000000270,20240527190000,0.129,0.0,0.052,0.0,0.0,0.0,1.0,0.0,40.31,4,0.0,0.0,589376
2024-05-27 20:00:00,00000000270,20240527200000,0.299,0.001,0.073,0.0,0.0,0.0,1.0,0.33,24.41,4,0.0,0.0,589376
2024-05-27 21:00:00,00000000270,20240527210000,0.183,0.001,0.045,0.0,0.0,0.0,1.0,0.55,24.59,4,0.0,0.0,589376
2024-05-27 22:00:00,00000000270,20240527220000,0.121,0.0,0.026,0.0,0.0,0.0,1.0,0.0,21.49,4,0.0,0.0,589376
2024-05-27 23:00:00,00000000270,20240527230000,0.095,0.001,0.026,0.0,0.0,0.0,1.0,1.05,27.37,4,0.0,0.0,589376
2024-05-28 00:00:00,00000000270,20240528000000,0.059,0.0,0.06,0.0,0.0,0.0,1.0,0.0,101.69,4,0.0,0.0,589376
2024-05-28 01:00:00,00000000270,20240528010000,0.077,0.001,0.059,0.0,0.0,0.0,1.0,1.3,76.62,4,0.0,0.0,589376
2024-05-28 02:00:00,00000000270,20240528020000,0.099,0.001,0.038,0.0,0.0,0.0,1.0,1.01,38.38,4,0.0,0.0,589376
2024-05-28 03:00:00,00000000270,20240528030000,0.193,0.0,0.022,0.0,0.0,0.0,1.0,0.0,11.4,4,0.0,0.0,589376
2024-05-28 04:00:00,00000000270,20240528040000,0.118,0.001,0.034,0.0,0.0,0.0,1.0,0.85,28.81,4,0.0,0.0,589376
2024-05-28 05:00:00,00000000270,20240528050000,0.099,0.0,0.066,0.0,0.0,0.0,1.0,0.0,66.67,4,0.0,0.0,589376
2024-05-28 06:00:00,00000000270,20240528060000,0.057,0.001,0.064,0.0,0.0,0.0,1.0,1.75,112.28,4,0.0,0.0,589376
2024-05-28 07:00:00,00000000270,20240528070000,0.102,0.001,0.03,0.0,0.0,0.0,1.0,0.98,29.41,4,0.0,0.0,589376
2024-05-28 08:00:00,00000000270,20240528080000,0.179,0.0,0.027,0.0,0.0,0.0,1.0,0.0,15.08,4,0.0,0.0,589376
2024-05-28 09:00:00,00000000270,20240528090000,0.113,0.001,0.058,0.0,0.0,0.0,1.0,0.88,51.33,4,0.0,0.0,589376
2024-05-28 10:00:00,00000000270,20240528100000,0.178,0.0,0.072,0.0,0.0,0.0,1.0,0.0,40.45,4,0.0,0.0,589376
2024-05-28 11:00:00,00000000270,20240528110000,0.152,0.001,0.041,0.0,0.0,0.0,1.0,0.66,26.97,4,0.0,0.0,589376
2024-05-28 12:00:00,00000000270,20240528120000,0.915,0.247,0.015,0.0,0.0,0.0,1.0,26.99,1.64,4,0.0,0.0,589376
2024-05-28 13:00:00,00000000270,20240528130000,0.185,0.034,0.027,0.0,0.0,0.0,1.0,18.38,14.59,4,0.0,0.0,589376
2024-05-28 14:00:00,00000000270,20240528140000,0.126,0.001,0.031,0.0,0.0,0.0,1.0,0.79,24.6,4,0.0,0.0,589376
2024-05-28 15:00:00,00000000270,20240528150000,0.132,0.0,0.062,0.0,0.0,0.0,1.0,0.0,46.97,4,0.0,0.0,589376
2024-05-28 16:00:00,00000000270,20240528160000,0.08,0.001,0.065,0.0,0.0,0.0,1.0,1.25,81.25,4,0.0,0.0,589376
2024-05-28 17:00:00,00000000270,20240528170000,0.217,0.001,0.046,0.0,0.0,0.0,1.0,0.46,21.2,4,0.0,0.0,589376
2024-05-28 18:00:00,00000000270,20240528180000,0.217,0.0,0.036,0.0,0.0,0.0,1.0,0.0,16.59,4,0.0,0.0,589376
2024-05-28 19:00:00,00000000270,20240528190000,0.148,0.001,0.039,0.0,0.0,0.0,1.0,0.68,26.35,4,0.0,0.0,589376
2024-05-28 20:00:00,00000000270,20240528200000,0.651,0.0,0.036,0.0,0.0,0.0,1.0,0.0,5.53,4,0.0,0.0,589376
2024-05-28 21:00:00,00000000270,20240528210000,0.474,0.001,0.035,0.0,0.0,0.0,1.0,0.21,7.38,4,0.0,0.0,589376
2024-05-28 22:00:00,00000000270,20240528220000,0.189,0.003,0.033,0.0,0.0,0.0,1.0,1.59,17.46,4,0.0,0.0,589376
2024-05-28 23:00:00,00000000270,20240528230000,0.314,0.0,0.051,0.0,0.0,0.0,1.0,0.0,16.24,4,0.0,0.0,589376
2024-05-29 00:00:00,00000000270,20240529000000,0.088,0.001,0.038,0.0,0.0,0.0,1.0,1.14,43.18,4,0.0,0.0,589376
2024-05-29 01:00:00,00000000270,20240529010000,0.106,0.0,0.025,0.0,0.0,0.0,1.0,0.0,23.58,4,0.0,0.0,589376
2024-05-29 02:00:00,00000000270,20240529020000,0.08,0.001,0.041,0.0,0.0,0.0,1.0,1.25,51.25,4,0.0,0.0,589376
2024-05-29 03:00:00,00000000270,20240529030000,0.049,0.001,0.059,0.0,0.0,0.0,1.0,2.04,120.41,4,0.0,0.0,589376
2024-05-29 04:00:00,00000000270,20240529040000,0.094,0.0,0.034,0.0,0.0,0.0,1.0,0.0,36.17,4,0.0,0.0,589376
2024-05-29 05:00:00,00000000270,20240529050000,0.071,0.001,0.047,0.0,0.0,0.0,1.0,1.41,66.2,4,0.0,0.0,589376
2024-05-29 06:00:00,00000000270,20240529060000,0.072,0.001,0.057,0.0,0.0,0.0,1.0,1.39,79.17,4,0.0,0.0,589376
2024-05-29 07:00:00,00000000270,20240529070000,0.097,0.0,0.032,0.0,0.0,0.0,1.0,0.0,32.99,4,0.0,0.0,589376
2024-05-29 08:00:00,00000000270,20240529080000,0.058,0.001,0.059,0.0,0.0,0.0,1.0,1.72,101.72,4,0.0,0.0,589376
2024-05-29 09:00:00,00000000270,20240529090000,0.204,0.0,0.043,0.0,0.0,0.0,1.0,0.0,21.08,4,0.0,0.0,589376
2024-05-29 10:00:00,00000000270,20240529100000,0.152,0.001,0.06,0.0,0.0,0.0,1.0,0.66,39.47,4,0.0,0.0,589376
2024-05-29 11:00:00,00000000270,20240529110000,0.122,0.001,0.036,0.0,0.0,0.0,1.0,0.82,29.51,4,0.0,0.0,589376
2024-05-29 12:00:00,00000000270,20240529120000,0.35,0.0,0.065,0.0,0.0,0.0,1.0,0.0,18.57,4,0.0,0.0,589376
2024-05-29 13:00:00,00000000270,20240529130000,0.12,0.001,0.037,0.0,0.0,0.0,1.0,0.83,30.83,4,0.0,0.0,589376
2024-05-29 14:00:00,00000000270,20240529140000,0.156,0.0,0.049,0.0,0.0,0.0,1.0,0.0,31.41,4,0.0,0.0,589376
2024-05-29 15:00:00,00000000270,20240529150000,0.092,0.001,0.056,0.0,0.0,0.0,1.0,1.09,60.87,4,0.0,0.0,589376
2024-05-29 16:00:00,00000000270,20240529160000,0.132,0.001,0.031,0.0,0.0,0.0,1.0,0.76,23.48,4,0.0,0.0,589376
2024-05-29 17:00:00,00000000270,20240529170000,0.062,0.0,0.064,0.0,0.0,0.0,1.0,0.0,103.23,4,0.0,0.0,589376
2024-05-29 18:00:00,00000000270,20240529180000,0.172,0.001,0.044,0.0,0.0,0.0,1.0,0.58,25.58,4,0.0,0.0,589376
2024-05-29 19:00:00,00000000270,20240529190000,0.563,0.0,0.059,0.0,0.0,0.0,1.0,0.0,10.48,4,0.0,0.0,589376
2024-05-29 20:00:00,00000000270,20240529200000,0.479,0.001,0.045,0.0,0.0,0.0,1.0,0.21,9.39,4,0.0,0.0,589376
2024-05-29 21:00:00,00000000270,20240529210000,0.117,0.0,0.026,0.0,0.0,0.0,1.0,0.0,22.22,4,0.0,0.0,589376
2024-05-29 22:00:00,00000000270,20240529220000,0.15,0.001,0.029,0.0,0.0,0.0,1.0,0.67,19.33,4,0.0,0.0,589376
2024-05-29 23:00:00,00000000270,20240529230000,0.198,0.001,0.043,0.0,0.0,0.0,1.0,0.51,21.72,4,0.0,0.0,589376
2024-05-30 00:00:00,00000000270,20240530000000,0.071,0.0,0.049,0.0,0.0,0.0,1.0,0.0,69.01,4,0.0,0.0,589376
2024-05-30 01:00:00,00000000270,20240530010000,0.093,0.001,0.034,0.0,0.0,0.0,1.0,1.08,36.56,4,0.0,0.0,589376
2024-05-30 02:00:00,00000000270,20240530020000,0.049,0.0,0.059,0.0,0.0,0.0,1.0,0.0,120.41,4,0.0,0.0,589376
2024-05-30 03:00:00,00000000270,20240530030000,0.096,0.001,0.03,0.0,0.0,0.0,1.0,1.04,31.25,4,0.0,0.0,589376
2024-05-30 04:00:00,00000000270,20240530040000,0.05,0.0,0.06,0.0,0.0,0.0,1.0,0.0,120.0,4,0.0,0.0,589376
2024-05-30 05:00:00,00000000270,20240530050000,0.098,0.001,0.031,0.0,0.0,0.0,1.0,1.02,31.63,4,0.0,0.0,589376
2024-05-30 06:00:00,00000000270,20240530060000,0.062,0.001,0.064,0.0,0.0,0.0,1.0,1.61,103.23,4,0.0,0.0,589376
2024-05-30 07:00:00,00000000270,20240530070000,0.092,0.0,0.035,0.0,0.0,0.0,1.0,0.0,38.04,4,0.0,0.0,589376
2024-05-30 08:00:00,00000000270,20240530080000,0.05,0.001,0.058,0.0,0.0,0.0,1.0,2.0,116.0,4,0.0,0.0,589376
2024-05-30 09:00:00,00000000270,20240530090000,0.172,0.0,0.042,0.0,0.0,0.0,1.0,0.0,24.42,4,0.0,0.0,589376
2024-05-30 10:00:00,00000000270,20240530100000,0.087,0.001,0.055,0.0,0.0,0.0,1.0,1.15,63.22,4,0.0,0.0,589376
2024-05-30 11:00:00,00000000270,20240530110000,0.344,0.001,0.049,0.0,0.0,0.0,1.0,0.29,14.24,4,0.0,0.0,589376
2024-05-30 12:00:00,00000000270,20240530120000,0.539,0.0,0.032,0.0,0.0,0.0,1.0,0.0,5.94,4,0.0,0.0,589376
2024-05-30 13:00:00,00000000270,20240530130000,0.132,0.001,0.033,0.0,0.0,0.0,1.0,0.76,25.0,4,0.0,0.0,589376
2024-05-30 14:00:00,00000000270,20240530140000,0.152,0.0,0.07,0.0,0.0,0.0,1.0,0.0,46.05,4,0.0,0.0,589376
2024-05-30 15:00:00,00000000270,20240530150000,0.148,0.001,0.042,0.0,0.0,0.0,1.0,0.68,28.38,4,0.0,0.0,589376
2024-05-30 16:00:00,00000000270,20240530160000,0.284,0.0,0.052,0.0,0.0,0.0,1.0,0.0,18.31,4,0.0,0.0,589376
2024-05-30 17:00:00,00000000270,20240530170000,0.156,0.001,0.045,0.0,0.0,0.0,1.0,0.64,28.85,4,0.0,0.0,589376
2024-05-30 18:00:00,00000000270,20240530180000,0.2,0.001,0.042,0.0,0.0,0.0,1.0,0.5,21.0,4,0.0,0.0,589376
2024-05-30 19:00:00,00000000270,20240530190000,0.1,0.0,0.055,0.0,0.0,0.0,1.0,0.0,55.0,4,0.0,0.0,589376
2024-05-30 20:00:00,00000000270,20240530200000,0.205,0.001,0.025,0.0,0.0,0.0,1.0,0.49,12.2,4,0.0,0.0,589376
2024-05-30 21:00:00,00000000270,20240530210000,0.116,0.0,0.035,0.0,0.0,0.0,1.0,0.0,30.17,4,0.0,0.0,589376
2024-05-30 22:00:00,00000000270,20240530220000,0.083,0.001,0.047,0.0,0.0,0.0,1.0,1.2,56.63,4,0.0,0.0,589376
2024-05-30 23:00:00,00000000270,20240530230000,0.123,0.0,0.031,0.0,0.0,0.0,1.0,0.0,25.2,4,0.0,0.0,589376
2024-05-31 00:00:00,00000000270,20240531000000,0.059,0.001,0.053,0.0,0.0,0.0,1.0,1.69,89.83,4,0.0,0.0,589376
2024-05-31 01:00:00,00000000270,20240531010000,0.083,0.001,0.04,0.0,0.0,0.0,1.0,1.2,48.19,4,0.0,0.0,589376
2024-05-31 02:00:00,00000000270,20240531020000,0.081,0.0,0.037,0.0,0.0,0.0,1.0,0.0,45.68,4,0.0,0.0,589376
2024-05-31 03:00:00,00000000270,20240531030000,0.054,0.001,0.061,0.0,0.0,0.0,1.0,1.85,112.96,4,0.0,0.0,589376
2024-05-31 04:00:00,00000000270,20240531040000,0.108,0.0,0.024,0.0,0.0,0.0,1.0,0.0,22.22,4,0.0,0.0,589376
2024-05-31 05:00:00,00000000270,20240531050000,0.065,0.001,0.055,0.0,0.0,0.0,1.0,1.54,84.62,4,0.0,0.0,589376
2024-05-31 06:00:00,00000000270,20240531060000,0.08,0.0,0.045,0.0,0.0,0.0,1.0,0.0,56.25,4,0.0,0.0,589376
2024-05-31 07:00:00,00000000270,20240531070000,0.097,0.001,0.041,0.0,0.0,0.0,1.0,1.03,42.27,4,0.0,0.0,589376
2024-05-31 08:00:00,00000000270,20240531080000,0.048,0.0,0.058,0.0,0.0,0.0,1.0,0.0,120.83,4,0.0,0.0,589376
2024-05-31 09:00:00,00000000270,20240531090000,0.078,0.001,0.017,0.0,0.0,0.0,1.0,1.28,21.79,4,0.0,0.0,589376
2024-05-31 10:00:00,00000000270,20240531100000,0.138,0.0,0.042,0.0,0.0,0.0,1.0,0.0,30.43,4,0.0,0.0,589376
2024-05-31 11:00:00,00000000270,20240531110000,0.125,0.001,0.04,0.0,0.0,0.0,1.0,0.8,32.0,4,0.0,0.0,589376
2024-05-31 12:00:00,00000000270,20240531120000,0.09,0.0,0.059,0.0,0.0,0.0,1.0,0.0,65.56,4,0.0,0.0,589376
2024-05-31 13:00:00,00000000270,20240531130000,0.555,0.001,0.053,0.0,0.0,0.0,1.0,0.18,9.55,4,0.0,0.0,589376
2024-05-31 14:00:00,00000000270,20240531140000,0.16,0.0,0.051,0.0,0.0,0.0,1.0,0.0,31.87,4,0.0,0.0,589376
2024-05-31 15:00:00,00000000270,20240531150000,0.161,0.001,0.057,0.0,0.0,0.0,1.0,0.62,35.4,4,0.0,0.0,589376
2024-05-31 16:00:00,00000000270,20240531160000,0.227,0.001,0.041,0.0,0.0,0.0,1.0,0.44,18.06,4,0.0,0.0,589376
2024-05-31 17:00:00,00000000270,20240531170000,0.11,0.0,0.059,0.0,0.0,0.0,1.0,0.0,53.64,4,0.0,0.0,589376
2024-05-31 18:00:00,00000000270,20240531180000,0.109,0.0,0.064,0.0,0.0,0.0,1.0,0.0,58.72,4,0.0,0.0,589376
2024-05-31 19:00:00,00000000270,20240531190000,0.48,0.001,0.035,0.0,0.0,0.0,1.0,0.21,7.29,4,0.0,0.0,589376
2024-05-31 20:00:00,00000000270,20240531200000,0.149,0.0,0.052,0.0,0.0,0.0,1.0,0.0,34.9,4,0.0,0.0,589376
2024-05-31 21:00:00,00000000270,20240531210000,1.243,0.256,0.041,0.0,0.0,0.0,1.0,20.6,3.3,4,0.0,0.0,589376
2024-05-31 22:00:00,00000000270,20240531220000,0.401,0.599,0.003,0.0,0.0,0.0,1.0,149.38,0.75,4,0.0,0.0,589376
2024-05-31 23:00:00,00000000270,20240531230000,0.196,0.158,0.043,0.0,0.0,0.0,1.0,80.61,21.94,4,0.0,0.0,589376
2024-06-01 00:00:00,00000000270,20240601000000,0.09,0.0,0.074,0.0,0.0,0.0,1.0,0.0,82.22,4,0.0,0.0,589376
2024-06-01 01:00:00,00000000270,20240601010000,0.139,0.001,0.041,0.0,0.0,0.0,1.0,0.72,29.5,4,0.0,0.0,589376
2024-06-01 02:00:00,00000000270,20240601020000,0.211,0.001,0.054,0.0,0.0,0.0,1.0,0.47,25.59,4,0.0,0.0,589376
2024-06-01 03:00:00,00000000270,20240601030000,0.14,0.001,0.058,0.0,0.0,0.0,1.0,0.71,41.43,4,0.0,0.0,589376
2024-06-01 04:00:00,00000000270,20240601040000,0.147,0.001,0.047,0.0,0.0,0.0,1.0,0.68,31.97,4,0.0,0.0,589376
2024-06-01 05:00:00,00000000270,20240601050000,0.104,0.001,0.074,0.0,0.0,0.0,1.0,0.96,71.15,4,0.0,0.0,589376
2024-06-01 06:00:00,00000000270,20240601060000,0.119,0.001,0.054,0.0,0.0,0.0,1.0,0.84,45.38,4,0.0,0.0,589376
2024-06-01 07:00:00,00000000270,20240601070000,0.281,0.0,0.061,0.0,0.0,0.0,1.0,0.0,21.71,4,0.0,0.0,589376
2024-06-01 08:00:00,00000000270,20240601080000,0.1,0.001,0.059,0.0,0.0,0.0,1.0,1.0,59.0,4,0.0,0.0,589376
2024-06-01 09:00:00,00000000270,20240601090000,0.374,0.142,0.024,0.0,0.0,0.0,1.0,37.97,6.42,4,0.0,0.0,589376
2024-06-01 10:00:00,00000000270,20240601100000,0.193,0.207,0.018,0.0,0.0,0.0,1.0,107.25,9.33,4,0.0,0.0,589376
2024-06-01 11:00:00,00000000270,20240601110000,0.228,0.001,0.049,0.0,0.0,0.0,1.0,0.44,21.49,4,0.0,0.0,589376
2024-06-01 12:00:00,00000000270,20240601120000,0.092,0.0,0.047,0.0,0.0,0.0,1.0,0.0,51.09,4,0.0,0.0,589376
2024-06-01 13:00:00,00000000270,20240601130000,0.297,0.001,0.051,0.0,0.0,0.0,1.0,0.34,17.17,4,0.0,0.0,589376
2024-06-01 14:00:00,00000000270,20240601140000,0.269,0.0,0.026,0.0,0.0,0.0,1.0,0.0,9.67,4,0.0,0.0,589376
2024-06-01 15:00:00,00000000270,20240601150000,0.146,0.001,0.054,0.0,0.0,0.0,1.0,0.68,36.99,4,0.0,0.0,589376
2024-06-01 16:00:00,00000000270,20240601160000,0.187,0.001,0.038,0.0,0.0,0.0,1.0,0.53,20.32,4,0.0,0.0,589376
2024-06-01 17:00:00,00000000270,20240601170000,0.172,0.0,0.036,0.0,0.0,0.0,1.0,0.0,20.93,4,0.0,0.0,589376
2024-06-01 18:00:00,00000000270,20240601180000,0.076,0.0,0.056,0.0,0.0,0.0,1.0,0.0,73.68,4,0.0,0.0,589376
2024-06-01 19:00:00,00000000270,20240601190000,0.127,0.001,0.031,0.0,0.0,0.0,1.0,0.79,24.41,4,0.0,0.0,589376
2024-06-01 20:00:00,00000000270,20240601200000,1.394,0.016,0.013,0.0,0.0,0.0,1.0,1.15,0.93,4,0.0,0.0,589376
2024-06-01 21:00:00,00000000270,20240601210000,0.527,0.047,0.004,0.0,0.0,0.0,1.0,8.92,0.76,4,0.0,0.0,589376
2024-06-01 22:00:00,00000000270,20240601220000,0.428,0.079,0.002,0.0,0.0,0.0,1.0,18.46,0.47,4,0.0,0.0,589376
2024-06-01 23:00:00,00000000270,20240601230000,0.55,0.078,0.0,0.0,0.0,0.0,1.0,14.18,0.0,4,0.0,0.0,589376
2024-06-02 00:00:00,00000000270,20240602000000,0.558,0.11,0.0,0.0,0.0,0.0,1.0,19.71,0.0,4,0.0,0.0,589376
2024-06-02 01:00:00,00000000270,20240602010000,0.208,0.013,0.03,0.0,0.0,0.0,1.0,6.25,14.42,4,0.0,0.0,589376
2024-06-02 02:00:00,00000000270,20240602020000,0.14,0.0,0.045,0.0,0.0,0.0,1.0,0.0,32.14,4,0.0,0.0,589376
2024-06-02 03:00:00,00000000270,20240602030000,0.097,0.001,0.07,0.0,0.0,0.0,1.0,1.03,72.16,4,0.0,0.0,589376
2024-06-02 04:00:00,00000000270,20240602040000,0.112,0.0,0.057,0.0,0.0,0.0,1.0,0.0,50.89,4,0.0,0.0,589376
2024-06-02 05:00:00,00000000270,20240602050000,0.128,0.001,0.044,0.0,0.0,0.0,1.0,0.78,34.38,4,0.0,0.0,589376
2024-06-02 06:00:00,00000000270,20240602060000,0.142,0.0,0.029,0.0,0.0,0.0,1.0,0.0,20.42,4,0.0,0.0,589376
2024-06-02 07:00:00,00000000270,20240602070000,0.174,0.001,0.039,0.0,0.0,0.0,1.0,0.57,22.41,4,0.0,0.0,589376
2024-06-02 08:00:00,00000000270,20240602080000,0.053,0.0,0.057,0.0,0.0,0.0,1.0,0.0,107.55,4,0.0,0.0,589376
2024-06-02 09:00:00,00000000270,20240602090000,0.356,0.001,0.03,0.0,0.0,0.0,1.0,0.28,8.43,4,0.0,0.0,589376
2024-06-02 10:00:00,00000000270,20240602100000,0.165,0.001,0.026,0.0,0.0,0.0,1.0,0.61,15.76,4,0.0,0.0,589376
2024-06-02 11:00:00,00000000270,20240602110000,0.067,0.0,0.053,0.0,0.0,0.0,1.0,0.0,79.1,4,0.0,0.0,589376
2024-06-02 12:00:00,00000000270,20240602120000,0.229,0.001,0.03,0.0,0.0,0.0,1.0,0.44,13.1,4,0.0,0.0,589376
2024-06-02 13:00:00,00000000270,20240602130000,0.887,0.006,0.008,0.0,0.0,0.0,1.0,0.68,0.9,4,0.0,0.0,589376
2024-06-02 14:00:00,00000000270,20240602140000,0.121,0.01,0.034,0.0,0.0,0.0,1.0,8.26,28.1,4,0.0,0.0,589376
2024-06-02 15:00:00,00000000270,20240602150000,0.135,0.018,0.03,0.0,0.0,0.0,1.0,13.33,22.22,4,0.0,0.0,589376
2024-06-02 16:00:00,00000000270,20240602160000,0.331,0.06,0.009,0.0,0.0,0.0,1.0,18.13,2.72,4,0.0,0.0,589376
2024-06-02 17:00:00,00000000270,20240602170000,0.339,0.251,0.012,0.0,0.0,0.0,1.0,74.04,3.54,4,0.0,0.0,589376
2024-06-02 18:00:00,00000000270,20240602180000,0.466,0.137,0.011,0.0,0.0,0.0,1.0,29.4,2.36,4,0.0,0.0,589376
2024-06-02 19:00:00,00000000270,20240602190000,0.653,0.0,0.05,0.0,0.0,0.0,1.0,0.0,7.66,4,0.0,0.0,589376
2024-06-02 20:00:00,00000000270,20240602200000,0.16,0.001,0.035,0.0,0.0,0.0,1.0,0.62,21.88,4,0.0,0.0,589376
2024-06-02 21:00:00,00000000270,20240602210000,0.148,0.0,0.029,0.0,0.0,0.0,1.0,0.0,19.59,4,0.0,0.0,589376
2024-06-02 22:00:00,00000000270,20240602220000,0.142,0.017,0.01,0.0,0.0,0.0,1.0,11.97,7.04,4,0.0,0.0,589376
2024-06-02 23:00:00,00000000270,20240602230000,0.182,0.009,0.01,0.0,0.0,0.0,1.0,4.95,5.49,4,0.0,0.0,589376
2024-06-03 00:00:00,00000000270,20240603000000,0.155,0.001,0.026,0.0,0.0,0.0,1.0,0.65,16.77,4,0.0,0.0,589376
2024-06-03 01:00:00,00000000270,20240603010000,0.13,0.001,0.025,0.0,0.0,0.0,1.0,0.77,19.23,4,0.0,0.0,589376
2024-06-03 02:00:00,00000000270,20240603020000,0.096,0.0,0.044,0.0,0.0,0.0,1.0,0.0,45.83,4,0.0,0.0,589376
2024-06-03 03:00:00,00000000270,20240603030000,0.081,0.001,0.055,0.0,0.0,0.0,1.0,1.23,67.9,4,0.0,0.0,589376
2024-06-03 04:00:00,00000000270,20240603040000,0.114,0.0,0.032,0.0,0.0,0.0,1.0,0.0,28.07,4,0.0,0.0,589376
2024-06-03 05:00:00,00000000270,20240603050000,0.215,0.001,0.028,0.0,0.0,0.0,1.0,0.47,13.02,4,0.0,0.0,589376
2024-06-03 06:00:00,00000000270,20240603060000,0.319,0.0,0.056,0.0,0.0,0.0,1.0,0.0,17.55,4,0.0,0.0,589376
2024-06-03 07:00:00,00000000270,20240603070000,1.282,0.014,0.029,0.0,0.0,0.0,1.0,1.09,2.26,4,0.0,0.0,589376
2024-06-03 08:00:00,00000000270,20240603080000,0.848,0.013,0.01,0.0,0.0,0.0,1.0,1.53,1.18,4,0.0,0.0,589376
2024-06-03 09:00:00,00000000270,20240603090000,1.223,0.001,0.03,0.0,0.0,0.0,1.0,0.08,2.45,4,0.0,0.0,589376
2024-06-03 10:00:00,00000000270,20240603100000,0.091,0.001,0.045,0.0,0.0,0.0,1.0,1.1,49.45,4,0.0,0.0,589376
2024-06-03 11:00:00,00000000270,20240603110000,0.126,0.001,0.024,0.0,0.0,0.0,1.0,0.79,19.05,4,0.0,0.0,589376
2024-06-03 12:00:00,00000000270,20240603120000,0.084,0.0,0.045,0.0,0.0,0.0,1.0,0.0,53.57,4,0.0,0.0,589376
2024-06-03 13:00:00,00000000270,20240603130000,0.07,0.001,0.055,0.0,0.0,0.0,1.0,1.43,78.57,4,0.0,0.0,589376
2024-06-03 14:00:00,00000000270,20240603140000,0.122,0.0,0.023,0.0,0.0,0.0,1.0,0.0,18.85,4,0.0,0.0,589376
2024-06-03 15:00:00,00000000270,20240603150000,0.115,0.001,0.023,0.0,0.0,0.0,1.0,0.87,20.0,4,0.0,0.0,589376
2024-06-03 16:00:00,00000000270,20240603160000,0.103,0.0,0.036,0.0,0.0,0.0,1.0,0.0,34.95,4,0.0,0.0,589376
2024-06-03 17:00:00,00000000270,20240603170000,0.151,0.001,0.056,0.0,0.0,0.0,1.0,0.66,37.09,4,0.0,0.0,589376
2024-06-03 18:00:00,00000000270,20240603180000,0.168,0.0,0.028,0.0,0.0,0.0,1.0,0.0,16.67,4,0.0,0.0,589376
2024-06-03 19:00:00,00000000270,20240603190000,0.223,0.001,0.024,0.0,0.0,0.0,1.0,0.45,10.76,4,0.0,0.0,589376
2024-06-03 20:00:00,00000000270,20240603200000,0.08,0.0,0.056,0.0,0.0,0.0,1.0,0.0,70.0,4,0.0,0.0,589376
2024-06-03 21:00:00,00000000270,20240603210000,0.148,0.001,0.027,0.0,0.0,0.0,1.0,0.68,18.24,4,0.0,0.0,589376
2024-06-03 22:00:00,00000000270,20240603220000,0.204,0.033,0.009,0.0,0.0,0.0,1.0,16.18,4.41,4,0.0,0.0,589376
2024-06-03 23:00:00,00000000270,20240603230000,0.33,0.061,0.0,0.0,0.0,0.0,1.0,18.48,0.0,4,0.0,0.0,589376
2024-06-04 00:00:00,00000000270,20240604000000,0.171,0.007,0.063,0.0,0.0,0.0,1.0,4.09,36.84,4,0.0,0.0,589376
2024-06-04 01:00:00,00000000270,20240604010000,0.143,0.001,0.068,0.0,0.0,0.0,1.0,0.7,47.55,4,0.0,0.0,589376
2024-06-04 02:00:00,00000000270,20240604020000,0.146,0.001,0.028,0.0,0.0,0.0,1.0,0.68,19.18,4,0.0,0.0,589376
2024-06-04 03:00:00,00000000270,20240604030000,0.134,0.001,0.023,0.0,0.0,0.0,1.0,0.75,17.16,4,0.0,0.0,589376
2024-06-04 04:00:00,00000000270,20240604040000,0.154,0.0,0.05,0.0,0.0,0.0,1.0,0.0,32.47,4,0.0,0.0,589376
2024-06-04 05:00:00,00000000270,20240604050000,0.113,0.001,0.058,0.0,0.0,0.0,1.0,0.88,51.33,4,0.0,0.0,589376
2024-06-04 06:00:00,00000000270,20240604060000,0.117,0.0,0.024,0.0,0.0,0.0,1.0,0.0,20.51,4,0.0,0.0,589376
2024-06-04 07:00:00,00000000270,20240604070000,0.323,0.001,0.032,0.0,0.0,0.0,1.0,0.31,9.91,4,0.0,0.0,589376
2024-06-04 08:00:00,00000000270,20240604080000,0.322,0.0,0.053,0.0,0.0,0.0,1.0,0.0,16.46,4,0.0,0.0,589376
2024-06-04 09:00:00,00000000270,20240604090000,0.154,0.001,0.033,0.0,0.0,0.0,1.0,0.65,21.43,4,0.0,0.0,589376
2024-06-04 10:00:00,00000000270,20240604100000,0.266,0.009,0.018,0.0,0.0,0.0,1.0,3.38,6.77,4,0.0,0.0,589376
2024-06-04 11:00:00,00000000270,20240604110000,0.094,0.0,0.047,0.0,0.0,0.0,1.0,0.0,50.0,4,0.0,0.0,589376
2024-06-04 12:00:00,00000000270,20240604120000,0.112,0.001,0.045,0.0,0.0,0.0,1.0,0.89,40.18,4,0.0,0.0,589376
2024-06-04 13:00:00,00000000270,20240604130000,0.14,0.0,0.021,0.0,0.0,0.0,1.0,0.0,15.0,4,0.0,0.0,589376
2024-06-04 14:00:00,00000000270,20240604140000,0.228,0.001,0.023,0.0,0.0,0.0,1.0,0.44,10.09,4,0.0,0.0,589376
2024-06-04 15:00:00,00000000270,20240604150000,0.149,0.0,0.038,0.0,0.0,0.0,1.0,0.0,25.5,4,0.0,0.0,589376
2024-06-04 16:00:00,00000000270,20240604160000,0.099,0.001,0.05,0.0,0.0,0.0,1.0,1.01,50.51,4,0.0,0.0,589376
2024-06-04 17:00:00,00000000270,20240604170000,0.156,0.0,0.02,0.0,0.0,0.0,1.0,0.0,12.82,4,0.0,0.0,589376
2024-06-04 18:00:00,00000000270,20240604180000,0.217,0.001,0.022,0.0,0.0,0.0,1.0,0.46,10.14,4,0.0,0.0,589376
2024-06-04 19:00:00,00000000270,20240604190000,0.149,0.0,0.024,0.0,0.0,0.0,1.0,0.0,16.11,4,0.0,0.0,589376
2024-06-04 20:00:00,00000000270,20240604200000,0.075,0.001,0.053,0.0,0.0,0.0,1.0,1.33,70.67,4,0.0,0.0,589376
2024-06-04 21:00:00,00000000270,20240604210000,0.112,0.0,0.036,0.0,0.0,0.0,1.0,0.0,32.14,4,0.0,0.0,589376
2024-06-04 22:00:00,00000000270,20240604220000,0.134,0.001,0.02,0.0,0.0,0.0,1.0,0.75,14.93,4,0.0,0.0,589376
2024-06-04 23:00:00,00000000270,20240604230000,0.886,0.028,0.004,0.0,0.0,0.0,1.0,3.16,0.45,4,0.0,0.0,589376
2024-06-05 00:00:00,00000000270,20240605000000,0.244,0.001,0.059,0.0,0.0,0.0,1.0,0.41,24.18,4,0.0,0.0,589376
2024-06-05 01:00:00,00000000270,20240605010000,0.158,0.0,0.029,0.0,0.0,0.0,1.0,0.0,18.35,4,0.0,0.0,589376
2024-06-05 02:00:00,00000000270,20240605020000,0.147,0.001,0.027,0.0,0.0,0.0,1.0,0.68,18.37,4,0.0,0.0,589376
2024-06-05 03:00:00,00000000270,20240605030000,0.106,0.0,0.047,0.0,0.0,0.0,1.0,0.0,44.34,4,0.0,0.0,589376
2024-06-05 04:00:00,00000000270,20240605040000,0.092,0.001,0.052,0.0,0.0,0.0,1.0,1.09,56.52,4,0.0,0.0,589376
2024-06-05 05:00:00,00000000270,20240605050000,0.357,0.011,0.027,0.0,0.0,0.0,1.0,3.08,7.56,4,0.0,0.0,589376
2024-06-05 06:00:00,00000000270,20240605060000,0.553,0.339,0.007,0.0,0.0,0.0,1.0,61.3,1.27,4,0.0,0.0,589376
2024-06-05 07:00:00,00000000270,20240605070000,0.526,0.331,0.017,0.0,0.0,0.0,1.0,62.93,3.23,4,0.0,0.0,589376
2024-06-05 08:00:00,00000000270,20240605080000,0.49,0.146,0.014,0.0,0.0,0.0,1.0,29.8,2.86,4,0.0,0.0,589376
2024-06-05 09:00:00,00000000270,20240605090000,0.675,0.003,0.016,0.0,0.0,0.0,1.0,0.44,2.37,4,0.0,0.0,589376
2024-06-05 10:00:00,00000000270,20240605100000,0.217,0.0,0.035,0.0,0.0,0.0,1.0,0.0,16.13,4,0.0,0.0,589376
2024-06-05 11:00:00,00000000270,20240605110000,0.091,0.001,0.054,0.0,0.0,0.0,1.0,1.1,59.34,4,0.0,0.0,589376
2024-06-05 12:00:00,00000000270,20240605120000,0.134,0.0,0.026,0.0,0.0,0.0,1.0,0.0,19.4,4,0.0,0.0,589376
2024-06-05 13:00:00,00000000270,20240605130000,0.122,0.001,0.026,0.0,0.0,0.0,1.0,0.82,21.31,4,0.0,0.0,589376
2024-06-05 14:00:00,00000000270,20240605140000,0.069,0.0,0.053,0.0,0.0,0.0,1.0,0.0,76.81,4,0.0,0.0,589376
2024-06-05 15:00:00,00000000270,20240605150000,0.129,0.001,0.024,0.0,0.0,0.0,1.0,0.78,18.6,4,0.0,0.0,589376
2024-06-05 16:00:00,00000000270,20240605160000,0.137,0.0,0.021,0.0,0.0,0.0,1.0,0.0,15.33,4,0.0,0.0,589376
2024-06-05 17:00:00,00000000270,20240605170000,0.124,0.001,0.022,0.0,0.0,0.0,1.0,0.81,17.74,4,0.0,0.0,589376
2024-06-05 18:00:00,00000000270,20240605180000,0.15,0.0,0.022,0.0,0.0,0.0,1.0,0.0,14.67,4,0.0,0.0,589376
2024-06-05 19:00:00,00000000270,20240605190000,0.154,0.001,0.024,0.0,0.0,0.0,1.0,0.65,15.58,4,0.0,0.0,589376
2024-06-05 20:00:00,00000000270,20240605200000,0.258,0.002,0.036,0.0,0.0,0.0,1.0,0.78,13.95,4,0.0,0.0,589376
2024-06-05 21:00:00,00000000270,20240605210000,0.181,0.024,0.027,0.0,0.0,0.0,1.0,13.26,14.92,4,0.0,0.0,589376
2024-06-05 22:00:00,00000000270,20240605220000,0.309,0.062,0.0,0.0,0.0,0.0,1.0,20.06,0.0,4,0.0,0.0,589376
2024-06-05 23:00:00,00000000270,20240605230000,0.335,0.044,0.009,0.0,0.0,0.0,1.0,13.13,2.69,4,0.0,0.0,589376
2024-06-06 00:00:00,00000000270,20240606000000,0.221,0.001,0.033,0.0,0.0,0.0,1.0,0.45,14.93,4,0.0,0.0,589376
2024-06-06 01:00:00,00000000270,20240606010000,0.161,0.0,0.049,0.0,0.0,0.0,1.0,0.0,30.43,4,0.0,0.0,589376
2024-06-06 02:00:00,00000000270,20240606020000,0.182,0.003,0.03,0.0,0.0,0.0,1.0,1.65,16.48,4,0.0,0.0,589376
2024-06-06 03:00:00,00000000270,20240606030000,0.172,0.002,0.031,0.0,0.0,0.0,1.0,1.16,18.02,4,0.0,0.0,589376
2024-06-06 04:00:00,00000000270,20240606040000,0.129,0.001,0.052,0.0,0.0,0.0,1.0,0.78,40.31,4,0.0,0.0,589376
2024-06-06 05:00:00,00000000270,20240606050000,0.123,0.0,0.069,0.0,0.0,0.0,1.0,0.0,56.1,4,0.0,0.0,589376
2024-06-06 06:00:00,00000000270,20240606060000,0.229,0.002,0.038,0.0,0.0,0.0,1.0,0.87,16.59,4,0.0,0.0,589376
2024-06-06 07:00:00,00000000270,20240606070000,0.156,0.001,0.024,0.0,0.0,0.0,1.0,0.64,15.38,4,0.0,0.0,589376
2024-06-06 08:00:00,00000000270,20240606080000,0.095,0.0,0.042,0.0,0.0,0.0,1.0,0.0,44.21,4,0.0,0.0,589376
2024-06-06 09:00:00,00000000270,20240606090000,0.071,0.001,0.056,0.0,0.0,0.0,1.0,1.41,78.87,4,0.0,0.0,589376
2024-06-06 10:00:00,00000000270,20240606100000,0.122,0.0,0.029,0.0,0.0,0.0,1.0,0.0,23.77,4,0.0,0.0,589376
2024-06-06 11:00:00,00000000270,20240606110000,0.133,0.001,0.021,0.0,0.0,0.0,1.0,0.75,15.79,4,0.0,0.0,589376
2024-06-06 12:00:00,00000000270,20240606120000,0.094,0.0,0.044,0.0,0.0,0.0,1.0,0.0,46.81,4,0.0,0.0,589376
2024-06-06 13:00:00,00000000270,20240606130000,0.074,0.001,0.053,0.0,0.0,0.0,1.0,1.35,71.62,4,0.0,0.0,589376
2024-06-06 14:00:00,00000000270,20240606140000,0.136,0.0,0.021,0.0,0.0,0.0,1.0,0.0,15.44,4,0.0,0.0,589376
2024-06-06 15:00:00,00000000270,20240606150000,0.137,0.001,0.021,0.0,0.0,0.0,1.0,0.73,15.33,4,0.0,0.0,589376
2024-06-06 16:00:00,00000000270,20240606160000,0.173,0.0,0.046,0.0,0.0,0.0,1.0,0.0,26.59,4,0.0,0.0,589376
2024-06-06 17:00:00,00000000270,20240606170000,0.114,0.001,0.05,0.0,0.0,0.0,1.0,0.88,43.86,4,0.0,0.0,589376
2024-06-06 18:00:00,00000000270,20240606180000,0.712,0.0,0.025,0.0,0.0,0.0,1.0,0.0,3.51,4,0.0,0.0,589376
2024-06-06 19:00:00,00000000270,20240606190000,0.134,0.001,0.024,0.0,0.0,0.0,1.0,0.75,17.91,4,0.0,0.0,589376
2024-06-06 20:00:00,00000000270,20240606200000,0.138,0.0,0.024,0.0,0.0,0.0,1.0,0.0,17.39,4,0.0,0.0,589376
2024-06-06 21:00:00,00000000270,20240606210000,0.136,0.001,0.026,0.0,0.0,0.0,1.0,0.74,19.12,4,0.0,0.0,589376
2024-06-06 22:00:00,00000000270,20240606220000,0.128,0.0,0.033,0.0,0.0,0.0,1.0,0.0,25.78,4,0.0,0.0,589376
2024-06-06 23:00:00,00000000270,20240606230000,0.073,0.001,0.055,0.0,0.0,0.0,1.0,1.37,75.34,4,0.0,0.0,589376
2024-06-07 00:00:00,00000000270,20240607000000,0.094,0.001,0.042,0.0,0.0,0.0,1.0,1.06,44.68,4,0.0,0.0,589376
2024-06-07 01:00:00,00000000270,20240607010000,0.124,0.0,0.024,0.0,0.0,0.0,1.0,0.0,19.35,4,0.0,0.0,589376
2024-06-07 02:00:00,00000000270,20240607020000,0.16,0.001,0.023,0.0,0.0,0.0,1.0,0.62,14.37,4,0.0,0.0,589376
2024-06-07 03:00:00,00000000270,20240607030000,0.188,0.0,0.022,0.0,0.0,0.0,1.0,0.0,11.7,4,0.0,0.0,589376
2024-06-07 04:00:00,00000000270,20240607040000,0.092,0.0,0.05,0.0,0.0,0.0,1.0,0.0,54.35,4,0.0,0.0,589376
2024-06-07 05:00:00,00000000270,20240607050000,0.083,0.001,0.057,0.0,0.0,0.0,1.0,1.2,68.67,4,0.0,0.0,589376
2024-06-07 06:00:00,00000000270,20240607060000,0.126,0.001,0.027,0.0,0.0,0.0,1.0,0.79,21.43,4,0.0,0.0,589376
2024-06-07 07:00:00,00000000270,20240607070000,0.126,0.0,0.026,0.0,0.0,0.0,1.0,0.0,20.63,4,0.0,0.0,589376
2024-06-07 08:00:00,00000000270,20240607080000,0.085,0.0,0.044,0.0,0.0,0.0,1.0,0.0,51.76,4,0.0,0.0,589376
2024-06-07 09:00:00,00000000270,20240607090000,0.071,0.001,0.055,0.0,0.0,0.0,1.0,1.41,77.46,4,0.0,0.0,589376
2024-06-07 10:00:00,00000000270,20240607100000,0.126,0.001,0.026,0.0,0.0,0.0,1.0,0.79,20.63,4,0.0,0.0,589376
2024-06-07 11:00:00,00000000270,20240607110000,0.122,0.0,0.022,0.0,0.0,0.0,1.0,0.0,18.03,4,0.0,0.0,589376
2024-06-07 12:00:00,00000000270,20240607120000,0.112,0.001,0.027,0.0,0.0,0.0,1.0,0.89,24.11,4,0.0,0.0,589376
2024-06-07 13:00:00,00000000270,20240607130000,0.094,0.0,0.051,0.0,0.0,0.0,1.0,0.0,54.26,4,0.0,0.0,589376
2024-06-07 14:00:00,00000000270,20240607140000,0.172,0.001,0.044,0.0,0.0,0.0,1.0,0.58,25.58,4,0.0,0.0,589376
2024-06-07 15:00:00,00000000270,20240607150000,0.168,0.0,0.017,0.0,0.0,0.0,1.0,0.0,10.12,4,0.0,0.0,589376
2024-06-07 16:00:00,00000000270,20240607160000,0.128,0.001,0.021,0.0,0.0,0.0,1.0,0.78,16.41,4,0.0,0.0,589376
2024-06-07 17:00:00,00000000270,20240607170000,0.133,0.0,0.021,0.0,0.0,0.0,1.0,0.0,15.79,4,0.0,0.0,589376
2024-06-07 18:00:00,00000000270,20240607180000,1.694,0.14,0.009,0.0,0.0,0.0,1.0,8.26,0.53,4,0.0,0.0,589376
2024-06-07 19:00:00,00000000270,20240607190000,1.128,0.156,0.015,0.0,0.0,0.0,1.0,13.83,1.33,4,0.0,0.0,589376
2024-06-07 20:00:00,00000000270,20240607200000,0.074,0.001,0.053,0.0,0.0,0.0,1.0,1.35,71.62,4,0.0,0.0,589376
2024-06-07 21:00:00,00000000270,20240607210000,0.093,0.0,0.042,0.0,0.0,0.0,1.0,0.0,45.16,4,0.0,0.0,589376
2024-06-07 22:00:00,00000000270,20240607220000,0.143,0.001,0.023,0.0,0.0,0.0,1.0,0.7,16.08,4,0.0,0.0,589376
2024-06-07 23:00:00,00000000270,20240607230000,0.137,0.001,0.025,0.0,0.0,0.0,1.0,0.73,18.25,4,0.0,0.0,589376
2024-06-08 00:00:00,00000000270,20240608000000,0.163,0.0,0.043,0.0,0.0,0.0,1.0,0.0,26.38,4,0.0,0.0,589376
2024-06-08 01:00:00,00000000270,20240608010000,0.234,0.002,0.049,0.0,0.0,0.0,1.0,0.85,20.94,4,0.0,0.0,589376
2024-06-08 02:00:00,00000000270,20240608020000,0.141,0.0,0.035,0.0,0.0,0.0,1.0,0.0,24.82,4,0.0,0.0,589376
2024-06-08 03:00:00,00000000270,20240608030000,0.138,0.001,0.02,0.0,0.0,0.0,1.0,0.72,14.49,4,0.0,0.0,589376
2024-06-08 04:00:00,00000000270,20240608040000,0.124,0.001,0.023,0.0,0.0,0.0,1.0,0.81,18.55,4,0.0,0.0,589376
2024-06-08 05:00:00,00000000270,20240608050000,0.068,0.0,0.057,0.0,0.0,0.0,1.0,0.0,83.82,4,0.0,0.0,589376
2024-06-08 06:00:00,00000000270,20240608060000,0.092,0.001,0.05,0.0,0.0,0.0,1.0,1.09,54.35,4,0.0,0.0,589376
2024-06-08 07:00:00,00000000270,20240608070000,0.125,0.0,0.022,0.0,0.0,0.0,1.0,0.0,17.6,4,0.0,0.0,589376
2024-06-08 08:00:00,00000000270,20240608080000,0.198,0.0,0.059,0.0,0.0,0.0,1.0,0.0,29.8,4,0.0,0.0,589376
2024-06-08 09:00:00,00000000270,20240608090000,0.272,0.001,0.113,0.0,0.0,0.0,1.0,0.37,41.54,4,0.0,0.0,589376
2024-06-08 10:00:00,00000000270,20240608100000,0.412,0.0,0.09,0.0,0.0,0.0,1.0,0.0,21.84,4,0.0,0.0,589376
2024-06-08 11:00:00,00000000270,20240608110000,0.349,0.001,0.082,0.0,0.0,0.0,1.0,0.29,23.5,4,0.0,0.0,589376
2024-06-08 12:00:00,00000000270,20240608120000,1.2,0.0,0.069,0.0,0.0,0.0,1.0,0.0,5.75,4,0.0,0.0,589376
2024-06-08 13:00:00,00000000270,20240608130000,0.626,0.001,0.069,0.0,0.0,0.0,1.0,0.16,11.02,4,0.0,0.0,589376
2024-06-08 14:00:00,00000000270,20240608140000,0.275,0.0,0.106,0.0,0.0,0.0,1.0,0.0,38.55,4,0.0,0.0,589376
2024-06-08 15:00:00,00000000270,20240608150000,0.32,0.001,0.081,0.0,0.0,0.0,1.0,0.31,25.31,4,0.0,0.0,589376
2024-06-08 16:00:00,00000000270,20240608160000,0.289,0.0,0.071,0.0,0.0,0.0,1.0,0.0,24.57,4,0.0,0.0,589376
2024-06-08 17:00:00,00000000270,20240608170000,0.331,0.001,0.04,0.0,0.0,0.0,1.0,0.3,12.08,4,0.0,0.0,589376
2024-06-08 18:00:00,00000000270,20240608180000,0.173,0.0,0.028,0.0,0.0,0.0,1.0,0.0,16.18,4,0.0,0.0,589376
2024-06-08 19:00:00,00000000270,20240608190000,0.125,0.001,0.035,0.0,0.0,0.0,1.0,0.8,28.0,4,0.0,0.0,589376
2024-06-08 20:00:00,00000000270,20240608200000,0.106,0.0,0.047,0.0,0.0,0.0,1.0,0.0,44.34,4,0.0,0.0,589376
2024-06-08 21:00:00,00000000270,20240608210000,0.125,0.001,0.021,0.0,0.0,0.0,1.0,0.8,16.8,4,0.0,0.0,589376
2024-06-08 22:00:00,00000000270,20240608220000,0.16,0.0,0.03,0.0,0.0,0.0,1.0,0.0,18.75,4,0.0,0.0,589376
2024-06-08 23:00:00,00000000270,20240608230000,0.12,0.001,0.049,0.0,0.0,0.0,1.0,0.83,40.83,4,0.0,0.0,589376
2024-06-09 00:00:00,00000000270,20240609000000,0.144,0.0,0.022,0.0,0.0,0.0,1.0,0.0,15.28,4,0.0,0.0,589376
2024-06-09 01:00:00,00000000270,20240609010000,0.117,0.001,0.035,0.0,0.0,0.0,1.0,0.85,29.91,4,0.0,0.0,589376
2024-06-09 02:00:00,00000000270,20240609020000,0.236,0.001,0.047,0.0,0.0,0.0,1.0,0.42,19.92,4,0.0,0.0,589376
2024-06-09 03:00:00,00000000270,20240609030000,0.219,0.0,0.03,0.0,0.0,0.0,1.0,0.0,13.7,4,0.0,0.0,589376
2024-06-09 04:00:00,00000000270,20240609040000,0.171,0.001,0.062,0.0,0.0,0.0,1.0,0.58,36.26,4,0.0,0.0,589376
2024-06-09 05:00:00,00000000270,20240609050000,0.2,0.001,0.047,0.0,0.0,0.0,1.0,0.5,23.5,4,0.0,0.0,589376
2024-06-09 06:00:00,00000000270,20240609060000,0.151,0.001,0.058,0.0,0.0,0.0,1.0,0.66,38.41,4,0.0,0.0,589376
2024-06-09 07:00:00,00000000270,20240609070000,0.147,0.0,0.061,0.0,0.0,0.0,1.0,0.0,41.5,4,0.0,0.0,589376
2024-06-09 08:00:00,00000000270,20240609080000,0.143,0.001,0.037,0.0,0.0,0.0,1.0,0.7,25.87,4,0.0,0.0,589376
2024-06-09 09:00:00,00000000270,20240609090000,0.056,0.0,0.056,0.0,0.0,0.0,1.0,0.0,100.0,4,0.0,0.0,589376
2024-06-09 10:00:00,00000000270,20240609100000,0.621,0.118,0.018,0.0,0.0,0.0,1.0,19.0,2.9,4,0.0,0.0,589376
2024-06-09 11:00:00,00000000270,20240609110000,0.431,0.249,0.02,0.0,0.0,0.0,1.0,57.77,4.64,4,0.0,0.0,589376
2024-06-09 12:00:00,00000000270,20240609120000,0.272,0.0,0.021,0.0,0.0,0.0,1.0,0.0,7.72,4,0.0,0.0,589376
2024-06-09 13:00:00,00000000270,20240609130000,0.131,0.001,0.022,0.0,0.0,0.0,1.0,0.76,16.79,4,0.0,0.0,589376
2024-06-09 14:00:00,00000000270,20240609140000,0.097,0.0,0.046,0.0,0.0,0.0,1.0,0.0,47.42,4,0.0,0.0,589376
2024-06-09 15:00:00,00000000270,20240609150000,0.114,0.001,0.035,0.0,0.0,0.0,1.0,0.88,30.7,4,0.0,0.0,589376
2024-06-09 16:00:00,00000000270,20240609160000,0.118,0.001,0.023,0.0,0.0,0.0,1.0,0.85,19.49,4,0.0,0.0,589376
2024-06-09 17:00:00,00000000270,20240609170000,0.14,0.0,0.023,0.0,0.0,0.0,1.0,0.0,16.43,4,0.0,0.0,589376
2024-06-09 18:00:00,00000000270,20240609180000,0.445,0.001,0.035,0.0,0.0,0.0,1.0,0.22,7.87,4,0.0,0.0,589376
2024-06-09 19:00:00,00000000270,20240609190000,0.928,0.014,0.013,0.0,0.0,0.0,1.0,1.51,1.4,4,0.0,0.0,589376
2024-06-09 20:00:00,00000000270,20240609200000,0.238,0.003,0.019,0.0,0.0,0.0,1.0,1.26,7.98,4,0.0,0.0,589376
2024-06-09 21:00:00,00000000270,20240609210000,0.195,0.001,0.024,0.0,0.0,0.0,1.0,0.51,12.31,4,0.0,0.0,589376
2024-06-09 22:00:00,00000000270,20240609220000,0.12,0.0,0.041,0.0,0.0,0.0,1.0,0.0,34.17,4,0.0,0.0,589376
2024-06-09 23:00:00,00000000270,20240609230000,0.117,0.0,0.031,0.0,0.0,0.0,1.0,0.0,26.5,4,0.0,0.0,589376
2024-06-10 00:00:00,00000000270,20240610000000,0.135,0.001,0.021,0.0,0.0,0.0,1.0,0.74,15.56,4,0.0,0.0,589376
2024-06-10 01:00:00,00000000270,20240610010000,0.063,0.001,0.054,0.0,0.0,0.0,1.0,1.59,85.71,4,0.0,0.0,589376
2024-06-10 02:00:00,00000000270,20240610020000,0.124,0.0,0.025,0.0,0.0,0.0,1.0,0.0,20.16,4,0.0,0.0,589376
2024-06-10 03:00:00,00000000270,20240610030000,0.1,0.001,0.038,0.0,0.0,0.0,1.0,1.0,38.0,4,0.0,0.0,589376
2024-06-10 04:00:00,00000000270,20240610040000,0.081,0.0,0.044,0.0,0.0,0.0,1.0,0.0,54.32,4,0.0,0.0,589376
2024-06-10 05:00:00,00000000270,20240610050000,0.131,0.001,0.025,0.0,0.0,0.0,1.0,0.76,19.08,4,0.0,0.0,589376
2024-06-10 06:00:00,00000000270,20240610060000,0.06,0.0,0.058,0.0,0.0,0.0,1.0,0.0,96.67,4,0.0,0.0,589376
2024-06-10 07:00:00,00000000270,20240610070000,0.117,0.001,0.027,0.0,0.0,0.0,1.0,0.85,23.08,4,0.0,0.0,589376
2024-06-10 08:00:00,00000000270,20240610080000,0.088,0.0,0.044,0.0,0.0,0.0,1.0,0.0,50.0,4,0.0,0.0,589376
2024-06-10 09:00:00,00000000270,20240610090000,0.15,0.001,0.037,0.0,0.0,0.0,1.0,0.67,24.67,4,0.0,0.0,589376
2024-06-10 10:00:00,00000000270,20240610100000,0.137,0.0,0.035,0.0,0.0,0.0,1.0,0.0,25.55,4,0.0,0.0,589376
2024-06-10 11:00:00,00000000270,20240610110000,0.098,0.001,0.037,0.0,0.0,0.0,1.0,1.02,37.76,4,0.0,0.0,589376
2024-06-10 12:00:00,00000000270,20240610120000,0.116,0.0,0.03,0.0,0.0,0.0,1.0,0.0,25.86,4,0.0,0.0,589376
2024-06-10 13:00:00,00000000270,20240610130000,0.204,0.001,0.047,0.0,0.0,0.0,1.0,0.49,23.04,4,0.0,0.0,589376
2024-06-10 14:00:00,00000000270,20240610140000,0.148,0.0,0.021,0.0,0.0,0.0,1.0,0.0,14.19,4,0.0,0.0,589376
2024-06-10 15:00:00,00000000270,20240610150000,0.073,0.001,0.052,0.0,0.0,0.0,1.0,1.37,71.23,4,0.0,0.0,589376
2024-06-10 16:00:00,00000000270,20240610160000,0.115,0.0,0.027,0.0,0.0,0.0,1.0,0.0,23.48,4,0.0,0.0,589376
2024-06-10 17:00:00,00000000270,20240610170000,0.122,0.001,0.03,0.0,0.0,0.0,1.0,0.82,24.59,4,0.0,0.0,589376
2024-06-10 18:00:00,00000000270,20240610180000,0.71,0.0,0.036,0.0,0.0,0.0,1.0,0.0,5.07,4,0.0,0.0,589376
2024-06-10 19:00:00,00000000270,20240610190000,0.273,0.001,0.027,0.0,0.0,0.0,1.0,0.37,9.89,4,0.0,0.0,589376
2024-06-10 20:00:00,00000000270,20240610200000,1.136,0.197,0.012,0.0,0.0,0.0,1.0,17.34,1.06,4,0.0,0.0,589376
2024-06-10 21:00:00,00000000270,20240610210000,0.421,0.466,0.015,0.0,0.0,0.0,1.0,110.69,3.56,4,0.0,0.0,589376
2024-06-10 22:00:00,00000000270,20240610220000,0.224,0.197,0.016,0.0,0.0,0.0,1.0,87.95,7.14,4,0.0,0.0,589376
2024-06-10 23:00:00,00000000270,20240610230000,0.121,0.0,0.048,0.0,0.0,0.0,1.0,0.0,39.67,4,0.0,0.0,589376
2024-06-11 00:00:00,00000000270,20240611000000,0.12,0.001,0.042,0.0,0.0,0.0,1.0,0.83,35.0,4,0.0,0.0,589376
2024-06-11 01:00:00,00000000270,20240611010000,0.116,0.0,0.026,0.0,0.0,0.0,1.0,0.0,22.41,4,0.0,0.0,589376
2024-06-11 02:00:00,00000000270,20240611020000,0.076,0.001,0.056,0.0,0.0,0.0,1.0,1.32,73.68,4,0.0,0.0,589376
2024-06-11 03:00:00,00000000270,20240611030000,0.125,0.0,0.024,0.0,0.0,0.0,1.0,0.0,19.2,4,0.0,0.0,589376
2024-06-11 04:00:00,00000000270,20240611040000,0.088,0.001,0.055,0.0,0.0,0.0,1.0,1.14,62.5,4,0.0,0.0,589376
2024-06-11 05:00:00,00000000270,20240611050000,0.173,0.049,0.008,0.0,0.0,0.0,1.0,28.32,4.62,4,0.0,0.0,589376
2024-06-11 06:00:00,00000000270,20240611060000,0.131,0.0,0.027,0.0,0.0,0.0,1.0,0.0,20.61,4,0.0,0.0,589376
2024-06-11 07:00:00,00000000270,20240611070000,0.064,0.001,0.059,0.0,0.0,0.0,1.0,1.56,92.19,4,0.0,0.0,589376
2024-06-11 08:00:00,00000000270,20240611080000,0.186,0.0,0.028,0.0,0.0,0.0,1.0,0.0,15.05,4,0.0,0.0,589376
2024-06-11 09:00:00,00000000270,20240611090000,0.115,0.001,0.046,0.0,0.0,0.0,1.0,0.87,40.0,4,0.0,0.0,589376
2024-06-11 10:00:00,00000000270,20240611100000,0.118,0.0,0.028,0.0,0.0,0.0,1.0,0.0,23.73,4,0.0,0.0,589376
2024-06-11 11:00:00,00000000270,20240611110000,0.074,0.001,0.047,0.0,0.0,0.0,1.0,1.35,63.51,4,0.0,0.0,589376
2024-06-11 12:00:00,00000000270,20240611120000,0.12,0.0,0.029,0.0,0.0,0.0,1.0,0.0,24.17,4,0.0,0.0,589376
2024-06-11 13:00:00,00000000270,20240611130000,0.084,0.001,0.044,0.0,0.0,0.0,1.0,1.19,52.38,4,0.0,0.0,589376
2024-06-11 14:00:00,00000000270,20240611140000,0.105,0.0,0.032,0.0,0.0,0.0,1.0,0.0,30.48,4,0.0,0.0,589376
2024-06-11 15:00:00,00000000270,20240611150000,0.113,0.001,0.03,0.0,0.0,0.0,1.0,0.88,26.55,4,0.0,0.0,589376
2024-06-11 16:00:00,00000000270,20240611160000,0.073,0.0,0.048,0.0,0.0,0.0,1.0,0.0,65.75,4,0.0,0.0,589376
2024-06-11 17:00:00,00000000270,20240611170000,0.139,0.001,0.023,0.0,0.0,0.0,1.0,0.72,16.55,4,0.0,0.0,589376
2024-06-11 18:00:00,00000000270,20240611180000,0.123,0.0,0.026,0.0,0.0,0.0,1.0,0.0,21.14,4,0.0,0.0,589376
2024-06-11 19:00:00,00000000270,20240611190000,0.127,0.001,0.023,0.0,0.0,0.0,1.0,0.79,18.11,4,0.0,0.0,589376
2024-06-11 20:00:00,00000000270,20240611200000,0.107,0.0,0.031,0.0,0.0,0.0,1.0,0.0,28.97,4,0.0,0.0,589376
2024-06-11 21:00:00,00000000270,20240611210000,0.063,0.001,0.053,0.0,0.0,0.0,1.0,1.59,84.13,4,0.0,0.0,589376
2024-06-11 22:00:00,00000000270,20240611220000,0.129,0.0,0.025,0.0,0.0,0.0,1.0,0.0,19.38,4,0.0,0.0,589376
2024-06-11 23:00:00,00000000270,20240611230000,0.113,0.001,0.029,0.0,0.0,0.0,1.0,0.88,25.66,4,0.0,0.0,589376
2024-06-12 00:00:00,00000000270,20240612000000,0.092,0.0,0.051,0.0,0.0,0.0,1.0,0.0,55.43,4,0.0,0.0,589376
2024-06-12 01:00:00,00000000270,20240612010000,0.148,0.001,0.026,0.0,0.0,0.0,1.0,0.68,17.57,4,0.0,0.0,589376
2024-06-12 02:00:00,00000000270,20240612020000,0.094,0.0,0.038,0.0,0.0,0.0,1.0,0.0,40.43,4,0.0,0.0,589376
2024-06-12 03:00:00,00000000270,20240612030000,0.089,0.001,0.049,0.0,0.0,0.0,1.0,1.12,55.06,4,0.0,0.0,589376
2024-06-12 04:00:00,00000000270,20240612040000,0.123,0.0,0.023,0.0,0.0,0.0,1.0,0.0,18.7,4,0.0,0.0,589376
2024-06-12 05:00:00,00000000270,20240612050000,0.085,0.001,0.045,0.0,0.0,0.0,1.0,1.18,52.94,4,0.0,0.0,589376
2024-06-12 06:00:00,00000000270,20240612060000,0.107,0.0,0.042,0.0,0.0,0.0,1.0,0.0,39.25,4,0.0,0.0,589376
2024-06-12 07:00:00,00000000270,20240612070000,0.124,0.001,0.031,0.0,0.0,0.0,1.0,0.81,25.0,4,0.0,0.0,589376
2024-06-12 08:00:00,00000000270,20240612080000,0.076,0.0,0.055,0.0,0.0,0.0,1.0,0.0,72.37,4,0.0,0.0,589376
2024-06-12 09:00:00,00000000270,20240612090000,0.111,0.001,0.027,0.0,0.0,0.0,1.0,0.9,24.32,4,0.0,0.0,589376
2024-06-12 10:00:00,00000000270,20240612100000,0.106,0.0,0.034,0.0,0.0,0.0,1.0,0.0,32.08,4,0.0,0.0,589376
2024-06-12 11:00:00,00000000270,20240612110000,0.081,0.001,0.044,0.0,0.0,0.0,1.0,1.23,54.32,4,0.0,0.0,589376
2024-06-12 12:00:00,00000000270,20240612120000,0.124,0.0,0.023,0.0,0.0,0.0,1.0,0.0,18.55,4,0.0,0.0,589376
2024-06-12 13:00:00,00000000270,20240612130000,0.095,0.001,0.037,0.0,0.0,0.0,1.0,1.05,38.95,4,0.0,0.0,589376
2024-06-12 14:00:00,00000000270,20240612140000,0.083,0.0,0.041,0.0,0.0,0.0,1.0,0.0,49.4,4,0.0,0.0,589376
2024-06-12 15:00:00,00000000270,20240612150000,0.132,0.001,0.022,0.0,0.0,0.0,1.0,0.76,16.67,4,0.0,0.0,589376
2024-06-12 16:00:00,00000000270,20240612160000,0.116,0.001,0.024,0.0,0.0,0.0,1.0,0.86,20.69,4,0.0,0.0,589376
2024-06-12 17:00:00,00000000270,20240612170000,0.102,0.0,0.036,0.0,0.0,0.0,1.0,0.0,35.29,4,0.0,0.0,589376
2024-06-12 18:00:00,00000000270,20240612180000,0.087,0.001,0.044,0.0,0.0,0.0,1.0,1.15,50.57,4,0.0,0.0,589376
2024-06-12 19:00:00,00000000270,20240612190000,0.12,0.0,0.024,0.0,0.0,0.0,1.0,0.0,20.0,4,0.0,0.0,589376
2024-06-12 20:00:00,00000000270,20240612200000,0.194,0.154,0.014,0.0,0.0,0.0,1.0,79.38,7.22,4,0.0,0.0,589376
2024-06-12 21:00:00,00000000270,20240612210000,0.123,0.0,0.027,0.0,0.0,0.0,1.0,0.0,21.95,4,0.0,0.0,589376
2024-06-12 22:00:00,00000000270,20240612220000,0.145,0.001,0.028,0.0,0.0,0.0,1.0,0.69,19.31,4,0.0,0.0,589376
2024-06-12 23:00:00,00000000270,20240612230000,0.136,0.0,0.031,0.0,0.0,0.0,1.0,0.0,22.79,4,0.0,0.0,589376
2024-06-13 00:00:00,00000000270,20240613000000,0.135,0.001,0.027,0.0,0.0,0.0,1.0,0.74,20.0,4,0.0,0.0,589376
2024-06-13 01:00:00,00000000270,20240613010000,0.109,0.0,0.035,0.0,0.0,0.0,1.0,0.0,32.11,4,0.0,0.0,589376
2024-06-13 02:00:00,00000000270,20240613020000,0.072,0.001,0.053,0.0,0.0,0.0,1.0,1.39,73.61,4,0.0,0.0,589376
2024-06-13 03:00:00,00000000270,20240613030000,0.136,0.0,0.022,0.0,0.0,0.0,1.0,0.0,16.18,4,0.0,0.0,589376
2024-06-13 04:00:00,00000000270,20240613040000,0.103,0.001,0.032,0.0,0.0,0.0,1.0,0.97,31.07,4,0.0,0.0,589376
2024-06-13 05:00:00,00000000270,20240613050000,0.08,0.0,0.054,0.0,0.0,0.0,1.0,0.0,67.5,4,0.0,0.0,589376
2024-06-13 06:00:00,00000000270,20240613060000,0.127,0.001,0.023,0.0,0.0,0.0,1.0,0.79,18.11,4,0.0,0.0,589376
2024-06-13 07:00:00,00000000270,20240613070000,0.094,0.0,0.041,0.0,0.0,0.0,1.0,0.0,43.62,4,0.0,0.0,589376
2024-06-13 08:00:00,00000000270,20240613080000,0.189,0.001,0.046,0.0,0.0,0.0,1.0,0.53,24.34,4,0.0,0.0,589376
2024-06-13 09:00:00,00000000270,20240613090000,0.154,0.0,0.024,0.0,0.0,0.0,1.0,0.0,15.58,4,0.0,0.0,589376
2024-06-13 10:00:00,00000000270,20240613100000,0.186,0.001,0.021,0.0,0.0,0.0,1.0,0.54,11.29,4,0.0,0.0,589376
2024-06-13 11:00:00,00000000270,20240613110000,0.139,0.0,0.022,0.0,0.0,0.0,1.0,0.0,15.83,4,0.0,0.0,589376
2024-06-13 12:00:00,00000000270,20240613120000,0.103,0.001,0.035,0.0,0.0,0.0,1.0,0.97,33.98,4,0.0,0.0,589376
2024-06-13 13:00:00,00000000270,20240613130000,0.39,0.0,0.032,0.0,0.0,0.0,1.0,0.0,8.21,4,0.0,0.0,589376
2024-06-13 14:00:00,00000000270,20240613140000,0.618,0.004,0.017,0.0,0.0,0.0,1.0,0.65,2.75,4,0.0,0.0,589376
2024-06-13 15:00:00,00000000270,20240613150000,0.409,0.031,0.0,0.0,0.0,0.0,1.0,7.58,0.0,4,0.0,0.0,589376
2024-06-13 16:00:00,00000000270,20240613160000,0.296,0.008,0.005,0.0,0.0,0.0,1.0,2.7,1.69,4,0.0,0.0,589376
2024-06-13 17:00:00,00000000270,20240613170000,0.298,0.007,0.004,0.0,0.0,0.0,1.0,2.35,1.34,4,0.0,0.0,589376
2024-06-13 18:00:00,00000000270,20240613180000,0.312,0.011,0.0,0.0,0.0,0.0,1.0,3.53,0.0,4,0.0,0.0,589376
2024-06-13 19:00:00,00000000270,20240613190000,0.277,0.002,0.015,0.0,0.0,0.0,1.0,0.72,5.42,4,0.0,0.0,589376
2024-06-13 20:00:00,00000000270,20240613200000,0.7,0.025,0.007,0.0,0.0,0.0,1.0,3.57,1.0,4,0.0,0.0,589376
2024-06-13 21:00:00,00000000270,20240613210000,0.412,0.015,0.012,0.0,0.0,0.0,1.0,3.64,2.91,4,0.0,0.0,589376
2024-06-13 22:00:00,00000000270,20240613220000,0.226,0.001,0.031,0.0,0.0,0.0,1.0,0.44,13.72,4,0.0,0.0,589376
2024-06-13 23:00:00,00000000270,20240613230000,0.258,0.004,0.029,0.0,0.0,0.0,1.0,1.55,11.24,4,0.0,0.0,589376
2024-06-14 00:00:00,00000000270,20240614000000,0.234,0.003,0.031,0.0,0.0,0.0,1.0,1.28,13.25,4,0.0,0.0,589376
2024-06-14 01:00:00,00000000270,20240614010000,0.15,0.0,0.063,0.0,0.0,0.0,1.0,0.0,42.0,4,0.0,0.0,589376
2024-06-14 02:00:00,00000000270,20240614020000,0.149,0.002,0.037,0.0,0.0,0.0,1.0,1.34,24.83,4,0.0,0.0,589376
2024-06-14 03:00:00,00000000270,20240614030000,0.166,0.002,0.032,0.0,0.0,0.0,1.0,1.2,19.28,4,0.0,0.0,589376
2024-06-14 04:00:00,00000000270,20240614040000,0.121,0.001,0.063,0.0,0.0,0.0,1.0,0.83,52.07,4,0.0,0.0,589376
2024-06-14 05:00:00,00000000270,20240614050000,0.151,0.002,0.038,0.0,0.0,0.0,1.0,1.32,25.17,4,0.0,0.0,589376
2024-06-14 06:00:00,00000000270,20240614060000,0.139,0.0,0.039,0.0,0.0,0.0,1.0,0.0,28.06,4,0.0,0.0,589376
2024-06-14 07:00:00,00000000270,20240614070000,0.086,0.001,0.056,0.0,0.0,0.0,1.0,1.16,65.12,4,0.0,0.0,589376
2024-06-14 08:00:00,00000000270,20240614080000,0.12,0.0,0.027,0.0,0.0,0.0,1.0,0.0,22.5,4,0.0,0.0,589376
2024-06-14 09:00:00,00000000270,20240614090000,0.111,0.001,0.032,0.0,0.0,0.0,1.0,0.9,28.83,4,0.0,0.0,589376
2024-06-14 10:00:00,00000000270,20240614100000,0.075,0.0,0.048,0.0,0.0,0.0,1.0,0.0,64.0,4,0.0,0.0,589376
2024-06-14 11:00:00,00000000270,20240614110000,0.132,0.001,0.022,0.0,0.0,0.0,1.0,0.76,16.67,4,0.0,0.0,589376
2024-06-14 12:00:00,00000000270,20240614120000,0.124,0.0,0.037,0.0,0.0,0.0,1.0,0.0,29.84,4,0.0,0.0,589376
2024-06-14 13:00:00,00000000270,20240614130000,0.483,0.001,0.027,0.0,0.0,0.0,1.0,0.21,5.59,4,0.0,0.0,589376
2024-06-14 14:00:00,00000000270,20240614140000,0.132,0.0,0.023,0.0,0.0,0.0,1.0,0.0,17.42,4,0.0,0.0,589376
2024-06-14 15:00:00,00000000270,20240614150000,0.126,0.001,0.025,0.0,0.0,0.0,1.0,0.79,19.84,4,0.0,0.0,589376
2024-06-14 16:00:00,00000000270,20240614160000,0.136,0.0,0.023,0.0,0.0,0.0,1.0,0.0,16.91,4,0.0,0.0,589376
2024-06-14 17:00:00,00000000270,20240614170000,0.454,0.001,0.028,0.0,0.0,0.0,1.0,0.22,6.17,4,0.0,0.0,589376
2024-06-14 18:00:00,00000000270,20240614180000,0.111,0.0,0.031,0.0,0.0,0.0,1.0,0.0,27.93,4,0.0,0.0,589376
2024-06-14 19:00:00,00000000270,20240614190000,0.313,0.001,0.05,0.0,0.0,0.0,1.0,0.32,15.97,4,0.0,0.0,589376
2024-06-14 20:00:00,00000000270,20240614200000,0.181,0.0,0.021,0.0,0.0,0.0,1.0,0.0,11.6,4,0.0,0.0,589376
2024-06-14 21:00:00,00000000270,20240614210000,0.302,0.001,0.026,0.0,0.0,0.0,1.0,0.33,8.61,4,0.0,0.0,589376
2024-06-14 22:00:00,00000000270,20240614220000,0.223,0.044,0.005,0.0,0.0,0.0,1.0,19.73,2.24,4,0.0,0.0,589376
2024-06-14 23:00:00,00000000270,20240614230000,0.121,0.0,0.036,0.0,0.0,0.0,1.0,0.0,29.75,4,0.0,0.0,589376
2024-06-15 00:00:00,00000000270,20240615000000,0.086,0.001,0.043,0.0,0.0,0.0,1.0,1.16,50.0,4,0.0,0.0,589376
2024-06-15 01:00:00,00000000270,20240615010000,0.138,0.0,0.022,0.0,0.0,0.0,1.0,0.0,15.94,4,0.0,0.0,589376
2024-06-15 02:00:00,00000000270,20240615020000,0.086,0.001,0.045,0.0,0.0,0.0,1.0,1.16,52.33,4,0.0,0.0,589376
2024-06-15 03:00:00,00000000270,20240615030000,0.115,0.0,0.035,0.0,0.0,0.0,1.0,0.0,30.43,4,0.0,0.0,589376
2024-06-15 04:00:00,00000000270,20240615040000,0.144,0.001,0.025,0.0,0.0,0.0,1.0,0.69,17.36,4,0.0,0.0,589376
2024-06-15 05:00:00,00000000270,20240615050000,0.169,0.0,0.057,0.0,0.0,0.0,1.0,0.0,33.73,4,0.0,0.0,589376
2024-06-15 06:00:00,00000000270,20240615060000,0.156,0.001,0.026,0.0,0.0,0.0,1.0,0.64,16.67,4,0.0,0.0,589376
2024-06-15 07:00:00,00000000270,20240615070000,0.12,0.0,0.034,0.0,0.0,0.0,1.0,0.0,28.33,4,0.0,0.0,589376
2024-06-15 08:00:00,00000000270,20240615080000,0.1,0.001,0.05,0.0,0.0,0.0,1.0,1.0,50.0,4,0.0,0.0,589376
2024-06-15 09:00:00,00000000270,20240615090000,0.265,0.0,0.022,0.0,0.0,0.0,1.0,0.0,8.3,4,0.0,0.0,589376
2024-06-15 10:00:00,00000000270,20240615100000,0.17,0.001,0.049,0.0,0.0,0.0,1.0,0.59,28.82,4,0.0,0.0,589376
2024-06-15 11:00:00,00000000270,20240615110000,0.148,0.005,0.021,0.0,0.0,0.0,1.0,3.38,14.19,4,0.0,0.0,589376
2024-06-15 12:00:00,00000000270,20240615120000,0.106,0.001,0.037,0.0,0.0,0.0,1.0,0.94,34.91,4,0.0,0.0,589376
2024-06-15 13:00:00,00000000270,20240615130000,0.112,0.0,0.036,0.0,0.0,0.0,1.0,0.0,32.14,4,0.0,0.0,589376
2024-06-15 14:00:00,00000000270,20240615140000,0.205,0.001,0.024,0.0,0.0,0.0,1.0,0.49,11.71,4,0.0,0.0,589376
2024-06-15 15:00:00,00000000270,20240615150000,0.123,0.0,0.049,0.0,0.0,0.0,1.0,0.0,39.84,4,0.0,0.0,589376
2024-06-15 16:00:00,00000000270,20240615160000,0.161,0.001,0.021,0.0,0.0,0.0,1.0,0.62,13.04,4,0.0,0.0,589376
2024-06-15 17:00:00,00000000270,20240615170000,0.143,0.0,0.027,0.0,0.0,0.0,1.0,0.0,18.88,4,0.0,0.0,589376
2024-06-15 18:00:00,00000000270,20240615180000,0.092,0.001,0.044,0.0,0.0,0.0,1.0,1.09,47.83,4,0.0,0.0,589376
2024-06-15 19:00:00,00000000270,20240615190000,0.131,0.0,0.021,0.0,0.0,0.0,1.0,0.0,16.03,4,0.0,0.0,589376
2024-06-15 20:00:00,00000000270,20240615200000,0.135,0.001,0.033,0.0,0.0,0.0,1.0,0.74,24.44,4,0.0,0.0,589376
2024-06-15 21:00:00,00000000270,20240615210000,0.132,0.0,0.05,0.0,0.0,0.0,1.0,0.0,37.88,4,0.0,0.0,589376
2024-06-15 22:00:00,00000000270,20240615220000,0.142,0.004,0.023,0.0,0.0,0.0,1.0,2.82,16.2,4,0.0,0.0,589376
2024-06-15 23:00:00,00000000270,20240615230000,0.162,0.001,0.04,0.0,0.0,0.0,1.0,0.62,24.69,4,0.0,0.0,589376
2024-06-16 00:00:00,00000000270,20240616000000,0.149,0.0,0.03,0.0,0.0,0.0,1.0,0.0,20.13,4,0.0,0.0,589376
2024-06-16 01:00:00,00000000270,20240616010000,0.131,0.001,0.021,0.0,0.0,0.0,1.0,0.76,16.03,4,0.0,0.0,589376
2024-06-16 02:00:00,00000000270,20240616020000,0.087,0.0,0.05,0.0,0.0,0.0,1.0,0.0,57.47,4,0.0,0.0,589376
2024-06-16 03:00:00,00000000270,20240616030000,0.124,0.001,0.026,0.0,0.0,0.0,1.0,0.81,20.97,4,0.0,0.0,589376
2024-06-16 04:00:00,00000000270,20240616040000,0.095,0.0,0.036,0.0,0.0,0.0,1.0,0.0,37.89,4,0.0,0.0,589376
2024-06-16 05:00:00,00000000270,20240616050000,0.126,0.001,0.045,0.0,0.0,0.0,1.0,0.79,35.71,4,0.0,0.0,589376
2024-06-16 06:00:00,00000000270,20240616060000,0.384,0.005,0.02,0.0,0.0,0.0,1.0,1.3,5.21,4,0.0,0.0,589376
2024-06-16 07:00:00,00000000270,20240616070000,0.133,0.032,0.003,0.0,0.0,0.0,1.0,24.06,2.26,4,0.0,0.0,589376
2024-06-16 08:00:00,00000000270,20240616080000,0.554,0.019,0.007,0.0,0.0,0.0,1.0,3.43,1.26,4,0.0,0.0,589376
2024-06-16 09:00:00,00000000270,20240616090000,0.456,0.001,0.039,0.0,0.0,0.0,1.0,0.22,8.55,4,0.0,0.0,589376
2024-06-16 10:00:00,00000000270,20240616100000,0.385,0.359,0.015,0.0,0.0,0.0,1.0,93.25,3.9,4,0.0,0.0,589376
2024-06-16 11:00:00,00000000270,20240616110000,0.132,0.038,0.037,0.0,0.0,0.0,1.0,28.79,28.03,4,0.0,0.0,589376
2024-06-16 12:00:00,00000000270,20240616120000,0.123,0.0,0.031,0.0,0.0,0.0,1.0,0.0,25.2,4,0.0,0.0,589376
2024-06-16 13:00:00,00000000270,20240616130000,0.102,0.001,0.034,0.0,0.0,0.0,1.0,0.98,33.33,4,0.0,0.0,589376
2024-06-16 14:00:00,00000000270,20240616140000,0.119,0.0,0.037,0.0,0.0,0.0,1.0,0.0,31.09,4,0.0,0.0,589376
2024-06-16 15:00:00,00000000270,20240616150000,0.122,0.001,0.022,0.0,0.0,0.0,1.0,0.82,18.03,4,0.0,0.0,589376
2024-06-16 16:00:00,00000000270,20240616160000,0.096,0.0,0.048,0.0,0.0,0.0,1.0,0.0,50.0,4,0.0,0.0,589376
2024-06-16 17:00:00,00000000270,20240616170000,0.132,0.001,0.022,0.0,0.0,0.0,1.0,0.76,16.67,4,0.0,0.0,589376
2024-06-16 18:00:00,00000000270,20240616180000,0.13,0.0,0.025,0.0,0.0,0.0,1.0,0.0,19.23,4,0.0,0.0,589376
2024-06-16 19:00:00,00000000270,20240616190000,0.138,0.001,0.046,0.0,0.0,0.0,1.0,0.72,33.33,4,0.0,0.0,589376
2024-06-16 20:00:00,00000000270,20240616200000,0.211,0.002,0.024,0.0,0.0,0.0,1.0,0.95,11.37,4,0.0,0.0,589376
2024-06-16 21:00:00,00000000270,20240616210000,0.195,0.04,0.001,0.0,0.0,0.0,1.0,20.51,0.51,4,0.0,0.0,589376
2024-06-16 22:00:00,00000000270,20240616220000,0.196,0.062,0.0,0.0,0.0,0.0,1.0,31.63,0.0,4,0.0,0.0,589376
2024-06-16 23:00:00,00000000270,20240616230000,0.137,0.009,0.019,0.0,0.0,0.0,1.0,6.57,13.87,4,0.0,0.0,589376
2024-06-17 00:00:00,00000000270,20240617000000,0.095,0.0,0.046,0.0,0.0,0.0,1.0,0.0,48.42,4,0.0,0.0,589376
2024-06-17 01:00:00,00000000270,20240617010000,0.121,0.001,0.03,0.0,0.0,0.0,1.0,0.83,24.79,4,0.0,0.0,589376
2024-06-17 02:00:00,00000000270,20240617020000,0.112,0.0,0.029,0.0,0.0,0.0,1.0,0.0,25.89,4,0.0,0.0,589376
2024-06-17 03:00:00,00000000270,20240617030000,0.083,0.001,0.052,0.0,0.0,0.0,1.0,1.2,62.65,4,0.0,0.0,589376
2024-06-17 04:00:00,00000000270,20240617040000,0.123,0.0,0.023,0.0,0.0,0.0,1.0,0.0,18.7,4,0.0,0.0,589376
2024-06-17 05:00:00,00000000270,20240617050000,0.118,0.001,0.048,0.0,0.0,0.0,1.0,0.85,40.68,4,0.0,0.0,589376
2024-06-17 06:00:00,00000000270,20240617060000,0.173,0.0,0.033,0.0,0.0,0.0,1.0,0.0,19.08,4,0.0,0.0,589376
2024-06-17 07:00:00,00000000270,20240617070000,0.312,0.001,0.035,0.0,0.0,0.0,1.0,0.32,11.22,4,0.0,0.0,589376
2024-06-17 08:00:00,00000000270,20240617080000,0.444,0.0,0.039,0.0,0.0,0.0,1.0,0.0,8.78,4,0.0,0.0,589376
2024-06-17 09:00:00,00000000270,20240617090000,0.124,0.001,0.03,0.0,0.0,0.0,1.0,0.81,24.19,4,0.0,0.0,589376
2024-06-17 10:00:00,00000000270,20240617100000,0.134,0.003,0.043,0.0,0.0,0.0,1.0,2.24,32.09,4,0.0,0.0,589376
2024-06-17 11:00:00,00000000270,20240617110000,0.217,0.004,0.024,0.0,0.0,0.0,1.0,1.84,11.06,4,0.0,0.0,589376
2024-06-17 12:00:00,00000000270,20240617120000,0.129,0.0,0.053,0.0,0.0,0.0,1.0,0.0,41.09,4,0.0,0.0,589376
2024-06-17 13:00:00,00000000270,20240617130000,0.181,0.001,0.026,0.0,0.0,0.0,1.0,0.55,14.36,4,0.0,0.0,589376
2024-06-17 14:00:00,00000000270,20240617140000,0.441,0.023,0.0,0.0,0.0,0.0,1.0,5.22,0.0,4,0.0,0.0,589376
2024-06-17 15:00:00,00000000270,20240617150000,0.284,0.043,0.0,0.0,0.0,0.0,1.0,15.14,0.0,4,0.0,0.0,589376
2024-06-17 16:00:00,00000000270,20240617160000,0.841,0.041,0.012,0.0,0.0,0.0,1.0,4.88,1.43,4,0.0,0.0,589376
2024-06-17 17:00:00,00000000270,20240617170000,0.134,0.0,0.051,0.0,0.0,0.0,1.0,0.0,38.06,4,0.0,0.0,589376
2024-06-17 18:00:00,00000000270,20240617180000,0.2,0.0,0.022,0.0,0.0,0.0,1.0,0.0,11.0,4,0.0,0.0,589376
2024-06-17 19:00:00,00000000270,20240617190000,0.183,0.0,0.024,0.0,0.0,0.0,1.0,0.0,13.11,4,0.0,0.0,589376
2024-06-17 20:00:00,00000000270,20240617200000,0.129,0.0,0.044,0.0,0.0,0.0,1.0,0.0,34.11,4,0.0,0.0,589376
2024-06-17 21:00:00,00000000270,20240617210000,0.228,0.023,0.004,0.0,0.0,0.0,1.0,10.09,1.75,4,0.0,0.0,589376
2024-06-17 22:00:00,00000000270,20240617220000,0.356,0.004,0.032,0.0,0.0,0.0,1.0,1.12,8.99,4,0.0,0.0,589376
2024-06-17 23:00:00,00000000270,20240617230000,0.174,0.0,0.041,0.0,0.0,0.0,1.0,0.0,23.56,4,0.0,0.0,589376
2024-06-18 00:00:00,00000000270,20240618000000,0.185,0.0,0.026,0.0,0.0,0.0,1.0,0.0,14.05,4,0.0,0.0,589376
2024-06-18 01:00:00,00000000270,20240618010000,0.142,0.0,0.047,0.0,0.0,0.0,1.0,0.0,33.1,4,0.0,0.0,589376
2024-06-18 02:00:00,00000000270,20240618020000,0.147,0.0,0.039,0.0,0.0,0.0,1.0,0.0,26.53,4,0.0,0.0,589376
2024-06-18 03:00:00,00000000270,20240618030000,0.128,0.001,0.025,0.0,0.0,0.0,1.0,0.78,19.53,4,0.0,0.0,589376
2024-06-18 04:00:00,00000000270,20240618040000,0.163,0.003,0.037,0.0,0.0,0.0,1.0,1.84,22.7,4,0.0,0.0,589376
2024-06-18 05:00:00,00000000270,20240618050000,0.109,0.0,0.063,0.0,0.0,0.0,1.0,0.0,57.8,4,0.0,0.0,589376
2024-06-18 06:00:00,00000000270,20240618060000,0.241,0.0,0.032,0.0,0.0,0.0,1.0,0.0,13.28,4,0.0,0.0,589376
2024-06-18 07:00:00,00000000270,20240618070000,0.178,0.0,0.049,0.0,0.0,0.0,1.0,0.0,27.53,4,0.0,0.0,589376
2024-06-18 08:00:00,00000000270,20240618080000,1.492,0.007,0.019,0.0,0.0,0.0,1.0,0.47,1.27,4,0.0,0.0,589376
2024-06-18 09:00:00,00000000270,20240618090000,0.128,0.0,0.019,0.0,0.0,0.0,1.0,0.0,14.84,4,0.0,0.0,589376
2024-06-18 10:00:00,00000000270,20240618100000,0.146,0.0,0.048,0.0,0.0,0.0,1.0,0.0,32.88,4,0.0,0.0,589376
2024-06-18 11:00:00,00000000270,20240618110000,1.779,0.064,0.0,0.0,0.0,0.0,1.0,3.6,0.0,4,0.0,0.0,589376
2024-06-18 12:00:00,00000000270,20240618120000,0.646,0.036,0.023,0.0,0.0,0.0,1.0,5.57,3.56,4,0.0,0.0,589376
2024-06-18 13:00:00,00000000270,20240618130000,0.36,0.382,0.019,0.0,0.0,0.0,1.0,106.11,5.28,4,0.0,0.0,589376
2024-06-18 14:00:00,00000000270,20240618140000,0.189,0.037,0.025,0.0,0.0,0.0,1.0,19.58,13.23,4,0.0,0.0,589376
2024-06-18 15:00:00,00000000270,20240618150000,0.205,0.0,0.057,0.0,0.0,0.0,1.0,0.0,27.8,4,0.0,0.0,589376
2024-06-18 16:00:00,00000000270,20240618160000,0.211,0.0,0.028,0.0,0.0,0.0,1.0,0.0,13.27,4,0.0,0.0,589376
2024-06-18 17:00:00,00000000270,20240618170000,0.376,0.0,0.023,0.0,0.0,0.0,1.0,0.0,6.12,4,0.0,0.0,589376
2024-06-18 18:00:00,00000000270,20240618180000,0.169,0.0,0.047,0.0,0.0,0.0,1.0,0.0,27.81,4,0.0,0.0,589376
2024-06-18 19:00:00,00000000270,20240618190000,0.217,0.0,0.03,0.0,0.0,0.0,1.0,0.0,13.82,4,0.0,0.0,589376
2024-06-18 20:00:00,00000000270,20240618200000,0.197,0.0,0.023,0.0,0.0,0.0,1.0,0.0,11.68,4,0.0,0.0,589376
2024-06-18 21:00:00,00000000270,20240618210000,0.402,0.166,0.01,0.0,0.0,0.0,1.0,41.29,2.49,4,0.0,0.0,589376
2024-06-18 22:00:00,00000000270,20240618220000,0.314,0.336,0.0,0.0,0.0,0.0,1.0,107.01,0.0,4,0.0,0.0,589376
2024-06-18 23:00:00,00000000270,20240618230000,0.209,0.02,0.016,0.0,0.0,0.0,1.0,9.57,7.66,4,0.0,0.0,589376
2024-06-19 00:00:00,00000000270,20240619000000,0.171,0.006,0.028,0.0,0.0,0.0,1.0,3.51,16.37,4,0.0,0.0,589376
2024-06-19 01:00:00,00000000270,20240619010000,0.109,0.0,0.058,0.0,0.0,0.0,1.0,0.0,53.21,4,0.0,0.0,589376
2024-06-19 02:00:00,00000000270,20240619020000,0.163,0.0,0.025,0.0,0.0,0.0,1.0,0.0,15.34,4,0.0,0.0,589376
2024-06-19 03:00:00,00000000270,20240619030000,0.151,0.001,0.032,0.0,0.0,0.0,1.0,0.66,21.19,4,0.0,0.0,589376
2024-06-19 04:00:00,00000000270,20240619040000,0.098,0.0,0.061,0.0,0.0,0.0,1.0,0.0,62.24,4,0.0,0.0,589376
2024-06-19 05:00:00,00000000270,20240619050000,0.142,0.0,0.027,0.0,0.0,0.0,1.0,0.0,19.01,4,0.0,0.0,589376
2024-06-19 06:00:00,00000000270,20240619060000,0.147,0.001,0.038,0.0,0.0,0.0,1.0,0.68,25.85,4,0.0,0.0,589376
2024-06-19 07:00:00,00000000270,20240619070000,0.174,0.0,0.059,0.0,0.0,0.0,1.0,0.0,33.91,4,0.0,0.0,589376
2024-06-19 08:00:00,00000000270,20240619080000,0.523,0.001,0.023,0.0,0.0,0.0,1.0,0.19,4.4,4,0.0,0.0,589376
2024-06-19 09:00:00,00000000270,20240619090000,0.133,0.0,0.052,0.0,0.0,0.0,1.0,0.0,39.1,4,0.0,0.0,589376
2024-06-19 10:00:00,00000000270,20240619100000,0.15,0.0,0.034,0.0,0.0,0.0,1.0,0.0,22.67,4,0.0,0.0,589376
2024-06-19 11:00:00,00000000270,20240619110000,0.125,0.001,0.036,0.0,0.0,0.0,1.0,0.8,28.8,4,0.0,0.0,589376
2024-06-19 12:00:00,00000000270,20240619120000,0.103,0.0,0.049,0.0,0.0,0.0,1.0,0.0,47.57,4,0.0,0.0,589376
2024-06-19 13:00:00,00000000270,20240619130000,1.512,0.017,0.001,0.0,0.0,0.0,1.0,1.12,0.07,4,0.0,0.0,589376
2024-06-19 14:00:00,00000000270,20240619140000,0.455,0.004,0.033,0.0,0.0,0.0,1.0,0.88,7.25,4,0.0,0.0,589376
2024-06-19 15:00:00,00000000270,20240619150000,0.158,0.1,0.035,0.0,0.0,0.0,1.0,63.29,22.15,4,0.0,0.0,589376
2024-06-19 16:00:00,00000000270,20240619160000,0.228,0.0,0.027,0.0,0.0,0.0,1.0,0.0,11.84,4,0.0,0.0,589376
2024-06-19 17:00:00,00000000270,20240619170000,0.16,0.0,0.041,0.0,0.0,0.0,1.0,0.0,25.62,4,0.0,0.0,589376
2024-06-19 18:00:00,00000000270,20240619180000,0.166,0.001,0.03,0.0,0.0,0.0,1.0,0.6,18.07,4,0.0,0.0,589376
2024-06-19 19:00:00,00000000270,20240619190000,0.152,0.0,0.023,0.0,0.0,0.0,1.0,0.0,15.13,4,0.0,0.0,589376
2024-06-19 20:00:00,00000000270,20240619200000,0.149,0.001,0.027,0.0,0.0,0.0,1.0,0.67,18.12,4,0.0,0.0,589376
2024-06-19 21:00:00,00000000270,20240619210000,0.172,0.011,0.005,0.0,0.0,0.0,1.0,6.4,2.91,4,0.0,0.0,589376
2024-06-19 22:00:00,00000000270,20240619220000,0.405,0.363,0.003,0.0,0.0,0.0,1.0,89.63,0.74,4,0.0,0.0,589376
2024-06-19 23:00:00,00000000270,20240619230000,0.16,0.058,0.026,0.0,0.0,0.0,1.0,36.25,16.25,4,0.0,0.0,589376
2024-06-20 00:00:00,00000000270,20240620000000,0.187,0.0,0.056,0.0,0.0,0.0,1.0,0.0,29.95,4,0.0,0.0,589376
2024-06-20 01:00:00,00000000270,20240620010000,0.434,0.002,0.009,0.0,0.0,0.0,1.0,0.46,2.07,4,0.0,0.0,589376
2024-06-20 02:00:00,00000000270,20240620020000,0.263,0.001,0.029,0.0,0.0,0.0,1.0,0.38,11.03,4,0.0,0.0,589376
2024-06-20 03:00:00,00000000270,20240620030000,0.191,0.002,0.05,0.0,0.0,0.0,1.0,1.05,26.18,4,0.0,0.0,589376
2024-06-20 04:00:00,00000000270,20240620040000,0.206,0.002,0.031,0.0,0.0,0.0,1.0,0.97,15.05,4,0.0,0.0,589376
2024-06-20 05:00:00,00000000270,20240620050000,0.143,0.0,0.065,0.0,0.0,0.0,1.0,0.0,45.45,4,0.0,0.0,589376
2024-06-20 06:00:00,00000000270,20240620060000,0.176,0.001,0.039,0.0,0.0,0.0,1.0,0.57,22.16,4,0.0,0.0,589376
2024-06-20 07:00:00,00000000270,20240620070000,1.204,0.001,0.022,0.0,0.0,0.0,1.0,0.08,1.83,4,0.0,0.0,589376
2024-06-20 08:00:00,00000000270,20240620080000,0.573,0.0,0.043,0.0,0.0,0.0,1.0,0.0,7.5,4,0.0,0.0,589376
2024-06-20 09:00:00,00000000270,20240620090000,0.193,0.001,0.042,0.0,0.0,0.0,1.0,0.52,21.76,4,0.0,0.0,589376
2024-06-20 10:00:00,00000000270,20240620100000,0.145,0.0,0.057,0.0,0.0,0.0,1.0,0.0,39.31,4,0.0,0.0,589376
2024-06-20 11:00:00,00000000270,20240620110000,0.158,0.0,0.031,0.0,0.0,0.0,1.0,0.0,19.62,4,0.0,0.0,589376
2024-06-20 12:00:00,00000000270,20240620120000,0.088,0.001,0.063,0.0,0.0,0.0,1.0,1.14,71.59,4,0.0,0.0,589376
2024-06-20 13:00:00,00000000270,20240620130000,0.14,0.0,0.033,0.0,0.0,0.0,1.0,0.0,23.57,4,0.0,0.0,589376
2024-06-20 14:00:00,00000000270,20240620140000,0.19,0.109,0.032,0.0,0.0,0.0,1.0,57.37,16.84,4,0.0,0.0,589376
2024-06-20 15:00:00,00000000270,20240620150000,0.182,0.153,0.018,0.0,0.0,0.0,1.0,84.07,9.89,4,0.0,0.0,589376
2024-06-20 16:00:00,00000000270,20240620160000,0.24,0.021,0.019,0.0,0.0,0.0,1.0,8.75,7.92,4,0.0,0.0,589376
2024-06-20 17:00:00,00000000270,20240620170000,0.174,0.165,0.031,0.0,0.0,0.0,1.0,94.83,17.82,4,0.0,0.0,589376
2024-06-20 18:00:00,00000000270,20240620180000,0.255,0.132,0.016,0.0,0.0,0.0,1.0,51.76,6.27,4,0.0,0.0,589376
2024-06-20 19:00:00,00000000270,20240620190000,0.175,0.0,0.019,0.0,0.0,0.0,1.0,0.0,10.86,4,0.0,0.0,589376
2024-06-20 20:00:00,00000000270,20240620200000,0.121,0.001,0.047,0.0,0.0,0.0,1.0,0.83,38.84,4,0.0,0.0,589376
2024-06-20 21:00:00,00000000270,20240620210000,0.187,0.02,0.017,0.0,0.0,0.0,1.0,10.7,9.09,4,0.0,0.0,589376
2024-06-20 22:00:00,00000000270,20240620220000,0.139,0.001,0.032,0.0,0.0,0.0,1.0,0.72,23.02,4,0.0,0.0,589376
2024-06-20 23:00:00,00000000270,20240620230000,0.123,0.001,0.043,0.0,0.0,0.0,1.0,0.81,34.96,4,0.0,0.0,589376
2024-06-21 00:00:00,00000000270,20240621000000,0.147,0.0,0.022,0.0,0.0,0.0,1.0,0.0,14.97,4,0.0,0.0,589376
2024-06-21 01:00:00,00000000270,20240621010000,0.081,0.001,0.05,0.0,0.0,0.0,1.0,1.23,61.73,4,0.0,0.0,589376
2024-06-21 02:00:00,00000000270,20240621020000,0.21,0.0,0.03,0.0,0.0,0.0,1.0,0.0,14.29,4,0.0,0.0,589376
2024-06-21 03:00:00,00000000270,20240621030000,0.171,0.0,0.019,0.0,0.0,0.0,1.0,0.0,11.11,4,0.0,0.0,589376
2024-06-21 04:00:00,00000000270,20240621040000,0.111,0.001,0.059,0.0,0.0,0.0,1.0,0.9,53.15,4,0.0,0.0,589376
2024-06-21 05:00:00,00000000270,20240621050000,0.16,0.001,0.024,0.0,0.0,0.0,1.0,0.62,15.0,4,0.0,0.0,589376
2024-06-21 06:00:00,00000000270,20240621060000,0.113,0.0,0.044,0.0,0.0,0.0,1.0,0.0,38.94,4,0.0,0.0,589376
2024-06-21 07:00:00,00000000270,20240621070000,0.106,0.0,0.043,0.0,0.0,0.0,1.0,0.0,40.57,4,0.0,0.0,589376
2024-06-21 08:00:00,00000000270,20240621080000,0.431,0.243,0.012,0.0,0.0,0.0,1.0,56.38,2.78,4,0.0,0.0,589376
2024-06-21 09:00:00,00000000270,20240621090000,1.381,0.31,0.011,0.0,0.0,0.0,1.0,22.45,0.8,4,0.0,0.0,589376
2024-06-21 10:00:00,00000000270,20240621100000,0.206,0.123,0.014,0.0,0.0,0.0,1.0,59.71,6.8,4,0.0,0.0,589376
2024-06-21 11:00:00,00000000270,20240621110000,0.209,0.0,0.033,0.0,0.0,0.0,1.0,0.0,15.79,4,0.0,0.0,589376
2024-06-21 12:00:00,00000000270,20240621120000,0.245,0.014,0.031,0.0,0.0,0.0,1.0,5.71,12.65,4,0.0,0.0,589376
2024-06-21 13:00:00,00000000270,20240621130000,0.214,0.159,0.016,0.0,0.0,0.0,1.0,74.3,7.48,4,0.0,0.0,589376
2024-06-21 14:00:00,00000000270,20240621140000,0.156,0.001,0.034,0.0,0.0,0.0,1.0,0.64,21.79,4,0.0,0.0,589376
2024-06-21 15:00:00,00000000270,20240621150000,0.129,0.0,0.039,0.0,0.0,0.0,1.0,0.0,30.23,4,0.0,0.0,589376
2024-06-21 16:00:00,00000000270,20240621160000,0.5,0.001,0.023,0.0,0.0,0.0,1.0,0.2,4.6,4,0.0,0.0,589376
2024-06-21 17:00:00,00000000270,20240621170000,0.691,0.007,0.014,0.0,0.0,0.0,1.0,1.01,2.03,4,0.0,0.0,589376
2024-06-21 18:00:00,00000000270,20240621180000,1.718,0.004,0.011,0.0,0.0,0.0,1.0,0.23,0.64,4,0.0,0.0,589376
2024-06-21 19:00:00,00000000270,20240621190000,0.462,0.001,0.03,0.0,0.0,0.0,1.0,0.22,6.49,4,0.0,0.0,589376
2024-06-21 20:00:00,00000000270,20240621200000,0.172,0.014,0.026,0.0,0.0,0.0,1.0,8.14,15.12,4,0.0,0.0,589376
2024-06-21 21:00:00,00000000270,20240621210000,0.281,0.043,0.001,0.0,0.0,0.0,1.0,15.3,0.36,4,0.0,0.0,589376
2024-06-21 22:00:00,00000000270,20240621220000,0.144,0.001,0.035,0.0,0.0,0.0,1.0,0.69,24.31,4,0.0,0.0,589376
2024-06-21 23:00:00,00000000270,20240621230000,0.15,0.0,0.038,0.0,0.0,0.0,1.0,0.0,25.33,4,0.0,0.0,589376
2024-06-22 00:00:00,00000000270,20240622000000,0.127,0.001,0.045,0.0,0.0,0.0,1.0,0.79,35.43,4,0.0,0.0,589376
2024-06-22 01:00:00,00000000270,20240622010000,0.135,0.0,0.041,0.0,0.0,0.0,1.0,0.0,30.37,4,0.0,0.0,589376
2024-06-22 02:00:00,00000000270,20240622020000,0.114,0.001,0.044,0.0,0.0,0.0,1.0,0.88,38.6,4,0.0,0.0,589376
2024-06-22 03:00:00,00000000270,20240622030000,0.169,0.0,0.047,0.0,0.0,0.0,1.0,0.0,27.81,4,0.0,0.0,589376
2024-06-22 04:00:00,00000000270,20240622040000,0.149,0.001,0.04,0.0,0.0,0.0,1.0,0.67,26.85,4,0.0,0.0,589376
2024-06-22 05:00:00,00000000270,20240622050000,0.129,0.0,0.04,0.0,0.0,0.0,1.0,0.0,31.01,4,0.0,0.0,589376
2024-06-22 06:00:00,00000000270,20240622060000,0.111,0.0,0.044,0.0,0.0,0.0,1.0,0.0,39.64,4,0.0,0.0,589376
2024-06-22 07:00:00,00000000270,20240622070000,0.334,0.001,0.041,0.0,0.0,0.0,1.0,0.3,12.28,4,0.0,0.0,589376
2024-06-22 08:00:00,00000000270,20240622080000,0.156,0.001,0.04,0.0,0.0,0.0,1.0,0.64,25.64,4,0.0,0.0,589376
2024-06-22 09:00:00,00000000270,20240622090000,0.194,0.113,0.043,0.0,0.0,0.0,1.0,58.25,22.16,4,0.0,0.0,589376
2024-06-22 10:00:00,00000000270,20240622100000,1.102,0.38,0.009,0.0,0.0,0.0,1.0,34.48,0.82,4,0.0,0.0,589376
2024-06-22 11:00:00,00000000270,20240622110000,0.64,0.043,0.028,0.0,0.0,0.0,1.0,6.72,4.38,4,0.0,0.0,589376
2024-06-22 12:00:00,00000000270,20240622120000,0.349,0.003,0.038,0.0,0.0,0.0,1.0,0.86,10.89,4,0.0,0.0,589376
2024-06-22 13:00:00,00000000270,20240622130000,0.211,0.009,0.037,0.0,0.0,0.0,1.0,4.27,17.54,4,0.0,0.0,589376
2024-06-22 14:00:00,00000000270,20240622140000,0.15,0.001,0.034,0.0,0.0,0.0,1.0,0.67,22.67,4,0.0,0.0,589376
2024-06-22 15:00:00,00000000270,20240622150000,0.111,0.0,0.045,0.0,0.0,0.0,1.0,0.0,40.54,4,0.0,0.0,589376
2024-06-22 16:00:00,00000000270,20240622160000,0.154,0.003,0.043,0.0,0.0,0.0,1.0,1.95,27.92,4,0.0,0.0,589376
2024-06-22 17:00:00,00000000270,20240622170000,0.558,0.017,0.026,0.0,0.0,0.0,1.0,3.05,4.66,4,0.0,0.0,589376
2024-06-22 18:00:00,00000000270,20240622180000,0.427,0.019,0.018,0.0,0.0,0.0,1.0,4.45,4.22,4,0.0,0.0,589376
2024-06-22 19:00:00,00000000270,20240622190000,0.118,0.001,0.039,0.0,0.0,0.0,1.0,0.85,33.05,4,0.0,0.0,589376
2024-06-22 20:00:00,00000000270,20240622200000,0.098,0.0,0.045,0.0,0.0,0.0,1.0,0.0,45.92,4,0.0,0.0,589376
2024-06-22 21:00:00,00000000270,20240622210000,0.15,0.019,0.011,0.0,0.0,0.0,1.0,12.67,7.33,4,0.0,0.0,589376
2024-06-22 22:00:00,00000000270,20240622220000,0.23,0.016,0.023,0.0,0.0,0.0,1.0,6.96,10.0,4,0.0,0.0,589376
2024-06-22 23:00:00,00000000270,20240622230000,0.168,0.0,0.034,0.0,0.0,0.0,1.0,0.0,20.24,4,0.0,0.0,589376
2024-06-23 00:00:00,00000000270,20240623000000,0.136,0.001,0.039,0.0,0.0,0.0,1.0,0.74,28.68,4,0.0,0.0,589376
2024-06-23 01:00:00,00000000270,20240623010000,0.112,0.0,0.036,0.0,0.0,0.0,1.0,0.0,32.14,4,0.0,0.0,589376
2024-06-23 02:00:00,00000000270,20240623020000,0.108,0.001,0.033,0.0,0.0,0.0,1.0,0.93,30.56,4,0.0,0.0,589376
2024-06-23 03:00:00,00000000270,20240623030000,0.118,0.0,0.031,0.0,0.0,0.0,1.0,0.0,26.27,4,0.0,0.0,589376
2024-06-23 04:00:00,00000000270,20240623040000,0.107,0.001,0.037,0.0,0.0,0.0,1.0,0.93,34.58,4,0.0,0.0,589376
2024-06-23 05:00:00,00000000270,20240623050000,0.1,0.0,0.041,0.0,0.0,0.0,1.0,0.0,41.0,4,0.0,0.0,589376
2024-06-23 06:00:00,00000000270,20240623060000,0.097,0.001,0.042,0.0,0.0,0.0,1.0,1.03,43.3,4,0.0,0.0,589376
2024-06-23 07:00:00,00000000270,20240623070000,0.109,0.0,0.038,0.0,0.0,0.0,1.0,0.0,34.86,4,0.0,0.0,589376
2024-06-23 08:00:00,00000000270,20240623080000,0.419,0.05,0.036,0.0,0.0,0.0,1.0,11.93,8.59,4,0.0,0.0,589376
2024-06-23 09:00:00,00000000270,20240623090000,1.185,0.426,0.015,0.0,0.0,0.0,1.0,35.95,1.27,4,0.0,0.0,589376
2024-06-23 10:00:00,00000000270,20240623100000,0.298,0.377,0.01,0.0,0.0,0.0,1.0,126.51,3.36,4,0.0,0.0,589376
2024-06-23 11:00:00,00000000270,20240623110000,0.211,0.131,0.015,0.0,0.0,0.0,1.0,62.09,7.11,4,0.0,0.0,589376
2024-06-23 12:00:00,00000000270,20240623120000,0.108,0.0,0.047,0.0,0.0,0.0,1.0,0.0,43.52,4,0.0,0.0,589376
2024-06-23 13:00:00,00000000270,20240623130000,0.104,0.001,0.039,0.0,0.0,0.0,1.0,0.96,37.5,4,0.0,0.0,589376
2024-06-23 14:00:00,00000000270,20240623140000,1.156,0.308,0.025,0.0,0.0,0.0,1.0,26.64,2.16,4,0.0,0.0,589376
2024-06-23 15:00:00,00000000270,20240623150000,0.237,0.469,0.015,0.0,0.0,0.0,1.0,197.89,6.33,4,0.0,0.0,589376
2024-06-23 16:00:00,00000000270,20240623160000,0.188,0.179,0.021,0.0,0.0,0.0,1.0,95.21,11.17,4,0.0,0.0,589376
2024-06-23 17:00:00,00000000270,20240623170000,0.197,0.0,0.042,0.0,0.0,0.0,1.0,0.0,21.32,4,0.0,0.0,589376
2024-06-23 18:00:00,00000000270,20240623180000,0.2,0.001,0.037,0.0,0.0,0.0,1.0,0.5,18.5,4,0.0,0.0,589376
2024-06-23 19:00:00,00000000270,20240623190000,0.153,0.0,0.032,0.0,0.0,0.0,1.0,0.0,20.92,4,0.0,0.0,589376
2024-06-23 20:00:00,00000000270,20240623200000,0.124,0.001,0.044,0.0,0.0,0.0,1.0,0.81,35.48,4,0.0,0.0,589376
2024-06-23 21:00:00,00000000270,20240623210000,0.121,0.0,0.046,0.0,0.0,0.0,1.0,0.0,38.02,4,0.0,0.0,589376
2024-06-23 22:00:00,00000000270,20240623220000,0.12,0.001,0.037,0.0,0.0,0.0,1.0,0.83,30.83,4,0.0,0.0,589376
2024-06-23 23:00:00,00000000270,20240623230000,0.105,0.0,0.038,0.0,0.0,0.0,1.0,0.0,36.19,4,0.0,0.0,589376
2024-06-24 00:00:00,00000000270,20240624000000,0.127,0.001,0.046,0.0,0.0,0.0,1.0,0.79,36.22,4,0.0,0.0,589376
2024-06-24 01:00:00,00000000270,20240624010000,0.243,0.0,0.04,0.0,0.0,0.0,1.0,0.0,16.46,4,0.0,0.0,589376
2024-06-24 02:00:00,00000000270,20240624020000,0.173,0.001,0.047,0.0,0.0,0.0,1.0,0.58,27.17,4,0.0,0.0,589376
2024-06-24 03:00:00,00000000270,20240624030000,0.149,0.002,0.054,0.0,0.0,0.0,1.0,1.34,36.24,4,0.0,0.0,589376
2024-06-24 04:00:00,00000000270,20240624040000,0.142,0.0,0.052,0.0,0.0,0.0,1.0,0.0,36.62,4,0.0,0.0,589376
2024-06-24 05:00:00,00000000270,20240624050000,0.21,0.001,0.062,0.0,0.0,0.0,1.0,0.48,29.52,4,0.0,0.0,589376
2024-06-24 06:00:00,00000000270,20240624060000,0.152,0.0,0.06,0.0,0.0,0.0,1.0,0.0,39.47,4,0.0,0.0,589376
2024-06-24 07:00:00,00000000270,20240624070000,0.492,0.097,0.044,0.0,0.0,0.0,1.0,19.72,8.94,4,0.0,0.0,589376
2024-06-24 08:00:00,00000000270,20240624080000,0.266,0.271,0.019,0.0,0.0,0.0,1.0,101.88,7.14,4,0.0,0.0,589376
2024-06-24 09:00:00,00000000270,20240624090000,0.239,0.001,0.056,0.0,0.0,0.0,1.0,0.42,23.43,4,0.0,0.0,589376
2024-06-24 10:00:00,00000000270,20240624100000,0.312,0.0,0.057,0.0,0.0,0.0,1.0,0.0,18.27,4,0.0,0.0,589376
2024-06-24 11:00:00,00000000270,20240624110000,0.227,0.001,0.042,0.0,0.0,0.0,1.0,0.44,18.5,4,0.0,0.0,589376
2024-06-24 12:00:00,00000000270,20240624120000,0.547,0.001,0.012,0.0,0.0,0.0,1.0,0.18,2.19,4,0.0,0.0,589376
2024-06-24 13:00:00,00000000270,20240624130000,0.371,0.003,0.012,0.0,0.0,0.0,1.0,0.81,3.23,4,0.0,0.0,589376
2024-06-24 14:00:00,00000000270,20240624140000,0.287,0.001,0.026,0.0,0.0,0.0,1.0,0.35,9.06,4,0.0,0.0,589376
2024-06-24 15:00:00,00000000270,20240624150000,0.376,0.001,0.027,0.0,0.0,0.0,1.0,0.27,7.18,4,0.0,0.0,589376
2024-06-24 16:00:00,00000000270,20240624160000,0.382,0.004,0.006,0.0,0.0,0.0,1.0,1.05,1.57,4,0.0,0.0,589376
2024-06-24 17:00:00,00000000270,20240624170000,0.463,0.007,0.005,0.0,0.0,0.0,1.0,1.51,1.08,4,0.0,0.0,589376
2024-06-24 18:00:00,00000000270,20240624180000,0.943,0.008,0.013,0.0,0.0,0.0,1.0,0.85,1.38,4,0.0,0.0,589376
2024-06-24 19:00:00,00000000270,20240624190000,0.618,0.008,0.006,0.0,0.0,0.0,1.0,1.29,0.97,4,0.0,0.0,589376
2024-06-24 20:00:00,00000000270,20240624200000,0.589,0.016,0.0,0.0,0.0,0.0,1.0,2.72,0.0,4,0.0,0.0,589376
2024-06-24 21:00:00,00000000270,20240624210000,0.349,0.012,0.009,0.0,0.0,0.0,1.0,3.44,2.58,4,0.0,0.0,589376
2024-06-24 22:00:00,00000000270,20240624220000,0.281,0.006,0.015,0.0,0.0,0.0,1.0,2.14,5.34,4,0.0,0.0,589376
2024-06-24 23:00:00,00000000270,20240624230000,0.263,0.043,0.002,0.0,0.0,0.0,1.0,16.35,0.76,4,0.0,0.0,589376
2024-06-25 00:00:00,00000000270,20240625000000,0.21,0.033,0.027,0.0,0.0,0.0,1.0,15.71,12.86,4,0.0,0.0,589376
2024-06-25 01:00:00,00000000270,20240625010000,0.157,0.003,0.044,0.0,0.0,0.0,1.0,1.91,28.03,4,0.0,0.0,589376
2024-06-25 02:00:00,00000000270,20240625020000,0.345,0.001,0.043,0.0,0.0,0.0,1.0,0.29,12.46,4,0.0,0.0,589376
2024-06-25 03:00:00,00000000270,20240625030000,0.241,0.001,0.034,0.0,0.0,0.0,1.0,0.41,14.11,4,0.0,0.0,589376
2024-06-25 04:00:00,00000000270,20240625040000,0.216,0.001,0.034,0.0,0.0,0.0,1.0,0.46,15.74,4,0.0,0.0,589376
2024-06-25 05:00:00,00000000270,20240625050000,0.171,0.002,0.047,0.0,0.0,0.0,1.0,1.17,27.49,4,0.0,0.0,589376
2024-06-25 06:00:00,00000000270,20240625060000,0.161,0.001,0.054,0.0,0.0,0.0,1.0,0.62,33.54,4,0.0,0.0,589376
2024-06-25 07:00:00,00000000270,20240625070000,0.152,0.001,0.035,0.0,0.0,0.0,1.0,0.66,23.03,4,0.0,0.0,589376
2024-06-25 08:00:00,00000000270,20240625080000,0.109,0.001,0.049,0.0,0.0,0.0,1.0,0.92,44.95,4,0.0,0.0,589376
2024-06-25 09:00:00,00000000270,20240625090000,0.223,0.0,0.055,0.0,0.0,0.0,1.0,0.0,24.66,4,0.0,0.0,589376
2024-06-25 10:00:00,00000000270,20240625100000,0.552,0.247,0.017,0.0,0.0,0.0,1.0,44.75,3.08,4,0.0,0.0,589376
2024-06-25 11:00:00,00000000270,20240625110000,0.438,0.153,0.013,0.0,0.0,0.0,1.0,34.93,2.97,4,0.0,0.0,589376
2024-06-25 12:00:00,00000000270,20240625120000,0.531,0.0,0.034,0.0,0.0,0.0,1.0,0.0,6.4,4,0.0,0.0,589376
2024-06-25 13:00:00,00000000270,20240625130000,0.296,0.001,0.048,0.0,0.0,0.0,1.0,0.34,16.22,4,0.0,0.0,589376
2024-06-25 14:00:00,00000000270,20240625140000,0.193,0.0,0.024,0.0,0.0,0.0,1.0,0.0,12.44,4,0.0,0.0,589376
2024-06-25 15:00:00,00000000270,20240625150000,0.342,0.001,0.032,0.0,0.0,0.0,1.0,0.29,9.36,4,0.0,0.0,589376
2024-06-25 16:00:00,00000000270,20240625160000,0.339,0.01,0.016,0.0,0.0,0.0,1.0,2.95,4.72,4,0.0,0.0,589376
2024-06-25 17:00:00,00000000270,20240625170000,0.329,0.006,0.018,0.0,0.0,0.0,1.0,1.82,5.47,4,0.0,0.0,589376
2024-06-25 18:00:00,00000000270,20240625180000,0.345,0.002,0.025,0.0,0.0,0.0,1.0,0.58,7.25,4,0.0,0.0,589376
2024-06-25 19:00:00,00000000270,20240625190000,0.221,0.002,0.026,0.0,0.0,0.0,1.0,0.9,11.76,4,0.0,0.0,589376
2024-06-25 20:00:00,00000000270,20240625200000,1.09,0.008,0.031,0.0,0.0,0.0,1.0,0.73,2.84,4,0.0,0.0,589376
2024-06-25 21:00:00,00000000270,20240625210000,0.279,0.002,0.04,0.0,0.0,0.0,1.0,0.72,14.34,4,0.0,0.0,589376
2024-06-25 22:00:00,00000000270,20240625220000,0.434,0.006,0.027,0.0,0.0,0.0,1.0,1.38,6.22,4,0.0,0.0,589376
2024-06-25 23:00:00,00000000270,20240625230000,0.323,0.004,0.024,0.0,0.0,0.0,1.0,1.24,7.43,4,0.0,0.0,589376
2024-06-26 00:00:00,00000000270,20240626000000,0.291,0.001,0.034,0.0,0.0,0.0,1.0,0.34,11.68,4,0.0,0.0,589376
2024-06-26 01:00:00,00000000270,20240626010000,0.209,0.001,0.034,0.0,0.0,0.0,1.0,0.48,16.27,4,0.0,0.0,589376
2024-06-26 02:00:00,00000000270,20240626020000,0.245,0.003,0.039,0.0,0.0,0.0,1.0,1.22,15.92,4,0.0,0.0,589376
2024-06-26 03:00:00,00000000270,20240626030000,0.186,0.003,0.05,0.0,0.0,0.0,1.0,1.61,26.88,4,0.0,0.0,589376
2024-06-26 04:00:00,00000000270,20240626040000,0.158,0.001,0.054,0.0,0.0,0.0,1.0,0.63,34.18,4,0.0,0.0,589376
2024-06-26 05:00:00,00000000270,20240626050000,0.166,0.001,0.051,0.0,0.0,0.0,1.0,0.6,30.72,4,0.0,0.0,589376
2024-06-26 06:00:00,00000000270,20240626060000,0.136,0.001,0.041,0.0,0.0,0.0,1.0,0.74,30.15,4,0.0,0.0,589376
2024-06-26 07:00:00,00000000270,20240626070000,0.108,0.0,0.046,0.0,0.0,0.0,1.0,0.0,42.59,4,0.0,0.0,589376
2024-06-26 08:00:00,00000000270,20240626080000,0.083,0.001,0.049,0.0,0.0,0.0,1.0,1.2,59.04,4,0.0,0.0,589376
2024-06-26 09:00:00,00000000270,20240626090000,0.215,0.0,0.055,0.0,0.0,0.0,1.0,0.0,25.58,4,0.0,0.0,589376
2024-06-26 10:00:00,00000000270,20240626100000,0.254,0.001,0.058,0.0,0.0,0.0,1.0,0.39,22.83,4,0.0,0.0,589376
2024-06-26 11:00:00,00000000270,20240626110000,0.357,0.0,0.041,0.0,0.0,0.0,1.0,0.0,11.48,4,0.0,0.0,589376
2024-06-26 12:00:00,00000000270,20240626120000,0.508,0.002,0.041,0.0,0.0,0.0,1.0,0.39,8.07,4,0.0,0.0,589376
2024-06-26 13:00:00,00000000270,20240626130000,0.583,0.002,0.017,0.0,0.0,0.0,1.0,0.34,2.92,4,0.0,0.0,589376
2024-06-26 14:00:00,00000000270,20240626140000,0.386,0.001,0.033,0.0,0.0,0.0,1.0,0.26,8.55,4,0.0,0.0,589376
2024-06-26 15:00:00,00000000270,20240626150000,0.292,0.001,0.041,0.0,0.0,0.0,1.0,0.34,14.04,4,0.0,0.0,589376
2024-06-26 16:00:00,00000000270,20240626160000,0.308,0.001,0.028,0.0,0.0,0.0,1.0,0.32,9.09,4,0.0,0.0,589376
2024-06-26 17:00:00,00000000270,20240626170000,0.338,0.0,0.02,0.0,0.0,0.0,1.0,0.0,5.92,4,0.0,0.0,589376
2024-06-26 18:00:00,00000000270,20240626180000,0.369,0.002,0.018,0.0,0.0,0.0,1.0,0.54,4.88,4,0.0,0.0,589376
2024-06-26 19:00:00,00000000270,20240626190000,0.382,0.002,0.017,0.0,0.0,0.0,1.0,0.52,4.45,4,0.0,0.0,589376
2024-06-26 20:00:00,00000000270,20240626200000,0.245,0.002,0.064,0.0,0.0,0.0,1.0,0.82,26.12,4,0.0,0.0,589376
2024-06-26 21:00:00,00000000270,20240626210000,0.568,0.003,0.047,0.0,0.0,0.0,1.0,0.53,8.27,4,0.0,0.0,589376
2024-06-26 22:00:00,00000000270,20240626220000,0.3,0.01,0.025,0.0,0.0,0.0,1.0,3.33,8.33,4,0.0,0.0,589376
2024-06-26 23:00:00,00000000270,20240626230000,0.483,0.031,0.011,0.0,0.0,0.0,1.0,6.42,2.28,4,0.0,0.0,589376
2024-06-27 00:00:00,00000000270,20240627000000,0.269,0.003,0.039,0.0,0.0,0.0,1.0,1.12,14.5,4,0.0,0.0,589376
2024-06-27 01:00:00,00000000270,20240627010000,0.214,0.003,0.04,0.0,0.0,0.0,1.0,1.4,18.69,4,0.0,0.0,589376
2024-06-27 02:00:00,00000000270,20240627020000,0.126,0.0,0.054,0.0,0.0,0.0,1.0,0.0,42.86,4,0.0,0.0,589376
2024-06-27 03:00:00,00000000270,20240627030000,0.151,0.001,0.039,0.0,0.0,0.0,1.0,0.66,25.83,4,0.0,0.0,589376
2024-06-27 04:00:00,00000000270,20240627040000,0.118,0.0,0.061,0.0,0.0,0.0,1.0,0.0,51.69,4,0.0,0.0,589376
2024-06-27 05:00:00,00000000270,20240627050000,0.214,0.001,0.066,0.0,0.0,0.0,1.0,0.47,30.84,4,0.0,0.0,589376
2024-06-27 06:00:00,00000000270,20240627060000,0.148,0.0,0.052,0.0,0.0,0.0,1.0,0.0,35.14,4,0.0,0.0,589376
2024-06-27 07:00:00,00000000270,20240627070000,0.121,0.001,0.056,0.0,0.0,0.0,1.0,0.83,46.28,4,0.0,0.0,589376
2024-06-27 08:00:00,00000000270,20240627080000,0.12,0.0,0.06,0.0,0.0,0.0,1.0,0.0,50.0,4,0.0,0.0,589376
2024-06-27 09:00:00,00000000270,20240627090000,0.25,0.0,0.067,0.0,0.0,0.0,1.0,0.0,26.8,4,0.0,0.0,589376
2024-06-27 10:00:00,00000000270,20240627100000,0.179,0.002,0.056,0.0,0.0,0.0,1.0,1.12,31.28,4,0.0,0.0,589376
2024-06-27 11:00:00,00000000270,20240627110000,0.55,0.001,0.041,0.0,0.0,0.0,1.0,0.18,7.45,4,0.0,0.0,589376
2024-06-27 12:00:00,00000000270,20240627120000,0.69,0.009,0.013,0.0,0.0,0.0,1.0,1.3,1.88,4,0.0,0.0,589376
2024-06-27 13:00:00,00000000270,20240627130000,0.374,0.001,0.024,0.0,0.0,0.0,1.0,0.27,6.42,4,0.0,0.0,589376
2024-06-27 14:00:00,00000000270,20240627140000,0.456,0.012,0.005,0.0,0.0,0.0,1.0,2.63,1.1,4,0.0,0.0,589376
2024-06-27 15:00:00,00000000270,20240627150000,0.593,0.002,0.011,0.0,0.0,0.0,1.0,0.34,1.85,4,0.0,0.0,589376
2024-06-27 16:00:00,00000000270,20240627160000,0.375,0.001,0.024,0.0,0.0,0.0,1.0,0.27,6.4,4,0.0,0.0,589376
2024-06-27 17:00:00,00000000270,20240627170000,0.5,0.005,0.026,0.0,0.0,0.0,1.0,1.0,5.2,4,0.0,0.0,589376
2024-06-27 18:00:00,00000000270,20240627180000,0.351,0.001,0.046,0.0,0.0,0.0,1.0,0.28,13.11,4,0.0,0.0,589376
2024-06-27 19:00:00,00000000270,20240627190000,0.199,0.0,0.049,0.0,0.0,0.0,1.0,0.0,24.62,4,0.0,0.0,589376
2024-06-27 20:00:00,00000000270,20240627200000,0.089,0.001,0.047,0.0,0.0,0.0,1.0,1.12,52.81,4,0.0,0.0,589376
2024-06-27 21:00:00,00000000270,20240627210000,0.137,0.0,0.031,0.0,0.0,0.0,1.0,0.0,22.63,4,0.0,0.0,589376
2024-06-27 22:00:00,00000000270,20240627220000,0.629,0.066,0.007,0.0,0.0,0.0,1.0,10.49,1.11,4,0.0,0.0,589376
2024-06-27 23:00:00,00000000270,20240627230000,0.382,0.015,0.005,0.0,0.0,0.0,1.0,3.93,1.31,4,0.0,0.0,589376
2024-06-28 00:00:00,00000000270,20240628000000,0.175,0.001,0.045,0.0,0.0,0.0,1.0,0.57,25.71,4,0.0,0.0,589376
2024-06-28 01:00:00,00000000270,20240628010000,0.247,0.001,0.044,0.0,0.0,0.0,1.0,0.4,17.81,4,0.0,0.0,589376
2024-06-28 02:00:00,00000000270,20240628020000,0.199,0.001,0.04,0.0,0.0,0.0,1.0,0.5,20.1,4,0.0,0.0,589376
2024-06-28 03:00:00,00000000270,20240628030000,0.146,0.002,0.058,0.0,0.0,0.0,1.0,1.37,39.73,4,0.0,0.0,589376
2024-06-28 04:00:00,00000000270,20240628040000,0.166,0.0,0.046,0.0,0.0,0.0,1.0,0.0,27.71,4,0.0,0.0,589376
2024-06-28 05:00:00,00000000270,20240628050000,0.167,0.002,0.042,0.0,0.0,0.0,1.0,1.2,25.15,4,0.0,0.0,589376
2024-06-28 06:00:00,00000000270,20240628060000,0.137,0.001,0.058,0.0,0.0,0.0,1.0,0.73,42.34,4,0.0,0.0,589376
2024-06-28 07:00:00,00000000270,20240628070000,0.147,0.002,0.058,0.0,0.0,0.0,1.0,1.36,39.46,4,0.0,0.0,589376
2024-06-28 08:00:00,00000000270,20240628080000,0.169,0.004,0.046,0.0,0.0,0.0,1.0,2.37,27.22,4,0.0,0.0,589376
2024-06-28 09:00:00,00000000270,20240628090000,0.136,0.0,0.054,0.0,0.0,0.0,1.0,0.0,39.71,4,0.0,0.0,589376
2024-06-28 10:00:00,00000000270,20240628100000,0.186,0.001,0.056,0.0,0.0,0.0,1.0,0.54,30.11,4,0.0,0.0,589376
2024-06-28 11:00:00,00000000270,20240628110000,0.463,0.001,0.047,0.0,0.0,0.0,1.0,0.22,10.15,4,0.0,0.0,589376
2024-06-28 12:00:00,00000000270,20240628120000,0.662,0.001,0.048,0.0,0.0,0.0,1.0,0.15,7.25,4,0.0,0.0,589376
2024-06-28 13:00:00,00000000270,20240628130000,0.439,0.004,0.039,0.0,0.0,0.0,1.0,0.91,8.88,4,0.0,0.0,589376
2024-06-28 14:00:00,00000000270,20240628140000,0.594,0.004,0.017,0.0,0.0,0.0,1.0,0.67,2.86,4,0.0,0.0,589376
2024-06-28 15:00:00,00000000270,20240628150000,0.122,0.001,0.051,0.0,0.0,0.0,1.0,0.82,41.8,4,0.0,0.0,589376
2024-06-28 16:00:00,00000000270,20240628160000,0.118,0.0,0.062,0.0,0.0,0.0,1.0,0.0,52.54,4,0.0,0.0,589376
2024-06-28 17:00:00,00000000270,20240628170000,0.172,0.0,0.057,0.0,0.0,0.0,1.0,0.0,33.14,4,0.0,0.0,589376
2024-06-28 18:00:00,00000000270,20240628180000,0.168,0.001,0.054,0.0,0.0,0.0,1.0,0.6,32.14,4,0.0,0.0,589376
2024-06-28 19:00:00,00000000270,20240628190000,0.121,0.0,0.06,0.0,0.0,0.0,1.0,0.0,49.59,4,0.0,0.0,589376
2024-06-28 20:00:00,00000000270,20240628200000,0.153,0.089,0.046,0.0,0.0,0.0,1.0,58.17,30.07,4,0.0,0.0,589376
2024-06-28 21:00:00,00000000270,20240628210000,0.193,0.177,0.022,0.0,0.0,0.0,1.0,91.71,11.4,4,0.0,0.0,589376
2024-06-28 22:00:00,00000000270,20240628220000,0.12,0.0,0.051,0.0,0.0,0.0,1.0,0.0,42.5,4,0.0,0.0,589376
2024-06-28 23:00:00,00000000270,20240628230000,0.343,0.001,0.046,0.0,0.0,0.0,1.0,0.29,13.41,4,0.0,0.0,589376
2024-06-29 00:00:00,00000000270,20240629000000,0.251,0.0,0.041,0.0,0.0,0.0,1.0,0.0,16.33,4,0.0,0.0,589376
2024-06-29 01:00:00,00000000270,20240629010000,0.189,0.001,0.044,0.0,0.0,0.0,1.0,0.53,23.28,4,0.0,0.0,589376
2024-06-29 02:00:00,00000000270,20240629020000,0.168,0.0,0.059,0.0,0.0,0.0,1.0,0.0,35.12,4,0.0,0.0,589376
2024-06-29 03:00:00,00000000270,20240629030000,0.148,0.001,0.063,0.0,0.0,0.0,1.0,0.68,42.57,4,0.0,0.0,589376
2024-06-29 04:00:00,00000000270,20240629040000,0.129,0.001,0.058,0.0,0.0,0.0,1.0,0.78,44.96,4,0.0,0.0,589376
2024-06-29 05:00:00,00000000270,20240629050000,0.094,0.0,0.049,0.0,0.0,0.0,1.0,0.0,52.13,4,0.0,0.0,589376
2024-06-29 06:00:00,00000000270,20240629060000,0.098,0.001,0.057,0.0,0.0,0.0,1.0,1.02,58.16,4,0.0,0.0,589376
2024-06-29 07:00:00,00000000270,20240629070000,0.086,0.0,0.06,0.0,0.0,0.0,1.0,0.0,69.77,4,0.0,0.0,589376
2024-06-29 08:00:00,00000000270,20240629080000,0.087,0.0,0.052,0.0,0.0,0.0,1.0,0.0,59.77,4,0.0,0.0,589376
2024-06-29 09:00:00,00000000270,20240629090000,0.139,0.001,0.048,0.0,0.0,0.0,1.0,0.72,34.53,4,0.0,0.0,589376
2024-06-29 10:00:00,00000000270,20240629100000,0.291,0.001,0.045,0.0,0.0,0.0,1.0,0.34,15.46,4,0.0,0.0,589376
2024-06-29 11:00:00,00000000270,20240629110000,0.401,0.0,0.046,0.0,0.0,0.0,1.0,0.0,11.47,4,0.0,0.0,589376
2024-06-29 12:00:00,00000000270,20240629120000,0.231,0.003,0.043,0.0,0.0,0.0,1.0,1.3,18.61,4,0.0,0.0,589376
2024-06-29 13:00:00,00000000270,20240629130000,0.223,0.0,0.045,0.0,0.0,0.0,1.0,0.0,20.18,4,0.0,0.0,589376
2024-06-29 14:00:00,00000000270,20240629140000,0.247,0.002,0.029,0.0,0.0,0.0,1.0,0.81,11.74,4,0.0,0.0,589376
2024-06-29 15:00:00,00000000270,20240629150000,0.211,0.001,0.042,0.0,0.0,0.0,1.0,0.47,19.91,4,0.0,0.0,589376
2024-06-29 16:00:00,00000000270,20240629160000,0.346,0.002,0.025,0.0,0.0,0.0,1.0,0.58,7.23,4,0.0,0.0,589376
2024-06-29 17:00:00,00000000270,20240629170000,0.3,0.004,0.021,0.0,0.0,0.0,1.0,1.33,7.0,4,0.0,0.0,589376
2024-06-29 18:00:00,00000000270,20240629180000,0.61,0.006,0.02,0.0,0.0,0.0,1.0,0.98,3.28,4,0.0,0.0,589376
2024-06-29 19:00:00,00000000270,20240629190000,0.251,0.0,0.037,0.0,0.0,0.0,1.0,0.0,14.74,4,0.0,0.0,589376
2024-06-29 20:00:00,00000000270,20240629200000,0.119,0.001,0.044,0.0,0.0,0.0,1.0,0.84,36.97,4,0.0,0.0,589376
2024-06-29 21:00:00,00000000270,20240629210000,0.473,0.143,0.028,0.0,0.0,0.0,1.0,30.23,5.92,4,0.0,0.0,589376
2024-06-29 22:00:00,00000000270,20240629220000,0.871,0.136,0.014,0.0,0.0,0.0,1.0,15.61,1.61,4,0.0,0.0,589376
2024-06-29 23:00:00,00000000270,20240629230000,0.167,0.001,0.025,0.0,0.0,0.0,1.0,0.6,14.97,4,0.0,0.0,589376
2024-06-30 00:00:00,00000000270,20240630000000,0.328,0.001,0.034,0.0,0.0,0.0,1.0,0.3,10.37,4,0.0,0.0,589376
2024-06-30 01:00:00,00000000270,20240630010000,0.251,0.0,0.015,0.0,0.0,0.0,1.0,0.0,5.98,4,0.0,0.0,589376
2024-06-30 02:00:00,00000000270,20240630020000,0.245,0.001,0.033,0.0,0.0,0.0,1.0,0.41,13.47,4,0.0,0.0,589376
2024-06-30 03:00:00,00000000270,20240630030000,0.29,0.009,0.025,0.0,0.0,0.0,1.0,3.1,8.62,4,0.0,0.0,589376
2024-06-30 04:00:00,00000000270,20240630040000,0.115,0.001,0.038,0.0,0.0,0.0,1.0,0.87,33.04,4,0.0,0.0,589376
2024-06-30 05:00:00,00000000270,20240630050000,0.084,0.0,0.05,0.0,0.0,0.0,1.0,0.0,59.52,4,0.0,0.0,589376
2024-06-30 06:00:00,00000000270,20240630060000,0.084,0.001,0.053,0.0,0.0,0.0,1.0,1.19,63.1,4,0.0,0.0,589376
2024-06-30 07:00:00,00000000270,20240630070000,0.117,0.0,0.036,0.0,0.0,0.0,1.0,0.0,30.77,4,0.0,0.0,589376
2024-06-30 08:00:00,00000000270,20240630080000,0.105,0.001,0.045,0.0,0.0,0.0,1.0,0.95,42.86,4,0.0,0.0,589376
2024-06-30 09:00:00,00000000270,20240630090000,0.074,0.0,0.052,0.0,0.0,0.0,1.0,0.0,70.27,4,0.0,0.0,589376
2024-06-30 10:00:00,00000000270,20240630100000,0.72,0.002,0.026,0.0,0.0,0.0,1.0,0.28,3.61,4,0.0,0.0,589376
2024-06-30 11:00:00,00000000270,20240630110000,0.22,0.0,0.043,0.0,0.0,0.0,1.0,0.0,19.55,4,0.0,0.0,589376
2024-06-30 12:00:00,00000000270,20240630120000,0.248,0.001,0.041,0.0,0.0,0.0,1.0,0.4,16.53,4,0.0,0.0,589376
2024-06-30 13:00:00,00000000270,20240630130000,0.155,0.0,0.052,0.0,0.0,0.0,1.0,0.0,33.55,4,0.0,0.0,589376
2024-06-30 14:00:00,00000000270,20240630140000,0.103,0.001,0.042,0.0,0.0,0.0,1.0,0.97,40.78,4,0.0,0.0,589376
2024-06-30 15:00:00,00000000270,20240630150000,0.12,0.0,0.036,0.0,0.0,0.0,1.0,0.0,30.0,4,0.0,0.0,589376
2024-06-30 16:00:00,00000000270,20240630160000,0.116,0.001,0.042,0.0,0.0,0.0,1.0,0.86,36.21,4,0.0,0.0,589376
2024-06-30 17:00:00,00000000270,20240630170000,0.1,0.0,0.047,0.0,0.0,0.0,1.0,0.0,47.0,4,0.0,0.0,589376
2024-06-30 18:00:00,00000000270,20240630180000,0.112,0.001,0.036,0.0,0.0,0.0,1.0,0.89,32.14,4,0.0,0.0,589376
2024-06-30 19:00:00,00000000270,20240630190000,0.119,0.0,0.035,0.0,0.0,0.0,1.0,0.0,29.41,4,0.0,0.0,589376
2024-06-30 20:00:00,00000000270,20240630200000,0.175,0.001,0.049,0.0,0.0,0.0,1.0,0.57,28.0,4,0.0,0.0,589376
2024-06-30 21:00:00,00000000270,20240630210000,0.141,0.0,0.038,0.0,0.0,0.0,1.0,0.0,26.95,4,0.0,0.0,589376
2024-06-30 22:00:00,00000000270,20240630220000,0.123,0.001,0.034,0.0,0.0,0.0,1.0,0.81,27.64,4,0.0,0.0,589376
2024-06-30 23:00:00,00000000270,20240630230000,0.147,0.036,0.03,0.0,0.0,0.0,1.0,24.49,20.41,4,0.0,0.0,589376
2024-07-01 00:00:00,00000000270,20240701000000,0.109,0.006,0.035,0.0,0.0,0.0,1.0,5.5,32.11,4,0.0,0.0,589376
2024-07-01 01:00:00,00000000270,20240701010000,0.1,0.0,0.05,0.0,0.0,0.0,1.0,0.0,50.0,4,0.0,0.0,589376
2024-07-01 02:00:00,00000000270,20240701020000,0.109,0.001,0.041,0.0,0.0,0.0,1.0,0.92,37.61,4,0.0,0.0,589376
2024-07-01 03:00:00,00000000270,20240701030000,0.118,0.0,0.039,0.0,0.0,0.0,1.0,0.0,33.05,4,0.0,0.0,589376
2024-07-01 04:00:00,00000000270,20240701040000,0.106,0.001,0.045,0.0,0.0,0.0,1.0,0.94,42.45,4,0.0,0.0,589376
2024-07-01 05:00:00,00000000270,20240701050000,0.084,0.0,0.054,0.0,0.0,0.0,1.0,0.0,64.29,4,0.0,0.0,589376
2024-07-01 06:00:00,00000000270,20240701060000,0.165,0.001,0.045,0.0,0.0,0.0,1.0,0.61,27.27,4,0.0,0.0,589376
2024-07-01 07:00:00,00000000270,20240701070000,0.157,0.0,0.035,0.0,0.0,0.0,1.0,0.0,22.29,4,0.0,0.0,589376
2024-07-01 08:00:00,00000000270,20240701080000,0.117,0.001,0.044,0.0,0.0,0.0,1.0,0.85,37.61,4,0.0,0.0,589376
2024-07-01 09:00:00,00000000270,20240701090000,0.146,0.0,0.053,0.0,0.0,0.0,1.0,0.0,36.3,4,0.0,0.0,589376
2024-07-01 10:00:00,00000000270,20240701100000,0.096,0.001,0.05,0.0,0.0,0.0,1.0,1.04,52.08,4,0.0,0.0,589376
2024-07-01 11:00:00,00000000270,20240701110000,0.099,0.0,0.047,0.0,0.0,0.0,1.0,0.0,47.47,4,0.0,0.0,589376
2024-07-01 12:00:00,00000000270,20240701120000,0.141,0.001,0.052,0.0,0.0,0.0,1.0,0.71,36.88,4,0.0,0.0,589376
2024-07-01 13:00:00,00000000270,20240701130000,0.099,0.0,0.047,0.0,0.0,0.0,1.0,0.0,47.47,4,0.0,0.0,589376
2024-07-01 14:00:00,00000000270,20240701140000,0.145,0.001,0.035,0.0,0.0,0.0,1.0,0.69,24.14,4,0.0,0.0,589376
2024-07-01 15:00:00,00000000270,20240701150000,0.093,0.0,0.044,0.0,0.0,0.0,1.0,0.0,47.31,4,0.0,0.0,589376
2024-07-01 16:00:00,00000000270,20240701160000,0.09,0.0,0.041,0.0,0.0,0.0,1.0,0.0,45.56,4,0.0,0.0,589376
2024-07-01 17:00:00,00000000270,20240701170000,0.21,0.001,0.029,0.0,0.0,0.0,1.0,0.48,13.81,4,0.0,0.0,589376
2024-07-01 18:00:00,00000000270,20240701180000,0.152,0.0,0.03,0.0,0.0,0.0,1.0,0.0,19.74,4,0.0,0.0,589376
2024-07-01 19:00:00,00000000270,20240701190000,0.138,0.001,0.031,0.0,0.0,0.0,1.0,0.72,22.46,4,0.0,0.0,589376
2024-07-01 20:00:00,00000000270,20240701200000,0.086,0.0,0.046,0.0,0.0,0.0,1.0,0.0,53.49,4,0.0,0.0,589376
2024-07-01 21:00:00,00000000270,20240701210000,0.13,0.001,0.034,0.0,0.0,0.0,1.0,0.77,26.15,4,0.0,0.0,589376
2024-07-01 22:00:00,00000000270,20240701220000,0.116,0.0,0.039,0.0,0.0,0.0,1.0,0.0,33.62,4,0.0,0.0,589376
2024-07-01 23:00:00,00000000270,20240701230000,0.18,0.022,0.013,0.0,0.0,0.0,1.0,12.22,7.22,4,0.0,0.0,589376
2024-07-02 00:00:00,00000000270,20240702000000,0.13,0.0,0.024,0.0,0.0,0.0,1.0,0.0,18.46,4,0.0,0.0,589376
2024-07-02 01:00:00,00000000270,20240702010000,0.117,0.001,0.024,0.0,0.0,0.0,1.0,0.85,20.51,4,0.0,0.0,589376
2024-07-02 02:00:00,00000000270,20240702020000,0.132,0.0,0.022,0.0,0.0,0.0,1.0,0.0,16.67,4,0.0,0.0,589376
2024-07-02 03:00:00,00000000270,20240702030000,0.132,0.001,0.023,0.0,0.0,0.0,1.0,0.76,17.42,4,0.0,0.0,589376
2024-07-02 04:00:00,00000000270,20240702040000,0.146,0.0,0.024,0.0,0.0,0.0,1.0,0.0,16.44,4,0.0,0.0,589376
2024-07-02 05:00:00,00000000270,20240702050000,0.206,0.001,0.021,0.0,0.0,0.0,1.0,0.49,10.19,4,0.0,0.0,589376
2024-07-02 06:00:00,00000000270,20240702060000,0.144,0.0,0.021,0.0,0.0,0.0,1.0,0.0,14.58,4,0.0,0.0,589376
2024-07-02 07:00:00,00000000270,20240702070000,0.346,0.001,0.022,0.0,0.0,0.0,1.0,0.29,6.36,4,0.0,0.0,589376
2024-07-02 08:00:00,00000000270,20240702080000,0.095,0.0,0.045,0.0,0.0,0.0,1.0,0.0,47.37,4,0.0,0.0,589376
2024-07-02 09:00:00,00000000270,20240702090000,0.068,0.0,0.059,0.0,0.0,0.0,1.0,0.0,86.76,4,0.0,0.0,589376
2024-07-02 10:00:00,00000000270,20240702100000,0.123,0.001,0.031,0.0,0.0,0.0,1.0,0.81,25.2,4,0.0,0.0,589376
2024-07-02 11:00:00,00000000270,20240702110000,0.142,0.0,0.022,0.0,0.0,0.0,1.0,0.0,15.49,4,0.0,0.0,589376
2024-07-02 12:00:00,00000000270,20240702120000,0.141,0.001,0.021,0.0,0.0,0.0,1.0,0.71,14.89,4,0.0,0.0,589376
2024-07-02 13:00:00,00000000270,20240702130000,0.124,0.0,0.022,0.0,0.0,0.0,1.0,0.0,17.74,4,0.0,0.0,589376
2024-07-02 14:00:00,00000000270,20240702140000,0.119,0.001,0.023,0.0,0.0,0.0,1.0,0.84,19.33,4,0.0,0.0,589376
2024-07-02 15:00:00,00000000270,20240702150000,0.216,0.0,0.023,0.0,0.0,0.0,1.0,0.0,10.65,4,0.0,0.0,589376
2024-07-02 16:00:00,00000000270,20240702160000,0.166,0.001,0.019,0.0,0.0,0.0,1.0,0.6,11.45,4,0.0,0.0,589376
2024-07-02 17:00:00,00000000270,20240702170000,0.312,0.0,0.026,0.0,0.0,0.0,1.0,0.0,8.33,4,0.0,0.0,589376
2024-07-02 18:00:00,00000000270,20240702180000,0.263,0.001,0.047,0.0,0.0,0.0,1.0,0.38,17.87,4,0.0,0.0,589376
2024-07-02 19:00:00,00000000270,20240702190000,0.085,0.0,0.051,0.0,0.0,0.0,1.0,0.0,60.0,4,0.0,0.0,589376
2024-07-02 20:00:00,00000000270,20240702200000,0.091,0.001,0.048,0.0,0.0,0.0,1.0,1.1,52.75,4,0.0,0.0,589376
2024-07-02 21:00:00,00000000270,20240702210000,0.119,0.005,0.029,0.0,0.0,0.0,1.0,4.2,24.37,4,0.0,0.0,589376
2024-07-02 22:00:00,00000000270,20240702220000,0.1,0.002,0.046,0.0,0.0,0.0,1.0,2.0,46.0,4,0.0,0.0,589376
2024-07-02 23:00:00,00000000270,20240702230000,0.09,0.002,0.047,0.0,0.0,0.0,1.0,2.22,52.22,4,0.0,0.0,589376
2024-07-03 00:00:00,00000000270,20240703000000,0.103,0.001,0.05,0.0,0.0,0.0,1.0,0.97,48.54,4,0.0,0.0,589376
2024-07-03 01:00:00,00000000270,20240703010000,0.186,0.001,0.041,0.0,0.0,0.0,1.0,0.54,22.04,4,0.0,0.0,589376
2024-07-03 02:00:00,00000000270,20240703020000,0.287,0.001,0.046,0.0,0.0,0.0,1.0,0.35,16.03,4,0.0,0.0,589376
2024-07-03 03:00:00,00000000270,20240703030000,0.226,0.001,0.042,0.0,0.0,0.0,1.0,0.44,18.58,4,0.0,0.0,589376
2024-07-03 04:00:00,00000000270,20240703040000,0.188,0.0,0.049,0.0,0.0,0.0,1.0,0.0,26.06,4,0.0,0.0,589376
2024-07-03 05:00:00,00000000270,20240703050000,0.137,0.001,0.056,0.0,0.0,0.0,1.0,0.73,40.88,4,0.0,0.0,589376
2024-07-03 06:00:00,00000000270,20240703060000,0.107,0.0,0.047,0.0,0.0,0.0,1.0,0.0,43.93,4,0.0,0.0,589376
2024-07-03 07:00:00,00000000270,20240703070000,0.1,0.001,0.057,0.0,0.0,0.0,1.0,1.0,57.0,4,0.0,0.0,589376
2024-07-03 08:00:00,00000000270,20240703080000,0.105,0.0,0.045,0.0,0.0,0.0,1.0,0.0,42.86,4,0.0,0.0,589376
2024-07-03 09:00:00,00000000270,20240703090000,0.082,0.0,0.052,0.0,0.0,0.0,1.0,0.0,63.41,4,0.0,0.0,589376
2024-07-03 10:00:00,00000000270,20240703100000,0.101,0.001,0.046,0.0,0.0,0.0,1.0,0.99,45.54,4,0.0,0.0,589376
2024-07-03 11:00:00,00000000270,20240703110000,0.106,0.001,0.042,0.0,0.0,0.0,1.0,0.94,39.62,4,0.0,0.0,589376
2024-07-03 12:00:00,00000000270,20240703120000,0.101,0.0,0.046,0.0,0.0,0.0,1.0,0.0,45.54,4,0.0,0.0,589376
2024-07-03 13:00:00,00000000270,20240703130000,0.195,0.001,0.041,0.0,0.0,0.0,1.0,0.51,21.03,4,0.0,0.0,589376
2024-07-03 14:00:00,00000000270,20240703140000,0.128,0.0,0.042,0.0,0.0,0.0,1.0,0.0,32.81,4,0.0,0.0,589376
2024-07-03 15:00:00,00000000270,20240703150000,0.102,0.001,0.041,0.0,0.0,0.0,1.0,0.98,40.2,4,0.0,0.0,589376
2024-07-03 16:00:00,00000000270,20240703160000,0.102,0.0,0.046,0.0,0.0,0.0,1.0,0.0,45.1,4,0.0,0.0,589376
2024-07-03 17:00:00,00000000270,20240703170000,0.445,0.002,0.034,0.0,0.0,0.0,1.0,0.45,7.64,4,0.0,0.0,589376
2024-07-03 18:00:00,00000000270,20240703180000,0.305,0.243,0.012,0.0,0.0,0.0,1.0,79.67,3.93,4,0.0,0.0,589376
2024-07-03 19:00:00,00000000270,20240703190000,0.123,0.006,0.045,0.0,0.0,0.0,1.0,4.88,36.59,4,0.0,0.0,589376
2024-07-03 20:00:00,00000000270,20240703200000,0.298,0.0,0.04,0.0,0.0,0.0,1.0,0.0,13.42,4,0.0,0.0,589376
2024-07-03 21:00:00,00000000270,20240703210000,0.141,0.008,0.04,0.0,0.0,0.0,1.0,5.67,28.37,4,0.0,0.0,589376
2024-07-03 22:00:00,00000000270,20240703220000,0.162,0.0,0.04,0.0,0.0,0.0,1.0,0.0,24.69,4,0.0,0.0,589376
2024-07-03 23:00:00,00000000270,20240703230000,0.191,0.001,0.047,0.0,0.0,0.0,1.0,0.52,24.61,4,0.0,0.0,589376
2024-07-04 00:00:00,00000000270,20240704000000,0.143,0.001,0.036,0.0,0.0,0.0,1.0,0.7,25.17,4,0.0,0.0,589376
2024-07-04 01:00:00,00000000270,20240704010000,0.102,0.0,0.05,0.0,0.0,0.0,1.0,0.0,49.02,4,0.0,0.0,589376
2024-07-04 02:00:00,00000000270,20240704020000,0.103,0.001,0.044,0.0,0.0,0.0,1.0,0.97,42.72,4,0.0,0.0,589376
2024-07-04 03:00:00,00000000270,20240704030000,0.093,0.0,0.049,0.0,0.0,0.0,1.0,0.0,52.69,4,0.0,0.0,589376
2024-07-04 04:00:00,00000000270,20240704040000,0.102,0.001,0.048,0.0,0.0,0.0,1.0,0.98,47.06,4,0.0,0.0,589376
2024-07-04 05:00:00,00000000270,20240704050000,0.114,0.0,0.045,0.0,0.0,0.0,1.0,0.0,39.47,4,0.0,0.0,589376
2024-07-04 06:00:00,00000000270,20240704060000,0.087,0.001,0.052,0.0,0.0,0.0,1.0,1.15,59.77,4,0.0,0.0,589376
2024-07-04 07:00:00,00000000270,20240704070000,0.113,0.0,0.042,0.0,0.0,0.0,1.0,0.0,37.17,4,0.0,0.0,589376
2024-07-04 08:00:00,00000000270,20240704080000,0.103,0.001,0.042,0.0,0.0,0.0,1.0,0.97,40.78,4,0.0,0.0,589376
2024-07-04 09:00:00,00000000270,20240704090000,0.103,0.0,0.036,0.0,0.0,0.0,1.0,0.0,34.95,4,0.0,0.0,589376
2024-07-04 10:00:00,00000000270,20240704100000,0.182,0.001,0.041,0.0,0.0,0.0,1.0,0.55,22.53,4,0.0,0.0,589376
2024-07-04 11:00:00,00000000270,20240704110000,0.112,0.0,0.044,0.0,0.0,0.0,1.0,0.0,39.29,4,0.0,0.0,589376
2024-07-04 12:00:00,00000000270,20240704120000,0.108,0.001,0.044,0.0,0.0,0.0,1.0,0.93,40.74,4,0.0,0.0,589376
2024-07-04 13:00:00,00000000270,20240704130000,0.1,0.0,0.044,0.0,0.0,0.0,1.0,0.0,44.0,4,0.0,0.0,589376
2024-07-04 14:00:00,00000000270,20240704140000,0.095,0.001,0.046,0.0,0.0,0.0,1.0,1.05,48.42,4,0.0,0.0,589376
2024-07-04 15:00:00,00000000270,20240704150000,0.098,0.0,0.045,0.0,0.0,0.0,1.0,0.0,45.92,4,0.0,0.0,589376
2024-07-04 16:00:00,00000000270,20240704160000,0.104,0.001,0.043,0.0,0.0,0.0,1.0,0.96,41.35,4,0.0,0.0,589376
2024-07-04 17:00:00,00000000270,20240704170000,0.114,0.0,0.042,0.0,0.0,0.0,1.0,0.0,36.84,4,0.0,0.0,589376
2024-07-04 18:00:00,00000000270,20240704180000,0.084,0.001,0.048,0.0,0.0,0.0,1.0,1.19,57.14,4,0.0,0.0,589376
2024-07-04 19:00:00,00000000270,20240704190000,0.1,0.001,0.044,0.0,0.0,0.0,1.0,1.0,44.0,4,0.0,0.0,589376
2024-07-04 20:00:00,00000000270,20240704200000,0.124,0.017,0.031,0.0,0.0,0.0,1.0,13.71,25.0,4,0.0,0.0,589376
2024-07-04 21:00:00,00000000270,20240704210000,0.193,0.011,0.032,0.0,0.0,0.0,1.0,5.7,16.58,4,0.0,0.0,589376
2024-07-04 22:00:00,00000000270,20240704220000,0.156,0.018,0.029,0.0,0.0,0.0,1.0,11.54,18.59,4,0.0,0.0,589376
2024-07-04 23:00:00,00000000270,20240704230000,0.104,0.001,0.049,0.0,0.0,0.0,1.0,0.96,47.12,4,0.0,0.0,589376
2024-07-05 00:00:00,00000000270,20240705000000,0.131,0.0,0.044,0.0,0.0,0.0,1.0,0.0,33.59,4,0.0,0.0,589376
2024-07-05 01:00:00,00000000270,20240705010000,0.106,0.001,0.052,0.0,0.0,0.0,1.0,0.94,49.06,4,0.0,0.0,589376
2024-07-05 02:00:00,00000000270,20240705020000,0.099,0.0,0.046,0.0,0.0,0.0,1.0,0.0,46.46,4,0.0,0.0,589376
2024-07-05 03:00:00,00000000270,20240705030000,0.091,0.001,0.05,0.0,0.0,0.0,1.0,1.1,54.95,4,0.0,0.0,589376
2024-07-05 04:00:00,00000000270,20240705040000,0.106,0.001,0.044,0.0,0.0,0.0,1.0,0.94,41.51,4,0.0,0.0,589376
2024-07-05 05:00:00,00000000270,20240705050000,0.087,0.0,0.047,0.0,0.0,0.0,1.0,0.0,54.02,4,0.0,0.0,589376
2024-07-05 06:00:00,00000000270,20240705060000,0.074,0.001,0.052,0.0,0.0,0.0,1.0,1.35,70.27,4,0.0,0.0,589376
2024-07-05 07:00:00,00000000270,20240705070000,0.207,0.0,0.044,0.0,0.0,0.0,1.0,0.0,21.26,4,0.0,0.0,589376
2024-07-05 08:00:00,00000000270,20240705080000,0.164,0.001,0.052,0.0,0.0,0.0,1.0,0.61,31.71,4,0.0,0.0,589376
2024-07-05 09:00:00,00000000270,20240705090000,0.144,0.0,0.038,0.0,0.0,0.0,1.0,0.0,26.39,4,0.0,0.0,589376
2024-07-05 10:00:00,00000000270,20240705100000,0.077,0.0,0.05,0.0,0.0,0.0,1.0,0.0,64.94,4,0.0,0.0,589376
2024-07-05 11:00:00,00000000270,20240705110000,0.105,0.001,0.042,0.0,0.0,0.0,1.0,0.95,40.0,4,0.0,0.0,589376
2024-07-05 12:00:00,00000000270,20240705120000,0.094,0.001,0.047,0.0,0.0,0.0,1.0,1.06,50.0,4,0.0,0.0,589376
2024-07-05 13:00:00,00000000270,20240705130000,0.098,0.0,0.042,0.0,0.0,0.0,1.0,0.0,42.86,4,0.0,0.0,589376
2024-07-05 14:00:00,00000000270,20240705140000,0.075,0.001,0.048,0.0,0.0,0.0,1.0,1.33,64.0,4,0.0,0.0,589376
2024-07-05 15:00:00,00000000270,20240705150000,0.105,0.0,0.04,0.0,0.0,0.0,1.0,0.0,38.1,4,0.0,0.0,589376
2024-07-05 16:00:00,00000000270,20240705160000,0.102,0.001,0.047,0.0,0.0,0.0,1.0,0.98,46.08,4,0.0,0.0,589376
2024-07-05 17:00:00,00000000270,20240705170000,0.106,0.0,0.042,0.0,0.0,0.0,1.0,0.0,39.62,4,0.0,0.0,589376
2024-07-05 18:00:00,00000000270,20240705180000,0.08,0.001,0.05,0.0,0.0,0.0,1.0,1.25,62.5,4,0.0,0.0,589376
2024-07-05 19:00:00,00000000270,20240705190000,0.253,0.0,0.069,0.0,0.0,0.0,1.0,0.0,27.27,4,0.0,0.0,589376
2024-07-05 20:00:00,00000000270,20240705200000,0.326,0.001,0.1,0.0,0.0,0.0,1.0,0.31,30.67,4,0.0,0.0,589376
2024-07-05 21:00:00,00000000270,20240705210000,0.303,0.0,0.096,0.0,0.0,0.0,1.0,0.0,31.68,4,0.0,0.0,589376
2024-07-05 22:00:00,00000000270,20240705220000,0.29,0.0,0.105,0.0,0.0,0.0,1.0,0.0,36.21,4,0.0,0.0,589376
2024-07-05 23:00:00,00000000270,20240705230000,0.285,0.001,0.103,0.0,0.0,0.0,1.0,0.35,36.14,4,0.0,0.0,589376
2024-07-06 00:00:00,00000000270,20240706000000,0.278,0.0,0.109,0.0,0.0,0.0,1.0,0.0,39.21,4,0.0,0.0,589376
2024-07-06 01:00:00,00000000270,20240706010000,0.296,0.001,0.105,0.0,0.0,0.0,1.0,0.34,35.47,4,0.0,0.0,589376
2024-07-06 02:00:00,00000000270,20240706020000,0.26,0.0,0.099,0.0,0.0,0.0,1.0,0.0,38.08,4,0.0,0.0,589376
2024-07-06 03:00:00,00000000270,20240706030000,0.174,0.001,0.062,0.0,0.0,0.0,1.0,0.57,35.63,4,0.0,0.0,589376
2024-07-06 04:00:00,00000000270,20240706040000,0.113,0.0,0.054,0.0,0.0,0.0,1.0,0.0,47.79,4,0.0,0.0,589376
2024-07-06 05:00:00,00000000270,20240706050000,0.111,0.001,0.048,0.0,0.0,0.0,1.0,0.9,43.24,4,0.0,0.0,589376
2024-07-06 06:00:00,00000000270,20240706060000,0.184,0.0,0.052,0.0,0.0,0.0,1.0,0.0,28.26,4,0.0,0.0,589376
2024-07-06 07:00:00,00000000270,20240706070000,0.14,0.001,0.046,0.0,0.0,0.0,1.0,0.71,32.86,4,0.0,0.0,589376
2024-07-06 08:00:00,00000000270,20240706080000,0.108,0.0,0.049,0.0,0.0,0.0,1.0,0.0,45.37,4,0.0,0.0,589376
2024-07-06 09:00:00,00000000270,20240706090000,0.11,0.001,0.044,0.0,0.0,0.0,1.0,0.91,40.0,4,0.0,0.0,589376
2024-07-06 10:00:00,00000000270,20240706100000,0.188,0.0,0.039,0.0,0.0,0.0,1.0,0.0,20.74,4,0.0,0.0,589376
2024-07-06 11:00:00,00000000270,20240706110000,0.101,0.001,0.045,0.0,0.0,0.0,1.0,0.99,44.55,4,0.0,0.0,589376
2024-07-06 12:00:00,00000000270,20240706120000,0.116,0.0,0.044,0.0,0.0,0.0,1.0,0.0,37.93,4,0.0,0.0,589376
2024-07-06 13:00:00,00000000270,20240706130000,0.095,0.001,0.049,0.0,0.0,0.0,1.0,1.05,51.58,4,0.0,0.0,589376
2024-07-06 14:00:00,00000000270,20240706140000,0.11,0.0,0.042,0.0,0.0,0.0,1.0,0.0,38.18,4,0.0,0.0,589376
2024-07-06 15:00:00,00000000270,20240706150000,0.086,0.001,0.048,0.0,0.0,0.0,1.0,1.16,55.81,4,0.0,0.0,589376
2024-07-06 16:00:00,00000000270,20240706160000,0.101,0.0,0.046,0.0,0.0,0.0,1.0,0.0,45.54,4,0.0,0.0,589376
2024-07-06 17:00:00,00000000270,20240706170000,0.195,0.001,0.049,0.0,0.0,0.0,1.0,0.51,25.13,4,0.0,0.0,589376
2024-07-06 18:00:00,00000000270,20240706180000,0.377,0.0,0.036,0.0,0.0,0.0,1.0,0.0,9.55,4,0.0,0.0,589376
2024-07-06 19:00:00,00000000270,20240706190000,0.224,0.001,0.039,0.0,0.0,0.0,1.0,0.45,17.41,4,0.0,0.0,589376
2024-07-06 20:00:00,00000000270,20240706200000,0.103,0.0,0.039,0.0,0.0,0.0,1.0,0.0,37.86,4,0.0,0.0,589376
2024-07-06 21:00:00,00000000270,20240706210000,0.102,0.001,0.047,0.0,0.0,0.0,1.0,0.98,46.08,4,0.0,0.0,589376
2024-07-06 22:00:00,00000000270,20240706220000,0.114,0.0,0.039,0.0,0.0,0.0,1.0,0.0,34.21,4,0.0,0.0,589376
2024-07-06 23:00:00,00000000270,20240706230000,0.095,0.014,0.043,0.0,0.0,0.0,1.0,14.74,45.26,4,0.0,0.0,589376
2024-07-07 00:00:00,00000000270,20240707000000,0.111,0.0,0.044,0.0,0.0,0.0,1.0,0.0,39.64,4,0.0,0.0,589376
2024-07-07 01:00:00,00000000270,20240707010000,0.121,0.001,0.057,0.0,0.0,0.0,1.0,0.83,47.11,4,0.0,0.0,589376
2024-07-07 02:00:00,00000000270,20240707020000,0.128,0.0,0.052,0.0,0.0,0.0,1.0,0.0,40.62,4,0.0,0.0,589376
2024-07-07 03:00:00,00000000270,20240707030000,0.147,0.001,0.062,0.0,0.0,0.0,1.0,0.68,42.18,4,0.0,0.0,589376
2024-07-07 04:00:00,00000000270,20240707040000,0.184,0.0,0.05,0.0,0.0,0.0,1.0,0.0,27.17,4,0.0,0.0,589376
2024-07-07 05:00:00,00000000270,20240707050000,0.129,0.001,0.061,0.0,0.0,0.0,1.0,0.78,47.29,4,0.0,0.0,589376
2024-07-07 06:00:00,00000000270,20240707060000,0.112,0.0,0.045,0.0,0.0,0.0,1.0,0.0,40.18,4,0.0,0.0,589376
2024-07-07 07:00:00,00000000270,20240707070000,0.08,0.001,0.056,0.0,0.0,0.0,1.0,1.25,70.0,4,0.0,0.0,589376
2024-07-07 08:00:00,00000000270,20240707080000,0.117,0.0,0.045,0.0,0.0,0.0,1.0,0.0,38.46,4,0.0,0.0,589376
2024-07-07 09:00:00,00000000270,20240707090000,0.096,0.001,0.051,0.0,0.0,0.0,1.0,1.04,53.12,4,0.0,0.0,589376
2024-07-07 10:00:00,00000000270,20240707100000,0.198,0.035,0.049,0.0,0.0,0.0,1.0,17.68,24.75,4,0.0,0.0,589376
2024-07-07 11:00:00,00000000270,20240707110000,0.15,0.126,0.027,0.0,0.0,0.0,1.0,84.0,18.0,4,0.0,0.0,589376
2024-07-07 12:00:00,00000000270,20240707120000,0.141,0.001,0.041,0.0,0.0,0.0,1.0,0.71,29.08,4,0.0,0.0,589376
2024-07-07 13:00:00,00000000270,20240707130000,0.102,0.0,0.05,0.0,0.0,0.0,1.0,0.0,49.02,4,0.0,0.0,589376
2024-07-07 14:00:00,00000000270,20240707140000,0.195,0.001,0.048,0.0,0.0,0.0,1.0,0.51,24.62,4,0.0,0.0,589376
2024-07-07 15:00:00,00000000270,20240707150000,0.635,0.0,0.04,0.0,0.0,0.0,1.0,0.0,6.3,4,0.0,0.0,589376
2024-07-07 16:00:00,00000000270,20240707160000,0.179,0.007,0.037,0.0,0.0,0.0,1.0,3.91,20.67,4,0.0,0.0,589376
2024-07-07 17:00:00,00000000270,20240707170000,0.113,0.0,0.046,0.0,0.0,0.0,1.0,0.0,40.71,4,0.0,0.0,589376
2024-07-07 18:00:00,00000000270,20240707180000,0.154,0.001,0.04,0.0,0.0,0.0,1.0,0.65,25.97,4,0.0,0.0,589376
2024-07-07 19:00:00,00000000270,20240707190000,0.105,0.0,0.044,0.0,0.0,0.0,1.0,0.0,41.9,4,0.0,0.0,589376
2024-07-07 20:00:00,00000000270,20240707200000,0.099,0.001,0.039,0.0,0.0,0.0,1.0,1.01,39.39,4,0.0,0.0,589376
2024-07-07 21:00:00,00000000270,20240707210000,0.219,0.0,0.044,0.0,0.0,0.0,1.0,0.0,20.09,4,0.0,0.0,589376
2024-07-07 22:00:00,00000000270,20240707220000,0.149,0.001,0.035,0.0,0.0,0.0,1.0,0.67,23.49,4,0.0,0.0,589376
2024-07-07 23:00:00,00000000270,20240707230000,0.146,0.0,0.05,0.0,0.0,0.0,1.0,0.0,34.25,4,0.0,0.0,589376
2024-07-08 00:00:00,00000000270,20240708000000,0.328,0.001,0.036,0.0,0.0,0.0,1.0,0.3,10.98,4,0.0,0.0,589376
2024-07-08 01:00:00,00000000270,20240708010000,0.262,0.001,0.026,0.0,0.0,0.0,1.0,0.38,9.92,4,0.0,0.0,589376
2024-07-08 02:00:00,00000000270,20240708020000,0.225,0.0,0.039,0.0,0.0,0.0,1.0,0.0,17.33,4,0.0,0.0,589376
2024-07-08 03:00:00,00000000270,20240708030000,0.23,0.001,0.035,0.0,0.0,0.0,1.0,0.43,15.22,4,0.0,0.0,589376
2024-07-08 04:00:00,00000000270,20240708040000,0.177,0.0,0.052,0.0,0.0,0.0,1.0,0.0,29.38,4,0.0,0.0,589376
2024-07-08 05:00:00,00000000270,20240708050000,0.18,0.001,0.046,0.0,0.0,0.0,1.0,0.56,25.56,4,0.0,0.0,589376
2024-07-08 06:00:00,00000000270,20240708060000,0.122,0.001,0.055,0.0,0.0,0.0,1.0,0.82,45.08,4,0.0,0.0,589376
2024-07-08 07:00:00,00000000270,20240708070000,0.124,0.0,0.046,0.0,0.0,0.0,1.0,0.0,37.1,4,0.0,0.0,589376
2024-07-08 08:00:00,00000000270,20240708080000,0.085,0.0,0.051,0.0,0.0,0.0,1.0,0.0,60.0,4,0.0,0.0,589376
2024-07-08 09:00:00,00000000270,20240708090000,0.095,0.001,0.044,0.0,0.0,0.0,1.0,1.05,46.32,4,0.0,0.0,589376
2024-07-08 10:00:00,00000000270,20240708100000,0.345,0.001,0.048,0.0,0.0,0.0,1.0,0.29,13.91,4,0.0,0.0,589376
2024-07-08 11:00:00,00000000270,20240708110000,0.992,0.447,0.016,0.0,0.0,0.0,1.0,45.06,1.61,4,0.0,0.0,589376
2024-07-08 12:00:00,00000000270,20240708120000,0.291,0.397,0.016,0.0,0.0,0.0,1.0,136.43,5.5,4,0.0,0.0,589376
2024-07-08 13:00:00,00000000270,20240708130000,0.132,0.018,0.046,0.0,0.0,0.0,1.0,13.64,34.85,4,0.0,0.0,589376
2024-07-08 14:00:00,00000000270,20240708140000,0.102,0.0,0.042,0.0,0.0,0.0,1.0,0.0,41.18,4,0.0,0.0,589376
2024-07-08 15:00:00,00000000270,20240708150000,0.099,0.001,0.047,0.0,0.0,0.0,1.0,1.01,47.47,4,0.0,0.0,589376
2024-07-08 16:00:00,00000000270,20240708160000,0.115,0.0,0.04,0.0,0.0,0.0,1.0,0.0,34.78,4,0.0,0.0,589376
2024-07-08 17:00:00,00000000270,20240708170000,0.1,0.003,0.044,0.0,0.0,0.0,1.0,3.0,44.0,4,0.0,0.0,589376
2024-07-08 18:00:00,00000000270,20240708180000,0.108,0.0,0.047,0.0,0.0,0.0,1.0,0.0,43.52,4,0.0,0.0,589376
2024-07-08 19:00:00,00000000270,20240708190000,0.102,0.0,0.043,0.0,0.0,0.0,1.0,0.0,42.16,4,0.0,0.0,589376
2024-07-08 20:00:00,00000000270,20240708200000,0.14,0.001,0.044,0.0,0.0,0.0,1.0,0.71,31.43,4,0.0,0.0,589376
2024-07-08 21:00:00,00000000270,20240708210000,0.146,0.0,0.042,0.0,0.0,0.0,1.0,0.0,28.77,4,0.0,0.0,589376
2024-07-08 22:00:00,00000000270,20240708220000,0.125,0.001,0.038,0.0,0.0,0.0,1.0,0.8,30.4,4,0.0,0.0,589376
2024-07-08 23:00:00,00000000270,20240708230000,0.109,0.0,0.049,0.0,0.0,0.0,1.0,0.0,44.95,4,0.0,0.0,589376
2024-07-09 00:00:00,00000000270,20240709000000,0.099,0.001,0.043,0.0,0.0,0.0,1.0,1.01,43.43,4,0.0,0.0,589376
2024-07-09 01:00:00,00000000270,20240709010000,0.092,0.0,0.049,0.0,0.0,0.0,1.0,0.0,53.26,4,0.0,0.0,589376
2024-07-09 02:00:00,00000000270,20240709020000,0.107,0.001,0.047,0.0,0.0,0.0,1.0,0.93,43.93,4,0.0,0.0,589376
2024-07-09 03:00:00,00000000270,20240709030000,0.1,0.0,0.047,0.0,0.0,0.0,1.0,0.0,47.0,4,0.0,0.0,589376
2024-07-09 04:00:00,00000000270,20240709040000,0.586,0.011,0.032,0.0,0.0,0.0,1.0,1.88,5.46,4,0.0,0.0,589376
2024-07-09 05:00:00,00000000270,20240709050000,0.327,0.002,0.026,0.0,0.0,0.0,1.0,0.61,7.95,4,0.0,0.0,589376
2024-07-09 06:00:00,00000000270,20240709060000,0.024,0.0,0.005,0.0,0.0,0.0,1.0,0.0,20.83,4,0.0,0.0,589376
2024-07-09 07:00:00,00000000270,20240709070000,0.142,0.004,0.038,0.0,0.0,0.0,1.0,2.82,26.76,4,0.0,0.0,589376
2024-07-09 08:00:00,00000000270,20240709080000,0.179,0.0,0.049,0.0,0.0,0.0,1.0,0.0,27.37,4,0.0,0.0,589376
2024-07-09 09:00:00,00000000270,20240709090000,0.132,0.001,0.044,0.0,0.0,0.0,1.0,0.76,33.33,4,0.0,0.0,589376
2024-07-09 10:00:00,00000000270,20240709100000,0.099,0.0,0.045,0.0,0.0,0.0,1.0,0.0,45.45,4,0.0,0.0,589376
2024-07-09 11:00:00,00000000270,20240709110000,0.102,0.001,0.047,0.0,0.0,0.0,1.0,0.98,46.08,4,0.0,0.0,589376
2024-07-09 12:00:00,00000000270,20240709120000,0.557,0.031,0.011,0.0,0.0,0.0,1.0,5.57,1.97,4,0.0,0.0,589376
2024-07-09 13:00:00,00000000270,20240709130000,0.413,0.045,0.013,0.0,0.0,0.0,1.0,10.9,3.15,4,0.0,0.0,589376
2024-07-09 14:00:00,00000000270,20240709140000,0.124,0.0,0.037,0.0,0.0,0.0,1.0,0.0,29.84,4,0.0,0.0,589376
2024-07-09 15:00:00,00000000270,20240709150000,0.106,0.001,0.045,0.0,0.0,0.0,1.0,0.94,42.45,4,0.0,0.0,589376
2024-07-09 16:00:00,00000000270,20240709160000,0.103,0.001,0.043,0.0,0.0,0.0,1.0,0.97,41.75,4,0.0,0.0,589376
2024-07-09 17:00:00,00000000270,20240709170000,0.182,0.0,0.043,0.0,0.0,0.0,1.0,0.0,23.63,4,0.0,0.0,589376
2024-07-09 18:00:00,00000000270,20240709180000,0.552,0.001,0.032,0.0,0.0,0.0,1.0,0.18,5.8,4,0.0,0.0,589376
2024-07-09 19:00:00,00000000270,20240709190000,1.208,0.002,0.026,0.0,0.0,0.0,1.0,0.17,2.15,4,0.0,0.0,589376
2024-07-09 20:00:00,00000000270,20240709200000,0.518,0.005,0.013,0.0,0.0,0.0,1.0,0.97,2.51,4,0.0,0.0,589376
2024-07-09 21:00:00,00000000270,20240709210000,0.336,0.009,0.005,0.0,0.0,0.0,1.0,2.68,1.49,4,0.0,0.0,589376
2024-07-09 22:00:00,00000000270,20240709220000,0.36,0.06,0.005,0.0,0.0,0.0,1.0,16.67,1.39,4,0.0,0.0,589376
2024-07-09 23:00:00,00000000270,20240709230000,0.374,0.049,0.003,0.0,0.0,0.0,1.0,13.1,0.8,4,0.0,0.0,589376
2024-07-10 00:00:00,00000000270,20240710000000,0.296,0.004,0.019,0.0,0.0,0.0,1.0,1.35,6.42,4,0.0,0.0,589376
2024-07-10 01:00:00,00000000270,20240710010000,0.284,0.002,0.023,0.0,0.0,0.0,1.0,0.7,8.1,4,0.0,0.0,589376
2024-07-10 02:00:00,00000000270,20240710020000,0.302,0.001,0.031,0.0,0.0,0.0,1.0,0.33,10.26,4,0.0,0.0,589376
2024-07-10 03:00:00,00000000270,20240710030000,0.145,0.0,0.045,0.0,0.0,0.0,1.0,0.0,31.03,4,0.0,0.0,589376
2024-07-10 04:00:00,00000000270,20240710040000,0.134,0.001,0.041,0.0,0.0,0.0,1.0,0.75,30.6,4,0.0,0.0,589376
2024-07-10 05:00:00,00000000270,20240710050000,0.097,0.0,0.052,0.0,0.0,0.0,1.0,0.0,53.61,4,0.0,0.0,589376
2024-07-10 06:00:00,00000000270,20240710060000,0.129,0.001,0.043,0.0,0.0,0.0,1.0,0.78,33.33,4,0.0,0.0,589376
2024-07-10 07:00:00,00000000270,20240710070000,0.123,0.0,0.051,0.0,0.0,0.0,1.0,0.0,41.46,4,0.0,0.0,589376
2024-07-10 08:00:00,00000000270,20240710080000,0.416,0.001,0.04,0.0,0.0,0.0,1.0,0.24,9.62,4,0.0,0.0,589376
2024-07-10 09:00:00,00000000270,20240710090000,1.055,0.01,0.006,0.0,0.0,0.0,1.0,0.95,0.57,4,0.0,0.0,589376
2024-07-10 10:00:00,00000000270,20240710100000,0.274,0.002,0.038,0.0,0.0,0.0,1.0,0.73,13.87,4,0.0,0.0,589376
2024-07-10 11:00:00,00000000270,20240710110000,0.218,0.0,0.049,0.0,0.0,0.0,1.0,0.0,22.48,4,0.0,0.0,589376
2024-07-10 12:00:00,00000000270,20240710120000,0.148,0.001,0.047,0.0,0.0,0.0,1.0,0.68,31.76,4,0.0,0.0,589376
2024-07-10 13:00:00,00000000270,20240710130000,0.143,0.0,0.045,0.0,0.0,0.0,1.0,0.0,31.47,4,0.0,0.0,589376
2024-07-10 14:00:00,00000000270,20240710140000,0.11,0.001,0.052,0.0,0.0,0.0,1.0,0.91,47.27,4,0.0,0.0,589376
2024-07-10 15:00:00,00000000270,20240710150000,0.135,0.0,0.045,0.0,0.0,0.0,1.0,0.0,33.33,4,0.0,0.0,589376
2024-07-10 16:00:00,00000000270,20240710160000,0.139,0.001,0.051,0.0,0.0,0.0,1.0,0.72,36.69,4,0.0,0.0,589376
2024-07-10 17:00:00,00000000270,20240710170000,0.144,0.0,0.048,0.0,0.0,0.0,1.0,0.0,33.33,4,0.0,0.0,589376
2024-07-10 18:00:00,00000000270,20240710180000,0.162,0.001,0.05,0.0,0.0,0.0,1.0,0.62,30.86,4,0.0,0.0,589376
2024-07-10 19:00:00,00000000270,20240710190000,0.615,0.003,0.021,0.0,0.0,0.0,1.0,0.49,3.41,4,0.0,0.0,589376
2024-07-10 20:00:00,00000000270,20240710200000,0.216,0.001,0.048,0.0,0.0,0.0,1.0,0.46,22.22,4,0.0,0.0,589376
2024-07-10 21:00:00,00000000270,20240710210000,0.215,0.034,0.0,0.0,0.0,0.0,1.0,15.81,0.0,4,0.0,0.0,589376
2024-07-10 22:00:00,00000000270,20240710220000,0.156,0.005,0.035,0.0,0.0,0.0,1.0,3.21,22.44,4,0.0,0.0,589376
2024-07-10 23:00:00,00000000270,20240710230000,0.13,0.001,0.046,0.0,0.0,0.0,1.0,0.77,35.38,4,0.0,0.0,589376
2024-07-11 00:00:00,00000000270,20240711000000,0.122,0.0,0.038,0.0,0.0,0.0,1.0,0.0,31.15,4,0.0,0.0,589376
2024-07-11 01:00:00,00000000270,20240711010000,0.107,0.001,0.047,0.0,0.0,0.0,1.0,0.93,43.93,4,0.0,0.0,589376
2024-07-11 02:00:00,00000000270,20240711020000,0.114,0.0,0.042,0.0,0.0,0.0,1.0,0.0,36.84,4,0.0,0.0,589376
2024-07-11 03:00:00,00000000270,20240711030000,0.131,0.001,0.049,0.0,0.0,0.0,1.0,0.76,37.4,4,0.0,0.0,589376
2024-07-11 04:00:00,00000000270,20240711040000,0.174,0.0,0.043,0.0,0.0,0.0,1.0,0.0,24.71,4,0.0,0.0,589376
2024-07-11 05:00:00,00000000270,20240711050000,0.121,0.001,0.045,0.0,0.0,0.0,1.0,0.83,37.19,4,0.0,0.0,589376
2024-07-11 06:00:00,00000000270,20240711060000,0.371,0.004,0.024,0.0,0.0,0.0,1.0,1.08,6.47,4,0.0,0.0,589376
2024-07-11 07:00:00,00000000270,20240711070000,0.311,0.005,0.018,0.0,0.0,0.0,1.0,1.61,5.79,4,0.0,0.0,589376
2024-07-11 08:00:00,00000000270,20240711080000,0.23,0.0,0.035,0.0,0.0,0.0,1.0,0.0,15.22,4,0.0,0.0,589376
2024-07-11 09:00:00,00000000270,20240711090000,0.156,0.001,0.036,0.0,0.0,0.0,1.0,0.64,23.08,4,0.0,0.0,589376
2024-07-11 10:00:00,00000000270,20240711100000,0.122,0.001,0.043,0.0,0.0,0.0,1.0,0.82,35.25,4,0.0,0.0,589376
2024-07-11 11:00:00,00000000270,20240711110000,0.122,0.0,0.041,0.0,0.0,0.0,1.0,0.0,33.61,4,0.0,0.0,589376
2024-07-11 12:00:00,00000000270,20240711120000,1.25,0.001,0.034,0.0,0.0,0.0,1.0,0.08,2.72,4,0.0,0.0,589376
2024-07-11 13:00:00,00000000270,20240711130000,0.711,0.001,0.027,0.0,0.0,0.0,1.0,0.14,3.8,4,0.0,0.0,589376
2024-07-11 14:00:00,00000000270,20240711140000,0.148,0.001,0.042,0.0,0.0,0.0,1.0,0.68,28.38,4,0.0,0.0,589376
2024-07-11 15:00:00,00000000270,20240711150000,0.188,0.0,0.041,0.0,0.0,0.0,1.0,0.0,21.81,4,0.0,0.0,589376
2024-07-11 16:00:00,00000000270,20240711160000,0.146,0.001,0.05,0.0,0.0,0.0,1.0,0.68,34.25,4,0.0,0.0,589376
2024-07-11 17:00:00,00000000270,20240711170000,0.364,0.079,0.031,0.0,0.0,0.0,1.0,21.7,8.52,4,0.0,0.0,589376
2024-07-11 18:00:00,00000000270,20240711180000,0.332,0.093,0.022,0.0,0.0,0.0,1.0,28.01,6.63,4,0.0,0.0,589376
2024-07-11 19:00:00,00000000270,20240711190000,0.175,0.0,0.041,0.0,0.0,0.0,1.0,0.0,23.43,4,0.0,0.0,589376
2024-07-11 20:00:00,00000000270,20240711200000,0.223,0.008,0.036,0.0,0.0,0.0,1.0,3.59,16.14,4,0.0,0.0,589376
2024-07-11 21:00:00,00000000270,20240711210000,0.619,0.042,0.0,0.0,0.0,0.0,1.0,6.79,0.0,4,0.0,0.0,589376
2024-07-11 22:00:00,00000000270,20240711220000,0.332,0.037,0.0,0.0,0.0,0.0,1.0,11.14,0.0,4,0.0,0.0,589376
2024-07-11 23:00:00,00000000270,20240711230000,0.173,0.007,0.036,0.0,0.0,0.0,1.0,4.05,20.81,4,0.0,0.0,589376
2024-07-12 00:00:00,00000000270,20240712000000,0.116,0.0,0.049,0.0,0.0,0.0,1.0,0.0,42.24,4,0.0,0.0,589376
2024-07-12 01:00:00,00000000270,20240712010000,0.127,0.001,0.046,0.0,0.0,0.0,1.0,0.79,36.22,4,0.0,0.0,589376
2024-07-12 02:00:00,00000000270,20240712020000,0.241,0.004,0.039,0.0,0.0,0.0,1.0,1.66,16.18,4,0.0,0.0,589376
2024-07-12 03:00:00,00000000270,20240712030000,0.28,0.0,0.03,0.0,0.0,0.0,1.0,0.0,10.71,4,0.0,0.0,589376
2024-07-12 04:00:00,00000000270,20240712040000,0.287,0.001,0.033,0.0,0.0,0.0,1.0,0.35,11.5,4,0.0,0.0,589376
2024-07-12 05:00:00,00000000270,20240712050000,0.243,0.0,0.038,0.0,0.0,0.0,1.0,0.0,15.64,4,0.0,0.0,589376
2024-07-12 06:00:00,00000000270,20240712060000,0.196,0.001,0.039,0.0,0.0,0.0,1.0,0.51,19.9,4,0.0,0.0,589376
2024-07-12 07:00:00,00000000270,20240712070000,0.26,0.0,0.054,0.0,0.0,0.0,1.0,0.0,20.77,4,0.0,0.0,589376
2024-07-12 08:00:00,00000000270,20240712080000,0.145,0.001,0.044,0.0,0.0,0.0,1.0,0.69,30.34,4,0.0,0.0,589376
2024-07-12 09:00:00,00000000270,20240712090000,0.141,0.0,0.04,0.0,0.0,0.0,1.0,0.0,28.37,4,0.0,0.0,589376
2024-07-12 10:00:00,00000000270,20240712100000,0.115,0.001,0.045,0.0,0.0,0.0,1.0,0.87,39.13,4,0.0,0.0,589376
2024-07-12 11:00:00,00000000270,20240712110000,0.13,0.0,0.039,0.0,0.0,0.0,1.0,0.0,30.0,4,0.0,0.0,589376
2024-07-12 12:00:00,00000000270,20240712120000,0.17,0.001,0.048,0.0,0.0,0.0,1.0,0.59,28.24,4,0.0,0.0,589376
2024-07-12 13:00:00,00000000270,20240712130000,0.152,0.0,0.034,0.0,0.0,0.0,1.0,0.0,22.37,4,0.0,0.0,589376
2024-07-12 14:00:00,00000000270,20240712140000,0.118,0.001,0.042,0.0,0.0,0.0,1.0,0.85,35.59,4,0.0,0.0,589376
2024-07-12 15:00:00,00000000270,20240712150000,0.121,0.0,0.04,0.0,0.0,0.0,1.0,0.0,33.06,4,0.0,0.0,589376
2024-07-12 16:00:00,00000000270,20240712160000,1.022,0.295,0.022,0.0,0.0,0.0,1.0,28.86,2.15,4,0.0,0.0,589376
2024-07-12 17:00:00,00000000270,20240712170000,0.231,0.42,0.014,0.0,0.0,0.0,1.0,181.82,6.06,4,0.0,0.0,589376
2024-07-12 18:00:00,00000000270,20240712180000,0.449,0.376,0.013,0.0,0.0,0.0,1.0,83.74,2.9,4,0.0,0.0,589376
2024-07-12 19:00:00,00000000270,20240712190000,0.171,0.092,0.029,0.0,0.0,0.0,1.0,53.8,16.96,4,0.0,0.0,589376
2024-07-12 20:00:00,00000000270,20240712200000,0.69,0.002,0.033,0.0,0.0,0.0,1.0,0.29,4.78,4,0.0,0.0,589376
2024-07-12 21:00:00,00000000270,20240712210000,0.724,0.034,0.011,0.0,0.0,0.0,1.0,4.7,1.52,4,0.0,0.0,589376
2024-07-12 22:00:00,00000000270,20240712220000,0.145,0.001,0.052,0.0,0.0,0.0,1.0,0.69,35.86,4,0.0,0.0,589376
2024-07-12 23:00:00,00000000270,20240712230000,0.134,0.0,0.045,0.0,0.0,0.0,1.0,0.0,33.58,4,0.0,0.0,589376
2024-07-13 00:00:00,00000000270,20240713000000,0.113,0.001,0.056,0.0,0.0,0.0,1.0,0.88,49.56,4,0.0,0.0,589376
2024-07-13 01:00:00,00000000270,20240713010000,0.135,0.0,0.049,0.0,0.0,0.0,1.0,0.0,36.3,4,0.0,0.0,589376
2024-07-13 02:00:00,00000000270,20240713020000,0.094,0.001,0.06,0.0,0.0,0.0,1.0,1.06,63.83,4,0.0,0.0,589376
2024-07-13 03:00:00,00000000270,20240713030000,0.124,0.0,0.052,0.0,0.0,0.0,1.0,0.0,41.94,4,0.0,0.0,589376
2024-07-13 04:00:00,00000000270,20240713040000,0.1,0.0,0.059,0.0,0.0,0.0,1.0,0.0,59.0,4,0.0,0.0,589376
2024-07-13 05:00:00,00000000270,20240713050000,0.18,0.001,0.057,0.0,0.0,0.0,1.0,0.56,31.67,4,0.0,0.0,589376
2024-07-13 06:00:00,00000000270,20240713060000,0.137,0.0,0.056,0.0,0.0,0.0,1.0,0.0,40.88,4,0.0,0.0,589376
2024-07-13 07:00:00,00000000270,20240713070000,0.128,0.001,0.056,0.0,0.0,0.0,1.0,0.78,43.75,4,0.0,0.0,589376
2024-07-13 08:00:00,00000000270,20240713080000,0.097,0.0,0.058,0.0,0.0,0.0,1.0,0.0,59.79,4,0.0,0.0,589376
2024-07-13 09:00:00,00000000270,20240713090000,0.459,0.002,0.032,0.0,0.0,0.0,1.0,0.44,6.97,4,0.0,0.0,589376
2024-07-13 10:00:00,00000000270,20240713100000,0.359,0.113,0.022,0.0,0.0,0.0,1.0,31.48,6.13,4,0.0,0.0,589376
2024-07-13 11:00:00,00000000270,20240713110000,0.255,0.001,0.035,0.0,0.0,0.0,1.0,0.39,13.73,4,0.0,0.0,589376
2024-07-13 12:00:00,00000000270,20240713120000,0.259,0.0,0.034,0.0,0.0,0.0,1.0,0.0,13.13,4,0.0,0.0,589376
2024-07-13 13:00:00,00000000270,20240713130000,0.16,0.001,0.046,0.0,0.0,0.0,1.0,0.62,28.75,4,0.0,0.0,589376
2024-07-13 14:00:00,00000000270,20240713140000,0.174,0.0,0.053,0.0,0.0,0.0,1.0,0.0,30.46,4,0.0,0.0,589376
2024-07-13 15:00:00,00000000270,20240713150000,0.148,0.001,0.047,0.0,0.0,0.0,1.0,0.68,31.76,4,0.0,0.0,589376
2024-07-13 16:00:00,00000000270,20240713160000,0.428,0.001,0.039,0.0,0.0,0.0,1.0,0.23,9.11,4,0.0,0.0,589376
2024-07-13 17:00:00,00000000270,20240713170000,0.118,0.0,0.052,0.0,0.0,0.0,1.0,0.0,44.07,4,0.0,0.0,589376
2024-07-13 18:00:00,00000000270,20240713180000,0.13,0.001,0.045,0.0,0.0,0.0,1.0,0.77,34.62,4,0.0,0.0,589376
2024-07-13 19:00:00,00000000270,20240713190000,0.111,0.0,0.052,0.0,0.0,0.0,1.0,0.0,46.85,4,0.0,0.0,589376
2024-07-13 20:00:00,00000000270,20240713200000,0.108,0.001,0.046,0.0,0.0,0.0,1.0,0.93,42.59,4,0.0,0.0,589376
2024-07-13 21:00:00,00000000270,20240713210000,1.024,0.001,0.038,0.0,0.0,0.0,1.0,0.1,3.71,4,0.0,0.0,589376
2024-07-13 22:00:00,00000000270,20240713220000,0.146,0.004,0.029,0.0,0.0,0.0,1.0,2.74,19.86,4,0.0,0.0,589376
2024-07-13 23:00:00,00000000270,20240713230000,0.186,0.001,0.052,0.0,0.0,0.0,1.0,0.54,27.96,4,0.0,0.0,589376
2024-07-14 00:00:00,00000000270,20240714000000,0.157,0.0,0.05,0.0,0.0,0.0,1.0,0.0,31.85,4,0.0,0.0,589376
2024-07-14 01:00:00,00000000270,20240714010000,0.449,0.005,0.021,0.0,0.0,0.0,1.0,1.11,4.68,4,0.0,0.0,589376
2024-07-14 02:00:00,00000000270,20240714020000,0.403,0.003,0.018,0.0,0.0,0.0,1.0,0.74,4.47,4,0.0,0.0,589376
2024-07-14 03:00:00,00000000270,20240714030000,0.286,0.0,0.036,0.0,0.0,0.0,1.0,0.0,12.59,4,0.0,0.0,589376
2024-07-14 04:00:00,00000000270,20240714040000,0.221,0.001,0.053,0.0,0.0,0.0,1.0,0.45,23.98,4,0.0,0.0,589376
2024-07-14 05:00:00,00000000270,20240714050000,0.23,0.001,0.056,0.0,0.0,0.0,1.0,0.43,24.35,4,0.0,0.0,589376
2024-07-14 06:00:00,00000000270,20240714060000,0.209,0.0,0.056,0.0,0.0,0.0,1.0,0.0,26.79,4,0.0,0.0,589376
2024-07-14 07:00:00,00000000270,20240714070000,0.216,0.001,0.057,0.0,0.0,0.0,1.0,0.46,26.39,4,0.0,0.0,589376
2024-07-14 08:00:00,00000000270,20240714080000,0.264,0.0,0.069,0.0,0.0,0.0,1.0,0.0,26.14,4,0.0,0.0,589376
2024-07-14 09:00:00,00000000270,20240714090000,0.165,0.001,0.063,0.0,0.0,0.0,1.0,0.61,38.18,4,0.0,0.0,589376
2024-07-14 10:00:00,00000000270,20240714100000,0.166,0.0,0.068,0.0,0.0,0.0,1.0,0.0,40.96,4,0.0,0.0,589376
2024-07-14 11:00:00,00000000270,20240714110000,0.319,0.002,0.048,0.0,0.0,0.0,1.0,0.63,15.05,4,0.0,0.0,589376
2024-07-14 12:00:00,00000000270,20240714120000,0.382,0.001,0.044,0.0,0.0,0.0,1.0,0.26,11.52,4,0.0,0.0,589376
2024-07-14 13:00:00,00000000270,20240714130000,0.33,0.001,0.033,0.0,0.0,0.0,1.0,0.3,10.0,4,0.0,0.0,589376
2024-07-14 14:00:00,00000000270,20240714140000,0.555,0.002,0.047,0.0,0.0,0.0,1.0,0.36,8.47,4,0.0,0.0,589376
2024-07-14 15:00:00,00000000270,20240714150000,0.435,0.003,0.017,0.0,0.0,0.0,1.0,0.69,3.91,4,0.0,0.0,589376
2024-07-14 16:00:00,00000000270,20240714160000,0.598,0.001,0.028,0.0,0.0,0.0,1.0,0.17,4.68,4,0.0,0.0,589376
2024-07-14 17:00:00,00000000270,20240714170000,0.489,0.001,0.033,0.0,0.0,0.0,1.0,0.2,6.75,4,0.0,0.0,589376
2024-07-14 18:00:00,00000000270,20240714180000,0.423,0.001,0.042,0.0,0.0,0.0,1.0,0.24,9.93,4,0.0,0.0,589376
2024-07-14 19:00:00,00000000270,20240714190000,0.457,0.004,0.031,0.0,0.0,0.0,1.0,0.88,6.78,4,0.0,0.0,589376
2024-07-14 20:00:00,00000000270,20240714200000,0.803,0.006,0.012,0.0,0.0,0.0,1.0,0.75,1.49,4,0.0,0.0,589376
2024-07-14 21:00:00,00000000270,20240714210000,0.324,0.002,0.041,0.0,0.0,0.0,1.0,0.62,12.65,4,0.0,0.0,589376
2024-07-14 22:00:00,00000000270,20240714220000,0.324,0.016,0.024,0.0,0.0,0.0,1.0,4.94,7.41,4,0.0,0.0,589376
2024-07-14 23:00:00,00000000270,20240714230000,0.246,0.001,0.049,0.0,0.0,0.0,1.0,0.41,19.92,4,0.0,0.0,589376
2024-07-15 00:00:00,00000000270,20240715000000,0.335,0.0,0.04,0.0,0.0,0.0,1.0,0.0,11.94,4,0.0,0.0,589376
2024-07-15 01:00:00,00000000270,20240715010000,0.306,0.004,0.046,0.0,0.0,0.0,1.0,1.31,15.03,4,0.0,0.0,589376
2024-07-15 02:00:00,00000000270,20240715020000,0.291,0.004,0.037,0.0,0.0,0.0,1.0,1.37,12.71,4,0.0,0.0,589376
2024-07-15 03:00:00,00000000270,20240715030000,0.174,0.001,0.058,0.0,0.0,0.0,1.0,0.57,33.33,4,0.0,0.0,589376
2024-07-15 04:00:00,00000000270,20240715040000,0.181,0.002,0.056,0.0,0.0,0.0,1.0,1.1,30.94,4,0.0,0.0,589376
2024-07-15 05:00:00,00000000270,20240715050000,0.17,0.001,0.056,0.0,0.0,0.0,1.0,0.59,32.94,4,0.0,0.0,589376
2024-07-15 06:00:00,00000000270,20240715060000,0.133,0.001,0.066,0.0,0.0,0.0,1.0,0.75,49.62,4,0.0,0.0,589376
2024-07-15 07:00:00,00000000270,20240715070000,0.356,0.0,0.054,0.0,0.0,0.0,1.0,0.0,15.17,4,0.0,0.0,589376
2024-07-15 08:00:00,00000000270,20240715080000,0.168,0.001,0.058,0.0,0.0,0.0,1.0,0.6,34.52,4,0.0,0.0,589376
2024-07-15 09:00:00,00000000270,20240715090000,0.427,0.169,0.02,0.0,0.0,0.0,1.0,39.58,4.68,4,0.0,0.0,589376
2024-07-15 10:00:00,00000000270,20240715100000,0.567,0.076,0.03,0.0,0.0,0.0,1.0,13.4,5.29,4,0.0,0.0,589376
2024-07-15 11:00:00,00000000270,20240715110000,0.342,0.001,0.024,0.0,0.0,0.0,1.0,0.29,7.02,4,0.0,0.0,589376
2024-07-15 12:00:00,00000000270,20240715120000,0.351,0.001,0.028,0.0,0.0,0.0,1.0,0.28,7.98,4,0.0,0.0,589376
2024-07-15 13:00:00,00000000270,20240715130000,0.593,0.002,0.021,0.0,0.0,0.0,1.0,0.34,3.54,4,0.0,0.0,589376
2024-07-15 14:00:00,00000000270,20240715140000,0.7,0.009,0.005,0.0,0.0,0.0,1.0,1.29,0.71,4,0.0,0.0,589376
2024-07-15 15:00:00,00000000270,20240715150000,0.376,0.001,0.032,0.0,0.0,0.0,1.0,0.27,8.51,4,0.0,0.0,589376
2024-07-15 16:00:00,00000000270,20240715160000,0.288,0.002,0.027,0.0,0.0,0.0,1.0,0.69,9.38,4,0.0,0.0,589376
2024-07-15 17:00:00,00000000270,20240715170000,0.332,0.001,0.034,0.0,0.0,0.0,1.0,0.3,10.24,4,0.0,0.0,589376
2024-07-15 18:00:00,00000000270,20240715180000,0.566,0.008,0.013,0.0,0.0,0.0,1.0,1.41,2.3,4,0.0,0.0,589376
2024-07-15 19:00:00,00000000270,20240715190000,0.371,0.005,0.014,0.0,0.0,0.0,1.0,1.35,3.77,4,0.0,0.0,589376
2024-07-15 20:00:00,00000000270,20240715200000,0.149,0.001,0.038,0.0,0.0,0.0,1.0,0.67,25.5,4,0.0,0.0,589376
2024-07-15 21:00:00,00000000270,20240715210000,0.142,0.005,0.029,0.0,0.0,0.0,1.0,3.52,20.42,4,0.0,0.0,589376
2024-07-15 22:00:00,00000000270,20240715220000,0.312,0.232,0.011,0.0,0.0,0.0,1.0,74.36,3.53,4,0.0,0.0,589376
2024-07-15 23:00:00,00000000270,20240715230000,0.22,0.123,0.017,0.0,0.0,0.0,1.0,55.91,7.73,4,0.0,0.0,589376
2024-07-16 00:00:00,00000000270,20240716000000,0.272,0.004,0.026,0.0,0.0,0.0,1.0,1.47,9.56,4,0.0,0.0,589376
2024-07-16 01:00:00,00000000270,20240716010000,0.369,0.001,0.014,0.0,0.0,0.0,1.0,0.27,3.79,4,0.0,0.0,589376
2024-07-16 02:00:00,00000000270,20240716020000,0.296,0.001,0.021,0.0,0.0,0.0,1.0,0.34,7.09,4,0.0,0.0,589376
2024-07-16 03:00:00,00000000270,20240716030000,0.239,0.0,0.036,0.0,0.0,0.0,1.0,0.0,15.06,4,0.0,0.0,589376
2024-07-16 04:00:00,00000000270,20240716040000,0.218,0.001,0.043,0.0,0.0,0.0,1.0,0.46,19.72,4,0.0,0.0,589376
2024-07-16 05:00:00,00000000270,20240716050000,0.213,0.001,0.043,0.0,0.0,0.0,1.0,0.47,20.19,4,0.0,0.0,589376
2024-07-16 06:00:00,00000000270,20240716060000,0.21,0.004,0.051,0.0,0.0,0.0,1.0,1.9,24.29,4,0.0,0.0,589376
2024-07-16 07:00:00,00000000270,20240716070000,0.181,0.001,0.053,0.0,0.0,0.0,1.0,0.55,29.28,4,0.0,0.0,589376
2024-07-16 08:00:00,00000000270,20240716080000,0.928,0.207,0.036,0.0,0.0,0.0,1.0,22.31,3.88,4,0.0,0.0,589376
2024-07-16 09:00:00,00000000270,20240716090000,0.548,0.456,0.009,0.0,0.0,0.0,1.0,83.21,1.64,4,0.0,0.0,589376
2024-07-16 10:00:00,00000000270,20240716100000,0.649,0.156,0.013,0.0,0.0,0.0,1.0,24.04,2.0,4,0.0,0.0,589376
2024-07-16 11:00:00,00000000270,20240716110000,0.646,0.007,0.016,0.0,0.0,0.0,1.0,1.08,2.48,4,0.0,0.0,589376
2024-07-16 12:00:00,00000000270,20240716120000,0.991,0.002,0.018,0.0,0.0,0.0,1.0,0.2,1.82,4,0.0,0.0,589376
2024-07-16 13:00:00,00000000270,20240716130000,0.633,0.005,0.017,0.0,0.0,0.0,1.0,0.79,2.69,4,0.0,0.0,589376
2024-07-16 14:00:00,00000000270,20240716140000,0.562,0.002,0.02,0.0,0.0,0.0,1.0,0.36,3.56,4,0.0,0.0,589376
2024-07-16 15:00:00,00000000270,20240716150000,0.59,0.003,0.013,0.0,0.0,0.0,1.0,0.51,2.2,4,0.0,0.0,589376
2024-07-16 16:00:00,00000000270,20240716160000,0.772,0.003,0.043,0.0,0.0,0.0,1.0,0.39,5.57,4,0.0,0.0,589376
2024-07-16 17:00:00,00000000270,20240716170000,0.991,0.0,0.072,0.0,0.0,0.0,1.0,0.0,7.27,4,0.0,0.0,589376
2024-07-16 18:00:00,00000000270,20240716180000,0.971,0.001,0.062,0.0,0.0,0.0,1.0,0.1,6.39,4,0.0,0.0,589376
2024-07-16 19:00:00,00000000270,20240716190000,0.852,0.0,0.057,0.0,0.0,0.0,1.0,0.0,6.69,4,0.0,0.0,589376
2024-07-16 20:00:00,00000000270,20240716200000,0.63,0.001,0.056,0.0,0.0,0.0,1.0,0.16,8.89,4,0.0,0.0,589376
2024-07-16 21:00:00,00000000270,20240716210000,0.574,0.001,0.061,0.0,0.0,0.0,1.0,0.17,10.63,4,0.0,0.0,589376
2024-07-16 22:00:00,00000000270,20240716220000,0.542,0.005,0.016,0.0,0.0,0.0,1.0,0.92,2.95,4,0.0,0.0,589376
2024-07-16 23:00:00,00000000270,20240716230000,0.467,0.002,0.068,0.0,0.0,0.0,1.0,0.43,14.56,4,0.0,0.0,589376
2024-07-17 00:00:00,00000000270,20240717000000,0.386,0.0,0.073,0.0,0.0,0.0,1.0,0.0,18.91,4,0.0,0.0,589376
2024-07-17 01:00:00,00000000270,20240717010000,0.296,0.001,0.038,0.0,0.0,0.0,1.0,0.34,12.84,4,0.0,0.0,589376
2024-07-17 02:00:00,00000000270,20240717020000,0.222,0.002,0.047,0.0,0.0,0.0,1.0,0.9,21.17,4,0.0,0.0,589376
2024-07-17 03:00:00,00000000270,20240717030000,0.281,0.001,0.047,0.0,0.0,0.0,1.0,0.36,16.73,4,0.0,0.0,589376
2024-07-17 04:00:00,00000000270,20240717040000,0.24,0.001,0.043,0.0,0.0,0.0,1.0,0.42,17.92,4,0.0,0.0,589376
2024-07-17 05:00:00,00000000270,20240717050000,0.213,0.001,0.049,0.0,0.0,0.0,1.0,0.47,23.0,4,0.0,0.0,589376
2024-07-17 06:00:00,00000000270,20240717060000,0.146,0.0,0.043,0.0,0.0,0.0,1.0,0.0,29.45,4,0.0,0.0,589376
2024-07-17 07:00:00,00000000270,20240717070000,0.236,0.005,0.046,0.0,0.0,0.0,1.0,2.12,19.49,4,0.0,0.0,589376
2024-07-17 08:00:00,00000000270,20240717080000,0.342,0.002,0.034,0.0,0.0,0.0,1.0,0.58,9.94,4,0.0,0.0,589376
2024-07-17 09:00:00,00000000270,20240717090000,0.317,0.005,0.016,0.0,0.0,0.0,1.0,1.58,5.05,4,0.0,0.0,589376
2024-07-17 10:00:00,00000000270,20240717100000,0.506,0.011,0.018,0.0,0.0,0.0,1.0,2.17,3.56,4,0.0,0.0,589376
2024-07-17 11:00:00,00000000270,20240717110000,0.49,0.004,0.015,0.0,0.0,0.0,1.0,0.82,3.06,4,0.0,0.0,589376
2024-07-17 12:00:00,00000000270,20240717120000,0.681,0.005,0.009,0.0,0.0,0.0,1.0,0.73,1.32,4,0.0,0.0,589376
2024-07-17 13:00:00,00000000270,20240717130000,0.471,0.003,0.018,0.0,0.0,0.0,1.0,0.64,3.82,4,0.0,0.0,589376
2024-07-17 14:00:00,00000000270,20240717140000,0.588,0.006,0.01,0.0,0.0,0.0,1.0,1.02,1.7,4,0.0,0.0,589376
2024-07-17 15:00:00,00000000270,20240717150000,0.612,0.005,0.017,0.0,0.0,0.0,1.0,0.82,2.78,4,0.0,0.0,589376
2024-07-17 16:00:00,00000000270,20240717160000,0.67,0.005,0.01,0.0,0.0,0.0,1.0,0.75,1.49,4,0.0,0.0,589376
2024-07-17 17:00:00,00000000270,20240717170000,0.593,0.004,0.017,0.0,0.0,0.0,1.0,0.67,2.87,4,0.0,0.0,589376
2024-07-17 18:00:00,00000000270,20240717180000,0.572,0.002,0.013,0.0,0.0,0.0,1.0,0.35,2.27,4,0.0,0.0,589376
2024-07-17 19:00:00,00000000270,20240717190000,0.163,0.0,0.053,0.0,0.0,0.0,1.0,0.0,32.52,4,0.0,0.0,589376
2024-07-17 20:00:00,00000000270,20240717200000,0.163,0.002,0.042,0.0,0.0,0.0,1.0,1.23,25.77,4,0.0,0.0,589376
2024-07-17 21:00:00,00000000270,20240717210000,0.422,0.031,0.008,0.0,0.0,0.0,1.0,7.35,1.9,4,0.0,0.0,589376
2024-07-17 22:00:00,00000000270,20240717220000,0.544,0.001,0.03,0.0,0.0,0.0,1.0,0.18,5.51,4,0.0,0.0,589376
2024-07-17 23:00:00,00000000270,20240717230000,0.711,0.004,0.023,0.0,0.0,0.0,1.0,0.56,3.23,4,0.0,0.0,589376
2024-07-18 00:00:00,00000000270,20240718000000,0.361,0.004,0.023,0.0,0.0,0.0,1.0,1.11,6.37,4,0.0,0.0,589376
2024-07-18 01:00:00,00000000270,20240718010000,0.242,0.001,0.038,0.0,0.0,0.0,1.0,0.41,15.7,4,0.0,0.0,589376
2024-07-18 02:00:00,00000000270,20240718020000,0.236,0.0,0.033,0.0,0.0,0.0,1.0,0.0,13.98,4,0.0,0.0,589376
2024-07-18 03:00:00,00000000270,20240718030000,0.211,0.001,0.046,0.0,0.0,0.0,1.0,0.47,21.8,4,0.0,0.0,589376
2024-07-18 04:00:00,00000000270,20240718040000,0.223,0.0,0.044,0.0,0.0,0.0,1.0,0.0,19.73,4,0.0,0.0,589376
2024-07-18 05:00:00,00000000270,20240718050000,0.158,0.001,0.049,0.0,0.0,0.0,1.0,0.63,31.01,4,0.0,0.0,589376
2024-07-18 06:00:00,00000000270,20240718060000,0.209,0.0,0.052,0.0,0.0,0.0,1.0,0.0,24.88,4,0.0,0.0,589376
2024-07-18 07:00:00,00000000270,20240718070000,0.148,0.001,0.042,0.0,0.0,0.0,1.0,0.68,28.38,4,0.0,0.0,589376
2024-07-18 08:00:00,00000000270,20240718080000,0.095,0.0,0.052,0.0,0.0,0.0,1.0,0.0,54.74,4,0.0,0.0,589376
2024-07-18 09:00:00,00000000270,20240718090000,1.508,0.029,0.01,0.0,0.0,0.0,1.0,1.92,0.66,4,0.0,0.0,589376
2024-07-18 10:00:00,00000000270,20240718100000,0.501,0.019,0.013,0.0,0.0,0.0,1.0,3.79,2.59,4,0.0,0.0,589376
2024-07-18 11:00:00,00000000270,20240718110000,0.647,0.349,0.007,0.0,0.0,0.0,1.0,53.94,1.08,4,0.0,0.0,589376
2024-07-18 12:00:00,00000000270,20240718120000,0.569,0.001,0.019,0.0,0.0,0.0,1.0,0.18,3.34,4,0.0,0.0,589376
2024-07-18 13:00:00,00000000270,20240718130000,0.637,0.003,0.02,0.0,0.0,0.0,1.0,0.47,3.14,4,0.0,0.0,589376
2024-07-18 14:00:00,00000000270,20240718140000,0.637,0.005,0.016,0.0,0.0,0.0,1.0,0.78,2.51,4,0.0,0.0,589376
2024-07-18 15:00:00,00000000270,20240718150000,0.687,0.005,0.009,0.0,0.0,0.0,1.0,0.73,1.31,4,0.0,0.0,589376
2024-07-18 16:00:00,00000000270,20240718160000,0.712,0.004,0.008,0.0,0.0,0.0,1.0,0.56,1.12,4,0.0,0.0,589376
2024-07-18 17:00:00,00000000270,20240718170000,0.843,0.002,0.019,0.0,0.0,0.0,1.0,0.24,2.25,4,0.0,0.0,589376
2024-07-18 18:00:00,00000000270,20240718180000,0.68,0.005,0.011,0.0,0.0,0.0,1.0,0.74,1.62,4,0.0,0.0,589376
2024-07-18 19:00:00,00000000270,20240718190000,0.851,0.009,0.008,0.0,0.0,0.0,1.0,1.06,0.94,4,0.0,0.0,589376
2024-07-18 20:00:00,00000000270,20240718200000,0.641,0.007,0.012,0.0,0.0,0.0,1.0,1.09,1.87,4,0.0,0.0,589376
2024-07-18 21:00:00,00000000270,20240718210000,0.605,0.011,0.021,0.0,0.0,0.0,1.0,1.82,3.47,4,0.0,0.0,589376
2024-07-18 22:00:00,00000000270,20240718220000,0.292,0.03,0.005,0.0,0.0,0.0,1.0,10.27,1.71,4,0.0,0.0,589376
2024-07-18 23:00:00,00000000270,20240718230000,0.547,0.007,0.024,0.0,0.0,0.0,1.0,1.28,4.39,4,0.0,0.0,589376
2024-07-19 00:00:00,00000000270,20240719000000,0.432,0.003,0.011,0.0,0.0,0.0,1.0,0.69,2.55,4,0.0,0.0,589376
2024-07-19 01:00:00,00000000270,20240719010000,0.265,0.001,0.034,0.0,0.0,0.0,1.0,0.38,12.83,4,0.0,0.0,589376
2024-07-19 02:00:00,00000000270,20240719020000,0.247,0.0,0.039,0.0,0.0,0.0,1.0,0.0,15.79,4,0.0,0.0,589376
2024-07-19 03:00:00,00000000270,20240719030000,0.258,0.001,0.031,0.0,0.0,0.0,1.0,0.39,12.02,4,0.0,0.0,589376
2024-07-19 04:00:00,00000000270,20240719040000,0.284,0.0,0.038,0.0,0.0,0.0,1.0,0.0,13.38,4,0.0,0.0,589376
2024-07-19 05:00:00,00000000270,20240719050000,0.444,0.003,0.013,0.0,0.0,0.0,1.0,0.68,2.93,4,0.0,0.0,589376
2024-07-19 06:00:00,00000000270,20240719060000,0.159,0.001,0.039,0.0,0.0,0.0,1.0,0.63,24.53,4,0.0,0.0,589376
2024-07-19 07:00:00,00000000270,20240719070000,0.114,0.0,0.051,0.0,0.0,0.0,1.0,0.0,44.74,4,0.0,0.0,589376
2024-07-19 08:00:00,00000000270,20240719080000,0.128,0.001,0.048,0.0,0.0,0.0,1.0,0.78,37.5,4,0.0,0.0,589376
2024-07-19 09:00:00,00000000270,20240719090000,0.239,0.0,0.046,0.0,0.0,0.0,1.0,0.0,19.25,4,0.0,0.0,589376
2024-07-19 10:00:00,00000000270,20240719100000,0.134,0.0,0.05,0.0,0.0,0.0,1.0,0.0,37.31,4,0.0,0.0,589376
2024-07-19 11:00:00,00000000270,20240719110000,0.171,0.001,0.043,0.0,0.0,0.0,1.0,0.58,25.15,4,0.0,0.0,589376
2024-07-19 12:00:00,00000000270,20240719120000,0.225,0.0,0.056,0.0,0.0,0.0,1.0,0.0,24.89,4,0.0,0.0,589376
2024-07-19 13:00:00,00000000270,20240719130000,0.172,0.123,0.038,0.0,0.0,0.0,1.0,71.51,22.09,4,0.0,0.0,589376
2024-07-19 14:00:00,00000000270,20240719140000,0.52,0.363,0.014,0.0,0.0,0.0,1.0,69.81,2.69,4,0.0,0.0,589376
2024-07-19 15:00:00,00000000270,20240719150000,0.2,0.014,0.046,0.0,0.0,0.0,1.0,7.0,23.0,4,0.0,0.0,589376
2024-07-19 16:00:00,00000000270,20240719160000,0.178,0.001,0.05,0.0,0.0,0.0,1.0,0.56,28.09,4,0.0,0.0,589376
2024-07-19 17:00:00,00000000270,20240719170000,0.185,0.0,0.045,0.0,0.0,0.0,1.0,0.0,24.32,4,0.0,0.0,589376
2024-07-19 18:00:00,00000000270,20240719180000,0.146,0.0,0.044,0.0,0.0,0.0,1.0,0.0,30.14,4,0.0,0.0,589376
2024-07-19 19:00:00,00000000270,20240719190000,0.169,0.001,0.046,0.0,0.0,0.0,1.0,0.59,27.22,4,0.0,0.0,589376
2024-07-19 20:00:00,00000000270,20240719200000,0.177,0.0,0.035,0.0,0.0,0.0,1.0,0.0,19.77,4,0.0,0.0,589376
2024-07-19 21:00:00,00000000270,20240719210000,0.386,0.007,0.035,0.0,0.0,0.0,1.0,1.81,9.07,4,0.0,0.0,589376
2024-07-19 22:00:00,00000000270,20240719220000,0.459,0.044,0.006,0.0,0.0,0.0,1.0,9.59,1.31,4,0.0,0.0,589376
2024-07-19 23:00:00,00000000270,20240719230000,0.543,0.003,0.029,0.0,0.0,0.0,1.0,0.55,5.34,4,0.0,0.0,589376
2024-07-20 00:00:00,00000000270,20240720000000,0.125,0.0,0.044,0.0,0.0,0.0,1.0,0.0,35.2,4,0.0,0.0,589376
2024-07-20 01:00:00,00000000270,20240720010000,0.131,0.001,0.05,0.0,0.0,0.0,1.0,0.76,38.17,4,0.0,0.0,589376
2024-07-20 02:00:00,00000000270,20240720020000,0.144,0.0,0.039,0.0,0.0,0.0,1.0,0.0,27.08,4,0.0,0.0,589376
2024-07-20 03:00:00,00000000270,20240720030000,0.177,0.001,0.054,0.0,0.0,0.0,1.0,0.56,30.51,4,0.0,0.0,589376
2024-07-20 04:00:00,00000000270,20240720040000,0.43,0.0,0.043,0.0,0.0,0.0,1.0,0.0,10.0,4,0.0,0.0,589376
2024-07-20 05:00:00,00000000270,20240720050000,1.072,0.001,0.033,0.0,0.0,0.0,1.0,0.09,3.08,4,0.0,0.0,589376
2024-07-20 06:00:00,00000000270,20240720060000,0.403,0.008,0.04,0.0,0.0,0.0,1.0,1.99,9.93,4,0.0,0.0,589376
2024-07-20 07:00:00,00000000270,20240720070000,0.223,0.0,0.042,0.0,0.0,0.0,1.0,0.0,18.83,4,0.0,0.0,589376
2024-07-20 08:00:00,00000000270,20240720080000,1.029,0.007,0.032,0.0,0.0,0.0,1.0,0.68,3.11,4,0.0,0.0,589376
2024-07-20 09:00:00,00000000270,20240720090000,0.238,0.001,0.045,0.0,0.0,0.0,1.0,0.42,18.91,4,0.0,0.0,589376
2024-07-20 10:00:00,00000000270,20240720100000,0.309,0.004,0.037,0.0,0.0,0.0,1.0,1.29,11.97,4,0.0,0.0,589376
2024-07-20 11:00:00,00000000270,20240720110000,0.257,0.001,0.039,0.0,0.0,0.0,1.0,0.39,15.18,4,0.0,0.0,589376
2024-07-20 12:00:00,00000000270,20240720120000,0.366,0.003,0.039,0.0,0.0,0.0,1.0,0.82,10.66,4,0.0,0.0,589376
2024-07-20 13:00:00,00000000270,20240720130000,0.297,0.001,0.034,0.0,0.0,0.0,1.0,0.34,11.45,4,0.0,0.0,589376
2024-07-20 14:00:00,00000000270,20240720140000,0.356,0.001,0.049,0.0,0.0,0.0,1.0,0.28,13.76,4,0.0,0.0,589376
2024-07-20 15:00:00,00000000270,20240720150000,0.161,0.001,0.05,0.0,0.0,0.0,1.0,0.62,31.06,4,0.0,0.0,589376
2024-07-20 16:00:00,00000000270,20240720160000,0.369,0.0,0.042,0.0,0.0,0.0,1.0,0.0,11.38,4,0.0,0.0,589376
2024-07-20 17:00:00,00000000270,20240720170000,0.121,0.001,0.042,0.0,0.0,0.0,1.0,0.83,34.71,4,0.0,0.0,589376
2024-07-20 18:00:00,00000000270,20240720180000,0.133,0.0,0.035,0.0,0.0,0.0,1.0,0.0,26.32,4,0.0,0.0,589376
2024-07-20 19:00:00,00000000270,20240720190000,0.128,0.0,0.043,0.0,0.0,0.0,1.0,0.0,33.59,4,0.0,0.0,589376
2024-07-20 20:00:00,00000000270,20240720200000,0.282,0.036,0.04,0.0,0.0,0.0,1.0,12.77,14.18,4,0.0,0.0,589376
2024-07-20 21:00:00,00000000270,20240720210000,0.223,0.129,0.026,0.0,0.0,0.0,1.0,57.85,11.66,4,0.0,0.0,589376
2024-07-20 22:00:00,00000000270,20240720220000,0.232,0.015,0.012,0.0,0.0,0.0,1.0,6.47,5.17,4,0.0,0.0,589376
2024-07-20 23:00:00,00000000270,20240720230000,0.216,0.004,0.042,0.0,0.0,0.0,1.0,1.85,19.44,4,0.0,0.0,589376
2024-07-21 00:00:00,00000000270,20240721000000,0.234,0.013,0.032,0.0,0.0,0.0,1.0,5.56,13.68,4,0.0,0.0,589376
2024-07-21 01:00:00,00000000270,20240721010000,0.532,0.012,0.007,0.0,0.0,0.0,1.0,2.26,1.32,4,0.0,0.0,589376
2024-07-21 02:00:00,00000000270,20240721020000,0.241,0.001,0.037,0.0,0.0,0.0,1.0,0.41,15.35,4,0.0,0.0,589376
2024-07-21 03:00:00,00000000270,20240721030000,0.226,0.0,0.044,0.0,0.0,0.0,1.0,0.0,19.47,4,0.0,0.0,589376
2024-07-21 04:00:00,00000000270,20240721040000,0.272,0.001,0.046,0.0,0.0,0.0,1.0,0.37,16.91,4,0.0,0.0,589376
2024-07-21 05:00:00,00000000270,20240721050000,0.218,0.002,0.052,0.0,0.0,0.0,1.0,0.92,23.85,4,0.0,0.0,589376
2024-07-21 06:00:00,00000000270,20240721060000,0.197,0.002,0.051,0.0,0.0,0.0,1.0,1.02,25.89,4,0.0,0.0,589376
2024-07-21 07:00:00,00000000270,20240721070000,0.188,0.02,0.047,0.0,0.0,0.0,1.0,10.64,25.0,4,0.0,0.0,589376
2024-07-21 08:00:00,00000000270,20240721080000,0.514,0.284,0.024,0.0,0.0,0.0,1.0,55.25,4.67,4,0.0,0.0,589376
2024-07-21 09:00:00,00000000270,20240721090000,0.346,0.359,0.015,0.0,0.0,0.0,1.0,103.76,4.34,4,0.0,0.0,589376
2024-07-21 10:00:00,00000000270,20240721100000,0.765,0.004,0.028,0.0,0.0,0.0,1.0,0.52,3.66,4,0.0,0.0,589376
2024-07-21 11:00:00,00000000270,20240721110000,0.153,0.001,0.035,0.0,0.0,0.0,1.0,0.65,22.88,4,0.0,0.0,589376
2024-07-21 12:00:00,00000000270,20240721120000,0.425,0.0,0.032,0.0,0.0,0.0,1.0,0.0,7.53,4,0.0,0.0,589376
2024-07-21 13:00:00,00000000270,20240721130000,0.925,0.001,0.042,0.0,0.0,0.0,1.0,0.11,4.54,4,0.0,0.0,589376
2024-07-21 14:00:00,00000000270,20240721140000,1.41,0.008,0.01,0.0,0.0,0.0,1.0,0.57,0.71,4,0.0,0.0,589376
2024-07-21 15:00:00,00000000270,20240721150000,1.543,0.011,0.006,0.0,0.0,0.0,1.0,0.71,0.39,4,0.0,0.0,589376
2024-07-21 16:00:00,00000000270,20240721160000,0.592,0.002,0.018,0.0,0.0,0.0,1.0,0.34,3.04,4,0.0,0.0,589376
2024-07-21 17:00:00,00000000270,20240721170000,0.169,0.0,0.038,0.0,0.0,0.0,1.0,0.0,22.49,4,0.0,0.0,589376
2024-07-21 18:00:00,00000000270,20240721180000,0.153,0.001,0.03,0.0,0.0,0.0,1.0,0.65,19.61,4,0.0,0.0,589376
2024-07-21 19:00:00,00000000270,20240721190000,0.196,0.0,0.039,0.0,0.0,0.0,1.0,0.0,19.9,4,0.0,0.0,589376
2024-07-21 20:00:00,00000000270,20240721200000,0.156,0.001,0.03,0.0,0.0,0.0,1.0,0.64,19.23,4,0.0,0.0,589376
2024-07-21 21:00:00,00000000270,20240721210000,0.165,0.01,0.023,0.0,0.0,0.0,1.0,6.06,13.94,4,0.0,0.0,589376
2024-07-21 22:00:00,00000000270,20240721220000,0.472,0.053,0.011,0.0,0.0,0.0,1.0,11.23,2.33,4,0.0,0.0,589376
2024-07-21 23:00:00,00000000270,20240721230000,0.22,0.012,0.034,0.0,0.0,0.0,1.0,5.45,15.45,4,0.0,0.0,589376
2024-07-22 00:00:00,00000000270,20240722000000,0.181,0.0,0.046,0.0,0.0,0.0,1.0,0.0,25.41,4,0.0,0.0,589376
2024-07-22 01:00:00,00000000270,20240722010000,0.142,0.001,0.048,0.0,0.0,0.0,1.0,0.7,33.8,4,0.0,0.0,589376
2024-07-22 02:00:00,00000000270,20240722020000,0.139,0.0,0.04,0.0,0.0,0.0,1.0,0.0,28.78,4,0.0,0.0,589376
2024-07-22 03:00:00,00000000270,20240722030000,0.198,0.001,0.049,0.0,0.0,0.0,1.0,0.51,24.75,4,0.0,0.0,589376
2024-07-22 04:00:00,00000000270,20240722040000,0.148,0.0,0.047,0.0,0.0,0.0,1.0,0.0,31.76,4,0.0,0.0,589376
2024-07-22 05:00:00,00000000270,20240722050000,0.231,0.004,0.038,0.0,0.0,0.0,1.0,1.73,16.45,4,0.0,0.0,589376
2024-07-22 06:00:00,00000000270,20240722060000,0.377,0.003,0.019,0.0,0.0,0.0,1.0,0.8,5.04,4,0.0,0.0,589376
2024-07-22 07:00:00,00000000270,20240722070000,0.265,0.0,0.042,0.0,0.0,0.0,1.0,0.0,15.85,4,0.0,0.0,589376
2024-07-22 08:00:00,00000000270,20240722080000,1.209,0.41,0.012,0.0,0.0,0.0,1.0,33.91,0.99,4,0.0,0.0,589376
2024-07-22 09:00:00,00000000270,20240722090000,0.391,0.438,0.013,0.0,0.0,0.0,1.0,112.02,3.32,4,0.0,0.0,589376
2024-07-22 10:00:00,00000000270,20240722100000,0.528,0.073,0.018,0.0,0.0,0.0,1.0,13.83,3.41,4,0.0,0.0,589376
2024-07-22 11:00:00,00000000270,20240722110000,0.654,0.281,0.013,0.0,0.0,0.0,1.0,42.97,1.99,4,0.0,0.0,589376
2024-07-22 12:00:00,00000000270,20240722120000,0.236,0.034,0.039,0.0,0.0,0.0,1.0,14.41,16.53,4,0.0,0.0,589376
2024-07-22 13:00:00,00000000270,20240722130000,0.231,0.002,0.034,0.0,0.0,0.0,1.0,0.87,14.72,4,0.0,0.0,589376
2024-07-22 14:00:00,00000000270,20240722140000,0.136,0.001,0.038,0.0,0.0,0.0,1.0,0.74,27.94,4,0.0,0.0,589376
2024-07-22 15:00:00,00000000270,20240722150000,0.254,0.031,0.036,0.0,0.0,0.0,1.0,12.2,14.17,4,0.0,0.0,589376
2024-07-22 16:00:00,00000000270,20240722160000,0.402,0.323,0.007,0.0,0.0,0.0,1.0,80.35,1.74,4,0.0,0.0,589376
2024-07-22 17:00:00,00000000270,20240722170000,0.746,0.016,0.019,0.0,0.0,0.0,1.0,2.14,2.55,4,0.0,0.0,589376
2024-07-22 18:00:00,00000000270,20240722180000,0.549,0.007,0.012,0.0,0.0,0.0,1.0,1.28,2.19,4,0.0,0.0,589376
2024-07-22 19:00:00,00000000270,20240722190000,0.458,0.007,0.016,0.0,0.0,0.0,1.0,1.53,3.49,4,0.0,0.0,589376
2024-07-22 20:00:00,00000000270,20240722200000,0.358,0.004,0.024,0.0,0.0,0.0,1.0,1.12,6.7,4,0.0,0.0,589376
2024-07-22 21:00:00,00000000270,20240722210000,0.132,0.001,0.036,0.0,0.0,0.0,1.0,0.76,27.27,4,0.0,0.0,589376
2024-07-22 22:00:00,00000000270,20240722220000,0.442,0.103,0.035,0.0,0.0,0.0,1.0,23.3,7.92,4,0.0,0.0,589376
2024-07-22 23:00:00,00000000270,20240722230000,0.264,0.242,0.014,0.0,0.0,0.0,1.0,91.67,5.3,4,0.0,0.0,589376
2024-07-23 00:00:00,00000000270,20240723000000,0.398,0.013,0.013,0.0,0.0,0.0,1.0,3.27,3.27,4,0.0,0.0,589376
2024-07-23 01:00:00,00000000270,20240723010000,0.214,0.0,0.043,0.0,0.0,0.0,1.0,0.0,20.09,4,0.0,0.0,589376
2024-07-23 02:00:00,00000000270,20240723020000,0.3,0.001,0.037,0.0,0.0,0.0,1.0,0.33,12.33,4,0.0,0.0,589376
2024-07-23 03:00:00,00000000270,20240723030000,0.261,0.0,0.039,0.0,0.0,0.0,1.0,0.0,14.94,4,0.0,0.0,589376
2024-07-23 04:00:00,00000000270,20240723040000,0.162,0.001,0.048,0.0,0.0,0.0,1.0,0.62,29.63,4,0.0,0.0,589376
2024-07-23 05:00:00,00000000270,20240723050000,0.134,0.0,0.041,0.0,0.0,0.0,1.0,0.0,30.6,4,0.0,0.0,589376
2024-07-23 06:00:00,00000000270,20240723060000,0.098,0.001,0.054,0.0,0.0,0.0,1.0,1.02,55.1,4,0.0,0.0,589376
2024-07-23 07:00:00,00000000270,20240723070000,0.142,0.0,0.049,0.0,0.0,0.0,1.0,0.0,34.51,4,0.0,0.0,589376
2024-07-23 08:00:00,00000000270,20240723080000,0.128,0.001,0.044,0.0,0.0,0.0,1.0,0.78,34.38,4,0.0,0.0,589376
2024-07-23 09:00:00,00000000270,20240723090000,0.095,0.0,0.05,0.0,0.0,0.0,1.0,0.0,52.63,4,0.0,0.0,589376
2024-07-23 10:00:00,00000000270,20240723100000,0.142,0.001,0.035,0.0,0.0,0.0,1.0,0.7,24.65,4,0.0,0.0,589376
2024-07-23 11:00:00,00000000270,20240723110000,0.136,0.0,0.047,0.0,0.0,0.0,1.0,0.0,34.56,4,0.0,0.0,589376
2024-07-23 12:00:00,00000000270,20240723120000,0.161,0.001,0.038,0.0,0.0,0.0,1.0,0.62,23.6,4,0.0,0.0,589376
2024-07-23 13:00:00,00000000270,20240723130000,0.146,0.0,0.036,0.0,0.0,0.0,1.0,0.0,24.66,4,0.0,0.0,589376
2024-07-23 14:00:00,00000000270,20240723140000,0.122,0.0,0.042,0.0,0.0,0.0,1.0,0.0,34.43,4,0.0,0.0,589376
2024-07-23 15:00:00,00000000270,20240723150000,0.119,0.001,0.038,0.0,0.0,0.0,1.0,0.84,31.93,4,0.0,0.0,589376
2024-07-23 16:00:00,00000000270,20240723160000,0.112,0.001,0.043,0.0,0.0,0.0,1.0,0.89,38.39,4,0.0,0.0,589376
2024-07-23 17:00:00,00000000270,20240723170000,1.034,0.0,0.042,0.0,0.0,0.0,1.0,0.0,4.06,4,0.0,0.0,589376
2024-07-23 18:00:00,00000000270,20240723180000,1.079,0.002,0.031,0.0,0.0,0.0,1.0,0.19,2.87,4,0.0,0.0,589376
2024-07-23 19:00:00,00000000270,20240723190000,0.309,0.001,0.024,0.0,0.0,0.0,1.0,0.32,7.77,4,0.0,0.0,589376
2024-07-23 20:00:00,00000000270,20240723200000,0.341,0.001,0.025,0.0,0.0,0.0,1.0,0.29,7.33,4,0.0,0.0,589376
2024-07-23 21:00:00,00000000270,20240723210000,0.154,0.0,0.04,0.0,0.0,0.0,1.0,0.0,25.97,4,0.0,0.0,589376
2024-07-23 22:00:00,00000000270,20240723220000,0.274,0.04,0.001,0.0,0.0,0.0,1.0,14.6,0.36,4,0.0,0.0,589376
2024-07-23 23:00:00,00000000270,20240723230000,0.918,0.003,0.021,0.0,0.0,0.0,1.0,0.33,2.29,4,0.0,0.0,589376
2024-07-24 00:00:00,00000000270,20240724000000,0.161,0.001,0.038,0.0,0.0,0.0,1.0,0.62,23.6,4,0.0,0.0,589376
2024-07-24 01:00:00,00000000270,20240724010000,0.119,0.0,0.045,0.0,0.0,0.0,1.0,0.0,37.82,4,0.0,0.0,589376
2024-07-24 02:00:00,00000000270,20240724020000,0.121,0.001,0.04,0.0,0.0,0.0,1.0,0.83,33.06,4,0.0,0.0,589376
2024-07-24 03:00:00,00000000270,20240724030000,0.112,0.0,0.047,0.0,0.0,0.0,1.0,0.0,41.96,4,0.0,0.0,589376
2024-07-24 04:00:00,00000000270,20240724040000,0.122,0.001,0.042,0.0,0.0,0.0,1.0,0.82,34.43,4,0.0,0.0,589376
2024-07-24 05:00:00,00000000270,20240724050000,0.187,0.0,0.045,0.0,0.0,0.0,1.0,0.0,24.06,4,0.0,0.0,589376
2024-07-24 06:00:00,00000000270,20240724060000,0.139,0.0,0.044,0.0,0.0,0.0,1.0,0.0,31.65,4,0.0,0.0,589376
2024-07-24 07:00:00,00000000270,20240724070000,0.135,0.001,0.044,0.0,0.0,0.0,1.0,0.74,32.59,4,0.0,0.0,589376
2024-07-24 08:00:00,00000000270,20240724080000,0.121,0.0,0.045,0.0,0.0,0.0,1.0,0.0,37.19,4,0.0,0.0,589376
2024-07-24 09:00:00,00000000270,20240724090000,0.112,0.001,0.043,0.0,0.0,0.0,1.0,0.89,38.39,4,0.0,0.0,589376
2024-07-24 10:00:00,00000000270,20240724100000,0.119,0.0,0.047,0.0,0.0,0.0,1.0,0.0,39.5,4,0.0,0.0,589376
2024-07-24 11:00:00,00000000270,20240724110000,0.118,0.001,0.04,0.0,0.0,0.0,1.0,0.85,33.9,4,0.0,0.0,589376
2024-07-24 12:00:00,00000000270,20240724120000,0.1,0.0,0.048,0.0,0.0,0.0,1.0,0.0,48.0,4,0.0,0.0,589376
2024-07-24 13:00:00,00000000270,20240724130000,0.129,0.001,0.038,0.0,0.0,0.0,1.0,0.78,29.46,4,0.0,0.0,589376
2024-07-24 14:00:00,00000000270,20240724140000,0.168,0.0,0.047,0.0,0.0,0.0,1.0,0.0,27.98,4,0.0,0.0,589376
2024-07-24 15:00:00,00000000270,20240724150000,0.153,0.001,0.035,0.0,0.0,0.0,1.0,0.65,22.88,4,0.0,0.0,589376
2024-07-24 16:00:00,00000000270,20240724160000,0.105,0.0,0.046,0.0,0.0,0.0,1.0,0.0,43.81,4,0.0,0.0,589376
2024-07-24 17:00:00,00000000270,20240724170000,0.291,0.001,0.039,0.0,0.0,0.0,1.0,0.34,13.4,4,0.0,0.0,589376
2024-07-24 18:00:00,00000000270,20240724180000,0.9,0.008,0.018,0.0,0.0,0.0,1.0,0.89,2.0,4,0.0,0.0,589376
2024-07-24 19:00:00,00000000270,20240724190000,0.54,0.01,0.006,0.0,0.0,0.0,1.0,1.85,1.11,4,0.0,0.0,589376
2024-07-24 20:00:00,00000000270,20240724200000,0.155,0.0,0.039,0.0,0.0,0.0,1.0,0.0,25.16,4,0.0,0.0,589376
2024-07-24 21:00:00,00000000270,20240724210000,0.131,0.001,0.04,0.0,0.0,0.0,1.0,0.76,30.53,4,0.0,0.0,589376
2024-07-24 22:00:00,00000000270,20240724220000,0.114,0.0,0.043,0.0,0.0,0.0,1.0,0.0,37.72,4,0.0,0.0,589376
2024-07-24 23:00:00,00000000270,20240724230000,0.522,0.01,0.027,0.0,0.0,0.0,1.0,1.92,5.17,4,0.0,0.0,589376
2024-07-25 00:00:00,00000000270,20240725000000,0.356,0.009,0.02,0.0,0.0,0.0,1.0,2.53,5.62,4,0.0,0.0,589376
2024-07-25 01:00:00,00000000270,20240725010000,0.225,0.001,0.037,0.0,0.0,0.0,1.0,0.44,16.44,4,0.0,0.0,589376
2024-07-25 02:00:00,00000000270,20240725020000,0.217,0.001,0.042,0.0,0.0,0.0,1.0,0.46,19.35,4,0.0,0.0,589376
2024-07-25 03:00:00,00000000270,20240725030000,0.2,0.0,0.044,0.0,0.0,0.0,1.0,0.0,22.0,4,0.0,0.0,589376
2024-07-25 04:00:00,00000000270,20240725040000,0.212,0.001,0.042,0.0,0.0,0.0,1.0,0.47,19.81,4,0.0,0.0,589376
2024-07-25 05:00:00,00000000270,20240725050000,0.217,0.001,0.048,0.0,0.0,0.0,1.0,0.46,22.12,4,0.0,0.0,589376
2024-07-25 06:00:00,00000000270,20240725060000,0.123,0.001,0.048,0.0,0.0,0.0,1.0,0.81,39.02,4,0.0,0.0,589376
2024-07-25 07:00:00,00000000270,20240725070000,0.118,0.0,0.056,0.0,0.0,0.0,1.0,0.0,47.46,4,0.0,0.0,589376
2024-07-25 08:00:00,00000000270,20240725080000,0.126,0.0,0.047,0.0,0.0,0.0,1.0,0.0,37.3,4,0.0,0.0,589376
2024-07-25 09:00:00,00000000270,20240725090000,0.136,0.001,0.055,0.0,0.0,0.0,1.0,0.74,40.44,4,0.0,0.0,589376
2024-07-25 10:00:00,00000000270,20240725100000,0.169,0.0,0.04,0.0,0.0,0.0,1.0,0.0,23.67,4,0.0,0.0,589376
2024-07-25 11:00:00,00000000270,20240725110000,0.32,0.001,0.049,0.0,0.0,0.0,1.0,0.31,15.31,4,0.0,0.0,589376
2024-07-25 12:00:00,00000000270,20240725120000,0.155,0.0,0.049,0.0,0.0,0.0,1.0,0.0,31.61,4,0.0,0.0,589376
2024-07-25 13:00:00,00000000270,20240725130000,0.113,0.001,0.045,0.0,0.0,0.0,1.0,0.88,39.82,4,0.0,0.0,589376
2024-07-25 14:00:00,00000000270,20240725140000,0.12,0.0,0.04,0.0,0.0,0.0,1.0,0.0,33.33,4,0.0,0.0,589376
2024-07-25 15:00:00,00000000270,20240725150000,0.103,0.001,0.043,0.0,0.0,0.0,1.0,0.97,41.75,4,0.0,0.0,589376
2024-07-25 16:00:00,00000000270,20240725160000,0.123,0.0,0.045,0.0,0.0,0.0,1.0,0.0,36.59,4,0.0,0.0,589376
2024-07-25 17:00:00,00000000270,20240725170000,0.488,0.002,0.032,0.0,0.0,0.0,1.0,0.41,6.56,4,0.0,0.0,589376
2024-07-25 18:00:00,00000000270,20240725180000,0.394,0.001,0.025,0.0,0.0,0.0,1.0,0.25,6.35,4,0.0,0.0,589376
2024-07-25 19:00:00,00000000270,20240725190000,0.307,0.001,0.024,0.0,0.0,0.0,1.0,0.33,7.82,4,0.0,0.0,589376
2024-07-25 20:00:00,00000000270,20240725200000,0.241,0.0,0.034,0.0,0.0,0.0,1.0,0.0,14.11,4,0.0,0.0,589376
2024-07-25 21:00:00,00000000270,20240725210000,0.154,0.001,0.038,0.0,0.0,0.0,1.0,0.65,24.68,4,0.0,0.0,589376
2024-07-25 22:00:00,00000000270,20240725220000,0.106,0.0,0.043,0.0,0.0,0.0,1.0,0.0,40.57,4,0.0,0.0,589376
2024-07-25 23:00:00,00000000270,20240725230000,0.103,0.001,0.051,0.0,0.0,0.0,1.0,0.97,49.51,4,0.0,0.0,589376
2024-07-26 00:00:00,00000000270,20240726000000,0.114,0.0,0.043,0.0,0.0,0.0,1.0,0.0,37.72,4,0.0,0.0,589376
2024-07-26 01:00:00,00000000270,20240726010000,0.092,0.001,0.053,0.0,0.0,0.0,1.0,1.09,57.61,4,0.0,0.0,589376
2024-07-26 02:00:00,00000000270,20240726020000,0.124,0.0,0.045,0.0,0.0,0.0,1.0,0.0,36.29,4,0.0,0.0,589376
2024-07-26 03:00:00,00000000270,20240726030000,0.369,0.003,0.037,0.0,0.0,0.0,1.0,0.81,10.03,4,0.0,0.0,589376
2024-07-26 04:00:00,00000000270,20240726040000,0.453,0.018,0.032,0.0,0.0,0.0,1.0,3.97,7.06,4,0.0,0.0,589376
2024-07-26 05:00:00,00000000270,20240726050000,0.232,0.001,0.046,0.0,0.0,0.0,1.0,0.43,19.83,4,0.0,0.0,589376
2024-07-26 06:00:00,00000000270,20240726060000,0.18,0.0,0.058,0.0,0.0,0.0,1.0,0.0,32.22,4,0.0,0.0,589376
2024-07-26 07:00:00,00000000270,20240726070000,0.122,0.001,0.049,0.0,0.0,0.0,1.0,0.82,40.16,4,0.0,0.0,589376
2024-07-26 08:00:00,00000000270,20240726080000,0.112,0.0,0.049,0.0,0.0,0.0,1.0,0.0,43.75,4,0.0,0.0,589376
2024-07-26 09:00:00,00000000270,20240726090000,0.108,0.001,0.045,0.0,0.0,0.0,1.0,0.93,41.67,4,0.0,0.0,589376
2024-07-26 10:00:00,00000000270,20240726100000,0.11,0.001,0.048,0.0,0.0,0.0,1.0,0.91,43.64,4,0.0,0.0,589376
2024-07-26 11:00:00,00000000270,20240726110000,0.12,0.0,0.045,0.0,0.0,0.0,1.0,0.0,37.5,4,0.0,0.0,589376
2024-07-26 12:00:00,00000000270,20240726120000,0.099,0.0,0.044,0.0,0.0,0.0,1.0,0.0,44.44,4,0.0,0.0,589376
2024-07-26 13:00:00,00000000270,20240726130000,0.121,0.001,0.039,0.0,0.0,0.0,1.0,0.83,32.23,4,0.0,0.0,589376
2024-07-26 14:00:00,00000000270,20240726140000,0.22,0.0,0.047,0.0,0.0,0.0,1.0,0.0,21.36,4,0.0,0.0,589376
2024-07-26 15:00:00,00000000270,20240726150000,0.147,0.001,0.039,0.0,0.0,0.0,1.0,0.68,26.53,4,0.0,0.0,589376
2024-07-26 16:00:00,00000000270,20240726160000,0.126,0.0,0.04,0.0,0.0,0.0,1.0,0.0,31.75,4,0.0,0.0,589376
2024-07-26 17:00:00,00000000270,20240726170000,0.126,0.051,0.039,0.0,0.0,0.0,1.0,40.48,30.95,4,0.0,0.0,589376
2024-07-26 18:00:00,00000000270,20240726180000,0.166,0.091,0.029,0.0,0.0,0.0,1.0,54.82,17.47,4,0.0,0.0,589376
2024-07-26 19:00:00,00000000270,20240726190000,0.112,0.0,0.04,0.0,0.0,0.0,1.0,0.0,35.71,4,0.0,0.0,589376
2024-07-26 20:00:00,00000000270,20240726200000,0.104,0.001,0.044,0.0,0.0,0.0,1.0,0.96,42.31,4,0.0,0.0,589376
2024-07-26 21:00:00,00000000270,20240726210000,0.118,0.0,0.042,0.0,0.0,0.0,1.0,0.0,35.59,4,0.0,0.0,589376
2024-07-26 22:00:00,00000000270,20240726220000,0.111,0.001,0.043,0.0,0.0,0.0,1.0,0.9,38.74,4,0.0,0.0,589376
2024-07-26 23:00:00,00000000270,20240726230000,0.101,0.001,0.055,0.0,0.0,0.0,1.0,0.99,54.46,4,0.0,0.0,589376
2024-07-27 00:00:00,00000000270,20240727000000,0.184,0.0,0.044,0.0,0.0,0.0,1.0,0.0,23.91,4,0.0,0.0,589376
2024-07-27 01:00:00,00000000270,20240727010000,0.144,0.0,0.043,0.0,0.0,0.0,1.0,0.0,29.86,4,0.0,0.0,589376
2024-07-27 02:00:00,00000000270,20240727020000,0.115,0.001,0.046,0.0,0.0,0.0,1.0,0.87,40.0,4,0.0,0.0,589376
2024-07-27 03:00:00,00000000270,20240727030000,0.094,0.0,0.048,0.0,0.0,0.0,1.0,0.0,51.06,4,0.0,0.0,589376
2024-07-27 04:00:00,00000000270,20240727040000,0.108,0.001,0.05,0.0,0.0,0.0,1.0,0.93,46.3,4,0.0,0.0,589376
2024-07-27 05:00:00,00000000270,20240727050000,0.122,0.0,0.048,0.0,0.0,0.0,1.0,0.0,39.34,4,0.0,0.0,589376
2024-07-27 06:00:00,00000000270,20240727060000,0.082,0.001,0.057,0.0,0.0,0.0,1.0,1.22,69.51,4,0.0,0.0,589376
2024-07-27 07:00:00,00000000270,20240727070000,0.114,0.001,0.045,0.0,0.0,0.0,1.0,0.88,39.47,4,0.0,0.0,589376
2024-07-27 08:00:00,00000000270,20240727080000,0.095,0.0,0.053,0.0,0.0,0.0,1.0,0.0,55.79,4,0.0,0.0,589376
2024-07-27 09:00:00,00000000270,20240727090000,0.091,0.0,0.045,0.0,0.0,0.0,1.0,0.0,49.45,4,0.0,0.0,589376
2024-07-27 10:00:00,00000000270,20240727100000,0.366,0.147,0.034,0.0,0.0,0.0,1.0,40.16,9.29,4,0.0,0.0,589376
2024-07-27 11:00:00,00000000270,20240727110000,0.24,0.146,0.027,0.0,0.0,0.0,1.0,60.83,11.25,4,0.0,0.0,589376
2024-07-27 12:00:00,00000000270,20240727120000,0.139,0.001,0.043,0.0,0.0,0.0,1.0,0.72,30.94,4,0.0,0.0,589376
2024-07-27 13:00:00,00000000270,20240727130000,0.113,0.0,0.043,0.0,0.0,0.0,1.0,0.0,38.05,4,0.0,0.0,589376
2024-07-27 14:00:00,00000000270,20240727140000,0.287,0.001,0.048,0.0,0.0,0.0,1.0,0.35,16.72,4,0.0,0.0,589376
2024-07-27 15:00:00,00000000270,20240727150000,0.127,0.0,0.042,0.0,0.0,0.0,1.0,0.0,33.07,4,0.0,0.0,589376
2024-07-27 16:00:00,00000000270,20240727160000,0.103,0.001,0.047,0.0,0.0,0.0,1.0,0.97,45.63,4,0.0,0.0,589376
2024-07-27 17:00:00,00000000270,20240727170000,0.114,0.0,0.041,0.0,0.0,0.0,1.0,0.0,35.96,4,0.0,0.0,589376
2024-07-27 18:00:00,00000000270,20240727180000,0.111,0.001,0.046,0.0,0.0,0.0,1.0,0.9,41.44,4,0.0,0.0,589376
2024-07-27 19:00:00,00000000270,20240727190000,0.101,0.0,0.041,0.0,0.0,0.0,1.0,0.0,40.59,4,0.0,0.0,589376
2024-07-27 20:00:00,00000000270,20240727200000,0.166,0.001,0.047,0.0,0.0,0.0,1.0,0.6,28.31,4,0.0,0.0,589376
2024-07-27 21:00:00,00000000270,20240727210000,0.154,0.0,0.034,0.0,0.0,0.0,1.0,0.0,22.08,4,0.0,0.0,589376
2024-07-27 22:00:00,00000000270,20240727220000,0.121,0.001,0.048,0.0,0.0,0.0,1.0,0.83,39.67,4,0.0,0.0,589376
2024-07-27 23:00:00,00000000270,20240727230000,0.121,0.0,0.041,0.0,0.0,0.0,1.0,0.0,33.88,4,0.0,0.0,589376
2024-07-28 00:00:00,00000000270,20240728000000,0.103,0.001,0.05,0.0,0.0,0.0,1.0,0.97,48.54,4,0.0,0.0,589376
2024-07-28 01:00:00,00000000270,20240728010000,0.122,0.0,0.041,0.0,0.0,0.0,1.0,0.0,33.61,4,0.0,0.0,589376
2024-07-28 02:00:00,00000000270,20240728020000,0.087,0.001,0.054,0.0,0.0,0.0,1.0,1.15,62.07,4,0.0,0.0,589376
2024-07-28 03:00:00,00000000270,20240728030000,0.119,0.0,0.044,0.0,0.0,0.0,1.0,0.0,36.97,4,0.0,0.0,589376
2024-07-28 04:00:00,00000000270,20240728040000,0.102,0.001,0.053,0.0,0.0,0.0,1.0,0.98,51.96,4,0.0,0.0,589376
2024-07-28 05:00:00,00000000270,20240728050000,0.096,0.0,0.046,0.0,0.0,0.0,1.0,0.0,47.92,4,0.0,0.0,589376
2024-07-28 06:00:00,00000000270,20240728060000,0.169,0.001,0.056,0.0,0.0,0.0,1.0,0.59,33.14,4,0.0,0.0,589376
2024-07-28 07:00:00,00000000270,20240728070000,0.155,0.0,0.04,0.0,0.0,0.0,1.0,0.0,25.81,4,0.0,0.0,589376
2024-07-28 08:00:00,00000000270,20240728080000,0.106,0.001,0.052,0.0,0.0,0.0,1.0,0.94,49.06,4,0.0,0.0,589376
2024-07-28 09:00:00,00000000270,20240728090000,0.112,0.0,0.044,0.0,0.0,0.0,1.0,0.0,39.29,4,0.0,0.0,589376
2024-07-28 10:00:00,00000000270,20240728100000,0.112,0.001,0.052,0.0,0.0,0.0,1.0,0.89,46.43,4,0.0,0.0,589376
2024-07-28 11:00:00,00000000270,20240728110000,0.111,0.0,0.044,0.0,0.0,0.0,1.0,0.0,39.64,4,0.0,0.0,589376
2024-07-28 12:00:00,00000000270,20240728120000,0.107,0.001,0.05,0.0,0.0,0.0,1.0,0.93,46.73,4,0.0,0.0,589376
2024-07-28 13:00:00,00000000270,20240728130000,0.116,0.0,0.044,0.0,0.0,0.0,1.0,0.0,37.93,4,0.0,0.0,589376
2024-07-28 14:00:00,00000000270,20240728140000,0.096,0.001,0.05,0.0,0.0,0.0,1.0,1.04,52.08,4,0.0,0.0,589376
2024-07-28 15:00:00,00000000270,20240728150000,0.121,0.0,0.042,0.0,0.0,0.0,1.0,0.0,34.71,4,0.0,0.0,589376
2024-07-28 16:00:00,00000000270,20240728160000,0.182,0.001,0.047,0.0,0.0,0.0,1.0,0.55,25.82,4,0.0,0.0,589376
2024-07-28 17:00:00,00000000270,20240728170000,0.15,0.0,0.042,0.0,0.0,0.0,1.0,0.0,28.0,4,0.0,0.0,589376
2024-07-28 18:00:00,00000000270,20240728180000,0.105,0.001,0.043,0.0,0.0,0.0,1.0,0.95,40.95,4,0.0,0.0,589376
2024-07-28 19:00:00,00000000270,20240728190000,0.114,0.0,0.045,0.0,0.0,0.0,1.0,0.0,39.47,4,0.0,0.0,589376
2024-07-28 20:00:00,00000000270,20240728200000,0.121,0.001,0.04,0.0,0.0,0.0,1.0,0.83,33.06,4,0.0,0.0,589376
2024-07-28 21:00:00,00000000270,20240728210000,0.149,0.0,0.058,0.0,0.0,0.0,1.0,0.0,38.93,4,0.0,0.0,589376
2024-07-28 22:00:00,00000000270,20240728220000,0.134,0.001,0.04,0.0,0.0,0.0,1.0,0.75,29.85,4,0.0,0.0,589376
2024-07-28 23:00:00,00000000270,20240728230000,0.094,0.0,0.05,0.0,0.0,0.0,1.0,0.0,53.19,4,0.0,0.0,589376
2024-07-29 00:00:00,00000000270,20240729000000,0.117,0.001,0.039,0.0,0.0,0.0,1.0,0.85,33.33,4,0.0,0.0,589376
2024-07-29 01:00:00,00000000270,20240729010000,0.115,0.0,0.049,0.0,0.0,0.0,1.0,0.0,42.61,4,0.0,0.0,589376
2024-07-29 02:00:00,00000000270,20240729020000,0.191,0.001,0.046,0.0,0.0,0.0,1.0,0.52,24.08,4,0.0,0.0,589376
2024-07-29 03:00:00,00000000270,20240729030000,0.129,0.0,0.046,0.0,0.0,0.0,1.0,0.0,35.66,4,0.0,0.0,589376
2024-07-29 04:00:00,00000000270,20240729040000,0.113,0.0,0.048,0.0,0.0,0.0,1.0,0.0,42.48,4,0.0,0.0,589376
2024-07-29 05:00:00,00000000270,20240729050000,0.1,0.001,0.05,0.0,0.0,0.0,1.0,1.0,50.0,4,0.0,0.0,589376
2024-07-29 06:00:00,00000000270,20240729060000,0.103,0.0,0.053,0.0,0.0,0.0,1.0,0.0,51.46,4,0.0,0.0,589376
2024-07-29 07:00:00,00000000270,20240729070000,0.129,0.001,0.045,0.0,0.0,0.0,1.0,0.78,34.88,4,0.0,0.0,589376
2024-07-29 08:00:00,00000000270,20240729080000,0.092,0.0,0.049,0.0,0.0,0.0,1.0,0.0,53.26,4,0.0,0.0,589376
2024-07-29 09:00:00,00000000270,20240729090000,0.21,0.001,0.084,0.0,0.0,0.0,1.0,0.48,40.0,4,0.0,0.0,589376
2024-07-29 10:00:00,00000000270,20240729100000,0.301,0.0,0.11,0.0,0.0,0.0,1.0,0.0,36.54,4,0.0,0.0,589376
2024-07-29 11:00:00,00000000270,20240729110000,0.272,0.001,0.109,0.0,0.0,0.0,1.0,0.37,40.07,4,0.0,0.0,589376
2024-07-29 12:00:00,00000000270,20240729120000,0.414,0.0,0.103,0.0,0.0,0.0,1.0,0.0,24.88,4,0.0,0.0,589376
2024-07-29 13:00:00,00000000270,20240729130000,0.382,0.001,0.097,0.0,0.0,0.0,1.0,0.26,25.39,4,0.0,0.0,589376
2024-07-29 14:00:00,00000000270,20240729140000,0.445,0.0,0.096,0.0,0.0,0.0,1.0,0.0,21.57,4,0.0,0.0,589376
2024-07-29 15:00:00,00000000270,20240729150000,0.294,0.0,0.105,0.0,0.0,0.0,1.0,0.0,35.71,4,0.0,0.0,589376
2024-07-29 16:00:00,00000000270,20240729160000,0.346,0.001,0.093,0.0,0.0,0.0,1.0,0.29,26.88,4,0.0,0.0,589376
2024-07-29 17:00:00,00000000270,20240729170000,0.658,0.001,0.065,0.0,0.0,0.0,1.0,0.15,9.88,4,0.0,0.0,589376
2024-07-29 18:00:00,00000000270,20240729180000,0.719,0.009,0.011,0.0,0.0,0.0,1.0,1.25,1.53,4,0.0,0.0,589376
2024-07-29 19:00:00,00000000270,20240729190000,0.545,0.006,0.01,0.0,0.0,0.0,1.0,1.1,1.83,4,0.0,0.0,589376
2024-07-29 20:00:00,00000000270,20240729200000,0.352,0.013,0.015,0.0,0.0,0.0,1.0,3.69,4.26,4,0.0,0.0,589376
2024-07-29 21:00:00,00000000270,20240729210000,0.614,0.048,0.0,0.0,0.0,0.0,1.0,7.82,0.0,4,0.0,0.0,589376
2024-07-29 22:00:00,00000000270,20240729220000,0.241,0.044,0.0,0.0,0.0,0.0,1.0,18.26,0.0,4,0.0,0.0,589376
2024-07-29 23:00:00,00000000270,20240729230000,0.39,0.037,0.004,0.0,0.0,0.0,1.0,9.49,1.03,4,0.0,0.0,589376
2024-07-30 00:00:00,00000000270,20240730000000,0.868,0.003,0.017,0.0,0.0,0.0,1.0,0.35,1.96,4,0.0,0.0,589376
2024-07-30 01:00:00,00000000270,20240730010000,0.963,0.003,0.024,0.0,0.0,0.0,1.0,0.31,2.49,4,0.0,0.0,589376
2024-07-30 02:00:00,00000000270,20240730020000,0.971,0.004,0.019,0.0,0.0,0.0,1.0,0.41,1.96,4,0.0,0.0,589376
2024-07-30 03:00:00,00000000270,20240730030000,0.609,0.013,0.021,0.0,0.0,0.0,1.0,2.13,3.45,4,0.0,0.0,589376
2024-07-30 04:00:00,00000000270,20240730040000,0.368,0.014,0.025,0.0,0.0,0.0,1.0,3.8,6.79,4,0.0,0.0,589376
2024-07-30 05:00:00,00000000270,20240730050000,0.1,0.0,0.049,0.0,0.0,0.0,1.0,0.0,49.0,4,0.0,0.0,589376
2024-07-30 06:00:00,00000000270,20240730060000,0.114,0.001,0.047,0.0,0.0,0.0,1.0,0.88,41.23,4,0.0,0.0,589376
2024-07-30 07:00:00,00000000270,20240730070000,0.106,0.0,0.056,0.0,0.0,0.0,1.0,0.0,52.83,4,0.0,0.0,589376
2024-07-30 08:00:00,00000000270,20240730080000,0.098,0.001,0.047,0.0,0.0,0.0,1.0,1.02,47.96,4,0.0,0.0,589376
2024-07-30 09:00:00,00000000270,20240730090000,0.179,0.0,0.046,0.0,0.0,0.0,1.0,0.0,25.7,4,0.0,0.0,589376
2024-07-30 10:00:00,00000000270,20240730100000,0.137,0.001,0.047,0.0,0.0,0.0,1.0,0.73,34.31,4,0.0,0.0,589376
2024-07-30 11:00:00,00000000270,20240730110000,0.125,0.0,0.041,0.0,0.0,0.0,1.0,0.0,32.8,4,0.0,0.0,589376
2024-07-30 12:00:00,00000000270,20240730120000,0.129,0.001,0.042,0.0,0.0,0.0,1.0,0.78,32.56,4,0.0,0.0,589376
2024-07-30 13:00:00,00000000270,20240730130000,0.114,0.0,0.047,0.0,0.0,0.0,1.0,0.0,41.23,4,0.0,0.0,589376
2024-07-30 14:00:00,00000000270,20240730140000,0.124,0.001,0.04,0.0,0.0,0.0,1.0,0.81,32.26,4,0.0,0.0,589376
2024-07-30 15:00:00,00000000270,20240730150000,0.129,0.0,0.038,0.0,0.0,0.0,1.0,0.0,29.46,4,0.0,0.0,589376
2024-07-30 16:00:00,00000000270,20240730160000,0.108,0.001,0.046,0.0,0.0,0.0,1.0,0.93,42.59,4,0.0,0.0,589376
2024-07-30 17:00:00,00000000270,20240730170000,0.152,0.0,0.042,0.0,0.0,0.0,1.0,0.0,27.63,4,0.0,0.0,589376
2024-07-30 18:00:00,00000000270,20240730180000,0.179,0.001,0.045,0.0,0.0,0.0,1.0,0.56,25.14,4,0.0,0.0,589376
2024-07-30 19:00:00,00000000270,20240730190000,0.145,0.0,0.04,0.0,0.0,0.0,1.0,0.0,27.59,4,0.0,0.0,589376
2024-07-30 20:00:00,00000000270,20240730200000,0.314,0.002,0.03,0.0,0.0,0.0,1.0,0.64,9.55,4,0.0,0.0,589376
2024-07-30 21:00:00,00000000270,20240730210000,0.377,0.004,0.03,0.0,0.0,0.0,1.0,1.06,7.96,4,0.0,0.0,589376
2024-07-30 22:00:00,00000000270,20240730220000,0.147,0.001,0.043,0.0,0.0,0.0,1.0,0.68,29.25,4,0.0,0.0,589376
2024-07-30 23:00:00,00000000270,20240730230000,0.114,0.001,0.045,0.0,0.0,0.0,1.0,0.88,39.47,4,0.0,0.0,589376
2024-07-31 00:00:00,00000000270,20240731000000,0.118,0.0,0.043,0.0,0.0,0.0,1.0,0.0,36.44,4,0.0,0.0,589376
2024-07-31 01:00:00,00000000270,20240731010000,0.102,0.001,0.051,0.0,0.0,0.0,1.0,0.98,50.0,4,0.0,0.0,589376
2024-07-31 02:00:00,00000000270,20240731020000,0.119,0.0,0.044,0.0,0.0,0.0,1.0,0.0,36.97,4,0.0,0.0,589376
2024-07-31 03:00:00,00000000270,20240731030000,0.198,0.001,0.048,0.0,0.0,0.0,1.0,0.51,24.24,4,0.0,0.0,589376
2024-07-31 04:00:00,00000000270,20240731040000,0.118,0.0,0.049,0.0,0.0,0.0,1.0,0.0,41.53,4,0.0,0.0,589376
2024-07-31 05:00:00,00000000270,20240731050000,0.122,0.0,0.044,0.0,0.0,0.0,1.0,0.0,36.07,4,0.0,0.0,589376
2024-07-31 06:00:00,00000000270,20240731060000,0.095,0.001,0.055,0.0,0.0,0.0,1.0,1.05,57.89,4,0.0,0.0,589376
2024-07-31 07:00:00,00000000270,20240731070000,0.113,0.001,0.048,0.0,0.0,0.0,1.0,0.88,42.48,4,0.0,0.0,589376
2024-07-31 08:00:00,00000000270,20240731080000,0.11,0.0,0.048,0.0,0.0,0.0,1.0,0.0,43.64,4,0.0,0.0,589376
2024-07-31 09:00:00,00000000270,20240731090000,0.085,0.001,0.052,0.0,0.0,0.0,1.0,1.18,61.18,4,0.0,0.0,589376
2024-07-31 10:00:00,00000000270,20240731100000,0.459,0.326,0.015,0.0,0.0,0.0,1.0,71.02,3.27,4,0.0,0.0,589376
2024-07-31 11:00:00,00000000270,20240731110000,0.103,0.005,0.05,0.0,0.0,0.0,1.0,4.85,48.54,4,0.0,0.0,589376
2024-07-31 12:00:00,00000000270,20240731120000,0.121,0.001,0.043,0.0,0.0,0.0,1.0,0.83,35.54,4,0.0,0.0,589376
2024-07-31 13:00:00,00000000270,20240731130000,0.172,0.0,0.053,0.0,0.0,0.0,1.0,0.0,30.81,4,0.0,0.0,589376
2024-07-31 14:00:00,00000000270,20240731140000,0.145,0.001,0.039,0.0,0.0,0.0,1.0,0.69,26.9,4,0.0,0.0,589376
2024-07-31 15:00:00,00000000270,20240731150000,0.094,0.0,0.05,0.0,0.0,0.0,1.0,0.0,53.19,4,0.0,0.0,589376
2024-07-31 16:00:00,00000000270,20240731160000,0.119,0.001,0.043,0.0,0.0,0.0,1.0,0.84,36.13,4,0.0,0.0,589376
2024-07-31 17:00:00,00000000270,20240731170000,0.153,0.115,0.034,0.0,0.0,0.0,1.0,75.16,22.22,4,0.0,0.0,589376
2024-07-31 18:00:00,00000000270,20240731180000,0.182,0.154,0.025,0.0,0.0,0.0,1.0,84.62,13.74,4,0.0,0.0,589376
2024-07-31 19:00:00,00000000270,20240731190000,0.127,0.0,0.041,0.0,0.0,0.0,1.0,0.0,32.28,4,0.0,0.0,589376
2024-07-31 20:00:00,00000000270,20240731200000,0.571,0.001,0.045,0.0,0.0,0.0,1.0,0.18,7.88,4,0.0,0.0,589376
2024-07-31 21:00:00,00000000270,20240731210000,0.105,0.001,0.047,0.0,0.0,0.0,1.0,0.95,44.76,4,0.0,0.0,589376
2024-07-31 22:00:00,00000000270,20240731220000,0.181,0.0,0.043,0.0,0.0,0.0,1.0,0.0,23.76,4,0.0,0.0,589376
2024-07-31 23:00:00,00000000270,20240731230000,0.139,0.0,0.046,0.0,0.0,0.0,1.0,0.0,33.09,4,0.0,0.0,589376
2024-08-01 00:00:00,00000000270,20240801000000,0.128,0.001,0.046,0.0,0.0,0.0,1.0,0.78,35.94,4,0.0,0.0,589376
2024-08-01 01:00:00,00000000270,20240801010000,0.098,0.0,0.054,0.0,0.0,0.0,1.0,0.0,55.1,4,0.0,0.0,589376
2024-08-01 02:00:00,00000000270,20240801020000,0.12,0.001,0.044,0.0,0.0,0.0,1.0,0.83,36.67,4,0.0,0.0,589376
2024-08-01 03:00:00,00000000270,20240801030000,0.105,0.0,0.056,0.0,0.0,0.0,1.0,0.0,53.33,4,0.0,0.0,589376
2024-08-01 04:00:00,00000000270,20240801040000,0.121,0.001,0.052,0.0,0.0,0.0,1.0,0.83,42.98,4,0.0,0.0,589376
2024-08-01 05:00:00,00000000270,20240801050000,0.118,0.0,0.06,0.0,0.0,0.0,1.0,0.0,50.85,4,0.0,0.0,589376
2024-08-01 06:00:00,00000000270,20240801060000,0.148,0.001,0.06,0.0,0.0,0.0,1.0,0.68,40.54,4,0.0,0.0,589376
2024-08-01 07:00:00,00000000270,20240801070000,0.122,0.0,0.066,0.0,0.0,0.0,1.0,0.0,54.1,4,0.0,0.0,589376
2024-08-01 08:00:00,00000000270,20240801080000,0.195,0.001,0.053,0.0,0.0,0.0,1.0,0.51,27.18,4,0.0,0.0,589376
2024-08-01 09:00:00,00000000270,20240801090000,0.162,0.0,0.054,0.0,0.0,0.0,1.0,0.0,33.33,4,0.0,0.0,589376
2024-08-01 10:00:00,00000000270,20240801100000,0.268,0.046,0.031,0.0,0.0,0.0,1.0,17.16,11.57,4,0.0,0.0,589376
2024-08-01 11:00:00,00000000270,20240801110000,0.175,0.09,0.016,0.0,0.0,0.0,1.0,51.43,9.14,4,0.0,0.0,589376
2024-08-01 12:00:00,00000000270,20240801120000,0.109,0.005,0.049,0.0,0.0,0.0,1.0,4.59,44.95,4,0.0,0.0,589376
2024-08-01 13:00:00,00000000270,20240801130000,1.964,0.0,0.222,0.0,0.0,0.0,1.0,0.0,11.3,4,0.0,0.0,589376
2024-08-01 14:00:00,00000000270,20240801140000,1.032,0.0,0.16,0.0,0.0,0.0,1.0,0.0,15.5,4,0.0,0.0,589376
2024-08-01 15:00:00,00000000270,20240801150000,0.522,0.001,0.115,0.0,0.0,0.0,1.0,0.19,22.03,4,0.0,0.0,589376
2024-08-01 16:00:00,00000000270,20240801160000,0.117,0.0,0.055,0.0,0.0,0.0,1.0,0.0,47.01,4,0.0,0.0,589376
2024-08-01 17:00:00,00000000270,20240801170000,0.628,0.001,0.098,0.0,0.0,0.0,1.0,0.16,15.61,4,0.0,0.0,589376
2024-08-01 18:00:00,00000000270,20240801180000,0.5,0.0,0.079,0.0,0.0,0.0,1.0,0.0,15.8,4,0.0,0.0,589376
2024-08-01 19:00:00,00000000270,20240801190000,0.191,0.001,0.061,0.0,0.0,0.0,1.0,0.52,31.94,4,0.0,0.0,589376
2024-08-01 20:00:00,00000000270,20240801200000,0.156,0.0,0.054,0.0,0.0,0.0,1.0,0.0,34.62,4,0.0,0.0,589376
2024-08-01 21:00:00,00000000270,20240801210000,0.127,0.001,0.058,0.0,0.0,0.0,1.0,0.79,45.67,4,0.0,0.0,589376
2024-08-01 22:00:00,00000000270,20240801220000,0.123,0.0,0.059,0.0,0.0,0.0,1.0,0.0,47.97,4,0.0,0.0,589376
2024-08-01 23:00:00,00000000270,20240801230000,0.105,0.001,0.052,0.0,0.0,0.0,1.0,0.95,49.52,4,0.0,0.0,589376
2024-08-02 00:00:00,00000000270,20240802000000,0.101,0.0,0.061,0.0,0.0,0.0,1.0,0.0,60.4,4,0.0,0.0,589376
2024-08-02 01:00:00,00000000270,20240802010000,0.117,0.001,0.052,0.0,0.0,0.0,1.0,0.85,44.44,4,0.0,0.0,589376
2024-08-02 02:00:00,00000000270,20240802020000,0.082,0.0,0.064,0.0,0.0,0.0,1.0,0.0,78.05,4,0.0,0.0,589376
2024-08-02 03:00:00,00000000270,20240802030000,0.113,0.001,0.056,0.0,0.0,0.0,1.0,0.88,49.56,4,0.0,0.0,589376
2024-08-02 04:00:00,00000000270,20240802040000,0.101,0.0,0.061,0.0,0.0,0.0,1.0,0.0,60.4,4,0.0,0.0,589376
2024-08-02 05:00:00,00000000270,20240802050000,0.164,0.011,0.051,0.0,0.0,0.0,1.0,6.71,31.1,4,0.0,0.0,589376
2024-08-02 06:00:00,00000000270,20240802060000,0.163,0.0,0.057,0.0,0.0,0.0,1.0,0.0,34.97,4,0.0,0.0,589376
2024-08-02 07:00:00,00000000270,20240802070000,0.104,0.001,0.063,0.0,0.0,0.0,1.0,0.96,60.58,4,0.0,0.0,589376
2024-08-02 08:00:00,00000000270,20240802080000,0.387,0.0,0.094,0.0,0.0,0.0,1.0,0.0,24.29,4,0.0,0.0,589376
2024-08-02 09:00:00,00000000270,20240802090000,0.327,0.001,0.07,0.0,0.0,0.0,1.0,0.31,21.41,4,0.0,0.0,589376
2024-08-02 10:00:00,00000000270,20240802100000,0.202,0.001,0.053,0.0,0.0,0.0,1.0,0.5,26.24,4,0.0,0.0,589376
2024-08-02 11:00:00,00000000270,20240802110000,0.191,0.001,0.054,0.0,0.0,0.0,1.0,0.52,28.27,4,0.0,0.0,589376
2024-08-02 12:00:00,00000000270,20240802120000,0.19,0.001,0.051,0.0,0.0,0.0,1.0,0.53,26.84,4,0.0,0.0,589376
2024-08-02 13:00:00,00000000270,20240802130000,0.248,0.0,0.055,0.0,0.0,0.0,1.0,0.0,22.18,4,0.0,0.0,589376
2024-08-02 14:00:00,00000000270,20240802140000,0.192,0.001,0.047,0.0,0.0,0.0,1.0,0.52,24.48,4,0.0,0.0,589376
2024-08-02 15:00:00,00000000270,20240802150000,0.112,0.0,0.058,0.0,0.0,0.0,1.0,0.0,51.79,4,0.0,0.0,589376
2024-08-02 16:00:00,00000000270,20240802160000,0.587,0.001,0.094,0.0,0.0,0.0,1.0,0.17,16.01,4,0.0,0.0,589376
2024-08-02 17:00:00,00000000270,20240802170000,0.155,0.0,0.047,0.0,0.0,0.0,1.0,0.0,30.32,4,0.0,0.0,589376
2024-08-02 18:00:00,00000000270,20240802180000,0.138,0.054,0.048,0.0,0.0,0.0,1.0,39.13,34.78,4,0.0,0.0,589376
2024-08-02 19:00:00,00000000270,20240802190000,0.68,0.2,0.021,0.0,0.0,0.0,1.0,29.41,3.09,4,0.0,0.0,589376
2024-08-02 20:00:00,00000000270,20240802200000,0.972,0.003,0.031,0.0,0.0,0.0,1.0,0.31,3.19,4,0.0,0.0,589376
2024-08-02 21:00:00,00000000270,20240802210000,0.606,0.004,0.028,0.0,0.0,0.0,1.0,0.66,4.62,4,0.0,0.0,589376
2024-08-02 22:00:00,00000000270,20240802220000,0.102,0.001,0.053,0.0,0.0,0.0,1.0,0.98,51.96,4,0.0,0.0,589376
2024-08-02 23:00:00,00000000270,20240802230000,0.091,0.0,0.059,0.0,0.0,0.0,1.0,0.0,64.84,4,0.0,0.0,589376
2024-08-03 00:00:00,00000000270,20240803000000,0.109,0.001,0.055,0.0,0.0,0.0,1.0,0.92,50.46,4,0.0,0.0,589376
2024-08-03 01:00:00,00000000270,20240803010000,0.094,0.0,0.056,0.0,0.0,0.0,1.0,0.0,59.57,4,0.0,0.0,589376
2024-08-03 02:00:00,00000000270,20240803020000,0.299,0.001,0.055,0.0,0.0,0.0,1.0,0.33,18.39,4,0.0,0.0,589376
2024-08-03 03:00:00,00000000270,20240803030000,0.587,0.019,0.004,0.0,0.0,0.0,1.0,3.24,0.68,4,0.0,0.0,589376
2024-08-03 04:00:00,00000000270,20240803040000,0.289,0.001,0.049,0.0,0.0,0.0,1.0,0.35,16.96,4,0.0,0.0,589376
2024-08-03 05:00:00,00000000270,20240803050000,0.241,0.0,0.058,0.0,0.0,0.0,1.0,0.0,24.07,4,0.0,0.0,589376
2024-08-03 06:00:00,00000000270,20240803060000,0.138,0.001,0.061,0.0,0.0,0.0,1.0,0.72,44.2,4,0.0,0.0,589376
2024-08-03 07:00:00,00000000270,20240803070000,0.142,0.002,0.065,0.0,0.0,0.0,1.0,1.41,45.77,4,0.0,0.0,589376
2024-08-03 08:00:00,00000000270,20240803080000,0.188,0.001,0.061,0.0,0.0,0.0,1.0,0.53,32.45,4,0.0,0.0,589376
2024-08-03 09:00:00,00000000270,20240803090000,0.474,0.001,0.1,0.0,0.0,0.0,1.0,0.21,21.1,4,0.0,0.0,589376
2024-08-03 10:00:00,00000000270,20240803100000,0.616,0.0,0.117,0.0,0.0,0.0,1.0,0.0,18.99,4,0.0,0.0,589376
2024-08-03 11:00:00,00000000270,20240803110000,0.355,0.001,0.08,0.0,0.0,0.0,1.0,0.28,22.54,4,0.0,0.0,589376
2024-08-03 12:00:00,00000000270,20240803120000,0.191,0.001,0.054,0.0,0.0,0.0,1.0,0.52,28.27,4,0.0,0.0,589376
2024-08-03 13:00:00,00000000270,20240803130000,0.243,0.001,0.051,0.0,0.0,0.0,1.0,0.41,20.99,4,0.0,0.0,589376
2024-08-03 14:00:00,00000000270,20240803140000,0.148,0.001,0.054,0.0,0.0,0.0,1.0,0.68,36.49,4,0.0,0.0,589376
2024-08-03 15:00:00,00000000270,20240803150000,0.13,0.0,0.049,0.0,0.0,0.0,1.0,0.0,37.69,4,0.0,0.0,589376
2024-08-03 16:00:00,00000000270,20240803160000,0.178,0.001,0.054,0.0,0.0,0.0,1.0,0.56,30.34,4,0.0,0.0,589376
2024-08-03 17:00:00,00000000270,20240803170000,0.838,0.001,0.043,0.0,0.0,0.0,1.0,0.12,5.13,4,0.0,0.0,589376
2024-08-03 18:00:00,00000000270,20240803180000,1.045,0.001,0.028,0.0,0.0,0.0,1.0,0.1,2.68,4,0.0,0.0,589376
2024-08-03 19:00:00,00000000270,20240803190000,0.429,0.001,0.023,0.0,0.0,0.0,1.0,0.23,5.36,4,0.0,0.0,589376
2024-08-03 20:00:00,00000000270,20240803200000,0.482,0.002,0.028,0.0,0.0,0.0,1.0,0.41,5.81,4,0.0,0.0,589376
2024-08-03 21:00:00,00000000270,20240803210000,0.475,0.002,0.036,0.0,0.0,0.0,1.0,0.42,7.58,4,0.0,0.0,589376
2024-08-03 22:00:00,00000000270,20240803220000,0.151,0.0,0.049,0.0,0.0,0.0,1.0,0.0,32.45,4,0.0,0.0,589376
2024-08-03 23:00:00,00000000270,20240803230000,0.125,0.001,0.056,0.0,0.0,0.0,1.0,0.8,44.8,4,0.0,0.0,589376
2024-08-04 00:00:00,00000000270,20240804000000,0.175,0.0,0.055,0.0,0.0,0.0,1.0,0.0,31.43,4,0.0,0.0,589376
2024-08-04 01:00:00,00000000270,20240804010000,0.159,0.001,0.049,0.0,0.0,0.0,1.0,0.63,30.82,4,0.0,0.0,589376
2024-08-04 02:00:00,00000000270,20240804020000,0.126,0.0,0.057,0.0,0.0,0.0,1.0,0.0,45.24,4,0.0,0.0,589376
2024-08-04 03:00:00,00000000270,20240804030000,0.133,0.001,0.06,0.0,0.0,0.0,1.0,0.75,45.11,4,0.0,0.0,589376
2024-08-04 04:00:00,00000000270,20240804040000,0.395,0.002,0.051,0.0,0.0,0.0,1.0,0.51,12.91,4,0.0,0.0,589376
2024-08-04 05:00:00,00000000270,20240804050000,0.477,0.016,0.016,0.0,0.0,0.0,1.0,3.35,3.35,4,0.0,0.0,589376
2024-08-04 06:00:00,00000000270,20240804060000,0.198,0.001,0.062,0.0,0.0,0.0,1.0,0.51,31.31,4,0.0,0.0,589376
2024-08-04 07:00:00,00000000270,20240804070000,0.202,0.0,0.067,0.0,0.0,0.0,1.0,0.0,33.17,4,0.0,0.0,589376
2024-08-04 08:00:00,00000000270,20240804080000,0.185,0.001,0.064,0.0,0.0,0.0,1.0,0.54,34.59,4,0.0,0.0,589376
2024-08-04 09:00:00,00000000270,20240804090000,0.206,0.0,0.058,0.0,0.0,0.0,1.0,0.0,28.16,4,0.0,0.0,589376
2024-08-04 10:00:00,00000000270,20240804100000,0.199,0.001,0.059,0.0,0.0,0.0,1.0,0.5,29.65,4,0.0,0.0,589376
2024-08-04 11:00:00,00000000270,20240804110000,0.411,0.002,0.049,0.0,0.0,0.0,1.0,0.49,11.92,4,0.0,0.0,589376
2024-08-04 12:00:00,00000000270,20240804120000,1.003,0.003,0.116,0.0,0.0,0.0,1.0,0.3,11.57,4,0.0,0.0,589376
2024-08-04 13:00:00,00000000270,20240804130000,1.312,0.0,0.17,0.0,0.0,0.0,1.0,0.0,12.96,4,0.0,0.0,589376
2024-08-04 14:00:00,00000000270,20240804140000,0.135,0.001,0.046,0.0,0.0,0.0,1.0,0.74,34.07,4,0.0,0.0,589376
2024-08-04 15:00:00,00000000270,20240804150000,0.259,0.0,0.07,0.0,0.0,0.0,1.0,0.0,27.03,4,0.0,0.0,589376
2024-08-04 16:00:00,00000000270,20240804160000,0.363,0.001,0.072,0.0,0.0,0.0,1.0,0.28,19.83,4,0.0,0.0,589376
2024-08-04 17:00:00,00000000270,20240804170000,0.412,0.0,0.078,0.0,0.0,0.0,1.0,0.0,18.93,4,0.0,0.0,589376
2024-08-04 18:00:00,00000000270,20240804180000,1.061,0.0,0.148,0.0,0.0,0.0,1.0,0.0,13.95,4,0.0,0.0,589376
2024-08-04 19:00:00,00000000270,20240804190000,0.13,0.001,0.046,0.0,0.0,0.0,1.0,0.77,35.38,4,0.0,0.0,589376
2024-08-04 20:00:00,00000000270,20240804200000,0.121,0.004,0.05,0.0,0.0,0.0,1.0,3.31,41.32,4,0.0,0.0,589376
2024-08-04 21:00:00,00000000270,20240804210000,0.244,0.0,0.051,0.0,0.0,0.0,1.0,0.0,20.9,4,0.0,0.0,589376
2024-08-04 22:00:00,00000000270,20240804220000,0.195,0.0,0.045,0.0,0.0,0.0,1.0,0.0,23.08,4,0.0,0.0,589376
2024-08-04 23:00:00,00000000270,20240804230000,0.121,0.001,0.053,0.0,0.0,0.0,1.0,0.83,43.8,4,0.0,0.0,589376
2024-08-05 00:00:00,00000000270,20240805000000,0.095,0.0,0.057,0.0,0.0,0.0,1.0,0.0,60.0,4,0.0,0.0,589376
2024-08-05 01:00:00,00000000270,20240805010000,0.309,0.002,0.04,0.0,0.0,0.0,1.0,0.65,12.94,4,0.0,0.0,589376
2024-08-05 02:00:00,00000000270,20240805020000,0.262,0.0,0.043,0.0,0.0,0.0,1.0,0.0,16.41,4,0.0,0.0,589376
2024-08-05 03:00:00,00000000270,20240805030000,0.209,0.001,0.057,0.0,0.0,0.0,1.0,0.48,27.27,4,0.0,0.0,589376
2024-08-05 04:00:00,00000000270,20240805040000,0.181,0.001,0.062,0.0,0.0,0.0,1.0,0.55,34.25,4,0.0,0.0,589376
2024-08-05 05:00:00,00000000270,20240805050000,0.097,0.0,0.056,0.0,0.0,0.0,1.0,0.0,57.73,4,0.0,0.0,589376
2024-08-05 06:00:00,00000000270,20240805060000,0.109,0.001,0.058,0.0,0.0,0.0,1.0,0.92,53.21,4,0.0,0.0,589376
2024-08-05 07:00:00,00000000270,20240805070000,0.112,0.0,0.062,0.0,0.0,0.0,1.0,0.0,55.36,4,0.0,0.0,589376
2024-08-05 08:00:00,00000000270,20240805080000,0.198,0.001,0.055,0.0,0.0,0.0,1.0,0.51,27.78,4,0.0,0.0,589376
2024-08-05 09:00:00,00000000270,20240805090000,0.149,0.0,0.051,0.0,0.0,0.0,1.0,0.0,34.23,4,0.0,0.0,589376
2024-08-05 10:00:00,00000000270,20240805100000,0.107,0.001,0.057,0.0,0.0,0.0,1.0,0.93,53.27,4,0.0,0.0,589376
2024-08-05 11:00:00,00000000270,20240805110000,0.128,0.0,0.048,0.0,0.0,0.0,1.0,0.0,37.5,4,0.0,0.0,589376
2024-08-05 12:00:00,00000000270,20240805120000,0.111,0.001,0.055,0.0,0.0,0.0,1.0,0.9,49.55,4,0.0,0.0,589376
2024-08-05 13:00:00,00000000270,20240805130000,0.094,0.0,0.053,0.0,0.0,0.0,1.0,0.0,56.38,4,0.0,0.0,589376
2024-08-05 14:00:00,00000000270,20240805140000,0.115,0.001,0.052,0.0,0.0,0.0,1.0,0.87,45.22,4,0.0,0.0,589376
2024-08-05 15:00:00,00000000270,20240805150000,0.094,0.0,0.056,0.0,0.0,0.0,1.0,0.0,59.57,4,0.0,0.0,589376
2024-08-05 16:00:00,00000000270,20240805160000,0.405,0.001,0.076,0.0,0.0,0.0,1.0,0.25,18.77,4,0.0,0.0,589376
2024-08-05 17:00:00,00000000270,20240805170000,0.786,0.0,0.129,0.0,0.0,0.0,1.0,0.0,16.41,4,0.0,0.0,589376
2024-08-05 18:00:00,00000000270,20240805180000,0.159,0.0,0.045,0.0,0.0,0.0,1.0,0.0,28.3,4,0.0,0.0,589376
2024-08-05 19:00:00,00000000270,20240805190000,0.132,0.001,0.057,0.0,0.0,0.0,1.0,0.76,43.18,4,0.0,0.0,589376
2024-08-05 20:00:00,00000000270,20240805200000,0.116,0.0,0.051,0.0,0.0,0.0,1.0,0.0,43.97,4,0.0,0.0,589376
2024-08-05 21:00:00,00000000270,20240805210000,0.121,0.001,0.053,0.0,0.0,0.0,1.0,0.83,43.8,4,0.0,0.0,589376
2024-08-05 22:00:00,00000000270,20240805220000,0.104,0.0,0.055,0.0,0.0,0.0,1.0,0.0,52.88,4,0.0,0.0,589376
2024-08-05 23:00:00,00000000270,20240805230000,0.114,0.001,0.054,0.0,0.0,0.0,1.0,0.88,47.37,4,0.0,0.0,589376
2024-08-06 00:00:00,00000000270,20240806000000,0.102,0.0,0.057,0.0,0.0,0.0,1.0,0.0,55.88,4,0.0,0.0,589376
2024-08-06 01:00:00,00000000270,20240806010000,0.116,0.001,0.055,0.0,0.0,0.0,1.0,0.86,47.41,4,0.0,0.0,589376
2024-08-06 02:00:00,00000000270,20240806020000,0.537,0.011,0.043,0.0,0.0,0.0,1.0,2.05,8.01,4,0.0,0.0,589376
2024-08-06 03:00:00,00000000270,20240806030000,0.734,0.035,0.01,0.0,0.0,0.0,1.0,4.77,1.36,4,0.0,0.0,589376
2024-08-06 04:00:00,00000000270,20240806040000,0.555,0.038,0.001,0.0,0.0,0.0,1.0,6.85,0.18,4,0.0,0.0,589376
2024-08-06 05:00:00,00000000270,20240806050000,0.291,0.001,0.032,0.0,0.0,0.0,1.0,0.34,11.0,4,0.0,0.0,589376
2024-08-06 06:00:00,00000000270,20240806060000,0.231,0.001,0.042,0.0,0.0,0.0,1.0,0.43,18.18,4,0.0,0.0,589376
2024-08-06 07:00:00,00000000270,20240806070000,0.15,0.0,0.057,0.0,0.0,0.0,1.0,0.0,38.0,4,0.0,0.0,589376
2024-08-06 08:00:00,00000000270,20240806080000,0.116,0.001,0.054,0.0,0.0,0.0,1.0,0.86,46.55,4,0.0,0.0,589376
2024-08-06 09:00:00,00000000270,20240806090000,0.114,0.0,0.053,0.0,0.0,0.0,1.0,0.0,46.49,4,0.0,0.0,589376
2024-08-06 10:00:00,00000000270,20240806100000,0.111,0.001,0.054,0.0,0.0,0.0,1.0,0.9,48.65,4,0.0,0.0,589376
2024-08-06 11:00:00,00000000270,20240806110000,0.422,0.0,0.08,0.0,0.0,0.0,1.0,0.0,18.96,4,0.0,0.0,589376
2024-08-06 12:00:00,00000000270,20240806120000,0.576,0.001,0.092,0.0,0.0,0.0,1.0,0.17,15.97,4,0.0,0.0,589376
2024-08-06 13:00:00,00000000270,20240806130000,0.204,0.0,0.054,0.0,0.0,0.0,1.0,0.0,26.47,4,0.0,0.0,589376
2024-08-06 14:00:00,00000000270,20240806140000,0.856,0.001,0.113,0.0,0.0,0.0,1.0,0.12,13.2,4,0.0,0.0,589376
2024-08-06 15:00:00,00000000270,20240806150000,0.15,0.0,0.053,0.0,0.0,0.0,1.0,0.0,35.33,4,0.0,0.0,589376
2024-08-06 16:00:00,00000000270,20240806160000,0.105,0.001,0.053,0.0,0.0,0.0,1.0,0.95,50.48,4,0.0,0.0,589376
2024-08-06 17:00:00,00000000270,20240806170000,0.118,0.0,0.057,0.0,0.0,0.0,1.0,0.0,48.31,4,0.0,0.0,589376
2024-08-06 18:00:00,00000000270,20240806180000,0.103,0.001,0.052,0.0,0.0,0.0,1.0,0.97,50.49,4,0.0,0.0,589376
2024-08-06 19:00:00,00000000270,20240806190000,0.11,0.0,0.053,0.0,0.0,0.0,1.0,0.0,48.18,4,0.0,0.0,589376
2024-08-06 20:00:00,00000000270,20240806200000,0.11,0.001,0.053,0.0,0.0,0.0,1.0,0.91,48.18,4,0.0,0.0,589376
2024-08-06 21:00:00,00000000270,20240806210000,0.12,0.0,0.051,0.0,0.0,0.0,1.0,0.0,42.5,4,0.0,0.0,589376
2024-08-06 22:00:00,00000000270,20240806220000,0.116,0.001,0.056,0.0,0.0,0.0,1.0,0.86,48.28,4,0.0,0.0,589376
2024-08-06 23:00:00,00000000270,20240806230000,0.13,0.0,0.056,0.0,0.0,0.0,1.0,0.0,43.08,4,0.0,0.0,589376
2024-08-07 00:00:00,00000000270,20240807000000,0.176,0.001,0.051,0.0,0.0,0.0,1.0,0.57,28.98,4,0.0,0.0,589376
2024-08-07 01:00:00,00000000270,20240807010000,0.269,0.003,0.052,0.0,0.0,0.0,1.0,1.12,19.33,4,0.0,0.0,589376
2024-08-07 02:00:00,00000000270,20240807020000,0.2,0.001,0.057,0.0,0.0,0.0,1.0,0.5,28.5,4,0.0,0.0,589376
2024-08-07 03:00:00,00000000270,20240807030000,0.201,0.001,0.058,0.0,0.0,0.0,1.0,0.5,28.86,4,0.0,0.0,589376
2024-08-07 04:00:00,00000000270,20240807040000,0.178,0.001,0.067,0.0,0.0,0.0,1.0,0.56,37.64,4,0.0,0.0,589376
2024-08-07 05:00:00,00000000270,20240807050000,0.178,0.001,0.063,0.0,0.0,0.0,1.0,0.56,35.39,4,0.0,0.0,589376
2024-08-07 06:00:00,00000000270,20240807060000,0.189,0.001,0.064,0.0,0.0,0.0,1.0,0.53,33.86,4,0.0,0.0,589376
2024-08-07 07:00:00,00000000270,20240807070000,0.108,0.0,0.061,0.0,0.0,0.0,1.0,0.0,56.48,4,0.0,0.0,589376
2024-08-07 08:00:00,00000000270,20240807080000,0.098,0.001,0.058,0.0,0.0,0.0,1.0,1.02,59.18,4,0.0,0.0,589376
2024-08-07 09:00:00,00000000270,20240807090000,0.102,0.0,0.058,0.0,0.0,0.0,1.0,0.0,56.86,4,0.0,0.0,589376
2024-08-07 10:00:00,00000000270,20240807100000,0.148,0.0,0.053,0.0,0.0,0.0,1.0,0.0,35.81,4,0.0,0.0,589376
2024-08-07 11:00:00,00000000270,20240807110000,0.163,0.001,0.057,0.0,0.0,0.0,1.0,0.61,34.97,4,0.0,0.0,589376
2024-08-07 12:00:00,00000000270,20240807120000,0.328,0.0,0.046,0.0,0.0,0.0,1.0,0.0,14.02,4,0.0,0.0,589376
2024-08-07 13:00:00,00000000270,20240807130000,0.124,0.001,0.051,0.0,0.0,0.0,1.0,0.81,41.13,4,0.0,0.0,589376
2024-08-07 14:00:00,00000000270,20240807140000,0.102,0.0,0.059,0.0,0.0,0.0,1.0,0.0,57.84,4,0.0,0.0,589376
2024-08-07 15:00:00,00000000270,20240807150000,0.128,0.001,0.05,0.0,0.0,0.0,1.0,0.78,39.06,4,0.0,0.0,589376
2024-08-07 16:00:00,00000000270,20240807160000,0.121,0.0,0.051,0.0,0.0,0.0,1.0,0.0,42.15,4,0.0,0.0,589376
2024-08-07 17:00:00,00000000270,20240807170000,0.328,0.001,0.051,0.0,0.0,0.0,1.0,0.3,15.55,4,0.0,0.0,589376
2024-08-07 18:00:00,00000000270,20240807180000,0.568,0.009,0.008,0.0,0.0,0.0,1.0,1.58,1.41,4,0.0,0.0,589376
2024-08-07 19:00:00,00000000270,20240807190000,0.453,0.004,0.018,0.0,0.0,0.0,1.0,0.88,3.97,4,0.0,0.0,589376
2024-08-07 20:00:00,00000000270,20240807200000,0.454,0.007,0.013,0.0,0.0,0.0,1.0,1.54,2.86,4,0.0,0.0,589376
2024-08-07 21:00:00,00000000270,20240807210000,0.413,0.015,0.008,0.0,0.0,0.0,1.0,3.63,1.94,4,0.0,0.0,589376
2024-08-07 22:00:00,00000000270,20240807220000,0.52,0.006,0.016,0.0,0.0,0.0,1.0,1.15,3.08,4,0.0,0.0,589376
2024-08-07 23:00:00,00000000270,20240807230000,0.332,0.005,0.018,0.0,0.0,0.0,1.0,1.51,5.42,4,0.0,0.0,589376
2024-08-08 00:00:00,00000000270,20240808000000,0.312,0.003,0.027,0.0,0.0,0.0,1.0,0.96,8.65,4,0.0,0.0,589376
2024-08-08 01:00:00,00000000270,20240808010000,0.334,0.003,0.024,0.0,0.0,0.0,1.0,0.9,7.19,4,0.0,0.0,589376
2024-08-08 02:00:00,00000000270,20240808020000,0.323,0.002,0.027,0.0,0.0,0.0,1.0,0.62,8.36,4,0.0,0.0,589376
2024-08-08 03:00:00,00000000270,20240808030000,0.169,0.0,0.051,0.0,0.0,0.0,1.0,0.0,30.18,4,0.0,0.0,589376
2024-08-08 04:00:00,00000000270,20240808040000,0.114,0.001,0.055,0.0,0.0,0.0,1.0,0.88,48.25,4,0.0,0.0,589376
2024-08-08 05:00:00,00000000270,20240808050000,0.096,0.0,0.068,0.0,0.0,0.0,1.0,0.0,70.83,4,0.0,0.0,589376
2024-08-08 06:00:00,00000000270,20240808060000,0.184,0.012,0.043,0.0,0.0,0.0,1.0,6.52,23.37,4,0.0,0.0,589376
2024-08-08 07:00:00,00000000270,20240808070000,0.235,0.031,0.0,0.0,0.0,0.0,1.0,13.19,0.0,4,0.0,0.0,589376
2024-08-08 08:00:00,00000000270,20240808080000,0.502,0.012,0.046,0.0,0.0,0.0,1.0,2.39,9.16,4,0.0,0.0,589376
2024-08-08 09:00:00,00000000270,20240808090000,1.021,0.004,0.026,0.0,0.0,0.0,1.0,0.39,2.55,4,0.0,0.0,589376
2024-08-08 10:00:00,00000000270,20240808100000,0.23,0.001,0.054,0.0,0.0,0.0,1.0,0.43,23.48,4,0.0,0.0,589376
2024-08-08 11:00:00,00000000270,20240808110000,0.1,0.0,0.055,0.0,0.0,0.0,1.0,0.0,55.0,4,0.0,0.0,589376
2024-08-08 12:00:00,00000000270,20240808120000,0.229,0.001,0.045,0.0,0.0,0.0,1.0,0.44,19.65,4,0.0,0.0,589376
2024-08-08 13:00:00,00000000270,20240808130000,0.256,0.001,0.043,0.0,0.0,0.0,1.0,0.39,16.8,4,0.0,0.0,589376
2024-08-08 14:00:00,00000000270,20240808140000,0.173,0.001,0.05,0.0,0.0,0.0,1.0,0.58,28.9,4,0.0,0.0,589376
2024-08-08 15:00:00,00000000270,20240808150000,0.119,0.0,0.05,0.0,0.0,0.0,1.0,0.0,42.02,4,0.0,0.0,589376
2024-08-08 16:00:00,00000000270,20240808160000,0.177,0.001,0.058,0.0,0.0,0.0,1.0,0.56,32.77,4,0.0,0.0,589376
2024-08-08 17:00:00,00000000270,20240808170000,0.146,0.0,0.047,0.0,0.0,0.0,1.0,0.0,32.19,4,0.0,0.0,589376
2024-08-08 18:00:00,00000000270,20240808180000,0.123,0.001,0.051,0.0,0.0,0.0,1.0,0.81,41.46,4,0.0,0.0,589376
2024-08-08 19:00:00,00000000270,20240808190000,0.167,0.0,0.056,0.0,0.0,0.0,1.0,0.0,33.53,4,0.0,0.0,589376
2024-08-08 20:00:00,00000000270,20240808200000,0.299,0.001,0.043,0.0,0.0,0.0,1.0,0.33,14.38,4,0.0,0.0,589376
2024-08-08 21:00:00,00000000270,20240808210000,0.304,0.001,0.033,0.0,0.0,0.0,1.0,0.33,10.86,4,0.0,0.0,589376
2024-08-08 22:00:00,00000000270,20240808220000,0.13,0.001,0.052,0.0,0.0,0.0,1.0,0.77,40.0,4,0.0,0.0,589376
2024-08-08 23:00:00,00000000270,20240808230000,0.122,0.0,0.052,0.0,0.0,0.0,1.0,0.0,42.62,4,0.0,0.0,589376
2024-08-09 00:00:00,00000000270,20240809000000,0.082,0.001,0.061,0.0,0.0,0.0,1.0,1.22,74.39,4,0.0,0.0,589376
2024-08-09 01:00:00,00000000270,20240809010000,0.126,0.0,0.054,0.0,0.0,0.0,1.0,0.0,42.86,4,0.0,0.0,589376
2024-08-09 02:00:00,00000000270,20240809020000,0.197,0.001,0.06,0.0,0.0,0.0,1.0,0.51,30.46,4,0.0,0.0,589376
2024-08-09 03:00:00,00000000270,20240809030000,0.132,0.0,0.056,0.0,0.0,0.0,1.0,0.0,42.42,4,0.0,0.0,589376
2024-08-09 04:00:00,00000000270,20240809040000,0.115,0.001,0.056,0.0,0.0,0.0,1.0,0.87,48.7,4,0.0,0.0,589376
2024-08-09 05:00:00,00000000270,20240809050000,0.112,0.0,0.062,0.0,0.0,0.0,1.0,0.0,55.36,4,0.0,0.0,589376
2024-08-09 06:00:00,00000000270,20240809060000,0.099,0.0,0.058,0.0,0.0,0.0,1.0,0.0,58.59,4,0.0,0.0,589376
2024-08-09 07:00:00,00000000270,20240809070000,0.112,0.001,0.062,0.0,0.0,0.0,1.0,0.89,55.36,4,0.0,0.0,589376
2024-08-09 08:00:00,00000000270,20240809080000,0.109,0.001,0.055,0.0,0.0,0.0,1.0,0.92,50.46,4,0.0,0.0,589376
2024-08-09 09:00:00,00000000270,20240809090000,0.218,0.028,0.054,0.0,0.0,0.0,1.0,12.84,24.77,4,0.0,0.0,589376
2024-08-09 10:00:00,00000000270,20240809100000,0.431,0.349,0.021,0.0,0.0,0.0,1.0,80.97,4.87,4,0.0,0.0,589376
2024-08-09 11:00:00,00000000270,20240809110000,0.114,0.0,0.051,0.0,0.0,0.0,1.0,0.0,44.74,4,0.0,0.0,589376
2024-08-09 12:00:00,00000000270,20240809120000,0.85,0.001,0.055,0.0,0.0,0.0,1.0,0.12,6.47,4,0.0,0.0,589376
2024-08-09 13:00:00,00000000270,20240809130000,0.802,0.007,0.03,0.0,0.0,0.0,1.0,0.87,3.74,4,0.0,0.0,589376
2024-08-09 14:00:00,00000000270,20240809140000,0.585,0.001,0.072,0.0,0.0,0.0,1.0,0.17,12.31,4,0.0,0.0,589376
2024-08-09 15:00:00,00000000270,20240809150000,0.538,0.0,0.068,0.0,0.0,0.0,1.0,0.0,12.64,4,0.0,0.0,589376
2024-08-09 16:00:00,00000000270,20240809160000,0.12,0.001,0.044,0.0,0.0,0.0,1.0,0.83,36.67,4,0.0,0.0,589376
2024-08-09 17:00:00,00000000270,20240809170000,0.197,0.025,0.046,0.0,0.0,0.0,1.0,12.69,23.35,4,0.0,0.0,589376
2024-08-09 18:00:00,00000000270,20240809180000,0.897,0.236,0.013,0.0,0.0,0.0,1.0,26.31,1.45,4,0.0,0.0,589376
2024-08-09 19:00:00,00000000270,20240809190000,0.467,0.026,0.015,0.0,0.0,0.0,1.0,5.57,3.21,4,0.0,0.0,589376
2024-08-09 20:00:00,00000000270,20240809200000,0.249,0.0,0.032,0.0,0.0,0.0,1.0,0.0,12.85,4,0.0,0.0,589376
2024-08-09 21:00:00,00000000270,20240809210000,0.238,0.001,0.033,0.0,0.0,0.0,1.0,0.42,13.87,4,0.0,0.0,589376
2024-08-09 22:00:00,00000000270,20240809220000,0.314,0.003,0.041,0.0,0.0,0.0,1.0,0.96,13.06,4,0.0,0.0,589376
2024-08-09 23:00:00,00000000270,20240809230000,0.284,0.013,0.028,0.0,0.0,0.0,1.0,4.58,9.86,4,0.0,0.0,589376
2024-08-10 00:00:00,00000000270,20240810000000,0.176,0.0,0.051,0.0,0.0,0.0,1.0,0.0,28.98,4,0.0,0.0,589376
2024-08-10 01:00:00,00000000270,20240810010000,0.124,0.001,0.053,0.0,0.0,0.0,1.0,0.81,42.74,4,0.0,0.0,589376
2024-08-10 02:00:00,00000000270,20240810020000,0.1,0.0,0.061,0.0,0.0,0.0,1.0,0.0,61.0,4,0.0,0.0,589376
2024-08-10 03:00:00,00000000270,20240810030000,0.114,0.001,0.055,0.0,0.0,0.0,1.0,0.88,48.25,4,0.0,0.0,589376
2024-08-10 04:00:00,00000000270,20240810040000,0.096,0.0,0.063,0.0,0.0,0.0,1.0,0.0,65.62,4,0.0,0.0,589376
2024-08-10 05:00:00,00000000270,20240810050000,0.112,0.001,0.055,0.0,0.0,0.0,1.0,0.89,49.11,4,0.0,0.0,589376
2024-08-10 06:00:00,00000000270,20240810060000,0.101,0.0,0.064,0.0,0.0,0.0,1.0,0.0,63.37,4,0.0,0.0,589376
2024-08-10 07:00:00,00000000270,20240810070000,0.177,0.001,0.059,0.0,0.0,0.0,1.0,0.56,33.33,4,0.0,0.0,589376
2024-08-10 08:00:00,00000000270,20240810080000,0.289,0.0,0.057,0.0,0.0,0.0,1.0,0.0,19.72,4,0.0,0.0,589376
2024-08-10 09:00:00,00000000270,20240810090000,0.227,0.07,0.05,0.0,0.0,0.0,1.0,30.84,22.03,4,0.0,0.0,589376
2024-08-10 10:00:00,00000000270,20240810100000,0.463,0.32,0.025,0.0,0.0,0.0,1.0,69.11,5.4,4,0.0,0.0,589376
2024-08-10 11:00:00,00000000270,20240810110000,0.145,0.0,0.06,0.0,0.0,0.0,1.0,0.0,41.38,4,0.0,0.0,589376
2024-08-10 12:00:00,00000000270,20240810120000,0.828,0.017,0.122,0.0,0.0,0.0,1.0,2.05,14.73,4,0.0,0.0,589376
2024-08-10 13:00:00,00000000270,20240810130000,0.55,0.09,0.098,0.0,0.0,0.0,1.0,16.36,17.82,4,0.0,0.0,589376
2024-08-10 14:00:00,00000000270,20240810140000,0.866,0.0,0.14,0.0,0.0,0.0,1.0,0.0,16.17,4,0.0,0.0,589376
2024-08-10 15:00:00,00000000270,20240810150000,1.438,0.001,0.159,0.0,0.0,0.0,1.0,0.07,11.06,4,0.0,0.0,589376
2024-08-10 16:00:00,00000000270,20240810160000,0.53,0.0,0.075,0.0,0.0,0.0,1.0,0.0,14.15,4,0.0,0.0,589376
2024-08-10 17:00:00,00000000270,20240810170000,0.363,0.001,0.039,0.0,0.0,0.0,1.0,0.28,10.74,4,0.0,0.0,589376
2024-08-10 18:00:00,00000000270,20240810180000,0.134,0.0,0.048,0.0,0.0,0.0,1.0,0.0,35.82,4,0.0,0.0,589376
2024-08-10 19:00:00,00000000270,20240810190000,0.55,0.001,0.037,0.0,0.0,0.0,1.0,0.18,6.73,4,0.0,0.0,589376
2024-08-10 20:00:00,00000000270,20240810200000,0.163,0.001,0.044,0.0,0.0,0.0,1.0,0.61,26.99,4,0.0,0.0,589376
2024-08-10 21:00:00,00000000270,20240810210000,0.325,0.0,0.032,0.0,0.0,0.0,1.0,0.0,9.85,4,0.0,0.0,589376
2024-08-10 22:00:00,00000000270,20240810220000,0.203,0.021,0.02,0.0,0.0,0.0,1.0,10.34,9.85,4,0.0,0.0,589376
2024-08-10 23:00:00,00000000270,20240810230000,0.884,0.192,0.022,0.0,0.0,0.0,1.0,21.72,2.49,4,0.0,0.0,589376
2024-08-11 00:00:00,00000000270,20240811000000,0.629,0.092,0.007,0.0,0.0,0.0,1.0,14.63,1.11,4,0.0,0.0,589376
2024-08-11 01:00:00,00000000270,20240811010000,0.52,0.022,0.004,0.0,0.0,0.0,1.0,4.23,0.77,4,0.0,0.0,589376
2024-08-11 02:00:00,00000000270,20240811020000,0.294,0.0,0.026,0.0,0.0,0.0,1.0,0.0,8.84,4,0.0,0.0,589376
2024-08-11 03:00:00,00000000270,20240811030000,0.25,0.001,0.037,0.0,0.0,0.0,1.0,0.4,14.8,4,0.0,0.0,589376
2024-08-11 04:00:00,00000000270,20240811040000,0.273,0.0,0.027,0.0,0.0,0.0,1.0,0.0,9.89,4,0.0,0.0,589376
2024-08-11 05:00:00,00000000270,20240811050000,0.243,0.001,0.039,0.0,0.0,0.0,1.0,0.41,16.05,4,0.0,0.0,589376
2024-08-11 06:00:00,00000000270,20240811060000,0.257,0.0,0.034,0.0,0.0,0.0,1.0,0.0,13.23,4,0.0,0.0,589376
2024-08-11 07:00:00,00000000270,20240811070000,0.243,0.001,0.049,0.0,0.0,0.0,1.0,0.41,20.16,4,0.0,0.0,589376
2024-08-11 08:00:00,00000000270,20240811080000,0.399,0.0,0.051,0.0,0.0,0.0,1.0,0.0,12.78,4,0.0,0.0,589376
2024-08-11 09:00:00,00000000270,20240811090000,0.39,0.001,0.049,0.0,0.0,0.0,1.0,0.26,12.56,4,0.0,0.0,589376
2024-08-11 10:00:00,00000000270,20240811100000,0.401,0.0,0.073,0.0,0.0,0.0,1.0,0.0,18.2,4,0.0,0.0,589376
2024-08-11 11:00:00,00000000270,20240811110000,1.668,0.217,0.079,0.0,0.0,0.0,1.0,13.01,4.74,4,0.0,0.0,589376
2024-08-11 12:00:00,00000000270,20240811120000,2.881,0.217,0.041,0.0,0.0,0.0,1.0,7.53,1.42,4,0.0,0.0,589376
2024-08-11 13:00:00,00000000270,20240811130000,1.435,0.001,0.104,0.0,0.0,0.0,1.0,0.07,7.25,4,0.0,0.0,589376
2024-08-11 14:00:00,00000000270,20240811140000,0.399,0.0,0.095,0.0,0.0,0.0,1.0,0.0,23.81,4,0.0,0.0,589376
2024-08-11 15:00:00,00000000270,20240811150000,0.558,0.0,0.123,0.0,0.0,0.0,1.0,0.0,22.04,4,0.0,0.0,589376
2024-08-11 16:00:00,00000000270,20240811160000,0.719,0.001,0.139,0.0,0.0,0.0,1.0,0.14,19.33,4,0.0,0.0,589376
2024-08-11 17:00:00,00000000270,20240811170000,1.432,0.0,0.195,0.0,0.0,0.0,1.0,0.0,13.62,4,0.0,0.0,589376
2024-08-11 18:00:00,00000000270,20240811180000,0.941,0.0,0.143,0.0,0.0,0.0,1.0,0.0,15.2,4,0.0,0.0,589376
2024-08-11 19:00:00,00000000270,20240811190000,1.06,0.113,0.035,0.0,0.0,0.0,1.0,10.66,3.3,4,0.0,0.0,589376
2024-08-11 20:00:00,00000000270,20240811200000,0.293,0.21,0.003,0.0,0.0,0.0,1.0,71.67,1.02,4,0.0,0.0,589376
2024-08-11 21:00:00,00000000270,20240811210000,0.144,0.0,0.045,0.0,0.0,0.0,1.0,0.0,31.25,4,0.0,0.0,589376
2024-08-11 22:00:00,00000000270,20240811220000,0.845,0.002,0.031,0.0,0.0,0.0,1.0,0.24,3.67,4,0.0,0.0,589376
2024-08-11 23:00:00,00000000270,20240811230000,0.377,0.006,0.022,0.0,0.0,0.0,1.0,1.59,5.84,4,0.0,0.0,589376
2024-08-12 00:00:00,00000000270,20240812000000,0.25,0.0,0.048,0.0,0.0,0.0,1.0,0.0,19.2,4,0.0,0.0,589376
2024-08-12 01:00:00,00000000270,20240812010000,0.62,0.005,0.014,0.0,0.0,0.0,1.0,0.81,2.26,4,0.0,0.0,589376
2024-08-12 02:00:00,00000000270,20240812020000,0.58,0.018,0.003,0.0,0.0,0.0,1.0,3.1,0.52,4,0.0,0.0,589376
2024-08-12 03:00:00,00000000270,20240812030000,0.606,0.021,0.001,0.0,0.0,0.0,1.0,3.47,0.17,4,0.0,0.0,589376
2024-08-12 04:00:00,00000000270,20240812040000,0.411,0.008,0.023,0.0,0.0,0.0,1.0,1.95,5.6,4,0.0,0.0,589376
2024-08-12 05:00:00,00000000270,20240812050000,0.317,0.002,0.041,0.0,0.0,0.0,1.0,0.63,12.93,4,0.0,0.0,589376
2024-08-12 06:00:00,00000000270,20240812060000,0.354,0.003,0.03,0.0,0.0,0.0,1.0,0.85,8.47,4,0.0,0.0,589376
2024-08-12 07:00:00,00000000270,20240812070000,0.508,0.001,0.052,0.0,0.0,0.0,1.0,0.2,10.24,4,0.0,0.0,589376
2024-08-12 08:00:00,00000000270,20240812080000,0.292,0.0,0.049,0.0,0.0,0.0,1.0,0.0,16.78,4,0.0,0.0,589376
2024-08-12 09:00:00,00000000270,20240812090000,0.356,0.001,0.052,0.0,0.0,0.0,1.0,0.28,14.61,4,0.0,0.0,589376
2024-08-12 10:00:00,00000000270,20240812100000,0.11,0.0,0.057,0.0,0.0,0.0,1.0,0.0,51.82,4,0.0,0.0,589376
2024-08-12 11:00:00,00000000270,20240812110000,0.119,0.001,0.05,0.0,0.0,0.0,1.0,0.84,42.02,4,0.0,0.0,589376
2024-08-12 12:00:00,00000000270,20240812120000,0.201,0.0,0.054,0.0,0.0,0.0,1.0,0.0,26.87,4,0.0,0.0,589376
2024-08-12 13:00:00,00000000270,20240812130000,0.158,0.001,0.05,0.0,0.0,0.0,1.0,0.63,31.65,4,0.0,0.0,589376
2024-08-12 14:00:00,00000000270,20240812140000,0.605,0.322,0.048,0.0,0.0,0.0,1.0,53.22,7.93,4,0.0,0.0,589376
2024-08-12 15:00:00,00000000270,20240812150000,0.525,0.085,0.1,0.0,0.0,0.0,1.0,16.19,19.05,4,0.0,0.0,589376
2024-08-12 16:00:00,00000000270,20240812160000,0.636,0.0,0.117,0.0,0.0,0.0,1.0,0.0,18.4,4,0.0,0.0,589376
2024-08-12 17:00:00,00000000270,20240812170000,0.839,0.0,0.068,0.0,0.0,0.0,1.0,0.0,8.1,4,0.0,0.0,589376
2024-08-12 18:00:00,00000000270,20240812180000,0.646,0.104,0.033,0.0,0.0,0.0,1.0,16.1,5.11,4,0.0,0.0,589376
2024-08-12 19:00:00,00000000270,20240812190000,1.253,0.001,0.034,0.0,0.0,0.0,1.0,0.08,2.71,4,0.0,0.0,589376
2024-08-12 20:00:00,00000000270,20240812200000,0.711,0.006,0.015,0.0,0.0,0.0,1.0,0.84,2.11,4,0.0,0.0,589376
2024-08-12 21:00:00,00000000270,20240812210000,0.552,0.012,0.003,0.0,0.0,0.0,1.0,2.17,0.54,4,0.0,0.0,589376
2024-08-12 22:00:00,00000000270,20240812220000,0.3,0.004,0.029,0.0,0.0,0.0,1.0,1.33,9.67,4,0.0,0.0,589376
2024-08-12 23:00:00,00000000270,20240812230000,0.246,0.0,0.042,0.0,0.0,0.0,1.0,0.0,17.07,4,0.0,0.0,589376
2024-08-13 00:00:00,00000000270,20240813000000,0.245,0.001,0.041,0.0,0.0,0.0,1.0,0.41,16.73,4,0.0,0.0,589376
2024-08-13 01:00:00,00000000270,20240813010000,0.222,0.0,0.05,0.0,0.0,0.0,1.0,0.0,22.52,4,0.0,0.0,589376
2024-08-13 02:00:00,00000000270,20240813020000,0.24,0.001,0.047,0.0,0.0,0.0,1.0,0.42,19.58,4,0.0,0.0,589376
2024-08-13 03:00:00,00000000270,20240813030000,0.226,0.0,0.052,0.0,0.0,0.0,1.0,0.0,23.01,4,0.0,0.0,589376
2024-08-13 04:00:00,00000000270,20240813040000,0.214,0.001,0.056,0.0,0.0,0.0,1.0,0.47,26.17,4,0.0,0.0,589376
2024-08-13 05:00:00,00000000270,20240813050000,0.145,0.0,0.054,0.0,0.0,0.0,1.0,0.0,37.24,4,0.0,0.0,589376
2024-08-13 06:00:00,00000000270,20240813060000,0.112,0.001,0.059,0.0,0.0,0.0,1.0,0.89,52.68,4,0.0,0.0,589376
2024-08-13 07:00:00,00000000270,20240813070000,0.128,0.0,0.059,0.0,0.0,0.0,1.0,0.0,46.09,4,0.0,0.0,589376
2024-08-13 08:00:00,00000000270,20240813080000,0.28,0.02,0.03,0.0,0.0,0.0,1.0,7.14,10.71,4,0.0,0.0,589376
2024-08-13 09:00:00,00000000270,20240813090000,0.126,0.001,0.053,0.0,0.0,0.0,1.0,0.79,42.06,4,0.0,0.0,589376
2024-08-13 10:00:00,00000000270,20240813100000,0.245,0.0,0.056,0.0,0.0,0.0,1.0,0.0,22.86,4,0.0,0.0,589376
2024-08-13 11:00:00,00000000270,20240813110000,0.116,0.001,0.051,0.0,0.0,0.0,1.0,0.86,43.97,4,0.0,0.0,589376
2024-08-13 12:00:00,00000000270,20240813120000,0.108,0.0,0.057,0.0,0.0,0.0,1.0,0.0,52.78,4,0.0,0.0,589376
2024-08-13 13:00:00,00000000270,20240813130000,0.197,0.001,0.051,0.0,0.0,0.0,1.0,0.51,25.89,4,0.0,0.0,589376
2024-08-13 14:00:00,00000000270,20240813140000,0.59,0.0,0.109,0.0,0.0,0.0,1.0,0.0,18.47,4,0.0,0.0,589376
2024-08-13 15:00:00,00000000270,20240813150000,0.823,0.364,0.047,0.0,0.0,0.0,1.0,44.23,5.71,4,0.0,0.0,589376
2024-08-13 16:00:00,00000000270,20240813160000,0.512,0.04,0.107,0.0,0.0,0.0,1.0,7.81,20.9,4,0.0,0.0,589376
2024-08-13 17:00:00,00000000270,20240813170000,0.703,0.0,0.073,0.0,0.0,0.0,1.0,0.0,10.38,4,0.0,0.0,589376
2024-08-13 18:00:00,00000000270,20240813180000,1.263,0.001,0.066,0.0,0.0,0.0,1.0,0.08,5.23,4,0.0,0.0,589376
2024-08-13 19:00:00,00000000270,20240813190000,0.538,0.004,0.013,0.0,0.0,0.0,1.0,0.74,2.42,4,0.0,0.0,589376
2024-08-13 20:00:00,00000000270,20240813200000,0.473,0.007,0.018,0.0,0.0,0.0,1.0,1.48,3.81,4,0.0,0.0,589376
2024-08-13 21:00:00,00000000270,20240813210000,0.308,0.01,0.038,0.0,0.0,0.0,1.0,3.25,12.34,4,0.0,0.0,589376
2024-08-13 22:00:00,00000000270,20240813220000,0.193,0.001,0.054,0.0,0.0,0.0,1.0,0.52,27.98,4,0.0,0.0,589376
2024-08-13 23:00:00,00000000270,20240813230000,0.182,0.0,0.061,0.0,0.0,0.0,1.0,0.0,33.52,4,0.0,0.0,589376
2024-08-14 00:00:00,00000000270,20240814000000,0.13,0.0,0.048,0.0,0.0,0.0,1.0,0.0,36.92,4,0.0,0.0,589376
2024-08-14 01:00:00,00000000270,20240814010000,0.124,0.001,0.054,0.0,0.0,0.0,1.0,0.81,43.55,4,0.0,0.0,589376
2024-08-14 02:00:00,00000000270,20240814020000,0.303,0.006,0.028,0.0,0.0,0.0,1.0,1.98,9.24,4,0.0,0.0,589376
2024-08-14 03:00:00,00000000270,20240814030000,0.292,0.0,0.019,0.0,0.0,0.0,1.0,0.0,6.51,4,0.0,0.0,589376
2024-08-14 04:00:00,00000000270,20240814040000,0.224,0.001,0.052,0.0,0.0,0.0,1.0,0.45,23.21,4,0.0,0.0,589376
2024-08-14 05:00:00,00000000270,20240814050000,0.211,0.0,0.051,0.0,0.0,0.0,1.0,0.0,24.17,4,0.0,0.0,589376
2024-08-14 06:00:00,00000000270,20240814060000,0.207,0.001,0.048,0.0,0.0,0.0,1.0,0.48,23.19,4,0.0,0.0,589376
2024-08-14 07:00:00,00000000270,20240814070000,0.271,0.0,0.043,0.0,0.0,0.0,1.0,0.0,15.87,4,0.0,0.0,589376
2024-08-14 08:00:00,00000000270,20240814080000,1.296,0.001,0.056,0.0,0.0,0.0,1.0,0.08,4.32,4,0.0,0.0,589376
2024-08-14 09:00:00,00000000270,20240814090000,0.121,0.0,0.063,0.0,0.0,0.0,1.0,0.0,52.07,4,0.0,0.0,589376
2024-08-14 10:00:00,00000000270,20240814100000,0.128,0.0,0.06,0.0,0.0,0.0,1.0,0.0,46.88,4,0.0,0.0,589376
2024-08-14 11:00:00,00000000270,20240814110000,0.314,0.001,0.038,0.0,0.0,0.0,1.0,0.32,12.1,4,0.0,0.0,589376
2024-08-14 12:00:00,00000000270,20240814120000,1.263,0.015,0.002,0.0,0.0,0.0,1.0,1.19,0.16,4,0.0,0.0,589376
2024-08-14 13:00:00,00000000270,20240814130000,2.132,0.002,0.093,0.0,0.0,0.0,1.0,0.09,4.36,4,0.0,0.0,589376
2024-08-14 14:00:00,00000000270,20240814140000,1.598,0.0,0.08,0.0,0.0,0.0,1.0,0.0,5.01,4,0.0,0.0,589376
2024-08-14 15:00:00,00000000270,20240814150000,2.042,0.0,0.124,0.0,0.0,0.0,1.0,0.0,6.07,4,0.0,0.0,589376
2024-08-14 16:00:00,00000000270,20240814160000,2.005,0.001,0.117,0.0,0.0,0.0,1.0,0.05,5.84,4,0.0,0.0,589376
2024-08-14 17:00:00,00000000270,20240814170000,0.696,0.008,0.008,0.0,0.0,0.0,1.0,1.15,1.15,4,0.0,0.0,589376
2024-08-14 18:00:00,00000000270,20240814180000,0.865,0.004,0.029,0.0,0.0,0.0,1.0,0.46,3.35,4,0.0,0.0,589376
2024-08-14 19:00:00,00000000270,20240814190000,0.754,0.327,0.003,0.0,0.0,0.0,1.0,43.37,0.4,4,0.0,0.0,589376
2024-08-14 20:00:00,00000000270,20240814200000,1.227,0.215,0.001,0.0,0.0,0.0,1.0,17.52,0.08,4,0.0,0.0,589376
2024-08-14 21:00:00,00000000270,20240814210000,0.942,0.042,0.0,0.0,0.0,0.0,1.0,4.46,0.0,4,0.0,0.0,589376
2024-08-14 22:00:00,00000000270,20240814220000,1.0,0.192,0.0,0.0,0.0,0.0,1.0,19.2,0.0,4,0.0,0.0,589376
2024-08-14 23:00:00,00000000270,20240814230000,1.042,0.218,0.0,0.0,0.0,0.0,1.0,20.92,0.0,4,0.0,0.0,589376
2024-08-15 00:00:00,00000000270,20240815000000,0.905,0.042,0.0,0.0,0.0,0.0,1.0,4.64,0.0,4,0.0,0.0,589376
2024-08-15 01:00:00,00000000270,20240815010000,0.449,0.005,0.021,0.0,0.0,0.0,1.0,1.11,4.68,4,0.0,0.0,589376
2024-08-15 02:00:00,00000000270,20240815020000,0.194,0.001,0.045,0.0,0.0,0.0,1.0,0.52,23.2,4,0.0,0.0,589376
2024-08-15 03:00:00,00000000270,20240815030000,0.132,0.0,0.048,0.0,0.0,0.0,1.0,0.0,36.36,4,0.0,0.0,589376
2024-08-15 04:00:00,00000000270,20240815040000,0.109,0.0,0.055,0.0,0.0,0.0,1.0,0.0,50.46,4,0.0,0.0,589376
2024-08-15 05:00:00,00000000270,20240815050000,0.13,0.001,0.052,0.0,0.0,0.0,1.0,0.77,40.0,4,0.0,0.0,589376
2024-08-15 06:00:00,00000000270,20240815060000,0.118,0.0,0.058,0.0,0.0,0.0,1.0,0.0,49.15,4,0.0,0.0,589376
2024-08-15 07:00:00,00000000270,20240815070000,0.156,0.001,0.052,0.0,0.0,0.0,1.0,0.64,33.33,4,0.0,0.0,589376
2024-08-15 08:00:00,00000000270,20240815080000,0.342,0.0,0.056,0.0,0.0,0.0,1.0,0.0,16.37,4,0.0,0.0,589376
2024-08-15 09:00:00,00000000270,20240815090000,0.162,0.001,0.044,0.0,0.0,0.0,1.0,0.62,27.16,4,0.0,0.0,589376
2024-08-15 10:00:00,00000000270,20240815100000,0.32,0.0,0.044,0.0,0.0,0.0,1.0,0.0,13.75,4,0.0,0.0,589376
2024-08-15 11:00:00,00000000270,20240815110000,0.152,0.0,0.041,0.0,0.0,0.0,1.0,0.0,26.97,4,0.0,0.0,589376
2024-08-15 12:00:00,00000000270,20240815120000,0.129,0.001,0.044,0.0,0.0,0.0,1.0,0.78,34.11,4,0.0,0.0,589376
2024-08-15 13:00:00,00000000270,20240815130000,0.3,0.077,0.041,0.0,0.0,0.0,1.0,25.67,13.67,4,0.0,0.0,589376
2024-08-15 14:00:00,00000000270,20240815140000,0.162,0.001,0.046,0.0,0.0,0.0,1.0,0.62,28.4,4,0.0,0.0,589376
2024-08-15 15:00:00,00000000270,20240815150000,1.209,0.0,0.114,0.0,0.0,0.0,1.0,0.0,9.43,4,0.0,0.0,589376
2024-08-15 16:00:00,00000000270,20240815160000,0.969,0.001,0.09,0.0,0.0,0.0,1.0,0.1,9.29,4,0.0,0.0,589376
2024-08-15 17:00:00,00000000270,20240815170000,0.733,0.0,0.107,0.0,0.0,0.0,1.0,0.0,14.6,4,0.0,0.0,589376
2024-08-15 18:00:00,00000000270,20240815180000,2.176,0.0,0.14,0.0,0.0,0.0,1.0,0.0,6.43,4,0.0,0.0,589376
2024-08-15 19:00:00,00000000270,20240815190000,0.703,0.008,0.018,0.0,0.0,0.0,1.0,1.14,2.56,4,0.0,0.0,589376
2024-08-15 20:00:00,00000000270,20240815200000,0.527,0.007,0.009,0.0,0.0,0.0,1.0,1.33,1.71,4,0.0,0.0,589376
2024-08-15 21:00:00,00000000270,20240815210000,0.467,0.01,0.008,0.0,0.0,0.0,1.0,2.14,1.71,4,0.0,0.0,589376
2024-08-15 22:00:00,00000000270,20240815220000,0.251,0.0,0.038,0.0,0.0,0.0,1.0,0.0,15.14,4,0.0,0.0,589376
2024-08-15 23:00:00,00000000270,20240815230000,0.128,0.001,0.052,0.0,0.0,0.0,1.0,0.78,40.62,4,0.0,0.0,589376
2024-08-16 00:00:00,00000000270,20240816000000,0.205,0.0,0.054,0.0,0.0,0.0,1.0,0.0,26.34,4,0.0,0.0,589376
2024-08-16 01:00:00,00000000270,20240816010000,0.159,0.0,0.043,0.0,0.0,0.0,1.0,0.0,27.04,4,0.0,0.0,589376
2024-08-16 02:00:00,00000000270,20240816020000,0.133,0.001,0.044,0.0,0.0,0.0,1.0,0.75,33.08,4,0.0,0.0,589376
2024-08-16 03:00:00,00000000270,20240816030000,0.124,0.0,0.052,0.0,0.0,0.0,1.0,0.0,41.94,4,0.0,0.0,589376
2024-08-16 04:00:00,00000000270,20240816040000,0.114,0.001,0.059,0.0,0.0,0.0,1.0,0.88,51.75,4,0.0,0.0,589376
2024-08-16 05:00:00,00000000270,20240816050000,0.111,0.0,0.058,0.0,0.0,0.0,1.0,0.0,52.25,4,0.0,0.0,589376
2024-08-16 06:00:00,00000000270,20240816060000,0.13,0.001,0.049,0.0,0.0,0.0,1.0,0.77,37.69,4,0.0,0.0,589376
2024-08-16 07:00:00,00000000270,20240816070000,0.132,0.0,0.048,0.0,0.0,0.0,1.0,0.0,36.36,4,0.0,0.0,589376
2024-08-16 08:00:00,00000000270,20240816080000,0.242,0.001,0.054,0.0,0.0,0.0,1.0,0.41,22.31,4,0.0,0.0,589376
2024-08-16 09:00:00,00000000270,20240816090000,0.195,0.0,0.056,0.0,0.0,0.0,1.0,0.0,28.72,4,0.0,0.0,589376
2024-08-16 10:00:00,00000000270,20240816100000,0.149,0.001,0.05,0.0,0.0,0.0,1.0,0.67,33.56,4,0.0,0.0,589376
2024-08-16 11:00:00,00000000270,20240816110000,0.367,0.02,0.04,0.0,0.0,0.0,1.0,5.45,10.9,4,0.0,0.0,589376
2024-08-16 12:00:00,00000000270,20240816120000,0.157,0.001,0.039,0.0,0.0,0.0,1.0,0.64,24.84,4,0.0,0.0,589376
2024-08-16 13:00:00,00000000270,20240816130000,0.169,0.003,0.027,0.0,0.0,0.0,1.0,1.78,15.98,4,0.0,0.0,589376
2024-08-16 14:00:00,00000000270,20240816140000,0.153,0.009,0.01,0.0,0.0,0.0,1.0,5.88,6.54,4,0.0,0.0,589376
2024-08-16 15:00:00,00000000270,20240816150000,0.16,0.011,0.006,0.0,0.0,0.0,1.0,6.87,3.75,4,0.0,0.0,589376
2024-08-16 16:00:00,00000000270,20240816160000,0.161,0.008,0.005,0.0,0.0,0.0,1.0,4.97,3.11,4,0.0,0.0,589376
2024-08-16 17:00:00,00000000270,20240816170000,0.473,0.017,0.012,0.0,0.0,0.0,1.0,3.59,2.54,4,0.0,0.0,589376
2024-08-16 18:00:00,00000000270,20240816180000,0.69,0.027,0.001,0.0,0.0,0.0,1.0,3.91,0.14,4,0.0,0.0,589376
2024-08-16 19:00:00,00000000270,20240816190000,0.572,0.038,0.0,0.0,0.0,0.0,1.0,6.64,0.0,4,0.0,0.0,589376
2024-08-16 20:00:00,00000000270,20240816200000,0.566,0.171,0.0,0.0,0.0,0.0,1.0,30.21,0.0,4,0.0,0.0,589376
2024-08-16 21:00:00,00000000270,20240816210000,0.408,0.044,0.007,0.0,0.0,0.0,1.0,10.78,1.72,4,0.0,0.0,589376
2024-08-16 22:00:00,00000000270,20240816220000,0.634,0.243,0.0,0.0,0.0,0.0,1.0,38.33,0.0,4,0.0,0.0,589376
2024-08-16 23:00:00,00000000270,20240816230000,0.209,0.028,0.033,0.0,0.0,0.0,1.0,13.4,15.79,4,0.0,0.0,589376
2024-08-17 00:00:00,00000000270,20240817000000,0.127,0.001,0.057,0.0,0.0,0.0,1.0,0.79,44.88,4,0.0,0.0,589376
2024-08-17 01:00:00,00000000270,20240817010000,0.13,0.0,0.062,0.0,0.0,0.0,1.0,0.0,47.69,4,0.0,0.0,589376
2024-08-17 02:00:00,00000000270,20240817020000,0.129,0.001,0.064,0.0,0.0,0.0,1.0,0.78,49.61,4,0.0,0.0,589376
2024-08-17 03:00:00,00000000270,20240817030000,0.207,0.0,0.067,0.0,0.0,0.0,1.0,0.0,32.37,4,0.0,0.0,589376
2024-08-17 04:00:00,00000000270,20240817040000,0.15,0.0,0.063,0.0,0.0,0.0,1.0,0.0,42.0,4,0.0,0.0,589376
2024-08-17 05:00:00,00000000270,20240817050000,0.116,0.001,0.068,0.0,0.0,0.0,1.0,0.86,58.62,4,0.0,0.0,589376
2024-08-17 06:00:00,00000000270,20240817060000,0.121,0.0,0.065,0.0,0.0,0.0,1.0,0.0,53.72,4,0.0,0.0,589376
2024-08-17 07:00:00,00000000270,20240817070000,0.104,0.001,0.064,0.0,0.0,0.0,1.0,0.96,61.54,4,0.0,0.0,589376
2024-08-17 08:00:00,00000000270,20240817080000,0.262,0.001,0.058,0.0,0.0,0.0,1.0,0.38,22.14,4,0.0,0.0,589376
2024-08-17 09:00:00,00000000270,20240817090000,0.195,0.027,0.01,0.0,0.0,0.0,1.0,13.85,5.13,4,0.0,0.0,589376
2024-08-17 10:00:00,00000000270,20240817100000,0.125,0.0,0.054,0.0,0.0,0.0,1.0,0.0,43.2,4,0.0,0.0,589376
2024-08-17 11:00:00,00000000270,20240817110000,0.221,0.001,0.055,0.0,0.0,0.0,1.0,0.45,24.89,4,0.0,0.0,589376
2024-08-17 12:00:00,00000000270,20240817120000,0.198,0.0,0.056,0.0,0.0,0.0,1.0,0.0,28.28,4,0.0,0.0,589376
2024-08-17 13:00:00,00000000270,20240817130000,0.528,0.001,0.046,0.0,0.0,0.0,1.0,0.19,8.71,4,0.0,0.0,589376
2024-08-17 14:00:00,00000000270,20240817140000,0.707,0.007,0.009,0.0,0.0,0.0,1.0,0.99,1.27,4,0.0,0.0,589376
2024-08-17 15:00:00,00000000270,20240817150000,0.727,0.001,0.055,0.0,0.0,0.0,1.0,0.14,7.57,4,0.0,0.0,589376
2024-08-17 16:00:00,00000000270,20240817160000,1.234,0.095,0.092,0.0,0.0,0.0,1.0,7.7,7.46,4,0.0,0.0,589376
2024-08-17 17:00:00,00000000270,20240817170000,1.721,0.221,0.096,0.0,0.0,0.0,1.0,12.84,5.58,4,0.0,0.0,589376
2024-08-17 18:00:00,00000000270,20240817180000,0.657,0.0,0.071,0.0,0.0,0.0,1.0,0.0,10.81,4,0.0,0.0,589376
2024-08-17 19:00:00,00000000270,20240817190000,0.272,0.001,0.03,0.0,0.0,0.0,1.0,0.37,11.03,4,0.0,0.0,589376
2024-08-17 20:00:00,00000000270,20240817200000,0.147,0.037,0.029,0.0,0.0,0.0,1.0,25.17,19.73,4,0.0,0.0,589376
2024-08-17 21:00:00,00000000270,20240817210000,0.24,0.031,0.047,0.0,0.0,0.0,1.0,12.92,19.58,4,0.0,0.0,589376
2024-08-17 22:00:00,00000000270,20240817220000,0.176,0.0,0.044,0.0,0.0,0.0,1.0,0.0,25.0,4,0.0,0.0,589376
2024-08-17 23:00:00,00000000270,20240817230000,0.163,0.0,0.04,0.0,0.0,0.0,1.0,0.0,24.54,4,0.0,0.0,589376
2024-08-18 00:00:00,00000000270,20240818000000,0.136,0.001,0.052,0.0,0.0,0.0,1.0,0.74,38.24,4,0.0,0.0,589376
2024-08-18 01:00:00,00000000270,20240818010000,0.148,0.0,0.047,0.0,0.0,0.0,1.0,0.0,31.76,4,0.0,0.0,589376
2024-08-18 02:00:00,00000000270,20240818020000,0.127,0.001,0.049,0.0,0.0,0.0,1.0,0.79,38.58,4,0.0,0.0,589376
2024-08-18 03:00:00,00000000270,20240818030000,0.14,0.0,0.048,0.0,0.0,0.0,1.0,0.0,34.29,4,0.0,0.0,589376
2024-08-18 04:00:00,00000000270,20240818040000,0.106,0.001,0.058,0.0,0.0,0.0,1.0,0.94,54.72,4,0.0,0.0,589376
2024-08-18 05:00:00,00000000270,20240818050000,0.118,0.0,0.056,0.0,0.0,0.0,1.0,0.0,47.46,4,0.0,0.0,589376
2024-08-18 06:00:00,00000000270,20240818060000,0.208,0.001,0.056,0.0,0.0,0.0,1.0,0.48,26.92,4,0.0,0.0,589376
2024-08-18 07:00:00,00000000270,20240818070000,0.152,0.0,0.051,0.0,0.0,0.0,1.0,0.0,33.55,4,0.0,0.0,589376
2024-08-18 08:00:00,00000000270,20240818080000,0.162,0.0,0.043,0.0,0.0,0.0,1.0,0.0,26.54,4,0.0,0.0,589376
2024-08-18 09:00:00,00000000270,20240818090000,0.321,0.001,0.05,0.0,0.0,0.0,1.0,0.31,15.58,4,0.0,0.0,589376
2024-08-18 10:00:00,00000000270,20240818100000,0.132,0.0,0.05,0.0,0.0,0.0,1.0,0.0,37.88,4,0.0,0.0,589376
2024-08-18 11:00:00,00000000270,20240818110000,0.274,0.001,0.051,0.0,0.0,0.0,1.0,0.36,18.61,4,0.0,0.0,589376
2024-08-18 12:00:00,00000000270,20240818120000,0.889,0.003,0.032,0.0,0.0,0.0,1.0,0.34,3.6,4,0.0,0.0,589376
2024-08-18 13:00:00,00000000270,20240818130000,0.381,0.006,0.044,0.0,0.0,0.0,1.0,1.57,11.55,4,0.0,0.0,589376
2024-08-18 14:00:00,00000000270,20240818140000,0.384,0.001,0.049,0.0,0.0,0.0,1.0,0.26,12.76,4,0.0,0.0,589376
2024-08-18 15:00:00,00000000270,20240818150000,0.779,0.01,0.037,0.0,0.0,0.0,1.0,1.28,4.75,4,0.0,0.0,589376
2024-08-18 16:00:00,00000000270,20240818160000,1.233,0.001,0.167,0.0,0.0,0.0,1.0,0.08,13.54,4,0.0,0.0,589376
2024-08-18 17:00:00,00000000270,20240818170000,0.885,0.0,0.105,0.0,0.0,0.0,1.0,0.0,11.86,4,0.0,0.0,589376
2024-08-18 18:00:00,00000000270,20240818180000,0.126,0.0,0.052,0.0,0.0,0.0,1.0,0.0,41.27,4,0.0,0.0,589376
2024-08-18 19:00:00,00000000270,20240818190000,0.117,0.001,0.05,0.0,0.0,0.0,1.0,0.85,42.74,4,0.0,0.0,589376
2024-08-18 20:00:00,00000000270,20240818200000,0.13,0.0,0.041,0.0,0.0,0.0,1.0,0.0,31.54,4,0.0,0.0,589376
2024-08-18 21:00:00,00000000270,20240818210000,0.138,0.001,0.045,0.0,0.0,0.0,1.0,0.72,32.61,4,0.0,0.0,589376
2024-08-18 22:00:00,00000000270,20240818220000,0.204,0.0,0.056,0.0,0.0,0.0,1.0,0.0,27.45,4,0.0,0.0,589376
2024-08-18 23:00:00,00000000270,20240818230000,0.15,0.001,0.051,0.0,0.0,0.0,1.0,0.67,34.0,4,0.0,0.0,589376
2024-08-19 00:00:00,00000000270,20240819000000,0.139,0.0,0.057,0.0,0.0,0.0,1.0,0.0,41.01,4,0.0,0.0,589376
2024-08-19 01:00:00,00000000270,20240819010000,0.14,0.0,0.046,0.0,0.0,0.0,1.0,0.0,32.86,4,0.0,0.0,589376
2024-08-19 02:00:00,00000000270,20240819020000,0.143,0.001,0.046,0.0,0.0,0.0,1.0,0.7,32.17,4,0.0,0.0,589376
2024-08-19 03:00:00,00000000270,20240819030000,0.116,0.0,0.052,0.0,0.0,0.0,1.0,0.0,44.83,4,0.0,0.0,589376
2024-08-19 04:00:00,00000000270,20240819040000,0.111,0.001,0.057,0.0,0.0,0.0,1.0,0.9,51.35,4,0.0,0.0,589376
2024-08-19 05:00:00,00000000270,20240819050000,0.106,0.0,0.059,0.0,0.0,0.0,1.0,0.0,55.66,4,0.0,0.0,589376
2024-08-19 06:00:00,00000000270,20240819060000,0.121,0.001,0.056,0.0,0.0,0.0,1.0,0.83,46.28,4,0.0,0.0,589376
2024-08-19 07:00:00,00000000270,20240819070000,0.145,0.0,0.054,0.0,0.0,0.0,1.0,0.0,37.24,4,0.0,0.0,589376
2024-08-19 08:00:00,00000000270,20240819080000,0.392,0.001,0.052,0.0,0.0,0.0,1.0,0.26,13.27,4,0.0,0.0,589376
2024-08-19 09:00:00,00000000270,20240819090000,0.594,0.285,0.026,0.0,0.0,0.0,1.0,47.98,4.38,4,0.0,0.0,589376
2024-08-19 10:00:00,00000000270,20240819100000,0.175,0.01,0.028,0.0,0.0,0.0,1.0,5.71,16.0,4,0.0,0.0,589376
2024-08-19 11:00:00,00000000270,20240819110000,0.138,0.0,0.05,0.0,0.0,0.0,1.0,0.0,36.23,4,0.0,0.0,589376
2024-08-19 12:00:00,00000000270,20240819120000,0.445,0.084,0.041,0.0,0.0,0.0,1.0,18.88,9.21,4,0.0,0.0,589376
2024-08-19 13:00:00,00000000270,20240819130000,0.577,0.287,0.011,0.0,0.0,0.0,1.0,49.74,1.91,4,0.0,0.0,589376
2024-08-19 14:00:00,00000000270,20240819140000,0.14,0.001,0.039,0.0,0.0,0.0,1.0,0.71,27.86,4,0.0,0.0,589376
2024-08-19 15:00:00,00000000270,20240819150000,0.428,0.19,0.024,0.0,0.0,0.0,1.0,44.39,5.61,4,0.0,0.0,589376
2024-08-19 16:00:00,00000000270,20240819160000,0.301,0.197,0.02,0.0,0.0,0.0,1.0,65.45,6.64,4,0.0,0.0,589376
2024-08-19 17:00:00,00000000270,20240819170000,0.507,0.013,0.011,0.0,0.0,0.0,1.0,2.56,2.17,4,0.0,0.0,589376
2024-08-19 18:00:00,00000000270,20240819180000,0.515,0.011,0.003,0.0,0.0,0.0,1.0,2.14,0.58,4,0.0,0.0,589376
2024-08-19 19:00:00,00000000270,20240819190000,0.446,0.014,0.004,0.0,0.0,0.0,1.0,3.14,0.9,4,0.0,0.0,589376
2024-08-19 20:00:00,00000000270,20240819200000,0.499,0.339,0.0,0.0,0.0,0.0,1.0,67.94,0.0,4,0.0,0.0,589376
2024-08-19 21:00:00,00000000270,20240819210000,0.437,0.082,0.0,0.0,0.0,0.0,1.0,18.76,0.0,4,0.0,0.0,589376
2024-08-19 22:00:00,00000000270,20240819220000,0.417,0.058,0.004,0.0,0.0,0.0,1.0,13.91,0.96,4,0.0,0.0,589376
2024-08-19 23:00:00,00000000270,20240819230000,0.242,0.004,0.027,0.0,0.0,0.0,1.0,1.65,11.16,4,0.0,0.0,589376
2024-08-20 00:00:00,00000000270,20240820000000,0.238,0.001,0.055,0.0,0.0,0.0,1.0,0.42,23.11,4,0.0,0.0,589376
2024-08-20 01:00:00,00000000270,20240820010000,0.311,0.003,0.024,0.0,0.0,0.0,1.0,0.96,7.72,4,0.0,0.0,589376
2024-08-20 02:00:00,00000000270,20240820020000,0.249,0.001,0.045,0.0,0.0,0.0,1.0,0.4,18.07,4,0.0,0.0,589376
2024-08-20 03:00:00,00000000270,20240820030000,0.257,0.0,0.043,0.0,0.0,0.0,1.0,0.0,16.73,4,0.0,0.0,589376
2024-08-20 04:00:00,00000000270,20240820040000,0.235,0.001,0.046,0.0,0.0,0.0,1.0,0.43,19.57,4,0.0,0.0,589376
2024-08-20 05:00:00,00000000270,20240820050000,0.145,0.0,0.046,0.0,0.0,0.0,1.0,0.0,31.72,4,0.0,0.0,589376
2024-08-20 06:00:00,00000000270,20240820060000,0.123,0.001,0.054,0.0,0.0,0.0,1.0,0.81,43.9,4,0.0,0.0,589376
2024-08-20 07:00:00,00000000270,20240820070000,0.134,0.0,0.064,0.0,0.0,0.0,1.0,0.0,47.76,4,0.0,0.0,589376
2024-08-20 08:00:00,00000000270,20240820080000,0.456,0.087,0.043,0.0,0.0,0.0,1.0,19.08,9.43,4,0.0,0.0,589376
2024-08-20 09:00:00,00000000270,20240820090000,0.19,0.269,0.027,0.0,0.0,0.0,1.0,141.58,14.21,4,0.0,0.0,589376
2024-08-20 10:00:00,00000000270,20240820100000,0.917,0.139,0.035,0.0,0.0,0.0,1.0,15.16,3.82,4,0.0,0.0,589376
2024-08-20 11:00:00,00000000270,20240820110000,0.337,0.418,0.016,0.0,0.0,0.0,1.0,124.04,4.75,4,0.0,0.0,589376
2024-08-20 12:00:00,00000000270,20240820120000,0.225,0.243,0.018,0.0,0.0,0.0,1.0,108.0,8.0,4,0.0,0.0,589376
2024-08-20 13:00:00,00000000270,20240820130000,1.383,0.001,0.17,0.0,0.0,0.0,1.0,0.07,12.29,4,0.0,0.0,589376
2024-08-20 14:00:00,00000000270,20240820140000,1.309,0.0,0.166,0.0,0.0,0.0,1.0,0.0,12.68,4,0.0,0.0,589376
2024-08-20 15:00:00,00000000270,20240820150000,0.127,0.001,0.045,0.0,0.0,0.0,1.0,0.79,35.43,4,0.0,0.0,589376
2024-08-20 16:00:00,00000000270,20240820160000,0.118,0.0,0.044,0.0,0.0,0.0,1.0,0.0,37.29,4,0.0,0.0,589376
2024-08-20 17:00:00,00000000270,20240820170000,0.341,0.002,0.042,0.0,0.0,0.0,1.0,0.59,12.32,4,0.0,0.0,589376
2024-08-20 18:00:00,00000000270,20240820180000,1.036,0.0,0.032,0.0,0.0,0.0,1.0,0.0,3.09,4,0.0,0.0,589376
2024-08-20 19:00:00,00000000270,20240820190000,0.327,0.001,0.026,0.0,0.0,0.0,1.0,0.31,7.95,4,0.0,0.0,589376
2024-08-20 20:00:00,00000000270,20240820200000,0.315,0.004,0.024,0.0,0.0,0.0,1.0,1.27,7.62,4,0.0,0.0,589376
2024-08-20 21:00:00,00000000270,20240820210000,0.484,0.011,0.015,0.0,0.0,0.0,1.0,2.27,3.1,4,0.0,0.0,589376
2024-08-20 22:00:00,00000000270,20240820220000,0.368,0.007,0.023,0.0,0.0,0.0,1.0,1.9,6.25,4,0.0,0.0,589376
2024-08-20 23:00:00,00000000270,20240820230000,0.14,0.001,0.044,0.0,0.0,0.0,1.0,0.71,31.43,4,0.0,0.0,589376
2024-08-21 00:00:00,00000000270,20240821000000,0.27,0.003,0.031,0.0,0.0,0.0,1.0,1.11,11.48,4,0.0,0.0,589376
2024-08-21 01:00:00,00000000270,20240821010000,0.232,0.001,0.042,0.0,0.0,0.0,1.0,0.43,18.1,4,0.0,0.0,589376
2024-08-21 02:00:00,00000000270,20240821020000,0.211,0.0,0.048,0.0,0.0,0.0,1.0,0.0,22.75,4,0.0,0.0,589376
2024-08-21 03:00:00,00000000270,20240821030000,0.2,0.001,0.052,0.0,0.0,0.0,1.0,0.5,26.0,4,0.0,0.0,589376
2024-08-21 04:00:00,00000000270,20240821040000,0.169,0.0,0.057,0.0,0.0,0.0,1.0,0.0,33.73,4,0.0,0.0,589376
2024-08-21 05:00:00,00000000270,20240821050000,0.191,0.001,0.055,0.0,0.0,0.0,1.0,0.52,28.8,4,0.0,0.0,589376
2024-08-21 06:00:00,00000000270,20240821060000,0.129,0.0,0.054,0.0,0.0,0.0,1.0,0.0,41.86,4,0.0,0.0,589376
2024-08-21 07:00:00,00000000270,20240821070000,0.145,0.0,0.048,0.0,0.0,0.0,1.0,0.0,33.1,4,0.0,0.0,589376
2024-08-21 08:00:00,00000000270,20240821080000,0.121,0.001,0.053,0.0,0.0,0.0,1.0,0.83,43.8,4,0.0,0.0,589376
2024-08-21 09:00:00,00000000270,20240821090000,0.107,0.0,0.052,0.0,0.0,0.0,1.0,0.0,48.6,4,0.0,0.0,589376
2024-08-21 10:00:00,00000000270,20240821100000,0.121,0.001,0.05,0.0,0.0,0.0,1.0,0.83,41.32,4,0.0,0.0,589376
2024-08-21 11:00:00,00000000270,20240821110000,0.117,0.001,0.054,0.0,0.0,0.0,1.0,0.85,46.15,4,0.0,0.0,589376
2024-08-21 12:00:00,00000000270,20240821120000,0.313,0.002,0.035,0.0,0.0,0.0,1.0,0.64,11.18,4,0.0,0.0,589376
2024-08-21 13:00:00,00000000270,20240821130000,0.177,0.001,0.041,0.0,0.0,0.0,1.0,0.56,23.16,4,0.0,0.0,589376
2024-08-21 14:00:00,00000000270,20240821140000,0.176,0.0,0.052,0.0,0.0,0.0,1.0,0.0,29.55,4,0.0,0.0,589376
2024-08-21 15:00:00,00000000270,20240821150000,0.232,0.047,0.034,0.0,0.0,0.0,1.0,20.26,14.66,4,0.0,0.0,589376
2024-08-21 16:00:00,00000000270,20240821160000,0.381,0.23,0.008,0.0,0.0,0.0,1.0,60.37,2.1,4,0.0,0.0,589376
2024-08-21 17:00:00,00000000270,20240821170000,0.302,0.001,0.024,0.0,0.0,0.0,1.0,0.33,7.95,4,0.0,0.0,589376
2024-08-21 18:00:00,00000000270,20240821180000,0.233,0.0,0.037,0.0,0.0,0.0,1.0,0.0,15.88,4,0.0,0.0,589376
2024-08-21 19:00:00,00000000270,20240821190000,0.103,0.001,0.053,0.0,0.0,0.0,1.0,0.97,51.46,4,0.0,0.0,589376
2024-08-21 20:00:00,00000000270,20240821200000,0.113,0.0,0.051,0.0,0.0,0.0,1.0,0.0,45.13,4,0.0,0.0,589376
2024-08-21 21:00:00,00000000270,20240821210000,0.342,0.001,0.037,0.0,0.0,0.0,1.0,0.29,10.82,4,0.0,0.0,589376
2024-08-21 22:00:00,00000000270,20240821220000,0.63,0.003,0.019,0.0,0.0,0.0,1.0,0.48,3.02,4,0.0,0.0,589376
2024-08-21 23:00:00,00000000270,20240821230000,0.261,0.001,0.041,0.0,0.0,0.0,1.0,0.38,15.71,4,0.0,0.0,589376
2024-08-22 00:00:00,00000000270,20240822000000,0.318,0.0,0.04,0.0,0.0,0.0,1.0,0.0,12.58,4,0.0,0.0,589376
2024-08-22 01:00:00,00000000270,20240822010000,0.223,0.001,0.045,0.0,0.0,0.0,1.0,0.45,20.18,4,0.0,0.0,589376
2024-08-22 02:00:00,00000000270,20240822020000,0.0,0.0,0.0,0.0,0.0,0.0,1.0,,,4,0.0,0.0,589376
2024-08-22 03:00:00,00000000270,20240822030000,0.0,0.0,0.0,0.0,0.0,0.0,1.0,,,4,0.0,0.0,589376
2024-08-22 04:00:00,00000000270,20240822040000,0.0,0.0,0.0,0.0,0.0,0.0,1.0,,,4,0.0,0.0,589376
2024-08-22 05:00:00,00000000270,20240822050000,0.0,0.0,0.0,0.0,0.0,0.0,1.0,,,4,0.0,0.0,589376
2024-08-22 06:00:00,00000000270,20240822060000,0.0,0.0,0.0,0.0,0.0,0.0,1.0,,,4,0.0,0.0,589376
2024-08-22 07:00:00,00000000270,20240822070000,0.0,0.0,0.0,0.0,0.0,0.0,1.0,,,4,0.0,0.0,589376
2024-08-22 08:00:00,00000000270,20240822080000,0.0,0.0,0.0,0.0,0.0,0.0,1.0,,,4,0.0,0.0,589376
2024-08-22 09:00:00,00000000270,20240822090000,0.046,0.008,0.001,0.0,0.0,0.0,1.0,17.39,2.17,4,0.0,0.0,589376
2024-08-22 10:00:00,00000000270,20240822100000,0.459,0.011,0.01,0.0,0.0,0.0,1.0,2.4,2.18,4,0.0,0.0,589376
2024-08-22 11:00:00,00000000270,20240822110000,0.0,0.0,0.0,0.0,0.0,0.0,1.0,,,4,0.0,0.0,589376
2024-08-22 12:00:00,00000000270,20240822120000,0.0,0.0,0.0,0.0,0.0,0.0,1.0,,,4,0.0,0.0,589376
2024-08-22 13:00:00,00000000270,20240822130000,0.062,0.0,0.009,0.0,0.0,0.0,1.0,0.0,14.52,4,0.0,0.0,589376
2024-08-22 14:00:00,00000000270,20240822140000,0.231,0.0,0.035,0.0,0.0,0.0,1.0,0.0,15.15,4,0.0,0.0,589376
2024-08-22 15:00:00,00000000270,20240822150000,0.212,0.0,0.035,0.0,0.0,0.0,1.0,0.0,16.51,4,0.0,0.0,589376
2024-08-22 16:00:00,00000000270,20240822160000,0.201,0.0,0.032,0.0,0.0,0.0,1.0,0.0,15.92,4,0.0,0.0,589376
2024-08-22 17:00:00,00000000270,20240822170000,0.865,0.001,0.037,0.0,0.0,0.0,1.0,0.12,4.28,4,0.0,0.0,589376
2024-08-22 18:00:00,00000000270,20240822180000,0.641,0.001,0.022,0.0,0.0,0.0,1.0,0.16,3.43,4,0.0,0.0,589376
2024-08-22 19:00:00,00000000270,20240822190000,0.384,0.001,0.031,0.0,0.0,0.0,1.0,0.26,8.07,4,0.0,0.0,589376
2024-08-22 20:00:00,00000000270,20240822200000,0.296,0.0,0.024,0.0,0.0,0.0,1.0,0.0,8.11,4,0.0,0.0,589376
2024-08-22 21:00:00,00000000270,20240822210000,0.261,0.001,0.031,0.0,0.0,0.0,1.0,0.38,11.88,4,0.0,0.0,589376
2024-08-22 22:00:00,00000000270,20240822220000,0.295,0.0,0.037,0.0,0.0,0.0,1.0,0.0,12.54,4,0.0,0.0,589376
2024-08-22 23:00:00,00000000270,20240822230000,0.266,0.0,0.047,0.0,0.0,0.0,1.0,0.0,17.67,4,0.0,0.0,589376
2024-08-23 00:00:00,00000000270,20240823000000,0.25,0.001,0.053,0.0,0.0,0.0,1.0,0.4,21.2,4,0.0,0.0,589376
2024-08-23 01:00:00,00000000270,20240823010000,0.249,0.0,0.055,0.0,0.0,0.0,1.0,0.0,22.09,4,0.0,0.0,589376
2024-08-23 02:00:00,00000000270,20240823020000,0.227,0.001,0.053,0.0,0.0,0.0,1.0,0.44,23.35,4,0.0,0.0,589376
2024-08-23 03:00:00,00000000270,20240823030000,0.34,0.0,0.041,0.0,0.0,0.0,1.0,0.0,12.06,4,0.0,0.0,589376
2024-08-23 04:00:00,00000000270,20240823040000,0.348,0.002,0.024,0.0,0.0,0.0,1.0,0.57,6.9,4,0.0,0.0,589376
2024-08-23 05:00:00,00000000270,20240823050000,0.329,0.001,0.027,0.0,0.0,0.0,1.0,0.3,8.21,4,0.0,0.0,589376
2024-08-23 06:00:00,00000000270,20240823060000,0.204,0.0,0.04,0.0,0.0,0.0,1.0,0.0,19.61,4,0.0,0.0,589376
2024-08-23 07:00:00,00000000270,20240823070000,0.122,0.001,0.056,0.0,0.0,0.0,1.0,0.82,45.9,4,0.0,0.0,589376
2024-08-23 08:00:00,00000000270,20240823080000,0.117,0.0,0.053,0.0,0.0,0.0,1.0,0.0,45.3,4,0.0,0.0,589376
2024-08-23 09:00:00,00000000270,20240823090000,0.095,0.001,0.054,0.0,0.0,0.0,1.0,1.05,56.84,4,0.0,0.0,589376
2024-08-23 10:00:00,00000000270,20240823100000,0.125,0.0,0.053,0.0,0.0,0.0,1.0,0.0,42.4,4,0.0,0.0,589376
2024-08-23 11:00:00,00000000270,20240823110000,0.159,0.001,0.057,0.0,0.0,0.0,1.0,0.63,35.85,4,0.0,0.0,589376
2024-08-23 12:00:00,00000000270,20240823120000,0.381,0.0,0.042,0.0,0.0,0.0,1.0,0.0,11.02,4,0.0,0.0,589376
2024-08-23 13:00:00,00000000270,20240823130000,0.197,0.001,0.049,0.0,0.0,0.0,1.0,0.51,24.87,4,0.0,0.0,589376
2024-08-23 14:00:00,00000000270,20240823140000,0.14,0.0,0.046,0.0,0.0,0.0,1.0,0.0,32.86,4,0.0,0.0,589376
2024-08-23 15:00:00,00000000270,20240823150000,0.13,0.0,0.044,0.0,0.0,0.0,1.0,0.0,33.85,4,0.0,0.0,589376
2024-08-23 16:00:00,00000000270,20240823160000,0.124,0.001,0.044,0.0,0.0,0.0,1.0,0.81,35.48,4,0.0,0.0,589376
2024-08-23 17:00:00,00000000270,20240823170000,0.141,0.054,0.039,0.0,0.0,0.0,1.0,38.3,27.66,4,0.0,0.0,589376
2024-08-23 18:00:00,00000000270,20240823180000,0.905,0.203,0.006,0.0,0.0,0.0,1.0,22.43,0.66,4,0.0,0.0,589376
2024-08-23 19:00:00,00000000270,20240823190000,0.492,0.011,0.002,0.0,0.0,0.0,1.0,2.24,0.41,4,0.0,0.0,589376
2024-08-23 20:00:00,00000000270,20240823200000,0.451,0.009,0.03,0.0,0.0,0.0,1.0,2.0,6.65,4,0.0,0.0,589376
2024-08-23 21:00:00,00000000270,20240823210000,0.48,0.018,0.008,0.0,0.0,0.0,1.0,3.75,1.67,4,0.0,0.0,589376
2024-08-23 22:00:00,00000000270,20240823220000,0.529,0.009,0.017,0.0,0.0,0.0,1.0,1.7,3.21,4,0.0,0.0,589376
2024-08-23 23:00:00,00000000270,20240823230000,0.432,0.018,0.009,0.0,0.0,0.0,1.0,4.17,2.08,4,0.0,0.0,589376
2024-08-24 00:00:00,00000000270,20240824000000,0.571,0.019,0.001,0.0,0.0,0.0,1.0,3.33,0.18,4,0.0,0.0,589376
2024-08-24 01:00:00,00000000270,20240824010000,0.623,0.02,0.009,0.0,0.0,0.0,1.0,3.21,1.44,4,0.0,0.0,589376
2024-08-24 02:00:00,00000000270,20240824020000,0.39,0.003,0.024,0.0,0.0,0.0,1.0,0.77,6.15,4,0.0,0.0,589376
2024-08-24 03:00:00,00000000270,20240824030000,0.309,0.002,0.034,0.0,0.0,0.0,1.0,0.65,11.0,4,0.0,0.0,589376
2024-08-24 04:00:00,00000000270,20240824040000,0.249,0.001,0.048,0.0,0.0,0.0,1.0,0.4,19.28,4,0.0,0.0,589376
2024-08-24 05:00:00,00000000270,20240824050000,0.128,0.0,0.049,0.0,0.0,0.0,1.0,0.0,38.28,4,0.0,0.0,589376
2024-08-24 06:00:00,00000000270,20240824060000,0.125,0.001,0.052,0.0,0.0,0.0,1.0,0.8,41.6,4,0.0,0.0,589376
2024-08-24 07:00:00,00000000270,20240824070000,0.147,0.0,0.065,0.0,0.0,0.0,1.0,0.0,44.22,4,0.0,0.0,589376
2024-08-24 08:00:00,00000000270,20240824080000,0.148,0.001,0.053,0.0,0.0,0.0,1.0,0.68,35.81,4,0.0,0.0,589376
2024-08-24 09:00:00,00000000270,20240824090000,0.541,0.0,0.107,0.0,0.0,0.0,1.0,0.0,19.78,4,0.0,0.0,589376
2024-08-24 10:00:00,00000000270,20240824100000,0.818,0.0,0.141,0.0,0.0,0.0,1.0,0.0,17.24,4,0.0,0.0,589376
2024-08-24 11:00:00,00000000270,20240824110000,0.336,0.001,0.114,0.0,0.0,0.0,1.0,0.3,33.93,4,0.0,0.0,589376
2024-08-24 12:00:00,00000000270,20240824120000,0.289,0.0,0.113,0.0,0.0,0.0,1.0,0.0,39.1,4,0.0,0.0,589376
2024-08-24 13:00:00,00000000270,20240824130000,0.314,0.001,0.105,0.0,0.0,0.0,1.0,0.32,33.44,4,0.0,0.0,589376
2024-08-24 14:00:00,00000000270,20240824140000,0.309,0.0,0.104,0.0,0.0,0.0,1.0,0.0,33.66,4,0.0,0.0,589376
2024-08-24 15:00:00,00000000270,20240824150000,0.763,0.001,0.083,0.0,0.0,0.0,1.0,0.13,10.88,4,0.0,0.0,589376
2024-08-24 16:00:00,00000000270,20240824160000,0.654,0.007,0.007,0.0,0.0,0.0,1.0,1.07,1.07,4,0.0,0.0,589376
2024-08-24 17:00:00,00000000270,20240824170000,0.588,0.015,0.011,0.0,0.0,0.0,1.0,2.55,1.87,4,0.0,0.0,589376
2024-08-24 18:00:00,00000000270,20240824180000,0.487,0.006,0.016,0.0,0.0,0.0,1.0,1.23,3.29,4,0.0,0.0,589376
2024-08-24 19:00:00,00000000270,20240824190000,0.188,0.003,0.044,0.0,0.0,0.0,1.0,1.6,23.4,4,0.0,0.0,589376
2024-08-24 20:00:00,00000000270,20240824200000,0.13,0.001,0.042,0.0,0.0,0.0,1.0,0.77,32.31,4,0.0,0.0,589376
2024-08-24 21:00:00,00000000270,20240824210000,0.205,0.002,0.039,0.0,0.0,0.0,1.0,0.98,19.02,4,0.0,0.0,589376
2024-08-24 22:00:00,00000000270,20240824220000,0.199,0.003,0.045,0.0,0.0,0.0,1.0,1.51,22.61,4,0.0,0.0,589376
2024-08-24 23:00:00,00000000270,20240824230000,0.125,0.0,0.048,0.0,0.0,0.0,1.0,0.0,38.4,4,0.0,0.0,589376
2024-08-25 00:00:00,00000000270,20240825000000,0.113,0.001,0.048,0.0,0.0,0.0,1.0,0.88,42.48,4,0.0,0.0,589376
2024-08-25 01:00:00,00000000270,20240825010000,0.198,0.0,0.048,0.0,0.0,0.0,1.0,0.0,24.24,4,0.0,0.0,589376
2024-08-25 02:00:00,00000000270,20240825020000,0.147,0.001,0.051,0.0,0.0,0.0,1.0,0.68,34.69,4,0.0,0.0,589376
2024-08-25 03:00:00,00000000270,20240825030000,0.137,0.0,0.051,0.0,0.0,0.0,1.0,0.0,37.23,4,0.0,0.0,589376
2024-08-25 04:00:00,00000000270,20240825040000,0.106,0.001,0.058,0.0,0.0,0.0,1.0,0.94,54.72,4,0.0,0.0,589376
2024-08-25 05:00:00,00000000270,20240825050000,0.125,0.0,0.049,0.0,0.0,0.0,1.0,0.0,39.2,4,0.0,0.0,589376
2024-08-25 06:00:00,00000000270,20240825060000,0.136,0.0,0.045,0.0,0.0,0.0,1.0,0.0,33.09,4,0.0,0.0,589376
2024-08-25 07:00:00,00000000270,20240825070000,0.115,0.001,0.064,0.0,0.0,0.0,1.0,0.87,55.65,4,0.0,0.0,589376
2024-08-25 08:00:00,00000000270,20240825080000,0.12,0.0,0.061,0.0,0.0,0.0,1.0,0.0,50.83,4,0.0,0.0,589376
2024-08-25 09:00:00,00000000270,20240825090000,0.109,0.001,0.054,0.0,0.0,0.0,1.0,0.92,49.54,4,0.0,0.0,589376
2024-08-25 10:00:00,00000000270,20240825100000,0.136,0.0,0.05,0.0,0.0,0.0,1.0,0.0,36.76,4,0.0,0.0,589376
2024-08-25 11:00:00,00000000270,20240825110000,0.159,0.001,0.054,0.0,0.0,0.0,1.0,0.63,33.96,4,0.0,0.0,589376
2024-08-25 12:00:00,00000000270,20240825120000,0.256,0.0,0.057,0.0,0.0,0.0,1.0,0.0,22.27,4,0.0,0.0,589376
2024-08-25 13:00:00,00000000270,20240825130000,0.178,0.001,0.042,0.0,0.0,0.0,1.0,0.56,23.6,4,0.0,0.0,589376
2024-08-25 14:00:00,00000000270,20240825140000,0.263,0.0,0.046,0.0,0.0,0.0,1.0,0.0,17.49,4,0.0,0.0,589376
2024-08-25 15:00:00,00000000270,20240825150000,0.17,0.0,0.034,0.0,0.0,0.0,1.0,0.0,20.0,4,0.0,0.0,589376
2024-08-25 16:00:00,00000000270,20240825160000,0.138,0.002,0.046,0.0,0.0,0.0,1.0,1.45,33.33,4,0.0,0.0,589376
2024-08-25 17:00:00,00000000270,20240825170000,1.161,0.0,0.169,0.0,0.0,0.0,1.0,0.0,14.56,4,0.0,0.0,589376
2024-08-25 18:00:00,00000000270,20240825180000,0.132,0.0,0.039,0.0,0.0,0.0,1.0,0.0,29.55,4,0.0,0.0,589376
2024-08-25 19:00:00,00000000270,20240825190000,0.583,0.012,0.085,0.0,0.0,0.0,1.0,2.06,14.58,4,0.0,0.0,589376
2024-08-25 20:00:00,00000000270,20240825200000,1.352,0.003,0.075,0.0,0.0,0.0,1.0,0.22,5.55,4,0.0,0.0,589376
2024-08-25 21:00:00,00000000270,20240825210000,0.888,0.004,0.073,0.0,0.0,0.0,1.0,0.45,8.22,4,0.0,0.0,589376
2024-08-25 22:00:00,00000000270,20240825220000,0.468,0.005,0.014,0.0,0.0,0.0,1.0,1.07,2.99,4,0.0,0.0,589376
2024-08-25 23:00:00,00000000270,20240825230000,0.303,0.005,0.041,0.0,0.0,0.0,1.0,1.65,13.53,4,0.0,0.0,589376
2024-08-26 00:00:00,00000000270,20240826000000,0.134,0.0,0.056,0.0,0.0,0.0,1.0,0.0,41.79,4,0.0,0.0,589376
2024-08-26 01:00:00,00000000270,20240826010000,0.123,0.0,0.045,0.0,0.0,0.0,1.0,0.0,36.59,4,0.0,0.0,589376
2024-08-26 02:00:00,00000000270,20240826020000,0.136,0.001,0.048,0.0,0.0,0.0,1.0,0.74,35.29,4,0.0,0.0,589376
2024-08-26 03:00:00,00000000270,20240826030000,0.101,0.0,0.059,0.0,0.0,0.0,1.0,0.0,58.42,4,0.0,0.0,589376
2024-08-26 04:00:00,00000000270,20240826040000,0.125,0.001,0.054,0.0,0.0,0.0,1.0,0.8,43.2,4,0.0,0.0,589376
2024-08-26 05:00:00,00000000270,20240826050000,0.21,0.0,0.049,0.0,0.0,0.0,1.0,0.0,23.33,4,0.0,0.0,589376
2024-08-26 06:00:00,00000000270,20240826060000,0.161,0.001,0.044,0.0,0.0,0.0,1.0,0.62,27.33,4,0.0,0.0,589376
2024-08-26 07:00:00,00000000270,20240826070000,0.14,0.0,0.053,0.0,0.0,0.0,1.0,0.0,37.86,4,0.0,0.0,589376
2024-08-26 08:00:00,00000000270,20240826080000,0.103,0.001,0.057,0.0,0.0,0.0,1.0,0.97,55.34,4,0.0,0.0,589376
2024-08-26 09:00:00,00000000270,20240826090000,0.11,0.0,0.056,0.0,0.0,0.0,1.0,0.0,50.91,4,0.0,0.0,589376
2024-08-26 10:00:00,00000000270,20240826100000,0.117,0.001,0.049,0.0,0.0,0.0,1.0,0.85,41.88,4,0.0,0.0,589376
2024-08-26 11:00:00,00000000270,20240826110000,0.307,0.06,0.019,0.0,0.0,0.0,1.0,19.54,6.19,4,0.0,0.0,589376
2024-08-26 12:00:00,00000000270,20240826120000,0.18,0.025,0.025,0.0,0.0,0.0,1.0,13.89,13.89,4,0.0,0.0,589376
2024-08-26 13:00:00,00000000270,20240826130000,0.133,0.005,0.046,0.0,0.0,0.0,1.0,3.76,34.59,4,0.0,0.0,589376
2024-08-26 14:00:00,00000000270,20240826140000,0.205,0.0,0.051,0.0,0.0,0.0,1.0,0.0,24.88,4,0.0,0.0,589376
2024-08-26 15:00:00,00000000270,20240826150000,0.151,0.0,0.043,0.0,0.0,0.0,1.0,0.0,28.48,4,0.0,0.0,589376
2024-08-26 16:00:00,00000000270,20240826160000,1.446,0.001,0.164,0.0,0.0,0.0,1.0,0.07,11.34,4,0.0,0.0,589376
2024-08-26 17:00:00,00000000270,20240826170000,0.979,0.0,0.062,0.0,0.0,0.0,1.0,0.0,6.33,4,0.0,0.0,589376
2024-08-26 18:00:00,00000000270,20240826180000,0.772,0.003,0.024,0.0,0.0,0.0,1.0,0.39,3.11,4,0.0,0.0,589376
2024-08-26 19:00:00,00000000270,20240826190000,0.112,0.0,0.051,0.0,0.0,0.0,1.0,0.0,45.54,4,0.0,0.0,589376
2024-08-26 20:00:00,00000000270,20240826200000,0.107,0.0,0.047,0.0,0.0,0.0,1.0,0.0,43.93,4,0.0,0.0,589376
2024-08-26 21:00:00,00000000270,20240826210000,0.652,0.002,0.019,0.0,0.0,0.0,1.0,0.31,2.91,4,0.0,0.0,589376
2024-08-26 22:00:00,00000000270,20240826220000,0.6,0.008,0.027,0.0,0.0,0.0,1.0,1.33,4.5,4,0.0,0.0,589376
2024-08-26 23:00:00,00000000270,20240826230000,0.277,0.0,0.039,0.0,0.0,0.0,1.0,0.0,14.08,4,0.0,0.0,589376
2024-08-27 00:00:00,00000000270,20240827000000,0.331,0.004,0.028,0.0,0.0,0.0,1.0,1.21,8.46,4,0.0,0.0,589376
2024-08-27 01:00:00,00000000270,20240827010000,0.356,0.002,0.02,0.0,0.0,0.0,1.0,0.56,5.62,4,0.0,0.0,589376
2024-08-27 02:00:00,00000000270,20240827020000,0.312,0.001,0.03,0.0,0.0,0.0,1.0,0.32,9.62,4,0.0,0.0,589376
2024-08-27 03:00:00,00000000270,20240827030000,0.327,0.001,0.029,0.0,0.0,0.0,1.0,0.31,8.87,4,0.0,0.0,589376
2024-08-27 04:00:00,00000000270,20240827040000,0.274,0.0,0.034,0.0,0.0,0.0,1.0,0.0,12.41,4,0.0,0.0,589376
2024-08-27 05:00:00,00000000270,20240827050000,0.116,0.001,0.057,0.0,0.0,0.0,1.0,0.86,49.14,4,0.0,0.0,589376
2024-08-27 06:00:00,00000000270,20240827060000,0.113,0.0,0.055,0.0,0.0,0.0,1.0,0.0,48.67,4,0.0,0.0,589376
2024-08-27 07:00:00,00000000270,20240827070000,0.123,0.001,0.055,0.0,0.0,0.0,1.0,0.81,44.72,4,0.0,0.0,589376
2024-08-27 08:00:00,00000000270,20240827080000,0.183,0.0,0.053,0.0,0.0,0.0,1.0,0.0,28.96,4,0.0,0.0,589376
2024-08-27 09:00:00,00000000270,20240827090000,0.146,0.001,0.047,0.0,0.0,0.0,1.0,0.68,32.19,4,0.0,0.0,589376
2024-08-27 10:00:00,00000000270,20240827100000,0.112,0.0,0.054,0.0,0.0,0.0,1.0,0.0,48.21,4,0.0,0.0,589376
2024-08-27 11:00:00,00000000270,20240827110000,0.118,0.001,0.052,0.0,0.0,0.0,1.0,0.85,44.07,4,0.0,0.0,589376
2024-08-27 12:00:00,00000000270,20240827120000,0.124,0.0,0.052,0.0,0.0,0.0,1.0,0.0,41.94,4,0.0,0.0,589376
2024-08-27 13:00:00,00000000270,20240827130000,0.119,0.0,0.047,0.0,0.0,0.0,1.0,0.0,39.5,4,0.0,0.0,589376
2024-08-27 14:00:00,00000000270,20240827140000,0.123,0.001,0.045,0.0,0.0,0.0,1.0,0.81,36.59,4,0.0,0.0,589376
2024-08-27 15:00:00,00000000270,20240827150000,0.125,0.0,0.046,0.0,0.0,0.0,1.0,0.0,36.8,4,0.0,0.0,589376
2024-08-27 16:00:00,00000000270,20240827160000,0.127,0.001,0.048,0.0,0.0,0.0,1.0,0.79,37.8,4,0.0,0.0,589376
2024-08-27 17:00:00,00000000270,20240827170000,0.58,0.001,0.049,0.0,0.0,0.0,1.0,0.17,8.45,4,0.0,0.0,589376
2024-08-27 18:00:00,00000000270,20240827180000,0.963,0.001,0.027,0.0,0.0,0.0,1.0,0.1,2.8,4,0.0,0.0,589376
2024-08-27 19:00:00,00000000270,20240827190000,0.469,0.005,0.014,0.0,0.0,0.0,1.0,1.07,2.99,4,0.0,0.0,589376
2024-08-27 20:00:00,00000000270,20240827200000,0.309,0.015,0.012,0.0,0.0,0.0,1.0,4.85,3.88,4,0.0,0.0,589376
2024-08-27 21:00:00,00000000270,20240827210000,0.688,0.511,0.009,0.0,0.0,0.0,1.0,74.27,1.31,4,0.0,0.0,589376
2024-08-27 22:00:00,00000000270,20240827220000,0.307,0.423,0.012,0.0,0.0,0.0,1.0,137.79,3.91,4,0.0,0.0,589376
2024-08-27 23:00:00,00000000270,20240827230000,0.214,0.097,0.049,0.0,0.0,0.0,1.0,45.33,22.9,4,0.0,0.0,589376
2024-08-28 00:00:00,00000000270,20240828000000,0.158,0.098,0.041,0.0,0.0,0.0,1.0,62.03,25.95,4,0.0,0.0,589376
2024-08-28 01:00:00,00000000270,20240828010000,0.127,0.001,0.053,0.0,0.0,0.0,1.0,0.79,41.73,4,0.0,0.0,589376
2024-08-28 02:00:00,00000000270,20240828020000,0.198,0.0,0.051,0.0,0.0,0.0,1.0,0.0,25.76,4,0.0,0.0,589376
2024-08-28 03:00:00,00000000270,20240828030000,0.148,0.0,0.049,0.0,0.0,0.0,1.0,0.0,33.11,4,0.0,0.0,589376
2024-08-28 04:00:00,00000000270,20240828040000,0.12,0.001,0.051,0.0,0.0,0.0,1.0,0.83,42.5,4,0.0,0.0,589376
2024-08-28 05:00:00,00000000270,20240828050000,0.106,0.0,0.052,0.0,0.0,0.0,1.0,0.0,49.06,4,0.0,0.0,589376
2024-08-28 06:00:00,00000000270,20240828060000,0.123,0.001,0.055,0.0,0.0,0.0,1.0,0.81,44.72,4,0.0,0.0,589376
2024-08-28 07:00:00,00000000270,20240828070000,0.132,0.0,0.055,0.0,0.0,0.0,1.0,0.0,41.67,4,0.0,0.0,589376
2024-08-28 08:00:00,00000000270,20240828080000,0.106,0.001,0.053,0.0,0.0,0.0,1.0,0.94,50.0,4,0.0,0.0,589376
2024-08-28 09:00:00,00000000270,20240828090000,0.112,0.0,0.052,0.0,0.0,0.0,1.0,0.0,46.43,4,0.0,0.0,589376
2024-08-28 10:00:00,00000000270,20240828100000,0.246,0.001,0.052,0.0,0.0,0.0,1.0,0.41,21.14,4,0.0,0.0,589376
2024-08-28 11:00:00,00000000270,20240828110000,0.179,0.0,0.054,0.0,0.0,0.0,1.0,0.0,30.17,4,0.0,0.0,589376
2024-08-28 12:00:00,00000000270,20240828120000,0.157,0.0,0.043,0.0,0.0,0.0,1.0,0.0,27.39,4,0.0,0.0,589376
2024-08-28 13:00:00,00000000270,20240828130000,1.009,0.001,0.142,0.0,0.0,0.0,1.0,0.1,14.07,4,0.0,0.0,589376
2024-08-28 14:00:00,00000000270,20240828140000,0.208,0.0,0.054,0.0,0.0,0.0,1.0,0.0,25.96,4,0.0,0.0,589376
2024-08-28 15:00:00,00000000270,20240828150000,0.109,0.001,0.048,0.0,0.0,0.0,1.0,0.92,44.04,4,0.0,0.0,589376
2024-08-28 16:00:00,00000000270,20240828160000,0.106,0.0,0.052,0.0,0.0,0.0,1.0,0.0,49.06,4,0.0,0.0,589376
2024-08-28 17:00:00,00000000270,20240828170000,0.129,0.001,0.048,0.0,0.0,0.0,1.0,0.78,37.21,4,0.0,0.0,589376
2024-08-28 18:00:00,00000000270,20240828180000,0.092,0.0,0.054,0.0,0.0,0.0,1.0,0.0,58.7,4,0.0,0.0,589376
2024-08-28 19:00:00,00000000270,20240828190000,0.123,0.0,0.045,0.0,0.0,0.0,1.0,0.0,36.59,4,0.0,0.0,589376
2024-08-28 20:00:00,00000000270,20240828200000,0.124,0.001,0.043,0.0,0.0,0.0,1.0,0.81,34.68,4,0.0,0.0,589376
2024-08-28 21:00:00,00000000270,20240828210000,0.201,0.0,0.046,0.0,0.0,0.0,1.0,0.0,22.89,4,0.0,0.0,589376
2024-08-28 22:00:00,00000000270,20240828220000,0.135,0.001,0.05,0.0,0.0,0.0,1.0,0.74,37.04,4,0.0,0.0,589376
2024-08-28 23:00:00,00000000270,20240828230000,0.12,0.0,0.053,0.0,0.0,0.0,1.0,0.0,44.17,4,0.0,0.0,589376
2024-08-29 00:00:00,00000000270,20240829000000,0.113,0.001,0.05,0.0,0.0,0.0,1.0,0.88,44.25,4,0.0,0.0,589376
2024-08-29 01:00:00,00000000270,20240829010000,0.111,0.0,0.047,0.0,0.0,0.0,1.0,0.0,42.34,4,0.0,0.0,589376
2024-08-29 02:00:00,00000000270,20240829020000,0.124,0.001,0.047,0.0,0.0,0.0,1.0,0.81,37.9,4,0.0,0.0,589376
2024-08-29 03:00:00,00000000270,20240829030000,0.102,0.0,0.055,0.0,0.0,0.0,1.0,0.0,53.92,4,0.0,0.0,589376
2024-08-29 04:00:00,00000000270,20240829040000,0.095,0.001,0.061,0.0,0.0,0.0,1.0,1.05,64.21,4,0.0,0.0,589376
2024-08-29 05:00:00,00000000270,20240829050000,0.114,0.0,0.053,0.0,0.0,0.0,1.0,0.0,46.49,4,0.0,0.0,589376
2024-08-29 06:00:00,00000000270,20240829060000,0.111,0.0,0.051,0.0,0.0,0.0,1.0,0.0,45.95,4,0.0,0.0,589376
2024-08-29 07:00:00,00000000270,20240829070000,0.653,0.001,0.053,0.0,0.0,0.0,1.0,0.15,8.12,4,0.0,0.0,589376
2024-08-29 08:00:00,00000000270,20240829080000,0.144,0.0,0.047,0.0,0.0,0.0,1.0,0.0,32.64,4,0.0,0.0,589376
2024-08-29 09:00:00,00000000270,20240829090000,0.109,0.001,0.052,0.0,0.0,0.0,1.0,0.92,47.71,4,0.0,0.0,589376
2024-08-29 10:00:00,00000000270,20240829100000,0.109,0.0,0.051,0.0,0.0,0.0,1.0,0.0,46.79,4,0.0,0.0,589376
2024-08-29 11:00:00,00000000270,20240829110000,0.096,0.001,0.051,0.0,0.0,0.0,1.0,1.04,53.12,4,0.0,0.0,589376
2024-08-29 12:00:00,00000000270,20240829120000,0.131,0.0,0.042,0.0,0.0,0.0,1.0,0.0,32.06,4,0.0,0.0,589376
2024-08-29 13:00:00,00000000270,20240829130000,0.667,0.001,0.107,0.0,0.0,0.0,1.0,0.15,16.04,4,0.0,0.0,589376
2024-08-29 14:00:00,00000000270,20240829140000,0.634,0.0,0.094,0.0,0.0,0.0,1.0,0.0,14.83,4,0.0,0.0,589376
2024-08-29 15:00:00,00000000270,20240829150000,0.128,0.001,0.053,0.0,0.0,0.0,1.0,0.78,41.41,4,0.0,0.0,589376
2024-08-29 16:00:00,00000000270,20240829160000,0.11,0.0,0.047,0.0,0.0,0.0,1.0,0.0,42.73,4,0.0,0.0,589376
2024-08-29 17:00:00,00000000270,20240829170000,0.183,0.0,0.052,0.0,0.0,0.0,1.0,0.0,28.42,4,0.0,0.0,589376
2024-08-29 18:00:00,00000000270,20240829180000,0.162,0.001,0.038,0.0,0.0,0.0,1.0,0.62,23.46,4,0.0,0.0,589376
2024-08-29 19:00:00,00000000270,20240829190000,0.125,0.0,0.043,0.0,0.0,0.0,1.0,0.0,34.4,4,0.0,0.0,589376
2024-08-29 20:00:00,00000000270,20240829200000,0.099,0.001,0.049,0.0,0.0,0.0,1.0,1.01,49.49,4,0.0,0.0,589376
2024-08-29 21:00:00,00000000270,20240829210000,0.109,0.0,0.051,0.0,0.0,0.0,1.0,0.0,46.79,4,0.0,0.0,589376
2024-08-29 22:00:00,00000000270,20240829220000,0.101,0.0,0.049,0.0,0.0,0.0,1.0,0.0,48.51,4,0.0,0.0,589376
2024-08-29 23:00:00,00000000270,20240829230000,0.124,0.001,0.052,0.0,0.0,0.0,1.0,0.81,41.94,4,0.0,0.0,589376
2024-08-30 00:00:00,00000000270,20240830000000,0.121,0.0,0.047,0.0,0.0,0.0,1.0,0.0,38.84,4,0.0,0.0,589376
2024-08-30 01:00:00,00000000270,20240830010000,0.109,0.001,0.05,0.0,0.0,0.0,1.0,0.92,45.87,4,0.0,0.0,589376
2024-08-30 02:00:00,00000000270,20240830020000,0.091,0.0,0.057,0.0,0.0,0.0,1.0,0.0,62.64,4,0.0,0.0,589376
2024-08-30 03:00:00,00000000270,20240830030000,0.106,0.001,0.056,0.0,0.0,0.0,1.0,0.94,52.83,4,0.0,0.0,589376
2024-08-30 04:00:00,00000000270,20240830040000,0.182,0.0,0.054,0.0,0.0,0.0,1.0,0.0,29.67,4,0.0,0.0,589376
2024-08-30 05:00:00,00000000270,20240830050000,0.14,0.001,0.046,0.0,0.0,0.0,1.0,0.71,32.86,4,0.0,0.0,589376
2024-08-30 06:00:00,00000000270,20240830060000,0.124,0.006,0.046,0.0,0.0,0.0,1.0,4.84,37.1,4,0.0,0.0,589376
2024-08-30 07:00:00,00000000270,20240830070000,0.119,0.001,0.052,0.0,0.0,0.0,1.0,0.84,43.7,4,0.0,0.0,589376
2024-08-30 08:00:00,00000000270,20240830080000,0.088,0.0,0.06,0.0,0.0,0.0,1.0,0.0,68.18,4,0.0,0.0,589376
2024-08-30 09:00:00,00000000270,20240830090000,0.116,0.001,0.057,0.0,0.0,0.0,1.0,0.86,49.14,4,0.0,0.0,589376
2024-08-30 10:00:00,00000000270,20240830100000,0.124,0.0,0.051,0.0,0.0,0.0,1.0,0.0,41.13,4,0.0,0.0,589376
2024-08-30 11:00:00,00000000270,20240830110000,0.117,0.001,0.048,0.0,0.0,0.0,1.0,0.85,41.03,4,0.0,0.0,589376
2024-08-30 12:00:00,00000000270,20240830120000,0.128,0.0,0.048,0.0,0.0,0.0,1.0,0.0,37.5,4,0.0,0.0,589376
2024-08-30 13:00:00,00000000270,20240830130000,0.124,0.0,0.047,0.0,0.0,0.0,1.0,0.0,37.9,4,0.0,0.0,589376
2024-08-30 14:00:00,00000000270,20240830140000,0.187,0.001,0.052,0.0,0.0,0.0,1.0,0.53,27.81,4,0.0,0.0,589376
2024-08-30 15:00:00,00000000270,20240830150000,0.144,0.0,0.048,0.0,0.0,0.0,1.0,0.0,33.33,4,0.0,0.0,589376
2024-08-30 16:00:00,00000000270,20240830160000,0.114,0.001,0.052,0.0,0.0,0.0,1.0,0.88,45.61,4,0.0,0.0,589376
2024-08-30 17:00:00,00000000270,20240830170000,0.117,0.0,0.047,0.0,0.0,0.0,1.0,0.0,40.17,4,0.0,0.0,589376
2024-08-30 18:00:00,00000000270,20240830180000,0.118,0.001,0.044,0.0,0.0,0.0,1.0,0.85,37.29,4,0.0,0.0,589376
2024-08-30 19:00:00,00000000270,20240830190000,0.127,0.0,0.043,0.0,0.0,0.0,1.0,0.0,33.86,4,0.0,0.0,589376
2024-08-30 20:00:00,00000000270,20240830200000,0.11,0.0,0.051,0.0,0.0,0.0,1.0,0.0,46.36,4,0.0,0.0,589376
2024-08-30 21:00:00,00000000270,20240830210000,0.108,0.001,0.051,0.0,0.0,0.0,1.0,0.93,47.22,4,0.0,0.0,589376
2024-08-30 22:00:00,00000000270,20240830220000,0.109,0.0,0.051,0.0,0.0,0.0,1.0,0.0,46.79,4,0.0,0.0,589376
2024-08-30 23:00:00,00000000270,20240830230000,0.167,0.001,0.047,0.0,0.0,0.0,1.0,0.6,28.14,4,0.0,0.0,589376
2024-08-31 00:00:00,00000000270,20240831000000,0.166,0.0,0.044,0.0,0.0,0.0,1.0,0.0,26.51,4,0.0,0.0,589376
2024-08-31 01:00:00,00000000270,20240831010000,0.131,0.001,0.047,0.0,0.0,0.0,1.0,0.76,35.88,4,0.0,0.0,589376
2024-08-31 02:00:00,00000000270,20240831020000,0.114,0.0,0.055,0.0,0.0,0.0,1.0,0.0,48.25,4,0.0,0.0,589376
2024-08-31 03:00:00,00000000270,20240831030000,0.091,0.001,0.059,0.0,0.0,0.0,1.0,1.1,64.84,4,0.0,0.0,589376
2024-08-31 04:00:00,00000000270,20240831040000,0.117,0.0,0.053,0.0,0.0,0.0,1.0,0.0,45.3,4,0.0,0.0,589376
2024-08-31 05:00:00,00000000270,20240831050000,0.12,0.001,0.049,0.0,0.0,0.0,1.0,0.83,40.83,4,0.0,0.0,589376
2024-08-31 06:00:00,00000000270,20240831060000,0.101,0.0,0.051,0.0,0.0,0.0,1.0,0.0,50.5,4,0.0,0.0,589376
2024-08-31 07:00:00,00000000270,20240831070000,0.114,0.001,0.052,0.0,0.0,0.0,1.0,0.88,45.61,4,0.0,0.0,589376
2024-08-31 08:00:00,00000000270,20240831080000,0.113,0.0,0.056,0.0,0.0,0.0,1.0,0.0,49.56,4,0.0,0.0,589376
2024-08-31 09:00:00,00000000270,20240831090000,0.122,0.0,0.053,0.0,0.0,0.0,1.0,0.0,43.44,4,0.0,0.0,589376
2024-08-31 10:00:00,00000000270,20240831100000,0.183,0.001,0.047,0.0,0.0,0.0,1.0,0.55,25.68,4,0.0,0.0,589376
2024-08-31 11:00:00,00000000270,20240831110000,0.135,0.0,0.044,0.0,0.0,0.0,1.0,0.0,32.59,4,0.0,0.0,589376
2024-08-31 12:00:00,00000000270,20240831120000,0.124,0.001,0.047,0.0,0.0,0.0,1.0,0.81,37.9,4,0.0,0.0,589376
2024-08-31 13:00:00,00000000270,20240831130000,0.575,0.0,0.106,0.0,0.0,0.0,1.0,0.0,18.43,4,0.0,0.0,589376
2024-08-31 14:00:00,00000000270,20240831140000,0.11,0.001,0.053,0.0,0.0,0.0,1.0,0.91,48.18,4,0.0,0.0,589376
2024-08-31 15:00:00,00000000270,20240831150000,0.11,0.0,0.054,0.0,0.0,0.0,1.0,0.0,49.09,4,0.0,0.0,589376
2024-08-31 16:00:00,00000000270,20240831160000,0.268,0.001,0.067,0.0,0.0,0.0,1.0,0.37,25.0,4,0.0,0.0,589376
2024-08-31 17:00:00,00000000270,20240831170000,0.115,0.0,0.048,0.0,0.0,0.0,1.0,0.0,41.74,4,0.0,0.0,589376
2024-08-31 18:00:00,00000000270,20240831180000,0.122,0.001,0.046,0.0,0.0,0.0,1.0,0.82,37.7,4,0.0,0.0,589376
2024-08-31 19:00:00,00000000270,20240831190000,0.117,0.0,0.055,0.0,0.0,0.0,1.0,0.0,47.01,4,0.0,0.0,589376
2024-08-31 20:00:00,00000000270,20240831200000,0.173,0.0,0.051,0.0,0.0,0.0,1.0,0.0,29.48,4,0.0,0.0,589376
2024-08-31 21:00:00,00000000270,20240831210000,0.126,0.001,0.05,0.0,0.0,0.0,1.0,0.79,39.68,4,0.0,0.0,589376
2024-08-31 22:00:00,00000000270,20240831220000,0.106,0.0,0.051,0.0,0.0,0.0,1.0,0.0,48.11,4,0.0,0.0,589376
2024-08-31 23:00:00,00000000270,20240831230000,0.106,0.001,0.051,0.0,0.0,0.0,1.0,0.94,48.11,4,0.0,0.0,589376
2024-09-01 00:00:00,00000000270,20240901000000,0.119,0.0,0.05,0.0,0.0,0.0,1.0,0.0,42.02,4,0.0,0.0,589376
2024-09-01 01:00:00,00000000270,20240901010000,0.11,0.001,0.054,0.0,0.0,0.0,1.0,0.91,49.09,4,0.0,0.0,589376
2024-09-01 02:00:00,00000000270,20240901020000,0.091,0.0,0.06,0.0,0.0,0.0,1.0,0.0,65.93,4,0.0,0.0,589376
2024-09-01 03:00:00,00000000270,20240901030000,0.105,0.001,0.059,0.0,0.0,0.0,1.0,0.95,56.19,4,0.0,0.0,589376
2024-09-01 04:00:00,00000000270,20240901040000,0.108,0.0,0.057,0.0,0.0,0.0,1.0,0.0,52.78,4,0.0,0.0,589376
2024-09-01 05:00:00,00000000270,20240901050000,0.1,0.001,0.055,0.0,0.0,0.0,1.0,1.0,55.0,4,0.0,0.0,589376
2024-09-01 06:00:00,00000000270,20240901060000,0.104,0.0,0.056,0.0,0.0,0.0,1.0,0.0,53.85,4,0.0,0.0,589376
2024-09-01 07:00:00,00000000270,20240901070000,0.118,0.001,0.053,0.0,0.0,0.0,1.0,0.85,44.92,4,0.0,0.0,589376
2024-09-01 08:00:00,00000000270,20240901080000,0.108,0.0,0.054,0.0,0.0,0.0,1.0,0.0,50.0,4,0.0,0.0,589376
2024-09-01 09:00:00,00000000270,20240901090000,0.094,0.0,0.057,0.0,0.0,0.0,1.0,0.0,60.64,4,0.0,0.0,589376
2024-09-01 10:00:00,00000000270,20240901100000,0.104,0.001,0.057,0.0,0.0,0.0,1.0,0.96,54.81,4,0.0,0.0,589376
2024-09-01 11:00:00,00000000270,20240901110000,0.103,0.0,0.057,0.0,0.0,0.0,1.0,0.0,55.34,4,0.0,0.0,589376
2024-09-01 12:00:00,00000000270,20240901120000,0.091,0.001,0.057,0.0,0.0,0.0,1.0,1.1,62.64,4,0.0,0.0,589376
2024-09-01 13:00:00,00000000270,20240901130000,0.1,0.0,0.052,0.0,0.0,0.0,1.0,0.0,52.0,4,0.0,0.0,589376
2024-09-01 14:00:00,00000000270,20240901140000,0.113,0.001,0.05,0.0,0.0,0.0,1.0,0.88,44.25,4,0.0,0.0,589376
2024-09-01 15:00:00,00000000270,20240901150000,0.109,0.0,0.049,0.0,0.0,0.0,1.0,0.0,44.95,4,0.0,0.0,589376
2024-09-01 16:00:00,00000000270,20240901160000,0.099,0.001,0.051,0.0,0.0,0.0,1.0,1.01,51.52,4,0.0,0.0,589376
2024-09-01 17:00:00,00000000270,20240901170000,0.104,0.0,0.054,0.0,0.0,0.0,1.0,0.0,51.92,4,0.0,0.0,589376
2024-09-01 18:00:00,00000000270,20240901180000,0.102,0.001,0.054,0.0,0.0,0.0,1.0,0.98,52.94,4,0.0,0.0,589376
2024-09-01 19:00:00,00000000270,20240901190000,0.092,0.0,0.055,0.0,0.0,0.0,1.0,0.0,59.78,4,0.0,0.0,589376
2024-09-01 20:00:00,00000000270,20240901200000,0.101,0.001,0.047,0.0,0.0,0.0,1.0,0.99,46.53,4,0.0,0.0,589376
2024-09-01 21:00:00,00000000270,20240901210000,0.111,0.0,0.048,0.0,0.0,0.0,1.0,0.0,43.24,4,0.0,0.0,589376
2024-09-01 22:00:00,00000000270,20240901220000,0.112,0.001,0.048,0.0,0.0,0.0,1.0,0.89,42.86,4,0.0,0.0,589376
2024-09-01 23:00:00,00000000270,20240901230000,0.094,0.0,0.054,0.0,0.0,0.0,1.0,0.0,57.45,4,0.0,0.0,589376
2024-09-02 00:00:00,00000000270,20240902000000,0.099,0.001,0.056,0.0,0.0,0.0,1.0,1.01,56.57,4,0.0,0.0,589376
2024-09-02 01:00:00,00000000270,20240902010000,0.103,0.0,0.058,0.0,0.0,0.0,1.0,0.0,56.31,4,0.0,0.0,589376
2024-09-02 02:00:00,00000000270,20240902020000,0.09,0.0,0.059,0.0,0.0,0.0,1.0,0.0,65.56,4,0.0,0.0,589376
2024-09-02 03:00:00,00000000270,20240902030000,0.095,0.001,0.055,0.0,0.0,0.0,1.0,1.05,57.89,4,0.0,0.0,589376
2024-09-02 04:00:00,00000000270,20240902040000,0.115,0.0,0.052,0.0,0.0,0.0,1.0,0.0,45.22,4,0.0,0.0,589376
2024-09-02 05:00:00,00000000270,20240902050000,0.11,0.001,0.053,0.0,0.0,0.0,1.0,0.91,48.18,4,0.0,0.0,589376
2024-09-02 06:00:00,00000000270,20240902060000,0.098,0.0,0.054,0.0,0.0,0.0,1.0,0.0,55.1,4,0.0,0.0,589376
2024-09-02 07:00:00,00000000270,20240902070000,0.1,0.001,0.057,0.0,0.0,0.0,1.0,1.0,57.0,4,0.0,0.0,589376
2024-09-02 08:00:00,00000000270,20240902080000,0.104,0.0,0.058,0.0,0.0,0.0,1.0,0.0,55.77,4,0.0,0.0,589376
2024-09-02 09:00:00,00000000270,20240902090000,0.091,0.001,0.058,0.0,0.0,0.0,1.0,1.1,63.74,4,0.0,0.0,589376
2024-09-02 10:00:00,00000000270,20240902100000,0.092,0.0,0.054,0.0,0.0,0.0,1.0,0.0,58.7,4,0.0,0.0,589376
2024-09-02 11:00:00,00000000270,20240902110000,0.111,0.0,0.05,0.0,0.0,0.0,1.0,0.0,45.05,4,0.0,0.0,589376
2024-09-02 12:00:00,00000000270,20240902120000,0.112,0.001,0.05,0.0,0.0,0.0,1.0,0.89,44.64,4,0.0,0.0,589376
2024-09-02 13:00:00,00000000270,20240902130000,0.097,0.0,0.052,0.0,0.0,0.0,1.0,0.0,53.61,4,0.0,0.0,589376
2024-09-02 14:00:00,00000000270,20240902140000,0.096,0.001,0.057,0.0,0.0,0.0,1.0,1.04,59.38,4,0.0,0.0,589376
2024-09-02 15:00:00,00000000270,20240902150000,0.104,0.0,0.056,0.0,0.0,0.0,1.0,0.0,53.85,4,0.0,0.0,589376
2024-09-02 16:00:00,00000000270,20240902160000,0.098,0.001,0.05,0.0,0.0,0.0,1.0,1.02,51.02,4,0.0,0.0,589376
2024-09-02 17:00:00,00000000270,20240902170000,0.107,0.0,0.047,0.0,0.0,0.0,1.0,0.0,43.93,4,0.0,0.0,589376
2024-09-02 18:00:00,00000000270,20240902180000,0.121,0.001,0.045,0.0,0.0,0.0,1.0,0.83,37.19,4,0.0,0.0,589376
2024-09-02 19:00:00,00000000270,20240902190000,0.092,0.0,0.056,0.0,0.0,0.0,1.0,0.0,60.87,4,0.0,0.0,589376
2024-09-02 20:00:00,00000000270,20240902200000,0.095,0.001,0.054,0.0,0.0,0.0,1.0,1.05,56.84,4,0.0,0.0,589376
2024-09-02 21:00:00,00000000270,20240902210000,0.19,0.0,0.047,0.0,0.0,0.0,1.0,0.0,24.74,4,0.0,0.0,589376
2024-09-02 22:00:00,00000000270,20240902220000,0.128,0.001,0.046,0.0,0.0,0.0,1.0,0.78,35.94,4,0.0,0.0,589376
2024-09-02 23:00:00,00000000270,20240902230000,0.119,0.0,0.047,0.0,0.0,0.0,1.0,0.0,39.5,4,0.0,0.0,589376
2024-09-03 00:00:00,00000000270,20240903000000,0.096,0.001,0.055,0.0,0.0,0.0,1.0,1.04,57.29,4,0.0,0.0,589376
2024-09-03 01:00:00,00000000270,20240903010000,0.103,0.0,0.057,0.0,0.0,0.0,1.0,0.0,55.34,4,0.0,0.0,589376
2024-09-03 02:00:00,00000000270,20240903020000,0.095,0.0,0.058,0.0,0.0,0.0,1.0,0.0,61.05,4,0.0,0.0,589376
2024-09-03 03:00:00,00000000270,20240903030000,0.098,0.001,0.053,0.0,0.0,0.0,1.0,1.02,54.08,4,0.0,0.0,589376
2024-09-03 04:00:00,00000000270,20240903040000,0.114,0.0,0.051,0.0,0.0,0.0,1.0,0.0,44.74,4,0.0,0.0,589376
2024-09-03 05:00:00,00000000270,20240903050000,0.114,0.001,0.052,0.0,0.0,0.0,1.0,0.88,45.61,4,0.0,0.0,589376
2024-09-03 06:00:00,00000000270,20240903060000,0.095,0.0,0.055,0.0,0.0,0.0,1.0,0.0,57.89,4,0.0,0.0,589376
2024-09-03 07:00:00,00000000270,20240903070000,0.091,0.001,0.061,0.0,0.0,0.0,1.0,1.1,67.03,4,0.0,0.0,589376
2024-09-03 08:00:00,00000000270,20240903080000,0.103,0.0,0.057,0.0,0.0,0.0,1.0,0.0,55.34,4,0.0,0.0,589376
2024-09-03 09:00:00,00000000270,20240903090000,0.096,0.001,0.055,0.0,0.0,0.0,1.0,1.04,57.29,4,0.0,0.0,589376
2024-09-03 10:00:00,00000000270,20240903100000,0.096,0.0,0.052,0.0,0.0,0.0,1.0,0.0,54.17,4,0.0,0.0,589376
2024-09-03 11:00:00,00000000270,20240903110000,0.11,0.001,0.05,0.0,0.0,0.0,1.0,0.91,45.45,4,0.0,0.0,589376
2024-09-03 12:00:00,00000000270,20240903120000,0.112,0.0,0.049,0.0,0.0,0.0,1.0,0.0,43.75,4,0.0,0.0,589376
2024-09-03 13:00:00,00000000270,20240903130000,0.094,0.0,0.052,0.0,0.0,0.0,1.0,0.0,55.32,4,0.0,0.0,589376
2024-09-03 14:00:00,00000000270,20240903140000,0.094,0.001,0.055,0.0,0.0,0.0,1.0,1.06,58.51,4,0.0,0.0,589376
2024-09-03 15:00:00,00000000270,20240903150000,0.102,0.0,0.054,0.0,0.0,0.0,1.0,0.0,52.94,4,0.0,0.0,589376
2024-09-03 16:00:00,00000000270,20240903160000,0.105,0.001,0.049,0.0,0.0,0.0,1.0,0.95,46.67,4,0.0,0.0,589376
2024-09-03 17:00:00,00000000270,20240903170000,0.101,0.0,0.048,0.0,0.0,0.0,1.0,0.0,47.52,4,0.0,0.0,589376
2024-09-03 18:00:00,00000000270,20240903180000,0.117,0.001,0.046,0.0,0.0,0.0,1.0,0.85,39.32,4,0.0,0.0,589376
2024-09-03 19:00:00,00000000270,20240903190000,0.102,0.0,0.051,0.0,0.0,0.0,1.0,0.0,50.0,4,0.0,0.0,589376
2024-09-03 20:00:00,00000000270,20240903200000,0.087,0.001,0.054,0.0,0.0,0.0,1.0,1.15,62.07,4,0.0,0.0,589376
2024-09-03 21:00:00,00000000270,20240903210000,0.103,0.0,0.05,0.0,0.0,0.0,1.0,0.0,48.54,4,0.0,0.0,589376
2024-09-03 22:00:00,00000000270,20240903220000,0.118,0.001,0.047,0.0,0.0,0.0,1.0,0.85,39.83,4,0.0,0.0,589376
2024-09-03 23:00:00,00000000270,20240903230000,0.102,0.0,0.048,0.0,0.0,0.0,1.0,0.0,47.06,4,0.0,0.0,589376
2024-09-04 00:00:00,00000000270,20240904000000,0.103,0.001,0.051,0.0,0.0,0.0,1.0,0.97,49.51,4,0.0,0.0,589376
2024-09-04 01:00:00,00000000270,20240904010000,0.107,0.0,0.056,0.0,0.0,0.0,1.0,0.0,52.34,4,0.0,0.0,589376
2024-09-04 02:00:00,00000000270,20240904020000,0.097,0.0,0.058,0.0,0.0,0.0,1.0,0.0,59.79,4,0.0,0.0,589376
2024-09-04 03:00:00,00000000270,20240904030000,0.092,0.001,0.056,0.0,0.0,0.0,1.0,1.09,60.87,4,0.0,0.0,589376
2024-09-04 04:00:00,00000000270,20240904040000,0.113,0.0,0.051,0.0,0.0,0.0,1.0,0.0,45.13,4,0.0,0.0,589376
2024-09-04 05:00:00,00000000270,20240904050000,0.116,0.001,0.05,0.0,0.0,0.0,1.0,0.86,43.1,4,0.0,0.0,589376
2024-09-04 06:00:00,00000000270,20240904060000,0.099,0.0,0.053,0.0,0.0,0.0,1.0,0.0,53.54,4,0.0,0.0,589376
2024-09-04 07:00:00,00000000270,20240904070000,0.092,0.001,0.059,0.0,0.0,0.0,1.0,1.09,64.13,4,0.0,0.0,589376
2024-09-04 08:00:00,00000000270,20240904080000,0.101,0.0,0.056,0.0,0.0,0.0,1.0,0.0,55.45,4,0.0,0.0,589376
2024-09-04 09:00:00,00000000270,20240904090000,0.097,0.001,0.055,0.0,0.0,0.0,1.0,1.03,56.7,4,0.0,0.0,589376
2024-09-04 10:00:00,00000000270,20240904100000,0.092,0.0,0.049,0.0,0.0,0.0,1.0,0.0,53.26,4,0.0,0.0,589376
2024-09-04 11:00:00,00000000270,20240904110000,0.108,0.001,0.048,0.0,0.0,0.0,1.0,0.93,44.44,4,0.0,0.0,589376
2024-09-04 12:00:00,00000000270,20240904120000,0.106,0.0,0.048,0.0,0.0,0.0,1.0,0.0,45.28,4,0.0,0.0,589376
2024-09-04 13:00:00,00000000270,20240904130000,0.11,0.001,0.051,0.0,0.0,0.0,1.0,0.91,46.36,4,0.0,0.0,589376
2024-09-04 14:00:00,00000000270,20240904140000,0.093,0.0,0.056,0.0,0.0,0.0,1.0,0.0,60.22,4,0.0,0.0,589376
2024-09-04 15:00:00,00000000270,20240904150000,0.09,0.001,0.055,0.0,0.0,0.0,1.0,1.11,61.11,4,0.0,0.0,589376
2024-09-04 16:00:00,00000000270,20240904160000,0.114,0.0,0.049,0.0,0.0,0.0,1.0,0.0,42.98,4,0.0,0.0,589376
2024-09-04 17:00:00,00000000270,20240904170000,0.119,0.0,0.045,0.0,0.0,0.0,1.0,0.0,37.82,4,0.0,0.0,589376
2024-09-04 18:00:00,00000000270,20240904180000,0.103,0.001,0.047,0.0,0.0,0.0,1.0,0.97,45.63,4,0.0,0.0,589376
2024-09-04 19:00:00,00000000270,20240904190000,0.104,0.0,0.054,0.0,0.0,0.0,1.0,0.0,51.92,4,0.0,0.0,589376
2024-09-04 20:00:00,00000000270,20240904200000,0.104,0.001,0.053,0.0,0.0,0.0,1.0,0.96,50.96,4,0.0,0.0,589376
2024-09-04 21:00:00,00000000270,20240904210000,0.115,0.0,0.049,0.0,0.0,0.0,1.0,0.0,42.61,4,0.0,0.0,589376
2024-09-04 22:00:00,00000000270,20240904220000,0.196,0.001,0.045,0.0,0.0,0.0,1.0,0.51,22.96,4,0.0,0.0,589376
2024-09-04 23:00:00,00000000270,20240904230000,0.137,0.0,0.044,0.0,0.0,0.0,1.0,0.0,32.12,4,0.0,0.0,589376
2024-09-05 00:00:00,00000000270,20240905000000,0.1,0.001,0.056,0.0,0.0,0.0,1.0,1.0,56.0,4,0.0,0.0,589376
2024-09-05 01:00:00,00000000270,20240905010000,0.088,0.0,0.059,0.0,0.0,0.0,1.0,0.0,67.05,4,0.0,0.0,589376
2024-09-05 02:00:00,00000000270,20240905020000,0.117,0.001,0.049,0.0,0.0,0.0,1.0,0.85,41.88,4,0.0,0.0,589376
2024-09-05 03:00:00,00000000270,20240905030000,0.117,0.0,0.048,0.0,0.0,0.0,1.0,0.0,41.03,4,0.0,0.0,589376
2024-09-05 04:00:00,00000000270,20240905040000,0.103,0.0,0.051,0.0,0.0,0.0,1.0,0.0,49.51,4,0.0,0.0,589376
2024-09-05 05:00:00,00000000270,20240905050000,0.108,0.001,0.058,0.0,0.0,0.0,1.0,0.93,53.7,4,0.0,0.0,589376
2024-09-05 06:00:00,00000000270,20240905060000,0.102,0.0,0.059,0.0,0.0,0.0,1.0,0.0,57.84,4,0.0,0.0,589376
2024-09-05 07:00:00,00000000270,20240905070000,0.096,0.001,0.056,0.0,0.0,0.0,1.0,1.04,58.33,4,0.0,0.0,589376
2024-09-05 08:00:00,00000000270,20240905080000,0.112,0.0,0.05,0.0,0.0,0.0,1.0,0.0,44.64,4,0.0,0.0,589376
2024-09-05 09:00:00,00000000270,20240905090000,0.119,0.001,0.049,0.0,0.0,0.0,1.0,0.84,41.18,4,0.0,0.0,589376
2024-09-05 10:00:00,00000000270,20240905100000,0.1,0.0,0.053,0.0,0.0,0.0,1.0,0.0,53.0,4,0.0,0.0,589376
2024-09-05 11:00:00,00000000270,20240905110000,0.085,0.001,0.057,0.0,0.0,0.0,1.0,1.18,67.06,4,0.0,0.0,589376
2024-09-05 12:00:00,00000000270,20240905120000,0.1,0.0,0.055,0.0,0.0,0.0,1.0,0.0,55.0,4,0.0,0.0,589376
2024-09-05 13:00:00,00000000270,20240905130000,0.118,0.001,0.047,0.0,0.0,0.0,1.0,0.85,39.83,4,0.0,0.0,589376
2024-09-05 14:00:00,00000000270,20240905140000,0.102,0.0,0.047,0.0,0.0,0.0,1.0,0.0,46.08,4,0.0,0.0,589376
2024-09-05 15:00:00,00000000270,20240905150000,0.117,0.0,0.049,0.0,0.0,0.0,1.0,0.0,41.88,4,0.0,0.0,589376
2024-09-05 16:00:00,00000000270,20240905160000,0.099,0.001,0.056,0.0,0.0,0.0,1.0,1.01,56.57,4,0.0,0.0,589376
2024-09-05 17:00:00,00000000270,20240905170000,0.093,0.0,0.054,0.0,0.0,0.0,1.0,0.0,58.06,4,0.0,0.0,589376
2024-09-05 18:00:00,00000000270,20240905180000,0.122,0.001,0.044,0.0,0.0,0.0,1.0,0.82,36.07,4,0.0,0.0,589376
2024-09-05 19:00:00,00000000270,20240905190000,0.124,0.0,0.045,0.0,0.0,0.0,1.0,0.0,36.29,4,0.0,0.0,589376
2024-09-05 20:00:00,00000000270,20240905200000,0.091,0.001,0.056,0.0,0.0,0.0,1.0,1.1,61.54,4,0.0,0.0,589376
2024-09-05 21:00:00,00000000270,20240905210000,0.094,0.0,0.055,0.0,0.0,0.0,1.0,0.0,58.51,4,0.0,0.0,589376
2024-09-05 22:00:00,00000000270,20240905220000,0.114,0.001,0.048,0.0,0.0,0.0,1.0,0.88,42.11,4,0.0,0.0,589376
2024-09-05 23:00:00,00000000270,20240905230000,0.113,0.0,0.047,0.0,0.0,0.0,1.0,0.0,41.59,4,0.0,0.0,589376
2024-09-06 00:00:00,00000000270,20240906000000,0.1,0.001,0.051,0.0,0.0,0.0,1.0,1.0,51.0,4,0.0,0.0,589376
2024-09-06 01:00:00,00000000270,20240906010000,0.106,0.0,0.057,0.0,0.0,0.0,1.0,0.0,53.77,4,0.0,0.0,589376
2024-09-06 02:00:00,00000000270,20240906020000,0.103,0.001,0.057,0.0,0.0,0.0,1.0,0.97,55.34,4,0.0,0.0,589376
2024-09-06 03:00:00,00000000270,20240906030000,0.098,0.0,0.054,0.0,0.0,0.0,1.0,0.0,55.1,4,0.0,0.0,589376
2024-09-06 04:00:00,00000000270,20240906040000,0.105,0.0,0.052,0.0,0.0,0.0,1.0,0.0,49.52,4,0.0,0.0,589376
2024-09-06 05:00:00,00000000270,20240906050000,0.118,0.001,0.051,0.0,0.0,0.0,1.0,0.85,43.22,4,0.0,0.0,589376
2024-09-06 06:00:00,00000000270,20240906060000,0.11,0.0,0.053,0.0,0.0,0.0,1.0,0.0,48.18,4,0.0,0.0,589376
2024-09-06 07:00:00,00000000270,20240906070000,0.086,0.001,0.062,0.0,0.0,0.0,1.0,1.16,72.09,4,0.0,0.0,589376
2024-09-06 08:00:00,00000000270,20240906080000,0.103,0.0,0.058,0.0,0.0,0.0,1.0,0.0,56.31,4,0.0,0.0,589376
2024-09-06 09:00:00,00000000270,20240906090000,0.112,0.001,0.051,0.0,0.0,0.0,1.0,0.89,45.54,4,0.0,0.0,589376
2024-09-06 10:00:00,00000000270,20240906100000,0.097,0.0,0.052,0.0,0.0,0.0,1.0,0.0,53.61,4,0.0,0.0,589376
2024-09-06 11:00:00,00000000270,20240906110000,0.11,0.001,0.049,0.0,0.0,0.0,1.0,0.91,44.55,4,0.0,0.0,589376
2024-09-06 12:00:00,00000000270,20240906120000,0.114,0.0,0.05,0.0,0.0,0.0,1.0,0.0,43.86,4,0.0,0.0,589376
2024-09-06 13:00:00,00000000270,20240906130000,0.09,0.001,0.057,0.0,0.0,0.0,1.0,1.11,63.33,4,0.0,0.0,589376
2024-09-06 14:00:00,00000000270,20240906140000,0.088,0.0,0.057,0.0,0.0,0.0,1.0,0.0,64.77,4,0.0,0.0,589376
2024-09-06 15:00:00,00000000270,20240906150000,0.116,0.001,0.048,0.0,0.0,0.0,1.0,0.86,41.38,4,0.0,0.0,589376
2024-09-06 16:00:00,00000000270,20240906160000,0.114,0.0,0.047,0.0,0.0,0.0,1.0,0.0,41.23,4,0.0,0.0,589376
2024-09-06 17:00:00,00000000270,20240906170000,0.102,0.0,0.048,0.0,0.0,0.0,1.0,0.0,47.06,4,0.0,0.0,589376
2024-09-06 18:00:00,00000000270,20240906180000,0.109,0.001,0.054,0.0,0.0,0.0,1.0,0.92,49.54,4,0.0,0.0,589376
2024-09-06 19:00:00,00000000270,20240906190000,0.197,0.016,0.04,0.0,0.0,0.0,1.0,8.12,20.3,4,0.0,0.0,589376
2024-09-06 20:00:00,00000000270,20240906200000,0.191,0.029,0.037,0.0,0.0,0.0,1.0,15.18,19.37,4,0.0,0.0,589376
2024-09-06 21:00:00,00000000270,20240906210000,0.131,0.0,0.053,0.0,0.0,0.0,1.0,0.0,40.46,4,0.0,0.0,589376
2024-09-06 22:00:00,00000000270,20240906220000,0.142,0.001,0.046,0.0,0.0,0.0,1.0,0.7,32.39,4,0.0,0.0,589376
2024-09-06 23:00:00,00000000270,20240906230000,0.108,0.0,0.058,0.0,0.0,0.0,1.0,0.0,53.7,4,0.0,0.0,589376
2024-09-07 00:00:00,00000000270,20240907000000,0.089,0.0,0.059,0.0,0.0,0.0,1.0,0.0,66.29,4,0.0,0.0,589376
2024-09-07 01:00:00,00000000270,20240907010000,0.118,0.001,0.048,0.0,0.0,0.0,1.0,0.85,40.68,4,0.0,0.0,589376
2024-09-07 02:00:00,00000000270,20240907020000,0.123,0.0,0.048,0.0,0.0,0.0,1.0,0.0,39.02,4,0.0,0.0,589376
2024-09-07 03:00:00,00000000270,20240907030000,0.099,0.001,0.053,0.0,0.0,0.0,1.0,1.01,53.54,4,0.0,0.0,589376
2024-09-07 04:00:00,00000000270,20240907040000,0.094,0.0,0.06,0.0,0.0,0.0,1.0,0.0,63.83,4,0.0,0.0,589376
2024-09-07 05:00:00,00000000270,20240907050000,0.174,0.001,0.059,0.0,0.0,0.0,1.0,0.57,33.91,4,0.0,0.0,589376
2024-09-07 06:00:00,00000000270,20240907060000,0.148,0.0,0.048,0.0,0.0,0.0,1.0,0.0,32.43,4,0.0,0.0,589376
2024-09-07 07:00:00,00000000270,20240907070000,0.112,0.001,0.049,0.0,0.0,0.0,1.0,0.89,43.75,4,0.0,0.0,589376
2024-09-07 08:00:00,00000000270,20240907080000,0.121,0.0,0.05,0.0,0.0,0.0,1.0,0.0,41.32,4,0.0,0.0,589376
2024-09-07 09:00:00,00000000270,20240907090000,0.099,0.0,0.059,0.0,0.0,0.0,1.0,0.0,59.6,4,0.0,0.0,589376
2024-09-07 10:00:00,00000000270,20240907100000,0.095,0.001,0.059,0.0,0.0,0.0,1.0,1.05,62.11,4,0.0,0.0,589376
2024-09-07 11:00:00,00000000270,20240907110000,0.123,0.0,0.048,0.0,0.0,0.0,1.0,0.0,39.02,4,0.0,0.0,589376
2024-09-07 12:00:00,00000000270,20240907120000,0.12,0.001,0.039,0.0,0.0,0.0,1.0,0.83,32.5,4,0.0,0.0,589376
2024-09-07 13:00:00,00000000270,20240907130000,0.109,0.0,0.056,0.0,0.0,0.0,1.0,0.0,51.38,4,0.0,0.0,589376
2024-09-07 14:00:00,00000000270,20240907140000,0.34,0.001,0.092,0.0,0.0,0.0,1.0,0.29,27.06,4,0.0,0.0,589376
2024-09-07 15:00:00,00000000270,20240907150000,0.489,0.0,0.12,0.0,0.0,0.0,1.0,0.0,24.54,4,0.0,0.0,589376
2024-09-07 16:00:00,00000000270,20240907160000,0.55,0.001,0.097,0.0,0.0,0.0,1.0,0.18,17.64,4,0.0,0.0,589376
2024-09-07 17:00:00,00000000270,20240907170000,0.123,0.0,0.049,0.0,0.0,0.0,1.0,0.0,39.84,4,0.0,0.0,589376
2024-09-07 18:00:00,00000000270,20240907180000,0.106,0.0,0.053,0.0,0.0,0.0,1.0,0.0,50.0,4,0.0,0.0,589376
2024-09-07 19:00:00,00000000270,20240907190000,0.116,0.001,0.047,0.0,0.0,0.0,1.0,0.86,40.52,4,0.0,0.0,589376
2024-09-07 20:00:00,00000000270,20240907200000,0.126,0.0,0.043,0.0,0.0,0.0,1.0,0.0,34.13,4,0.0,0.0,589376
2024-09-07 21:00:00,00000000270,20240907210000,0.119,0.001,0.047,0.0,0.0,0.0,1.0,0.84,39.5,4,0.0,0.0,589376
2024-09-07 22:00:00,00000000270,20240907220000,0.094,0.0,0.054,0.0,0.0,0.0,1.0,0.0,57.45,4,0.0,0.0,589376
2024-09-07 23:00:00,00000000270,20240907230000,0.108,0.001,0.055,0.0,0.0,0.0,1.0,0.93,50.93,4,0.0,0.0,589376
2024-09-08 00:00:00,00000000270,20240908000000,0.131,0.0,0.047,0.0,0.0,0.0,1.0,0.0,35.88,4,0.0,0.0,589376
2024-09-08 01:00:00,00000000270,20240908010000,0.115,0.001,0.048,0.0,0.0,0.0,1.0,0.87,41.74,4,0.0,0.0,589376
2024-09-08 02:00:00,00000000270,20240908020000,0.203,0.0,0.052,0.0,0.0,0.0,1.0,0.0,25.62,4,0.0,0.0,589376
2024-09-08 03:00:00,00000000270,20240908030000,0.119,0.0,0.056,0.0,0.0,0.0,1.0,0.0,47.06,4,0.0,0.0,589376
2024-09-08 04:00:00,00000000270,20240908040000,0.107,0.001,0.057,0.0,0.0,0.0,1.0,0.93,53.27,4,0.0,0.0,589376
2024-09-08 05:00:00,00000000270,20240908050000,0.119,0.0,0.05,0.0,0.0,0.0,1.0,0.0,42.02,4,0.0,0.0,589376
2024-09-08 06:00:00,00000000270,20240908060000,0.104,0.001,0.052,0.0,0.0,0.0,1.0,0.96,50.0,4,0.0,0.0,589376
2024-09-08 07:00:00,00000000270,20240908070000,0.106,0.0,0.051,0.0,0.0,0.0,1.0,0.0,48.11,4,0.0,0.0,589376
2024-09-08 08:00:00,00000000270,20240908080000,0.115,0.001,0.055,0.0,0.0,0.0,1.0,0.87,47.83,4,0.0,0.0,589376
2024-09-08 09:00:00,00000000270,20240908090000,0.109,0.0,0.055,0.0,0.0,0.0,1.0,0.0,50.46,4,0.0,0.0,589376
2024-09-08 10:00:00,00000000270,20240908100000,0.09,0.001,0.056,0.0,0.0,0.0,1.0,1.11,62.22,4,0.0,0.0,589376
2024-09-08 11:00:00,00000000270,20240908110000,0.119,0.0,0.049,0.0,0.0,0.0,1.0,0.0,41.18,4,0.0,0.0,589376
2024-09-08 12:00:00,00000000270,20240908120000,0.107,0.001,0.049,0.0,0.0,0.0,1.0,0.93,45.79,4,0.0,0.0,589376
2024-09-08 13:00:00,00000000270,20240908130000,0.203,0.0,0.048,0.0,0.0,0.0,1.0,0.0,23.65,4,0.0,0.0,589376
2024-09-08 14:00:00,00000000270,20240908140000,0.127,0.0,0.051,0.0,0.0,0.0,1.0,0.0,40.16,4,0.0,0.0,589376
2024-09-08 15:00:00,00000000270,20240908150000,0.112,0.001,0.055,0.0,0.0,0.0,1.0,0.89,49.11,4,0.0,0.0,589376
2024-09-08 16:00:00,00000000270,20240908160000,0.103,0.0,0.056,0.0,0.0,0.0,1.0,0.0,54.37,4,0.0,0.0,589376
2024-09-08 17:00:00,00000000270,20240908170000,0.117,0.001,0.048,0.0,0.0,0.0,1.0,0.85,41.03,4,0.0,0.0,589376
2024-09-08 18:00:00,00000000270,20240908180000,0.125,0.0,0.043,0.0,0.0,0.0,1.0,0.0,34.4,4,0.0,0.0,589376
2024-09-08 19:00:00,00000000270,20240908190000,0.11,0.001,0.049,0.0,0.0,0.0,1.0,0.91,44.55,4,0.0,0.0,589376
2024-09-08 20:00:00,00000000270,20240908200000,0.088,0.0,0.054,0.0,0.0,0.0,1.0,0.0,61.36,4,0.0,0.0,589376
2024-09-08 21:00:00,00000000270,20240908210000,0.104,0.001,0.053,0.0,0.0,0.0,1.0,0.96,50.96,4,0.0,0.0,589376
2024-09-08 22:00:00,00000000270,20240908220000,0.119,0.0,0.046,0.0,0.0,0.0,1.0,0.0,38.66,4,0.0,0.0,589376
2024-09-08 23:00:00,00000000270,20240908230000,0.157,0.001,0.05,0.0,0.0,0.0,1.0,0.64,31.85,4,0.0,0.0,589376
2024-09-09 00:00:00,00000000270,20240909000000,0.178,0.0,0.049,0.0,0.0,0.0,1.0,0.0,27.53,4,0.0,0.0,589376
2024-09-09 01:00:00,00000000270,20240909010000,0.114,0.001,0.057,0.0,0.0,0.0,1.0,0.88,50.0,4,0.0,0.0,589376
2024-09-09 02:00:00,00000000270,20240909020000,0.105,0.0,0.058,0.0,0.0,0.0,1.0,0.0,55.24,4,0.0,0.0,589376
2024-09-09 03:00:00,00000000270,20240909030000,0.101,0.0,0.05,0.0,0.0,0.0,1.0,0.0,49.5,4,0.0,0.0,589376
2024-09-09 04:00:00,00000000270,20240909040000,0.112,0.001,0.05,0.0,0.0,0.0,1.0,0.89,44.64,4,0.0,0.0,589376
2024-09-09 05:00:00,00000000270,20240909050000,0.115,0.0,0.049,0.0,0.0,0.0,1.0,0.0,42.61,4,0.0,0.0,589376
2024-09-09 06:00:00,00000000270,20240909060000,0.103,0.007,0.048,0.0,0.0,0.0,1.0,6.8,46.6,4,0.0,0.0,589376
2024-09-09 07:00:00,00000000270,20240909070000,0.085,0.001,0.059,0.0,0.0,0.0,1.0,1.18,69.41,4,0.0,0.0,589376
2024-09-09 08:00:00,00000000270,20240909080000,0.105,0.0,0.05,0.0,0.0,0.0,1.0,0.0,47.62,4,0.0,0.0,589376
2024-09-09 09:00:00,00000000270,20240909090000,0.115,0.001,0.046,0.0,0.0,0.0,1.0,0.87,40.0,4,0.0,0.0,589376
2024-09-09 10:00:00,00000000270,20240909100000,0.102,0.0,0.048,0.0,0.0,0.0,1.0,0.0,47.06,4,0.0,0.0,589376
2024-09-09 11:00:00,00000000270,20240909110000,0.193,0.001,0.048,0.0,0.0,0.0,1.0,0.52,24.87,4,0.0,0.0,589376
2024-09-09 12:00:00,00000000270,20240909120000,0.107,0.0,0.055,0.0,0.0,0.0,1.0,0.0,51.4,4,0.0,0.0,589376
2024-09-09 13:00:00,00000000270,20240909130000,0.129,0.0,0.058,0.0,0.0,0.0,1.0,0.0,44.96,4,0.0,0.0,589376
2024-09-09 14:00:00,00000000270,20240909140000,0.11,0.001,0.049,0.0,0.0,0.0,1.0,0.91,44.55,4,0.0,0.0,589376
2024-09-09 15:00:00,00000000270,20240909150000,0.163,0.0,0.054,0.0,0.0,0.0,1.0,0.0,33.13,4,0.0,0.0,589376
2024-09-09 16:00:00,00000000270,20240909160000,0.247,0.001,0.053,0.0,0.0,0.0,1.0,0.4,21.46,4,0.0,0.0,589376
2024-09-09 17:00:00,00000000270,20240909170000,0.097,0.0,0.057,0.0,0.0,0.0,1.0,0.0,58.76,4,0.0,0.0,589376
2024-09-09 18:00:00,00000000270,20240909180000,0.116,0.001,0.055,0.0,0.0,0.0,1.0,0.86,47.41,4,0.0,0.0,589376
2024-09-09 19:00:00,00000000270,20240909190000,0.142,0.0,0.048,0.0,0.0,0.0,1.0,0.0,33.8,4,0.0,0.0,589376
2024-09-09 20:00:00,00000000270,20240909200000,0.122,0.002,0.038,0.0,0.0,0.0,1.0,1.64,31.15,4,0.0,0.0,589376
2024-09-09 21:00:00,00000000270,20240909210000,0.162,0.001,0.053,0.0,0.0,0.0,1.0,0.62,32.72,4,0.0,0.0,589376
2024-09-09 22:00:00,00000000270,20240909220000,0.152,0.001,0.053,0.0,0.0,0.0,1.0,0.66,34.87,4,0.0,0.0,589376
2024-09-09 23:00:00,00000000270,20240909230000,0.141,0.0,0.051,0.0,0.0,0.0,1.0,0.0,36.17,4,0.0,0.0,589376
2024-09-10 00:00:00,00000000270,20240910000000,0.114,0.001,0.05,0.0,0.0,0.0,1.0,0.88,43.86,4,0.0,0.0,589376
2024-09-10 01:00:00,00000000270,20240910010000,0.117,0.0,0.048,0.0,0.0,0.0,1.0,0.0,41.03,4,0.0,0.0,589376
2024-09-10 02:00:00,00000000270,20240910020000,0.117,0.001,0.055,0.0,0.0,0.0,1.0,0.85,47.01,4,0.0,0.0,589376
2024-09-10 03:00:00,00000000270,20240910030000,0.092,0.0,0.06,0.0,0.0,0.0,1.0,0.0,65.22,4,0.0,0.0,589376
2024-09-10 04:00:00,00000000270,20240910040000,0.096,0.001,0.057,0.0,0.0,0.0,1.0,1.04,59.38,4,0.0,0.0,589376
2024-09-10 05:00:00,00000000270,20240910050000,0.118,0.0,0.051,0.0,0.0,0.0,1.0,0.0,43.22,4,0.0,0.0,589376
2024-09-10 06:00:00,00000000270,20240910060000,0.115,0.0,0.05,0.0,0.0,0.0,1.0,0.0,43.48,4,0.0,0.0,589376
2024-09-10 07:00:00,00000000270,20240910070000,0.098,0.001,0.055,0.0,0.0,0.0,1.0,1.02,56.12,4,0.0,0.0,589376
2024-09-10 08:00:00,00000000270,20240910080000,0.094,0.001,0.059,0.0,0.0,0.0,1.0,1.06,62.77,4,0.0,0.0,589376
2024-09-10 09:00:00,00000000270,20240910090000,0.105,0.0,0.057,0.0,0.0,0.0,1.0,0.0,54.29,4,0.0,0.0,589376
2024-09-10 10:00:00,00000000270,20240910100000,0.155,0.001,0.054,0.0,0.0,0.0,1.0,0.65,34.84,4,0.0,0.0,589376
2024-09-10 11:00:00,00000000270,20240910110000,0.489,0.262,0.029,0.0,0.0,0.0,1.0,53.58,5.93,4,0.0,0.0,589376
2024-09-10 12:00:00,00000000270,20240910120000,0.193,0.138,0.023,0.0,0.0,0.0,1.0,71.5,11.92,4,0.0,0.0,589376
2024-09-10 13:00:00,00000000270,20240910130000,0.105,0.0,0.054,0.0,0.0,0.0,1.0,0.0,51.43,4,0.0,0.0,589376
2024-09-10 14:00:00,00000000270,20240910140000,0.112,0.001,0.058,0.0,0.0,0.0,1.0,0.89,51.79,4,0.0,0.0,589376
2024-09-10 15:00:00,00000000270,20240910150000,0.116,0.0,0.056,0.0,0.0,0.0,1.0,0.0,48.28,4,0.0,0.0,589376
2024-09-10 16:00:00,00000000270,20240910160000,0.296,0.001,0.057,0.0,0.0,0.0,1.0,0.34,19.26,4,0.0,0.0,589376
2024-09-10 17:00:00,00000000270,20240910170000,0.168,0.0,0.057,0.0,0.0,0.0,1.0,0.0,33.93,4,0.0,0.0,589376
2024-09-10 18:00:00,00000000270,20240910180000,0.103,0.0,0.054,0.0,0.0,0.0,1.0,0.0,52.43,4,0.0,0.0,589376
2024-09-10 19:00:00,00000000270,20240910190000,0.091,0.001,0.058,0.0,0.0,0.0,1.0,1.1,63.74,4,0.0,0.0,589376
2024-09-10 20:00:00,00000000270,20240910200000,0.204,0.0,0.061,0.0,0.0,0.0,1.0,0.0,29.9,4,0.0,0.0,589376
2024-09-10 21:00:00,00000000270,20240910210000,0.158,0.001,0.046,0.0,0.0,0.0,1.0,0.63,29.11,4,0.0,0.0,589376
2024-09-10 22:00:00,00000000270,20240910220000,0.131,0.0,0.049,0.0,0.0,0.0,1.0,0.0,37.4,4,0.0,0.0,589376
2024-09-10 23:00:00,00000000270,20240910230000,0.131,0.001,0.047,0.0,0.0,0.0,1.0,0.76,35.88,4,0.0,0.0,589376
2024-09-11 00:00:00,00000000270,20240911000000,0.091,0.0,0.058,0.0,0.0,0.0,1.0,0.0,63.74,4,0.0,0.0,589376
2024-09-11 01:00:00,00000000270,20240911010000,0.109,0.001,0.057,0.0,0.0,0.0,1.0,0.92,52.29,4,0.0,0.0,589376
2024-09-11 02:00:00,00000000270,20240911020000,0.1,0.0,0.057,0.0,0.0,0.0,1.0,0.0,57.0,4,0.0,0.0,589376
2024-09-11 03:00:00,00000000270,20240911030000,0.104,0.001,0.052,0.0,0.0,0.0,1.0,0.96,50.0,4,0.0,0.0,589376
2024-09-11 04:00:00,00000000270,20240911040000,0.118,0.0,0.051,0.0,0.0,0.0,1.0,0.0,43.22,4,0.0,0.0,589376
2024-09-11 05:00:00,00000000270,20240911050000,0.101,0.001,0.054,0.0,0.0,0.0,1.0,0.99,53.47,4,0.0,0.0,589376
2024-09-11 06:00:00,00000000270,20240911060000,0.097,0.0,0.057,0.0,0.0,0.0,1.0,0.0,58.76,4,0.0,0.0,589376
2024-09-11 07:00:00,00000000270,20240911070000,0.102,0.001,0.06,0.0,0.0,0.0,1.0,0.98,58.82,4,0.0,0.0,589376
2024-09-11 08:00:00,00000000270,20240911080000,0.277,0.0,0.058,0.0,0.0,0.0,1.0,0.0,20.94,4,0.0,0.0,589376
2024-09-11 09:00:00,00000000270,20240911090000,0.176,0.001,0.047,0.0,0.0,0.0,1.0,0.57,26.7,4,0.0,0.0,589376
2024-09-11 10:00:00,00000000270,20240911100000,0.138,0.0,0.047,0.0,0.0,0.0,1.0,0.0,34.06,4,0.0,0.0,589376
2024-09-11 11:00:00,00000000270,20240911110000,0.11,0.001,0.051,0.0,0.0,0.0,1.0,0.91,46.36,4,0.0,0.0,589376
2024-09-11 12:00:00,00000000270,20240911120000,0.111,0.0,0.053,0.0,0.0,0.0,1.0,0.0,47.75,4,0.0,0.0,589376
2024-09-11 13:00:00,00000000270,20240911130000,1.188,0.0,0.059,0.0,0.0,0.0,1.0,0.0,4.97,4,0.0,0.0,589376
2024-09-11 14:00:00,00000000270,20240911140000,1.483,0.001,0.056,0.0,0.0,0.0,1.0,0.07,3.78,4,0.0,0.0,589376
2024-09-11 15:00:00,00000000270,20240911150000,0.463,0.0,0.048,0.0,0.0,0.0,1.0,0.0,10.37,4,0.0,0.0,589376
2024-09-11 16:00:00,00000000270,20240911160000,0.104,0.001,0.051,0.0,0.0,0.0,1.0,0.96,49.04,4,0.0,0.0,589376
2024-09-11 17:00:00,00000000270,20240911170000,0.103,0.001,0.052,0.0,0.0,0.0,1.0,0.97,50.49,4,0.0,0.0,589376
2024-09-11 18:00:00,00000000270,20240911180000,0.106,0.0,0.057,0.0,0.0,0.0,1.0,0.0,53.77,4,0.0,0.0,589376
2024-09-11 19:00:00,00000000270,20240911190000,0.118,0.0,0.06,0.0,0.0,0.0,1.0,0.0,50.85,4,0.0,0.0,589376
2024-09-11 20:00:00,00000000270,20240911200000,0.186,0.001,0.046,0.0,0.0,0.0,1.0,0.54,24.73,4,0.0,0.0,589376
2024-09-11 21:00:00,00000000270,20240911210000,0.133,0.0,0.047,0.0,0.0,0.0,1.0,0.0,35.34,4,0.0,0.0,589376
2024-09-11 22:00:00,00000000270,20240911220000,0.106,0.001,0.051,0.0,0.0,0.0,1.0,0.94,48.11,4,0.0,0.0,589376
2024-09-11 23:00:00,00000000270,20240911230000,0.105,0.0,0.059,0.0,0.0,0.0,1.0,0.0,56.19,4,0.0,0.0,589376
2024-09-12 00:00:00,00000000270,20240912000000,0.103,0.001,0.059,0.0,0.0,0.0,1.0,0.97,57.28,4,0.0,0.0,589376
2024-09-12 01:00:00,00000000270,20240912010000,0.089,0.0,0.056,0.0,0.0,0.0,1.0,0.0,62.92,4,0.0,0.0,589376
2024-09-12 02:00:00,00000000270,20240912020000,0.103,0.001,0.052,0.0,0.0,0.0,1.0,0.97,50.49,4,0.0,0.0,589376
2024-09-12 03:00:00,00000000270,20240912030000,0.102,0.0,0.052,0.0,0.0,0.0,1.0,0.0,50.98,4,0.0,0.0,589376
2024-09-12 04:00:00,00000000270,20240912040000,0.088,0.001,0.054,0.0,0.0,0.0,1.0,1.14,61.36,4,0.0,0.0,589376
2024-09-12 05:00:00,00000000270,20240912050000,0.085,0.0,0.062,0.0,0.0,0.0,1.0,0.0,72.94,4,0.0,0.0,589376
2024-09-12 06:00:00,00000000270,20240912060000,0.096,0.001,0.061,0.0,0.0,0.0,1.0,1.04,63.54,4,0.0,0.0,589376
2024-09-12 07:00:00,00000000270,20240912070000,1.053,0.402,0.025,0.0,0.0,0.0,1.0,38.18,2.37,4,0.0,0.0,589376
2024-09-12 08:00:00,00000000270,20240912080000,0.235,0.415,0.017,0.0,0.0,0.0,1.0,176.6,7.23,4,0.0,0.0,589376
2024-09-12 09:00:00,00000000270,20240912090000,0.153,0.068,0.038,0.0,0.0,0.0,1.0,44.44,24.84,4,0.0,0.0,589376
2024-09-12 10:00:00,00000000270,20240912100000,0.091,0.001,0.053,0.0,0.0,0.0,1.0,1.1,58.24,4,0.0,0.0,589376
2024-09-12 11:00:00,00000000270,20240912110000,0.094,0.0,0.057,0.0,0.0,0.0,1.0,0.0,60.64,4,0.0,0.0,589376
2024-09-12 12:00:00,00000000270,20240912120000,0.095,0.001,0.059,0.0,0.0,0.0,1.0,1.05,62.11,4,0.0,0.0,589376
2024-09-12 13:00:00,00000000270,20240912130000,0.089,0.0,0.056,0.0,0.0,0.0,1.0,0.0,62.92,4,0.0,0.0,589376
2024-09-12 14:00:00,00000000270,20240912140000,0.109,0.001,0.051,0.0,0.0,0.0,1.0,0.92,46.79,4,0.0,0.0,589376
2024-09-12 15:00:00,00000000270,20240912150000,0.123,0.0,0.05,0.0,0.0,0.0,1.0,0.0,40.65,4,0.0,0.0,589376
2024-09-12 16:00:00,00000000270,20240912160000,0.128,0.0,0.048,0.0,0.0,0.0,1.0,0.0,37.5,4,0.0,0.0,589376
2024-09-12 17:00:00,00000000270,20240912170000,0.121,0.001,0.056,0.0,0.0,0.0,1.0,0.83,46.28,4,0.0,0.0,589376
2024-09-12 18:00:00,00000000270,20240912180000,0.215,0.0,0.063,0.0,0.0,0.0,1.0,0.0,29.3,4,0.0,0.0,589376
2024-09-12 19:00:00,00000000270,20240912190000,0.132,0.0,0.062,0.0,0.0,0.0,1.0,0.0,46.97,4,0.0,0.0,589376
2024-09-12 20:00:00,00000000270,20240912200000,0.125,0.001,0.057,0.0,0.0,0.0,1.0,0.8,45.6,4,0.0,0.0,589376
2024-09-12 21:00:00,00000000270,20240912210000,0.127,0.0,0.059,0.0,0.0,0.0,1.0,0.0,46.46,4,0.0,0.0,589376
2024-09-12 22:00:00,00000000270,20240912220000,0.117,0.001,0.06,0.0,0.0,0.0,1.0,0.85,51.28,4,0.0,0.0,589376
2024-09-12 23:00:00,00000000270,20240912230000,0.115,0.0,0.063,0.0,0.0,0.0,1.0,0.0,54.78,4,0.0,0.0,589376
2024-09-13 00:00:00,00000000270,20240913000000,0.087,0.001,0.068,0.0,0.0,0.0,1.0,1.15,78.16,4,0.0,0.0,589376
2024-09-13 01:00:00,00000000270,20240913010000,0.103,0.0,0.067,0.0,0.0,0.0,1.0,0.0,65.05,4,0.0,0.0,589376
2024-09-13 02:00:00,00000000270,20240913020000,0.104,0.001,0.061,0.0,0.0,0.0,1.0,0.96,58.65,4,0.0,0.0,589376
2024-09-13 03:00:00,00000000270,20240913030000,0.097,0.0,0.063,0.0,0.0,0.0,1.0,0.0,64.95,4,0.0,0.0,589376
2024-09-13 04:00:00,00000000270,20240913040000,0.183,0.001,0.063,0.0,0.0,0.0,1.0,0.55,34.43,4,0.0,0.0,589376
2024-09-13 05:00:00,00000000270,20240913050000,0.15,0.0,0.058,0.0,0.0,0.0,1.0,0.0,38.67,4,0.0,0.0,589376
2024-09-13 06:00:00,00000000270,20240913060000,0.112,0.0,0.068,0.0,0.0,0.0,1.0,0.0,60.71,4,0.0,0.0,589376
2024-09-13 07:00:00,00000000270,20240913070000,0.097,0.001,0.069,0.0,0.0,0.0,1.0,1.03,71.13,4,0.0,0.0,589376
2024-09-13 08:00:00,00000000270,20240913080000,0.107,0.0,0.066,0.0,0.0,0.0,1.0,0.0,61.68,4,0.0,0.0,589376
2024-09-13 09:00:00,00000000270,20240913090000,0.098,0.001,0.062,0.0,0.0,0.0,1.0,1.02,63.27,4,0.0,0.0,589376
2024-09-13 10:00:00,00000000270,20240913100000,0.123,0.0,0.061,0.0,0.0,0.0,1.0,0.0,49.59,4,0.0,0.0,589376
2024-09-13 11:00:00,00000000270,20240913110000,0.109,0.001,0.061,0.0,0.0,0.0,1.0,0.92,55.96,4,0.0,0.0,589376
2024-09-13 12:00:00,00000000270,20240913120000,0.098,0.0,0.059,0.0,0.0,0.0,1.0,0.0,60.2,4,0.0,0.0,589376
2024-09-13 13:00:00,00000000270,20240913130000,0.092,0.001,0.059,0.0,0.0,0.0,1.0,1.09,64.13,4,0.0,0.0,589376
2024-09-13 14:00:00,00000000270,20240913140000,0.101,0.0,0.053,0.0,0.0,0.0,1.0,0.0,52.48,4,0.0,0.0,589376
2024-09-13 15:00:00,00000000270,20240913150000,0.113,0.001,0.048,0.0,0.0,0.0,1.0,0.88,42.48,4,0.0,0.0,589376
2024-09-13 16:00:00,00000000270,20240913160000,0.189,0.0,0.046,0.0,0.0,0.0,1.0,0.0,24.34,4,0.0,0.0,589376
2024-09-13 17:00:00,00000000270,20240913170000,0.172,0.0,0.05,0.0,0.0,0.0,1.0,0.0,29.07,4,0.0,0.0,589376
2024-09-13 18:00:00,00000000270,20240913180000,0.148,0.001,0.055,0.0,0.0,0.0,1.0,0.68,37.16,4,0.0,0.0,589376
2024-09-13 19:00:00,00000000270,20240913190000,0.1,0.0,0.051,0.0,0.0,0.0,1.0,0.0,51.0,4,0.0,0.0,589376
2024-09-13 20:00:00,00000000270,20240913200000,0.098,0.01,0.042,0.0,0.0,0.0,1.0,10.2,42.86,4,0.0,0.0,589376
2024-09-13 21:00:00,00000000270,20240913210000,0.115,0.001,0.044,0.0,0.0,0.0,1.0,0.87,38.26,4,0.0,0.0,589376
2024-09-13 22:00:00,00000000270,20240913220000,0.16,0.032,0.011,0.0,0.0,0.0,1.0,20.0,6.87,4,0.0,0.0,589376
2024-09-13 23:00:00,00000000270,20240913230000,0.136,0.009,0.017,0.0,0.0,0.0,1.0,6.62,12.5,4,0.0,0.0,589376
2024-09-14 00:00:00,00000000270,20240914000000,0.093,0.001,0.054,0.0,0.0,0.0,1.0,1.08,58.06,4,0.0,0.0,589376
2024-09-14 01:00:00,00000000270,20240914010000,0.1,0.0,0.053,0.0,0.0,0.0,1.0,0.0,53.0,4,0.0,0.0,589376
2024-09-14 02:00:00,00000000270,20240914020000,0.189,0.001,0.048,0.0,0.0,0.0,1.0,0.53,25.4,4,0.0,0.0,589376
2024-09-14 03:00:00,00000000270,20240914030000,0.136,0.0,0.044,0.0,0.0,0.0,1.0,0.0,32.35,4,0.0,0.0,589376
2024-09-14 04:00:00,00000000270,20240914040000,0.095,0.001,0.049,0.0,0.0,0.0,1.0,1.05,51.58,4,0.0,0.0,589376
2024-09-14 05:00:00,00000000270,20240914050000,0.154,0.0,0.066,0.0,0.0,0.0,1.0,0.0,42.86,4,0.0,0.0,589376
2024-09-14 06:00:00,00000000270,20240914060000,0.109,0.0,0.058,0.0,0.0,0.0,1.0,0.0,53.21,4,0.0,0.0,589376
2024-09-14 07:00:00,00000000270,20240914070000,0.086,0.001,0.056,0.0,0.0,0.0,1.0,1.16,65.12,4,0.0,0.0,589376
2024-09-14 08:00:00,00000000270,20240914080000,0.108,0.0,0.048,0.0,0.0,0.0,1.0,0.0,44.44,4,0.0,0.0,589376
2024-09-14 09:00:00,00000000270,20240914090000,0.11,0.001,0.047,0.0,0.0,0.0,1.0,0.91,42.73,4,0.0,0.0,589376
2024-09-14 10:00:00,00000000270,20240914100000,0.091,0.0,0.049,0.0,0.0,0.0,1.0,0.0,53.85,4,0.0,0.0,589376
2024-09-14 11:00:00,00000000270,20240914110000,0.09,0.001,0.053,0.0,0.0,0.0,1.0,1.11,58.89,4,0.0,0.0,589376
2024-09-14 12:00:00,00000000270,20240914120000,0.092,0.0,0.053,0.0,0.0,0.0,1.0,0.0,57.61,4,0.0,0.0,589376
2024-09-14 13:00:00,00000000270,20240914130000,0.172,0.001,0.05,0.0,0.0,0.0,1.0,0.58,29.07,4,0.0,0.0,589376
2024-09-14 14:00:00,00000000270,20240914140000,0.127,0.0,0.044,0.0,0.0,0.0,1.0,0.0,34.65,4,0.0,0.0,589376
2024-09-14 15:00:00,00000000270,20240914150000,0.105,0.0,0.047,0.0,0.0,0.0,1.0,0.0,44.76,4,0.0,0.0,589376
2024-09-14 16:00:00,00000000270,20240914160000,0.116,0.001,0.046,0.0,0.0,0.0,1.0,0.86,39.66,4,0.0,0.0,589376
2024-09-14 17:00:00,00000000270,20240914170000,0.084,0.0,0.054,0.0,0.0,0.0,1.0,0.0,64.29,4,0.0,0.0,589376
2024-09-14 18:00:00,00000000270,20240914180000,0.088,0.001,0.052,0.0,0.0,0.0,1.0,1.14,59.09,4,0.0,0.0,589376
2024-09-14 19:00:00,00000000270,20240914190000,0.111,0.0,0.043,0.0,0.0,0.0,1.0,0.0,38.74,4,0.0,0.0,589376
2024-09-14 20:00:00,00000000270,20240914200000,0.096,0.001,0.046,0.0,0.0,0.0,1.0,1.04,47.92,4,0.0,0.0,589376
2024-09-14 21:00:00,00000000270,20240914210000,0.092,0.0,0.045,0.0,0.0,0.0,1.0,0.0,48.91,4,0.0,0.0,589376
2024-09-14 22:00:00,00000000270,20240914220000,0.094,0.001,0.051,0.0,0.0,0.0,1.0,1.06,54.26,4,0.0,0.0,589376
2024-09-14 23:00:00,00000000270,20240914230000,0.098,0.0,0.052,0.0,0.0,0.0,1.0,0.0,53.06,4,0.0,0.0,589376
2024-09-15 00:00:00,00000000270,20240915000000,0.082,0.001,0.053,0.0,0.0,0.0,1.0,1.22,64.63,4,0.0,0.0,589376
2024-09-15 01:00:00,00000000270,20240915010000,0.094,0.0,0.05,0.0,0.0,0.0,1.0,0.0,53.19,4,0.0,0.0,589376
2024-09-15 02:00:00,00000000270,20240915020000,0.106,0.001,0.049,0.0,0.0,0.0,1.0,0.94,46.23,4,0.0,0.0,589376
2024-09-15 03:00:00,00000000270,20240915030000,0.103,0.0,0.048,0.0,0.0,0.0,1.0,0.0,46.6,4,0.0,0.0,589376
2024-09-15 04:00:00,00000000270,20240915040000,0.085,0.0,0.052,0.0,0.0,0.0,1.0,0.0,61.18,4,0.0,0.0,589376
2024-09-15 05:00:00,00000000270,20240915050000,0.078,0.001,0.055,0.0,0.0,0.0,1.0,1.28,70.51,4,0.0,0.0,589376
2024-09-15 06:00:00,00000000270,20240915060000,0.09,0.001,0.055,0.0,0.0,0.0,1.0,1.11,61.11,4,0.0,0.0,589376
2024-09-15 07:00:00,00000000270,20240915070000,0.088,0.0,0.054,0.0,0.0,0.0,1.0,0.0,61.36,4,0.0,0.0,589376
2024-09-15 08:00:00,00000000270,20240915080000,0.083,0.0,0.052,0.0,0.0,0.0,1.0,0.0,62.65,4,0.0,0.0,589376
2024-09-15 09:00:00,00000000270,20240915090000,0.085,0.001,0.051,0.0,0.0,0.0,1.0,1.18,60.0,4,0.0,0.0,589376
2024-09-15 10:00:00,00000000270,20240915100000,0.102,0.0,0.048,0.0,0.0,0.0,1.0,0.0,47.06,4,0.0,0.0,589376
2024-09-15 11:00:00,00000000270,20240915110000,0.093,0.001,0.053,0.0,0.0,0.0,1.0,1.08,56.99,4,0.0,0.0,589376
2024-09-15 12:00:00,00000000270,20240915120000,0.073,0.0,0.057,0.0,0.0,0.0,1.0,0.0,78.08,4,0.0,0.0,589376
2024-09-15 13:00:00,00000000270,20240915130000,0.077,0.001,0.055,0.0,0.0,0.0,1.0,1.3,71.43,4,0.0,0.0,589376
2024-09-15 14:00:00,00000000270,20240915140000,0.103,0.0,0.049,0.0,0.0,0.0,1.0,0.0,47.57,4,0.0,0.0,589376
2024-09-15 15:00:00,00000000270,20240915150000,0.098,0.001,0.047,0.0,0.0,0.0,1.0,1.02,47.96,4,0.0,0.0,589376
2024-09-15 16:00:00,00000000270,20240915160000,0.09,0.0,0.048,0.0,0.0,0.0,1.0,0.0,53.33,4,0.0,0.0,589376
2024-09-15 17:00:00,00000000270,20240915170000,0.079,0.001,0.054,0.0,0.0,0.0,1.0,1.27,68.35,4,0.0,0.0,589376
2024-09-15 18:00:00,00000000270,20240915180000,0.091,0.0,0.053,0.0,0.0,0.0,1.0,0.0,58.24,4,0.0,0.0,589376
2024-09-15 19:00:00,00000000270,20240915190000,0.096,0.001,0.046,0.0,0.0,0.0,1.0,1.04,47.92,4,0.0,0.0,589376
2024-09-15 20:00:00,00000000270,20240915200000,0.087,0.0,0.046,0.0,0.0,0.0,1.0,0.0,52.87,4,0.0,0.0,589376
2024-09-15 21:00:00,00000000270,20240915210000,0.096,0.001,0.047,0.0,0.0,0.0,1.0,1.04,48.96,4,0.0,0.0,589376
2024-09-15 22:00:00,00000000270,20240915220000,0.097,0.0,0.053,0.0,0.0,0.0,1.0,0.0,54.64,4,0.0,0.0,589376
2024-09-15 23:00:00,00000000270,20240915230000,0.09,0.0,0.059,0.0,0.0,0.0,1.0,0.0,65.56,4,0.0,0.0,589376
2024-09-16 00:00:00,00000000270,20240916000000,0.103,0.001,0.054,0.0,0.0,0.0,1.0,0.97,52.43,4,0.0,0.0,589376
2024-09-16 01:00:00,00000000270,20240916010000,0.107,0.0,0.053,0.0,0.0,0.0,1.0,0.0,49.53,4,0.0,0.0,589376
2024-09-16 02:00:00,00000000270,20240916020000,0.104,0.001,0.051,0.0,0.0,0.0,1.0,0.96,49.04,4,0.0,0.0,589376
2024-09-16 03:00:00,00000000270,20240916030000,0.088,0.0,0.057,0.0,0.0,0.0,1.0,0.0,64.77,4,0.0,0.0,589376
2024-09-16 04:00:00,00000000270,20240916040000,0.072,0.001,0.059,0.0,0.0,0.0,1.0,1.39,81.94,4,0.0,0.0,589376
2024-09-16 05:00:00,00000000270,20240916050000,0.086,0.0,0.054,0.0,0.0,0.0,1.0,0.0,62.79,4,0.0,0.0,589376
2024-09-16 06:00:00,00000000270,20240916060000,0.137,0.001,0.035,0.0,0.0,0.0,1.0,0.73,25.55,4,0.0,0.0,589376
2024-09-16 07:00:00,00000000270,20240916070000,0.132,0.0,0.037,0.0,0.0,0.0,1.0,0.0,28.03,4,0.0,0.0,589376
2024-09-16 08:00:00,00000000270,20240916080000,0.114,0.001,0.033,0.0,0.0,0.0,1.0,0.88,28.95,4,0.0,0.0,589376
2024-09-16 09:00:00,00000000270,20240916090000,0.121,0.0,0.033,0.0,0.0,0.0,1.0,0.0,27.27,4,0.0,0.0,589376
2024-09-16 10:00:00,00000000270,20240916100000,0.124,0.001,0.032,0.0,0.0,0.0,1.0,0.81,25.81,4,0.0,0.0,589376
2024-09-16 11:00:00,00000000270,20240916110000,0.12,0.0,0.032,0.0,0.0,0.0,1.0,0.0,26.67,4,0.0,0.0,589376
2024-09-16 12:00:00,00000000270,20240916120000,0.112,0.0,0.033,0.0,0.0,0.0,1.0,0.0,29.46,4,0.0,0.0,589376
2024-09-16 13:00:00,00000000270,20240916130000,0.121,0.001,0.032,0.0,0.0,0.0,1.0,0.83,26.45,4,0.0,0.0,589376
2024-09-16 14:00:00,00000000270,20240916140000,0.21,0.0,0.033,0.0,0.0,0.0,1.0,0.0,15.71,4,0.0,0.0,589376
2024-09-16 15:00:00,00000000270,20240916150000,0.158,0.001,0.028,0.0,0.0,0.0,1.0,0.63,17.72,4,0.0,0.0,589376
2024-09-16 16:00:00,00000000270,20240916160000,0.126,0.0,0.032,0.0,0.0,0.0,1.0,0.0,25.4,4,0.0,0.0,589376
2024-09-16 17:00:00,00000000270,20240916170000,0.134,0.001,0.031,0.0,0.0,0.0,1.0,0.75,23.13,4,0.0,0.0,589376
2024-09-16 18:00:00,00000000270,20240916180000,0.138,0.0,0.036,0.0,0.0,0.0,1.0,0.0,26.09,4,0.0,0.0,589376
2024-09-16 19:00:00,00000000270,20240916190000,0.185,0.136,0.036,0.0,0.0,0.0,1.0,73.51,19.46,4,0.0,0.0,589376
2024-09-16 20:00:00,00000000270,20240916200000,0.256,0.106,0.043,0.0,0.0,0.0,1.0,41.41,16.8,4,0.0,0.0,589376
2024-09-16 21:00:00,00000000270,20240916210000,0.173,0.0,0.037,0.0,0.0,0.0,1.0,0.0,21.39,4,0.0,0.0,589376
2024-09-16 22:00:00,00000000270,20240916220000,0.104,0.0,0.048,0.0,0.0,0.0,1.0,0.0,46.15,4,0.0,0.0,589376
2024-09-16 23:00:00,00000000270,20240916230000,0.11,0.001,0.039,0.0,0.0,0.0,1.0,0.91,35.45,4,0.0,0.0,589376
2024-09-17 00:00:00,00000000270,20240917000000,0.096,0.0,0.049,0.0,0.0,0.0,1.0,0.0,51.04,4,0.0,0.0,589376
2024-09-17 01:00:00,00000000270,20240917010000,0.094,0.001,0.05,0.0,0.0,0.0,1.0,1.06,53.19,4,0.0,0.0,589376
2024-09-17 02:00:00,00000000270,20240917020000,0.13,0.0,0.053,0.0,0.0,0.0,1.0,0.0,40.77,4,0.0,0.0,589376
2024-09-17 03:00:00,00000000270,20240917030000,0.161,0.001,0.048,0.0,0.0,0.0,1.0,0.62,29.81,4,0.0,0.0,589376
2024-09-17 04:00:00,00000000270,20240917040000,0.103,0.0,0.051,0.0,0.0,0.0,1.0,0.0,49.51,4,0.0,0.0,589376
2024-09-17 05:00:00,00000000270,20240917050000,0.085,0.001,0.053,0.0,0.0,0.0,1.0,1.18,62.35,4,0.0,0.0,589376
2024-09-17 06:00:00,00000000270,20240917060000,0.094,0.0,0.052,0.0,0.0,0.0,1.0,0.0,55.32,4,0.0,0.0,589376
2024-09-17 07:00:00,00000000270,20240917070000,0.106,0.001,0.055,0.0,0.0,0.0,1.0,0.94,51.89,4,0.0,0.0,589376
2024-09-17 08:00:00,00000000270,20240917080000,0.079,0.0,0.054,0.0,0.0,0.0,1.0,0.0,68.35,4,0.0,0.0,589376
2024-09-17 09:00:00,00000000270,20240917090000,0.078,0.001,0.054,0.0,0.0,0.0,1.0,1.28,69.23,4,0.0,0.0,589376
2024-09-17 10:00:00,00000000270,20240917100000,0.089,0.0,0.052,0.0,0.0,0.0,1.0,0.0,58.43,4,0.0,0.0,589376
2024-09-17 11:00:00,00000000270,20240917110000,0.091,0.001,0.052,0.0,0.0,0.0,1.0,1.1,57.14,4,0.0,0.0,589376
2024-09-17 12:00:00,00000000270,20240917120000,0.079,0.0,0.053,0.0,0.0,0.0,1.0,0.0,67.09,4,0.0,0.0,589376
2024-09-17 13:00:00,00000000270,20240917130000,0.077,0.001,0.054,0.0,0.0,0.0,1.0,1.3,70.13,4,0.0,0.0,589376
2024-09-17 14:00:00,00000000270,20240917140000,0.082,0.0,0.054,0.0,0.0,0.0,1.0,0.0,65.85,4,0.0,0.0,589376
2024-09-17 15:00:00,00000000270,20240917150000,0.089,0.001,0.054,0.0,0.0,0.0,1.0,1.12,60.67,4,0.0,0.0,589376
2024-09-17 16:00:00,00000000270,20240917160000,0.081,0.0,0.054,0.0,0.0,0.0,1.0,0.0,66.67,4,0.0,0.0,589376
2024-09-17 17:00:00,00000000270,20240917170000,0.074,0.0,0.054,0.0,0.0,0.0,1.0,0.0,72.97,4,0.0,0.0,589376
2024-09-17 18:00:00,00000000270,20240917180000,0.084,0.001,0.05,0.0,0.0,0.0,1.0,1.19,59.52,4,0.0,0.0,589376
2024-09-17 19:00:00,00000000270,20240917190000,0.099,0.001,0.048,0.0,0.0,0.0,1.0,1.01,48.48,4,0.0,0.0,589376
2024-09-17 20:00:00,00000000270,20240917200000,0.094,0.0,0.048,0.0,0.0,0.0,1.0,0.0,51.06,4,0.0,0.0,589376
2024-09-17 21:00:00,00000000270,20240917210000,0.077,0.0,0.051,0.0,0.0,0.0,1.0,0.0,66.23,4,0.0,0.0,589376
2024-09-17 22:00:00,00000000270,20240917220000,0.085,0.001,0.051,0.0,0.0,0.0,1.0,1.18,60.0,4,0.0,0.0,589376
2024-09-17 23:00:00,00000000270,20240917230000,0.094,0.0,0.051,0.0,0.0,0.0,1.0,0.0,54.26,4,0.0,0.0,589376
2024-09-18 00:00:00,00000000270,20240918000000,0.084,0.001,0.055,0.0,0.0,0.0,1.0,1.19,65.48,4,0.0,0.0,589376
2024-09-18 01:00:00,00000000270,20240918010000,0.071,0.0,0.058,0.0,0.0,0.0,1.0,0.0,81.69,4,0.0,0.0,589376
2024-09-18 02:00:00,00000000270,20240918020000,0.073,0.001,0.058,0.0,0.0,0.0,1.0,1.37,79.45,4,0.0,0.0,589376
2024-09-18 03:00:00,00000000270,20240918030000,0.095,0.0,0.052,0.0,0.0,0.0,1.0,0.0,54.74,4,0.0,0.0,589376
2024-09-18 04:00:00,00000000270,20240918040000,0.093,0.001,0.053,0.0,0.0,0.0,1.0,1.08,56.99,4,0.0,0.0,589376
2024-09-18 05:00:00,00000000270,20240918050000,0.083,0.0,0.054,0.0,0.0,0.0,1.0,0.0,65.06,4,0.0,0.0,589376
2024-09-18 06:00:00,00000000270,20240918060000,0.079,0.001,0.054,0.0,0.0,0.0,1.0,1.27,68.35,4,0.0,0.0,589376
2024-09-18 07:00:00,00000000270,20240918070000,0.08,0.0,0.055,0.0,0.0,0.0,1.0,0.0,68.75,4,0.0,0.0,589376
2024-09-18 08:00:00,00000000270,20240918080000,0.088,0.001,0.053,0.0,0.0,0.0,1.0,1.14,60.23,4,0.0,0.0,589376
2024-09-18 09:00:00,00000000270,20240918090000,0.089,0.0,0.054,0.0,0.0,0.0,1.0,0.0,60.67,4,0.0,0.0,589376
2024-09-18 10:00:00,00000000270,20240918100000,0.079,0.001,0.055,0.0,0.0,0.0,1.0,1.27,69.62,4,0.0,0.0,589376
2024-09-18 11:00:00,00000000270,20240918110000,0.07,0.0,0.057,0.0,0.0,0.0,1.0,0.0,81.43,4,0.0,0.0,589376
2024-09-18 12:00:00,00000000270,20240918120000,0.07,0.001,0.057,0.0,0.0,0.0,1.0,1.43,81.43,4,0.0,0.0,589376
2024-09-18 13:00:00,00000000270,20240918130000,0.088,0.0,0.052,0.0,0.0,0.0,1.0,0.0,59.09,4,0.0,0.0,589376
2024-09-18 14:00:00,00000000270,20240918140000,0.092,0.0,0.05,0.0,0.0,0.0,1.0,0.0,54.35,4,0.0,0.0,589376
2024-09-18 15:00:00,00000000270,20240918150000,0.084,0.001,0.053,0.0,0.0,0.0,1.0,1.19,63.1,4,0.0,0.0,589376
2024-09-18 16:00:00,00000000270,20240918160000,0.08,0.0,0.052,0.0,0.0,0.0,1.0,0.0,65.0,4,0.0,0.0,589376
2024-09-18 17:00:00,00000000270,20240918170000,0.081,0.001,0.053,0.0,0.0,0.0,1.0,1.23,65.43,4,0.0,0.0,589376
2024-09-18 18:00:00,00000000270,20240918180000,0.106,0.0,0.058,0.0,0.0,0.0,1.0,0.0,54.72,4,0.0,0.0,589376
2024-09-18 19:00:00,00000000270,20240918190000,0.28,0.001,0.051,0.0,0.0,0.0,1.0,0.36,18.21,4,0.0,0.0,589376
2024-09-18 20:00:00,00000000270,20240918200000,0.405,0.0,0.047,0.0,0.0,0.0,1.0,0.0,11.6,4,0.0,0.0,589376
2024-09-18 21:00:00,00000000270,20240918210000,0.712,0.004,0.029,0.0,0.0,0.0,1.0,0.56,4.07,4,0.0,0.0,589376
2024-09-18 22:00:00,00000000270,20240918220000,0.328,0.007,0.048,0.0,0.0,0.0,1.0,2.13,14.63,4,0.0,0.0,589376
2024-09-18 23:00:00,00000000270,20240918230000,0.241,0.009,0.041,0.0,0.0,0.0,1.0,3.73,17.01,4,0.0,0.0,589376
2024-09-19 00:00:00,00000000270,20240919000000,0.152,0.002,0.053,0.0,0.0,0.0,1.0,1.32,34.87,4,0.0,0.0,589376
2024-09-19 01:00:00,00000000270,20240919010000,0.092,0.0,0.052,0.0,0.0,0.0,1.0,0.0,56.52,4,0.0,0.0,589376
2024-09-19 02:00:00,00000000270,20240919020000,0.085,0.001,0.052,0.0,0.0,0.0,1.0,1.18,61.18,4,0.0,0.0,589376
2024-09-19 03:00:00,00000000270,20240919030000,0.115,0.0,0.052,0.0,0.0,0.0,1.0,0.0,45.22,4,0.0,0.0,589376
2024-09-19 04:00:00,00000000270,20240919040000,0.171,0.001,0.05,0.0,0.0,0.0,1.0,0.58,29.24,4,0.0,0.0,589376
2024-09-19 05:00:00,00000000270,20240919050000,0.106,0.0,0.052,0.0,0.0,0.0,1.0,0.0,49.06,4,0.0,0.0,589376
2024-09-19 06:00:00,00000000270,20240919060000,0.083,0.001,0.054,0.0,0.0,0.0,1.0,1.2,65.06,4,0.0,0.0,589376
2024-09-19 07:00:00,00000000270,20240919070000,0.088,0.0,0.056,0.0,0.0,0.0,1.0,0.0,63.64,4,0.0,0.0,589376
2024-09-19 08:00:00,00000000270,20240919080000,0.092,0.001,0.053,0.0,0.0,0.0,1.0,1.09,57.61,4,0.0,0.0,589376
2024-09-19 09:00:00,00000000270,20240919090000,0.09,0.0,0.052,0.0,0.0,0.0,1.0,0.0,57.78,4,0.0,0.0,589376
2024-09-19 10:00:00,00000000270,20240919100000,0.079,0.001,0.052,0.0,0.0,0.0,1.0,1.27,65.82,4,0.0,0.0,589376
2024-09-19 11:00:00,00000000270,20240919110000,0.076,0.0,0.054,0.0,0.0,0.0,1.0,0.0,71.05,4,0.0,0.0,589376
2024-09-19 12:00:00,00000000270,20240919120000,0.077,0.001,0.056,0.0,0.0,0.0,1.0,1.3,72.73,4,0.0,0.0,589376
2024-09-19 13:00:00,00000000270,20240919130000,0.09,0.0,0.055,0.0,0.0,0.0,1.0,0.0,61.11,4,0.0,0.0,589376
2024-09-19 14:00:00,00000000270,20240919140000,0.076,0.0,0.056,0.0,0.0,0.0,1.0,0.0,73.68,4,0.0,0.0,589376
2024-09-19 15:00:00,00000000270,20240919150000,0.073,0.001,0.055,0.0,0.0,0.0,1.0,1.37,75.34,4,0.0,0.0,589376
2024-09-19 16:00:00,00000000270,20240919160000,0.081,0.0,0.051,0.0,0.0,0.0,1.0,0.0,62.96,4,0.0,0.0,589376
2024-09-19 17:00:00,00000000270,20240919170000,0.097,0.001,0.054,0.0,0.0,0.0,1.0,1.03,55.67,4,0.0,0.0,589376
2024-09-19 18:00:00,00000000270,20240919180000,0.156,0.0,0.039,0.0,0.0,0.0,1.0,0.0,25.0,4,0.0,0.0,589376
2024-09-19 19:00:00,00000000270,20240919190000,0.127,0.001,0.052,0.0,0.0,0.0,1.0,0.79,40.94,4,0.0,0.0,589376
2024-09-19 20:00:00,00000000270,20240919200000,0.223,0.0,0.052,0.0,0.0,0.0,1.0,0.0,23.32,4,0.0,0.0,589376
2024-09-19 21:00:00,00000000270,20240919210000,0.203,0.001,0.049,0.0,0.0,0.0,1.0,0.49,24.14,4,0.0,0.0,589376
2024-09-19 22:00:00,00000000270,20240919220000,0.136,0.0,0.053,0.0,0.0,0.0,1.0,0.0,38.97,4,0.0,0.0,589376
2024-09-19 23:00:00,00000000270,20240919230000,0.124,0.001,0.055,0.0,0.0,0.0,1.0,0.81,44.35,4,0.0,0.0,589376
2024-09-20 00:00:00,00000000270,20240920000000,0.104,0.0,0.061,0.0,0.0,0.0,1.0,0.0,58.65,4,0.0,0.0,589376
2024-09-20 01:00:00,00000000270,20240920010000,0.094,0.001,0.055,0.0,0.0,0.0,1.0,1.06,58.51,4,0.0,0.0,589376
2024-09-20 02:00:00,00000000270,20240920020000,0.089,0.0,0.055,0.0,0.0,0.0,1.0,0.0,61.8,4,0.0,0.0,589376
2024-09-20 03:00:00,00000000270,20240920030000,0.076,0.001,0.055,0.0,0.0,0.0,1.0,1.32,72.37,4,0.0,0.0,589376
2024-09-20 04:00:00,00000000270,20240920040000,0.079,0.0,0.053,0.0,0.0,0.0,1.0,0.0,67.09,4,0.0,0.0,589376
2024-09-20 05:00:00,00000000270,20240920050000,0.092,0.001,0.052,0.0,0.0,0.0,1.0,1.09,56.52,4,0.0,0.0,589376
2024-09-20 06:00:00,00000000270,20240920060000,0.097,0.0,0.053,0.0,0.0,0.0,1.0,0.0,54.64,4,0.0,0.0,589376
2024-09-20 07:00:00,00000000270,20240920070000,0.092,0.001,0.057,0.0,0.0,0.0,1.0,1.09,61.96,4,0.0,0.0,589376
2024-09-20 08:00:00,00000000270,20240920080000,0.079,0.0,0.054,0.0,0.0,0.0,1.0,0.0,68.35,4,0.0,0.0,589376
2024-09-20 09:00:00,00000000270,20240920090000,0.071,0.001,0.058,0.0,0.0,0.0,1.0,1.41,81.69,4,0.0,0.0,589376
2024-09-20 10:00:00,00000000270,20240920100000,0.151,0.0,0.059,0.0,0.0,0.0,1.0,0.0,39.07,4,0.0,0.0,589376
2024-09-20 11:00:00,00000000270,20240920110000,0.124,0.0,0.05,0.0,0.0,0.0,1.0,0.0,40.32,4,0.0,0.0,589376
2024-09-20 12:00:00,00000000270,20240920120000,0.085,0.001,0.053,0.0,0.0,0.0,1.0,1.18,62.35,4,0.0,0.0,589376
2024-09-20 13:00:00,00000000270,20240920130000,0.104,0.0,0.052,0.0,0.0,0.0,1.0,0.0,50.0,4,0.0,0.0,589376
2024-09-20 14:00:00,00000000270,20240920140000,0.083,0.001,0.053,0.0,0.0,0.0,1.0,1.2,63.86,4,0.0,0.0,589376
2024-09-20 15:00:00,00000000270,20240920150000,0.08,0.0,0.054,0.0,0.0,0.0,1.0,0.0,67.5,4,0.0,0.0,589376
2024-09-20 16:00:00,00000000270,20240920160000,0.087,0.001,0.057,0.0,0.0,0.0,1.0,1.15,65.52,4,0.0,0.0,589376
2024-09-20 17:00:00,00000000270,20240920170000,0.085,0.0,0.055,0.0,0.0,0.0,1.0,0.0,64.71,4,0.0,0.0,589376
2024-09-20 18:00:00,00000000270,20240920180000,0.085,0.001,0.051,0.0,0.0,0.0,1.0,1.18,60.0,4,0.0,0.0,589376
2024-09-20 19:00:00,00000000270,20240920190000,0.101,0.009,0.029,0.0,0.0,0.0,1.0,8.91,28.71,4,0.0,0.0,589376
2024-09-20 20:00:00,00000000270,20240920200000,0.152,0.035,0.0,0.0,0.0,0.0,1.0,23.03,0.0,4,0.0,0.0,589376
2024-09-20 21:00:00,00000000270,20240920210000,0.163,0.026,0.0,0.0,0.0,0.0,1.0,15.95,0.0,4,0.0,0.0,589376
2024-09-20 22:00:00,00000000270,20240920220000,0.127,0.016,0.002,0.0,0.0,0.0,1.0,12.6,1.57,4,0.0,0.0,589376
2024-09-20 23:00:00,00000000270,20240920230000,0.16,0.0,0.063,0.0,0.0,0.0,1.0,0.0,39.38,4,0.0,0.0,589376
2024-09-21 00:00:00,00000000270,20240921000000,0.138,0.001,0.055,0.0,0.0,0.0,1.0,0.72,39.86,4,0.0,0.0,589376
2024-09-21 01:00:00,00000000270,20240921010000,0.082,0.0,0.061,0.0,0.0,0.0,1.0,0.0,74.39,4,0.0,0.0,589376
2024-09-21 02:00:00,00000000270,20240921020000,0.098,0.001,0.06,0.0,0.0,0.0,1.0,1.02,61.22,4,0.0,0.0,589376
2024-09-21 03:00:00,00000000270,20240921030000,0.088,0.0,0.064,0.0,0.0,0.0,1.0,0.0,72.73,4,0.0,0.0,589376
2024-09-21 04:00:00,00000000270,20240921040000,0.067,0.001,0.07,0.0,0.0,0.0,1.0,1.49,104.48,4,0.0,0.0,589376
2024-09-21 05:00:00,00000000270,20240921050000,0.071,0.0,0.068,0.0,0.0,0.0,1.0,0.0,95.77,4,0.0,0.0,589376
2024-09-21 06:00:00,00000000270,20240921060000,0.094,0.001,0.063,0.0,0.0,0.0,1.0,1.06,67.02,4,0.0,0.0,589376
2024-09-21 07:00:00,00000000270,20240921070000,0.101,0.0,0.064,0.0,0.0,0.0,1.0,0.0,63.37,4,0.0,0.0,589376
2024-09-21 08:00:00,00000000270,20240921080000,0.089,0.001,0.055,0.0,0.0,0.0,1.0,1.12,61.8,4,0.0,0.0,589376
2024-09-21 09:00:00,00000000270,20240921090000,0.085,0.0,0.054,0.0,0.0,0.0,1.0,0.0,63.53,4,0.0,0.0,589376
2024-09-21 10:00:00,00000000270,20240921100000,0.096,0.001,0.056,0.0,0.0,0.0,1.0,1.04,58.33,4,0.0,0.0,589376
2024-09-21 11:00:00,00000000270,20240921110000,0.074,0.0,0.059,0.0,0.0,0.0,1.0,0.0,79.73,4,0.0,0.0,589376
2024-09-21 12:00:00,00000000270,20240921120000,0.222,0.001,0.058,0.0,0.0,0.0,1.0,0.45,26.13,4,0.0,0.0,589376
2024-09-21 13:00:00,00000000270,20240921130000,0.248,0.0,0.047,0.0,0.0,0.0,1.0,0.0,18.95,4,0.0,0.0,589376
2024-09-21 14:00:00,00000000270,20240921140000,0.099,0.001,0.051,0.0,0.0,0.0,1.0,1.01,51.52,4,0.0,0.0,589376
2024-09-21 15:00:00,00000000270,20240921150000,0.177,0.0,0.045,0.0,0.0,0.0,1.0,0.0,25.42,4,0.0,0.0,589376
2024-09-21 16:00:00,00000000270,20240921160000,0.377,0.0,0.049,0.0,0.0,0.0,1.0,0.0,13.0,4,0.0,0.0,589376
2024-09-21 17:00:00,00000000270,20240921170000,0.117,0.001,0.05,0.0,0.0,0.0,1.0,0.85,42.74,4,0.0,0.0,589376
2024-09-21 18:00:00,00000000270,20240921180000,0.101,0.001,0.052,0.0,0.0,0.0,1.0,0.99,51.49,4,0.0,0.0,589376
2024-09-21 19:00:00,00000000270,20240921190000,0.267,0.0,0.089,0.0,0.0,0.0,1.0,0.0,33.33,4,0.0,0.0,589376
2024-09-21 20:00:00,00000000270,20240921200000,0.276,0.0,0.107,0.0,0.0,0.0,1.0,0.0,38.77,4,0.0,0.0,589376
2024-09-21 21:00:00,00000000270,20240921210000,0.297,0.001,0.099,0.0,0.0,0.0,1.0,0.34,33.33,4,0.0,0.0,589376
2024-09-21 22:00:00,00000000270,20240921220000,0.278,0.0,0.111,0.0,0.0,0.0,1.0,0.0,39.93,4,0.0,0.0,589376
2024-09-21 23:00:00,00000000270,20240921230000,0.284,0.001,0.11,0.0,0.0,0.0,1.0,0.35,38.73,4,0.0,0.0,589376
2024-09-22 00:00:00,00000000270,20240922000000,0.371,0.0,0.114,0.0,0.0,0.0,1.0,0.0,30.73,4,0.0,0.0,589376
2024-09-22 01:00:00,00000000270,20240922010000,0.33,0.0,0.105,0.0,0.0,0.0,1.0,0.0,31.82,4,0.0,0.0,589376
2024-09-22 02:00:00,00000000270,20240922020000,0.26,0.001,0.11,0.0,0.0,0.0,1.0,0.38,42.31,4,0.0,0.0,589376
2024-09-22 03:00:00,00000000270,20240922030000,0.224,0.0,0.084,0.0,0.0,0.0,1.0,0.0,37.5,4,0.0,0.0,589376
2024-09-22 04:00:00,00000000270,20240922040000,0.173,0.001,0.067,0.0,0.0,0.0,1.0,0.58,38.73,4,0.0,0.0,589376
2024-09-22 05:00:00,00000000270,20240922050000,0.128,0.0,0.058,0.0,0.0,0.0,1.0,0.0,45.31,4,0.0,0.0,589376
2024-09-22 06:00:00,00000000270,20240922060000,0.109,0.001,0.054,0.0,0.0,0.0,1.0,0.92,49.54,4,0.0,0.0,589376
2024-09-22 07:00:00,00000000270,20240922070000,0.111,0.0,0.055,0.0,0.0,0.0,1.0,0.0,49.55,4,0.0,0.0,589376
2024-09-22 08:00:00,00000000270,20240922080000,0.108,0.001,0.054,0.0,0.0,0.0,1.0,0.93,50.0,4,0.0,0.0,589376
2024-09-22 09:00:00,00000000270,20240922090000,0.091,0.0,0.055,0.0,0.0,0.0,1.0,0.0,60.44,4,0.0,0.0,589376
2024-09-22 10:00:00,00000000270,20240922100000,0.21,0.001,0.059,0.0,0.0,0.0,1.0,0.48,28.1,4,0.0,0.0,589376
2024-09-22 11:00:00,00000000270,20240922110000,0.553,0.239,0.023,0.0,0.0,0.0,1.0,43.22,4.16,4,0.0,0.0,589376
2024-09-22 12:00:00,00000000270,20240922120000,0.223,0.05,0.052,0.0,0.0,0.0,1.0,22.42,23.32,4,0.0,0.0,589376
2024-09-22 13:00:00,00000000270,20240922130000,0.192,0.001,0.051,0.0,0.0,0.0,1.0,0.52,26.56,4,0.0,0.0,589376
2024-09-22 14:00:00,00000000270,20240922140000,0.121,0.0,0.055,0.0,0.0,0.0,1.0,0.0,45.45,4,0.0,0.0,589376
2024-09-22 15:00:00,00000000270,20240922150000,0.108,0.001,0.054,0.0,0.0,0.0,1.0,0.93,50.0,4,0.0,0.0,589376
2024-09-22 16:00:00,00000000270,20240922160000,0.112,0.0,0.049,0.0,0.0,0.0,1.0,0.0,43.75,4,0.0,0.0,589376
2024-09-22 17:00:00,00000000270,20240922170000,0.534,0.001,0.047,0.0,0.0,0.0,1.0,0.19,8.8,4,0.0,0.0,589376
2024-09-22 18:00:00,00000000270,20240922180000,0.195,0.0,0.052,0.0,0.0,0.0,1.0,0.0,26.67,4,0.0,0.0,589376
2024-09-22 19:00:00,00000000270,20240922190000,0.117,0.001,0.05,0.0,0.0,0.0,1.0,0.85,42.74,4,0.0,0.0,589376
2024-09-22 20:00:00,00000000270,20240922200000,0.081,0.0,0.053,0.0,0.0,0.0,1.0,0.0,65.43,4,0.0,0.0,589376
2024-09-22 21:00:00,00000000270,20240922210000,0.122,0.013,0.041,0.0,0.0,0.0,1.0,10.66,33.61,4,0.0,0.0,589376
2024-09-22 22:00:00,00000000270,20240922220000,0.11,0.018,0.039,0.0,0.0,0.0,1.0,16.36,35.45,4,0.0,0.0,589376
2024-09-22 23:00:00,00000000270,20240922230000,0.094,0.0,0.053,0.0,0.0,0.0,1.0,0.0,56.38,4,0.0,0.0,589376
2024-09-23 00:00:00,00000000270,20240923000000,0.126,0.001,0.054,0.0,0.0,0.0,1.0,0.79,42.86,4,0.0,0.0,589376
2024-09-23 01:00:00,00000000270,20240923010000,0.207,0.0,0.052,0.0,0.0,0.0,1.0,0.0,25.12,4,0.0,0.0,589376
2024-09-23 02:00:00,00000000270,20240923020000,0.129,0.001,0.049,0.0,0.0,0.0,1.0,0.78,37.98,4,0.0,0.0,589376
2024-09-23 03:00:00,00000000270,20240923030000,0.1,0.0,0.053,0.0,0.0,0.0,1.0,0.0,53.0,4,0.0,0.0,589376
2024-09-23 04:00:00,00000000270,20240923040000,0.083,0.001,0.052,0.0,0.0,0.0,1.0,1.2,62.65,4,0.0,0.0,589376
2024-09-23 05:00:00,00000000270,20240923050000,0.093,0.0,0.054,0.0,0.0,0.0,1.0,0.0,58.06,4,0.0,0.0,589376
2024-09-23 06:00:00,00000000270,20240923060000,0.096,0.001,0.052,0.0,0.0,0.0,1.0,1.04,54.17,4,0.0,0.0,589376
2024-09-23 07:00:00,00000000270,20240923070000,0.083,0.0,0.055,0.0,0.0,0.0,1.0,0.0,66.27,4,0.0,0.0,589376
2024-09-23 08:00:00,00000000270,20240923080000,0.076,0.001,0.054,0.0,0.0,0.0,1.0,1.32,71.05,4,0.0,0.0,589376
2024-09-23 09:00:00,00000000270,20240923090000,0.095,0.0,0.05,0.0,0.0,0.0,1.0,0.0,52.63,4,0.0,0.0,589376
2024-09-23 10:00:00,00000000270,20240923100000,0.083,0.001,0.052,0.0,0.0,0.0,1.0,1.2,62.65,4,0.0,0.0,589376
2024-09-23 11:00:00,00000000270,20240923110000,0.279,0.0,0.052,0.0,0.0,0.0,1.0,0.0,18.64,4,0.0,0.0,589376
2024-09-23 12:00:00,00000000270,20240923120000,0.078,0.001,0.053,0.0,0.0,0.0,1.0,1.28,67.95,4,0.0,0.0,589376
2024-09-23 13:00:00,00000000270,20240923130000,0.087,0.0,0.051,0.0,0.0,0.0,1.0,0.0,58.62,4,0.0,0.0,589376
2024-09-23 14:00:00,00000000270,20240923140000,0.172,0.001,0.05,0.0,0.0,0.0,1.0,0.58,29.07,4,0.0,0.0,589376
2024-09-23 15:00:00,00000000270,20240923150000,0.143,0.0,0.046,0.0,0.0,0.0,1.0,0.0,32.17,4,0.0,0.0,589376
2024-09-23 16:00:00,00000000270,20240923160000,0.099,0.001,0.049,0.0,0.0,0.0,1.0,1.01,49.49,4,0.0,0.0,589376
2024-09-23 17:00:00,00000000270,20240923170000,0.105,0.0,0.049,0.0,0.0,0.0,1.0,0.0,46.67,4,0.0,0.0,589376
2024-09-23 18:00:00,00000000270,20240923180000,0.123,0.001,0.047,0.0,0.0,0.0,1.0,0.81,38.21,4,0.0,0.0,589376
2024-09-23 19:00:00,00000000270,20240923190000,0.088,0.0,0.05,0.0,0.0,0.0,1.0,0.0,56.82,4,0.0,0.0,589376
2024-09-23 20:00:00,00000000270,20240923200000,0.126,0.007,0.03,0.0,0.0,0.0,1.0,5.56,23.81,4,0.0,0.0,589376
2024-09-23 21:00:00,00000000270,20240923210000,0.126,0.007,0.041,0.0,0.0,0.0,1.0,5.56,32.54,4,0.0,0.0,589376
2024-09-23 22:00:00,00000000270,20240923220000,0.111,0.0,0.063,0.0,0.0,0.0,1.0,0.0,56.76,4,0.0,0.0,589376
2024-09-23 23:00:00,00000000270,20240923230000,0.095,0.001,0.054,0.0,0.0,0.0,1.0,1.05,56.84,4,0.0,0.0,589376
2024-09-24 00:00:00,00000000270,20240924000000,0.095,0.0,0.051,0.0,0.0,0.0,1.0,0.0,53.68,4,0.0,0.0,589376
2024-09-24 01:00:00,00000000270,20240924010000,0.09,0.001,0.051,0.0,0.0,0.0,1.0,1.11,56.67,4,0.0,0.0,589376
2024-09-24 02:00:00,00000000270,20240924020000,0.106,0.0,0.053,0.0,0.0,0.0,1.0,0.0,50.0,4,0.0,0.0,589376
2024-09-24 03:00:00,00000000270,20240924030000,0.178,0.001,0.052,0.0,0.0,0.0,1.0,0.56,29.21,4,0.0,0.0,589376
2024-09-24 04:00:00,00000000270,20240924040000,0.105,0.0,0.051,0.0,0.0,0.0,1.0,0.0,48.57,4,0.0,0.0,589376
2024-09-24 05:00:00,00000000270,20240924050000,0.083,0.001,0.053,0.0,0.0,0.0,1.0,1.2,63.86,4,0.0,0.0,589376
2024-09-24 06:00:00,00000000270,20240924060000,0.072,0.0,0.057,0.0,0.0,0.0,1.0,0.0,79.17,4,0.0,0.0,589376
2024-09-24 07:00:00,00000000270,20240924070000,0.079,0.0,0.047,0.0,0.0,0.0,1.0,0.0,59.49,4,0.0,0.0,589376
2024-09-24 08:00:00,00000000270,20240924080000,0.085,0.001,0.052,0.0,0.0,0.0,1.0,1.18,61.18,4,0.0,0.0,589376
2024-09-24 09:00:00,00000000270,20240924090000,0.096,0.0,0.051,0.0,0.0,0.0,1.0,0.0,53.12,4,0.0,0.0,589376
2024-09-24 10:00:00,00000000270,20240924100000,0.133,0.001,0.059,0.0,0.0,0.0,1.0,0.75,44.36,4,0.0,0.0,589376
2024-09-24 11:00:00,00000000270,20240924110000,0.097,0.0,0.055,0.0,0.0,0.0,1.0,0.0,56.7,4,0.0,0.0,589376
2024-09-24 12:00:00,00000000270,20240924120000,0.689,0.001,0.052,0.0,0.0,0.0,1.0,0.15,7.55,4,0.0,0.0,589376
2024-09-24 13:00:00,00000000270,20240924130000,0.128,0.0,0.055,0.0,0.0,0.0,1.0,0.0,42.97,4,0.0,0.0,589376
2024-09-24 14:00:00,00000000270,20240924140000,0.157,0.001,0.059,0.0,0.0,0.0,1.0,0.64,37.58,4,0.0,0.0,589376
2024-09-24 15:00:00,00000000270,20240924150000,0.127,0.0,0.051,0.0,0.0,0.0,1.0,0.0,40.16,4,0.0,0.0,589376
2024-09-24 16:00:00,00000000270,20240924160000,0.098,0.001,0.049,0.0,0.0,0.0,1.0,1.02,50.0,4,0.0,0.0,589376
2024-09-24 17:00:00,00000000270,20240924170000,0.35,0.0,0.048,0.0,0.0,0.0,1.0,0.0,13.71,4,0.0,0.0,589376
2024-09-24 18:00:00,00000000270,20240924180000,0.276,0.001,0.04,0.0,0.0,0.0,1.0,0.36,14.49,4,0.0,0.0,589376
2024-09-24 19:00:00,00000000270,20240924190000,0.072,0.0,0.055,0.0,0.0,0.0,1.0,0.0,76.39,4,0.0,0.0,589376
2024-09-24 20:00:00,00000000270,20240924200000,0.155,0.008,0.017,0.0,0.0,0.0,1.0,5.16,10.97,4,0.0,0.0,589376
2024-09-24 21:00:00,00000000270,20240924210000,0.215,0.028,0.0,0.0,0.0,0.0,1.0,13.02,0.0,4,0.0,0.0,589376
2024-09-24 22:00:00,00000000270,20240924220000,0.417,0.026,0.001,0.0,0.0,0.0,1.0,6.24,0.24,4,0.0,0.0,589376
2024-09-24 23:00:00,00000000270,20240924230000,0.201,0.003,0.038,0.0,0.0,0.0,1.0,1.49,18.91,4,0.0,0.0,589376
2024-09-25 00:00:00,00000000270,20240925000000,0.102,0.001,0.065,0.0,0.0,0.0,1.0,0.98,63.73,4,0.0,0.0,589376
2024-09-25 01:00:00,00000000270,20240925010000,0.111,0.001,0.06,0.0,0.0,0.0,1.0,0.9,54.05,4,0.0,0.0,589376
2024-09-25 02:00:00,00000000270,20240925020000,0.122,0.0,0.053,0.0,0.0,0.0,1.0,0.0,43.44,4,0.0,0.0,589376
2024-09-25 03:00:00,00000000270,20240925030000,0.164,0.0,0.05,0.0,0.0,0.0,1.0,0.0,30.49,4,0.0,0.0,589376
2024-09-25 04:00:00,00000000270,20240925040000,0.107,0.001,0.05,0.0,0.0,0.0,1.0,0.93,46.73,4,0.0,0.0,589376
2024-09-25 05:00:00,00000000270,20240925050000,0.082,0.0,0.054,0.0,0.0,0.0,1.0,0.0,65.85,4,0.0,0.0,589376
2024-09-25 06:00:00,00000000270,20240925060000,0.092,0.001,0.057,0.0,0.0,0.0,1.0,1.09,61.96,4,0.0,0.0,589376
2024-09-25 07:00:00,00000000270,20240925070000,0.074,0.0,0.061,0.0,0.0,0.0,1.0,0.0,82.43,4,0.0,0.0,589376
2024-09-25 08:00:00,00000000270,20240925080000,0.374,0.059,0.045,0.0,0.0,0.0,1.0,15.78,12.03,4,0.0,0.0,589376
2024-09-25 09:00:00,00000000270,20240925090000,0.247,0.219,0.029,0.0,0.0,0.0,1.0,88.66,11.74,4,0.0,0.0,589376
2024-09-25 10:00:00,00000000270,20240925100000,0.089,0.0,0.052,0.0,0.0,0.0,1.0,0.0,58.43,4,0.0,0.0,589376
2024-09-25 11:00:00,00000000270,20240925110000,0.085,0.001,0.052,0.0,0.0,0.0,1.0,1.18,61.18,4,0.0,0.0,589376
2024-09-25 12:00:00,00000000270,20240925120000,0.084,0.0,0.058,0.0,0.0,0.0,1.0,0.0,69.05,4,0.0,0.0,589376
2024-09-25 13:00:00,00000000270,20240925130000,0.066,0.001,0.058,0.0,0.0,0.0,1.0,1.52,87.88,4,0.0,0.0,589376
2024-09-25 14:00:00,00000000270,20240925140000,0.086,0.0,0.05,0.0,0.0,0.0,1.0,0.0,58.14,4,0.0,0.0,589376
2024-09-25 15:00:00,00000000270,20240925150000,0.171,0.001,0.049,0.0,0.0,0.0,1.0,0.58,28.65,4,0.0,0.0,589376
2024-09-25 16:00:00,00000000270,20240925160000,0.125,0.0,0.045,0.0,0.0,0.0,1.0,0.0,36.0,4,0.0,0.0,589376
2024-09-25 17:00:00,00000000270,20240925170000,0.093,0.001,0.054,0.0,0.0,0.0,1.0,1.08,58.06,4,0.0,0.0,589376
2024-09-25 18:00:00,00000000270,20240925180000,0.098,0.0,0.06,0.0,0.0,0.0,1.0,0.0,61.22,4,0.0,0.0,589376
2024-09-25 19:00:00,00000000270,20240925190000,0.093,0.001,0.059,0.0,0.0,0.0,1.0,1.08,63.44,4,0.0,0.0,589376
2024-09-25 20:00:00,00000000270,20240925200000,0.189,0.025,0.005,0.0,0.0,0.0,1.0,13.23,2.65,4,0.0,0.0,589376
2024-09-25 21:00:00,00000000270,20240925210000,0.159,0.022,0.01,0.0,0.0,0.0,1.0,13.84,6.29,4,0.0,0.0,589376
2024-09-25 22:00:00,00000000270,20240925220000,0.08,0.001,0.054,0.0,0.0,0.0,1.0,1.25,67.5,4,0.0,0.0,589376
2024-09-25 23:00:00,00000000270,20240925230000,0.088,0.0,0.057,0.0,0.0,0.0,1.0,0.0,64.77,4,0.0,0.0,589376
2024-09-26 00:00:00,00000000270,20240926000000,0.076,0.001,0.056,0.0,0.0,0.0,1.0,1.32,73.68,4,0.0,0.0,589376
2024-09-26 01:00:00,00000000270,20240926010000,0.08,0.0,0.053,0.0,0.0,0.0,1.0,0.0,66.25,4,0.0,0.0,589376
2024-09-26 02:00:00,00000000270,20240926020000,0.084,0.001,0.052,0.0,0.0,0.0,1.0,1.19,61.9,4,0.0,0.0,589376
2024-09-26 03:00:00,00000000270,20240926030000,0.093,0.0,0.052,0.0,0.0,0.0,1.0,0.0,55.91,4,0.0,0.0,589376
2024-09-26 04:00:00,00000000270,20240926040000,0.17,0.001,0.056,0.0,0.0,0.0,1.0,0.59,32.94,4,0.0,0.0,589376
2024-09-26 05:00:00,00000000270,20240926050000,0.101,0.0,0.058,0.0,0.0,0.0,1.0,0.0,57.43,4,0.0,0.0,589376
2024-09-26 06:00:00,00000000270,20240926060000,0.096,0.0,0.056,0.0,0.0,0.0,1.0,0.0,58.33,4,0.0,0.0,589376
2024-09-26 07:00:00,00000000270,20240926070000,0.077,0.001,0.054,0.0,0.0,0.0,1.0,1.3,70.13,4,0.0,0.0,589376
2024-09-26 08:00:00,00000000270,20240926080000,0.078,0.0,0.054,0.0,0.0,0.0,1.0,0.0,69.23,4,0.0,0.0,589376
2024-09-26 09:00:00,00000000270,20240926090000,0.229,0.001,0.05,0.0,0.0,0.0,1.0,0.44,21.83,4,0.0,0.0,589376
2024-09-26 10:00:00,00000000270,20240926100000,0.107,0.0,0.051,0.0,0.0,0.0,1.0,0.0,47.66,4,0.0,0.0,589376
2024-09-26 11:00:00,00000000270,20240926110000,0.079,0.001,0.064,0.0,0.0,0.0,1.0,1.27,81.01,4,0.0,0.0,589376
2024-09-26 12:00:00,00000000270,20240926120000,0.092,0.0,0.062,0.0,0.0,0.0,1.0,0.0,67.39,4,0.0,0.0,589376
2024-09-26 13:00:00,00000000270,20240926130000,0.079,0.001,0.063,0.0,0.0,0.0,1.0,1.27,79.75,4,0.0,0.0,589376
2024-09-26 14:00:00,00000000270,20240926140000,0.094,0.0,0.053,0.0,0.0,0.0,1.0,0.0,56.38,4,0.0,0.0,589376
2024-09-26 15:00:00,00000000270,20240926150000,0.101,0.001,0.048,0.0,0.0,0.0,1.0,0.99,47.52,4,0.0,0.0,589376
2024-09-26 16:00:00,00000000270,20240926160000,0.12,0.0,0.05,0.0,0.0,0.0,1.0,0.0,41.67,4,0.0,0.0,589376
2024-09-26 17:00:00,00000000270,20240926170000,0.181,0.001,0.049,0.0,0.0,0.0,1.0,0.55,27.07,4,0.0,0.0,589376
2024-09-26 18:00:00,00000000270,20240926180000,0.159,0.0,0.064,0.0,0.0,0.0,1.0,0.0,40.25,4,0.0,0.0,589376
2024-09-26 19:00:00,00000000270,20240926190000,0.087,0.001,0.056,0.0,0.0,0.0,1.0,1.15,64.37,4,0.0,0.0,589376
2024-09-26 20:00:00,00000000270,20240926200000,0.094,0.0,0.048,0.0,0.0,0.0,1.0,0.0,51.06,4,0.0,0.0,589376
2024-09-26 21:00:00,00000000270,20240926210000,0.1,0.001,0.048,0.0,0.0,0.0,1.0,1.0,48.0,4,0.0,0.0,589376
2024-09-26 22:00:00,00000000270,20240926220000,0.099,0.0,0.055,0.0,0.0,0.0,1.0,0.0,55.56,4,0.0,0.0,589376
2024-09-26 23:00:00,00000000270,20240926230000,0.114,0.001,0.057,0.0,0.0,0.0,1.0,0.88,50.0,4,0.0,0.0,589376
2024-09-27 00:00:00,00000000270,20240927000000,0.087,0.0,0.056,0.0,0.0,0.0,1.0,0.0,64.37,4,0.0,0.0,589376
2024-09-27 01:00:00,00000000270,20240927010000,0.065,0.001,0.059,0.0,0.0,0.0,1.0,1.54,90.77,4,0.0,0.0,589376
2024-09-27 02:00:00,00000000270,20240927020000,0.095,0.0,0.052,0.0,0.0,0.0,1.0,0.0,54.74,4,0.0,0.0,589376
2024-09-27 03:00:00,00000000270,20240927030000,0.09,0.001,0.052,0.0,0.0,0.0,1.0,1.11,57.78,4,0.0,0.0,589376
2024-09-27 04:00:00,00000000270,20240927040000,0.075,0.0,0.055,0.0,0.0,0.0,1.0,0.0,73.33,4,0.0,0.0,589376
2024-09-27 05:00:00,00000000270,20240927050000,0.172,0.001,0.053,0.0,0.0,0.0,1.0,0.58,30.81,4,0.0,0.0,589376
2024-09-27 06:00:00,00000000270,20240927060000,0.126,0.0,0.057,0.0,0.0,0.0,1.0,0.0,45.24,4,0.0,0.0,589376
2024-09-27 07:00:00,00000000270,20240927070000,0.104,0.001,0.054,0.0,0.0,0.0,1.0,0.96,51.92,4,0.0,0.0,589376
2024-09-27 08:00:00,00000000270,20240927080000,0.075,0.0,0.058,0.0,0.0,0.0,1.0,0.0,77.33,4,0.0,0.0,589376
2024-09-27 09:00:00,00000000270,20240927090000,0.071,0.001,0.056,0.0,0.0,0.0,1.0,1.41,78.87,4,0.0,0.0,589376
2024-09-27 10:00:00,00000000270,20240927100000,0.532,0.129,0.039,0.0,0.0,0.0,1.0,24.25,7.33,4,0.0,0.0,589376
2024-09-27 11:00:00,00000000270,20240927110000,0.281,0.486,0.019,0.0,0.0,0.0,1.0,172.95,6.76,4,0.0,0.0,589376
2024-09-27 12:00:00,00000000270,20240927120000,0.199,0.231,0.028,0.0,0.0,0.0,1.0,116.08,14.07,4,0.0,0.0,589376
2024-09-27 13:00:00,00000000270,20240927130000,0.102,0.0,0.046,0.0,0.0,0.0,1.0,0.0,45.1,4,0.0,0.0,589376
2024-09-27 14:00:00,00000000270,20240927140000,0.078,0.001,0.048,0.0,0.0,0.0,1.0,1.28,61.54,4,0.0,0.0,589376
2024-09-27 15:00:00,00000000270,20240927150000,0.101,0.001,0.05,0.0,0.0,0.0,1.0,0.99,49.5,4,0.0,0.0,589376
2024-09-27 16:00:00,00000000270,20240927160000,0.084,0.0,0.053,0.0,0.0,0.0,1.0,0.0,63.1,4,0.0,0.0,589376
2024-09-27 17:00:00,00000000270,20240927170000,0.575,0.0,0.049,0.0,0.0,0.0,1.0,0.0,8.52,4,0.0,0.0,589376
2024-09-27 18:00:00,00000000270,20240927180000,0.185,0.001,0.04,0.0,0.0,0.0,1.0,0.54,21.62,4,0.0,0.0,589376
2024-09-27 19:00:00,00000000270,20240927190000,0.162,0.0,0.052,0.0,0.0,0.0,1.0,0.0,32.1,4,0.0,0.0,589376
2024-09-27 20:00:00,00000000270,20240927200000,0.126,0.001,0.062,0.0,0.0,0.0,1.0,0.79,49.21,4,0.0,0.0,589376
2024-09-27 21:00:00,00000000270,20240927210000,0.141,0.0,0.067,0.0,0.0,0.0,1.0,0.0,47.52,4,0.0,0.0,589376
2024-09-27 22:00:00,00000000270,20240927220000,0.137,0.001,0.054,0.0,0.0,0.0,1.0,0.73,39.42,4,0.0,0.0,589376
2024-09-27 23:00:00,00000000270,20240927230000,0.139,0.0,0.059,0.0,0.0,0.0,1.0,0.0,42.45,4,0.0,0.0,589376
2024-09-28 00:00:00,00000000270,20240928000000,0.115,0.001,0.057,0.0,0.0,0.0,1.0,0.87,49.57,4,0.0,0.0,589376
2024-09-28 01:00:00,00000000270,20240928010000,0.105,0.0,0.054,0.0,0.0,0.0,1.0,0.0,51.43,4,0.0,0.0,589376
2024-09-28 02:00:00,00000000270,20240928020000,0.087,0.001,0.055,0.0,0.0,0.0,1.0,1.15,63.22,4,0.0,0.0,589376
2024-09-28 03:00:00,00000000270,20240928030000,0.092,0.0,0.054,0.0,0.0,0.0,1.0,0.0,58.7,4,0.0,0.0,589376
2024-09-28 04:00:00,00000000270,20240928040000,0.078,0.001,0.058,0.0,0.0,0.0,1.0,1.28,74.36,4,0.0,0.0,589376
2024-09-28 05:00:00,00000000270,20240928050000,0.085,0.0,0.057,0.0,0.0,0.0,1.0,0.0,67.06,4,0.0,0.0,589376
2024-09-28 06:00:00,00000000270,20240928060000,0.17,0.001,0.058,0.0,0.0,0.0,1.0,0.59,34.12,4,0.0,0.0,589376
2024-09-28 07:00:00,00000000270,20240928070000,0.109,0.0,0.053,0.0,0.0,0.0,1.0,0.0,48.62,4,0.0,0.0,589376
2024-09-28 08:00:00,00000000270,20240928080000,0.124,0.001,0.049,0.0,0.0,0.0,1.0,0.81,39.52,4,0.0,0.0,589376
2024-09-28 09:00:00,00000000270,20240928090000,0.229,0.0,0.051,0.0,0.0,0.0,1.0,0.0,22.27,4,0.0,0.0,589376
2024-09-28 10:00:00,00000000270,20240928100000,0.107,0.001,0.057,0.0,0.0,0.0,1.0,0.93,53.27,4,0.0,0.0,589376
2024-09-28 11:00:00,00000000270,20240928110000,0.094,0.001,0.054,0.0,0.0,0.0,1.0,1.06,57.45,4,0.0,0.0,589376
2024-09-28 12:00:00,00000000270,20240928120000,0.077,0.0,0.055,0.0,0.0,0.0,1.0,0.0,71.43,4,0.0,0.0,589376
2024-09-28 13:00:00,00000000270,20240928130000,0.089,0.0,0.05,0.0,0.0,0.0,1.0,0.0,56.18,4,0.0,0.0,589376
2024-09-28 14:00:00,00000000270,20240928140000,0.1,0.001,0.049,0.0,0.0,0.0,1.0,1.0,49.0,4,0.0,0.0,589376
2024-09-28 15:00:00,00000000270,20240928150000,0.087,0.0,0.051,0.0,0.0,0.0,1.0,0.0,58.62,4,0.0,0.0,589376
2024-09-28 16:00:00,00000000270,20240928160000,0.078,0.001,0.055,0.0,0.0,0.0,1.0,1.28,70.51,4,0.0,0.0,589376
2024-09-28 17:00:00,00000000270,20240928170000,0.091,0.0,0.055,0.0,0.0,0.0,1.0,0.0,60.44,4,0.0,0.0,589376
2024-09-28 18:00:00,00000000270,20240928180000,0.095,0.001,0.054,0.0,0.0,0.0,1.0,1.05,56.84,4,0.0,0.0,589376
2024-09-28 19:00:00,00000000270,20240928190000,0.193,0.0,0.047,0.0,0.0,0.0,1.0,0.0,24.35,4,0.0,0.0,589376
2024-09-28 20:00:00,00000000270,20240928200000,0.126,0.001,0.048,0.0,0.0,0.0,1.0,0.79,38.1,4,0.0,0.0,589376
2024-09-28 21:00:00,00000000270,20240928210000,0.161,0.03,0.027,0.0,0.0,0.0,1.0,18.63,16.77,4,0.0,0.0,589376
2024-09-28 22:00:00,00000000270,20240928220000,0.08,0.0,0.059,0.0,0.0,0.0,1.0,0.0,73.75,4,0.0,0.0,589376
2024-09-28 23:00:00,00000000270,20240928230000,0.087,0.001,0.056,0.0,0.0,0.0,1.0,1.15,64.37,4,0.0,0.0,589376
2024-09-29 00:00:00,00000000270,20240929000000,0.094,0.0,0.052,0.0,0.0,0.0,1.0,0.0,55.32,4,0.0,0.0,589376
2024-09-29 01:00:00,00000000270,20240929010000,0.076,0.0,0.052,0.0,0.0,0.0,1.0,0.0,68.42,4,0.0,0.0,589376
2024-09-29 02:00:00,00000000270,20240929020000,0.091,0.001,0.051,0.0,0.0,0.0,1.0,1.1,56.04,4,0.0,0.0,589376
2024-09-29 03:00:00,00000000270,20240929030000,0.094,0.0,0.052,0.0,0.0,0.0,1.0,0.0,55.32,4,0.0,0.0,589376
2024-09-29 04:00:00,00000000270,20240929040000,0.07,0.001,0.059,0.0,0.0,0.0,1.0,1.43,84.29,4,0.0,0.0,589376
2024-09-29 05:00:00,00000000270,20240929050000,0.066,0.0,0.06,0.0,0.0,0.0,1.0,0.0,90.91,4,0.0,0.0,589376
2024-09-29 06:00:00,00000000270,20240929060000,0.867,0.222,0.034,0.0,0.0,0.0,1.0,25.61,3.92,4,0.0,0.0,589376
2024-09-29 07:00:00,00000000270,20240929070000,0.197,0.456,0.022,0.0,0.0,0.0,1.0,231.47,11.17,4,0.0,0.0,589376
2024-09-29 08:00:00,00000000270,20240929080000,0.231,0.147,0.034,0.0,0.0,0.0,1.0,63.64,14.72,4,0.0,0.0,589376
2024-09-29 09:00:00,00000000270,20240929090000,0.224,0.079,0.043,0.0,0.0,0.0,1.0,35.27,19.2,4,0.0,0.0,589376
2024-09-29 10:00:00,00000000270,20240929100000,0.237,0.179,0.024,0.0,0.0,0.0,1.0,75.53,10.13,4,0.0,0.0,589376
2024-09-29 11:00:00,00000000270,20240929110000,0.422,0.0,0.056,0.0,0.0,0.0,1.0,0.0,13.27,4,0.0,0.0,589376
2024-09-29 12:00:00,00000000270,20240929120000,0.155,0.001,0.065,0.0,0.0,0.0,1.0,0.65,41.94,4,0.0,0.0,589376
2024-09-29 13:00:00,00000000270,20240929130000,0.221,0.0,0.065,0.0,0.0,0.0,1.0,0.0,29.41,4,0.0,0.0,589376
2024-09-29 14:00:00,00000000270,20240929140000,0.107,0.001,0.061,0.0,0.0,0.0,1.0,0.93,57.01,4,0.0,0.0,589376
2024-09-29 15:00:00,00000000270,20240929150000,0.093,0.0,0.061,0.0,0.0,0.0,1.0,0.0,65.59,4,0.0,0.0,589376
2024-09-29 16:00:00,00000000270,20240929160000,0.087,0.001,0.056,0.0,0.0,0.0,1.0,1.15,64.37,4,0.0,0.0,589376
2024-09-29 17:00:00,00000000270,20240929170000,0.118,0.0,0.042,0.0,0.0,0.0,1.0,0.0,35.59,4,0.0,0.0,589376
2024-09-29 18:00:00,00000000270,20240929180000,0.249,0.001,0.048,0.0,0.0,0.0,1.0,0.4,19.28,4,0.0,0.0,589376
2024-09-29 19:00:00,00000000270,20240929190000,0.091,0.0,0.054,0.0,0.0,0.0,1.0,0.0,59.34,4,0.0,0.0,589376
2024-09-29 20:00:00,00000000270,20240929200000,0.113,0.006,0.054,0.0,0.0,0.0,1.0,5.31,47.79,4,0.0,0.0,589376
2024-09-29 21:00:00,00000000270,20240929210000,0.283,0.0,0.054,0.0,0.0,0.0,1.0,0.0,19.08,4,0.0,0.0,589376
2024-09-29 22:00:00,00000000270,20240929220000,0.14,0.001,0.057,0.0,0.0,0.0,1.0,0.71,40.71,4,0.0,0.0,589376
2024-09-29 23:00:00,00000000270,20240929230000,0.128,0.0,0.06,0.0,0.0,0.0,1.0,0.0,46.88,4,0.0,0.0,589376
2024-09-30 00:00:00,00000000270,20240930000000,0.118,0.001,0.052,0.0,0.0,0.0,1.0,0.85,44.07,4,0.0,0.0,589376
2024-09-30 01:00:00,00000000270,20240930010000,0.088,0.0,0.052,0.0,0.0,0.0,1.0,0.0,59.09,4,0.0,0.0,589376
2024-09-30 02:00:00,00000000270,20240930020000,0.082,0.001,0.054,0.0,0.0,0.0,1.0,1.22,65.85,4,0.0,0.0,589376
2024-09-30 03:00:00,00000000270,20240930030000,0.089,0.0,0.054,0.0,0.0,0.0,1.0,0.0,60.67,4,0.0,0.0,589376
2024-09-30 04:00:00,00000000270,20240930040000,0.082,0.001,0.059,0.0,0.0,0.0,1.0,1.22,71.95,4,0.0,0.0,589376
2024-09-30 05:00:00,00000000270,20240930050000,0.067,0.0,0.059,0.0,0.0,0.0,1.0,0.0,88.06,4,0.0,0.0,589376
2024-09-30 06:00:00,00000000270,20240930060000,0.087,0.004,0.043,0.0,0.0,0.0,1.0,4.6,49.43,4,0.0,0.0,589376
2024-09-30 07:00:00,00000000270,20240930070000,0.097,0.005,0.047,0.0,0.0,0.0,1.0,5.15,48.45,4,0.0,0.0,589376
2024-09-30 08:00:00,00000000270,20240930080000,0.081,0.001,0.055,0.0,0.0,0.0,1.0,1.23,67.9,4,0.0,0.0,589376
2024-09-30 09:00:00,00000000270,20240930090000,0.104,0.0,0.052,0.0,0.0,0.0,1.0,0.0,50.0,4,0.0,0.0,589376
2024-09-30 10:00:00,00000000270,20240930100000,0.129,0.001,0.054,0.0,0.0,0.0,1.0,0.78,41.86,4,0.0,0.0,589376
2024-09-30 11:00:00,00000000270,20240930110000,0.142,0.0,0.055,0.0,0.0,0.0,1.0,0.0,38.73,4,0.0,0.0,589376
2024-09-30 12:00:00,00000000270,20240930120000,0.081,0.001,0.059,0.0,0.0,0.0,1.0,1.23,72.84,4,0.0,0.0,589376
2024-09-30 13:00:00,00000000270,20240930130000,0.083,0.0,0.056,0.0,0.0,0.0,1.0,0.0,67.47,4,0.0,0.0,589376
2024-09-30 14:00:00,00000000270,20240930140000,0.095,0.001,0.053,0.0,0.0,0.0,1.0,1.05,55.79,4,0.0,0.0,589376
2024-09-30 15:00:00,00000000270,20240930150000,0.08,0.0,0.053,0.0,0.0,0.0,1.0,0.0,66.25,4,0.0,0.0,589376
2024-09-30 16:00:00,00000000270,20240930160000,0.084,0.001,0.053,0.0,0.0,0.0,1.0,1.19,63.1,4,0.0,0.0,589376
2024-09-30 17:00:00,00000000270,20240930170000,0.098,0.0,0.051,0.0,0.0,0.0,1.0,0.0,52.04,4,0.0,0.0,589376
2024-09-30 18:00:00,00000000270,20240930180000,0.1,0.001,0.061,0.0,0.0,0.0,1.0,1.0,61.0,4,0.0,0.0,589376
2024-09-30 19:00:00,00000000270,20240930190000,0.212,0.0,0.059,0.0,0.0,0.0,1.0,0.0,27.83,4,0.0,0.0,589376
2024-09-30 20:00:00,00000000270,20240930200000,0.106,0.001,0.058,0.0,0.0,0.0,1.0,0.94,54.72,4,0.0,0.0,589376
2024-09-30 21:00:00,00000000270,20240930210000,0.105,0.0,0.05,0.0,0.0,0.0,1.0,0.0,47.62,4,0.0,0.0,589376
2024-09-30 22:00:00,00000000270,20240930220000,0.093,0.001,0.049,0.0,0.0,0.0,1.0,1.08,52.69,4,0.0,0.0,589376
2024-09-30 23:00:00,00000000270,20240930230000,0.168,0.0,0.053,0.0,0.0,0.0,1.0,0.0,31.55,4,0.0,0.0,589376
2024-10-01 00:00:00,00000000270,20241001000000,0.131,0.001,0.049,0.0,0.0,0.0,1.0,0.76,37.4,4,0.0,0.0,589376
2024-10-01 01:00:00,00000000270,20241001010000,0.072,0.0,0.055,0.0,0.0,0.0,1.0,0.0,76.39,4,0.0,0.0,589376
2024-10-01 02:00:00,00000000270,20241001020000,0.089,0.001,0.053,0.0,0.0,0.0,1.0,1.12,59.55,4,0.0,0.0,589376
2024-10-01 03:00:00,00000000270,20241001030000,0.081,0.0,0.058,0.0,0.0,0.0,1.0,0.0,71.6,4,0.0,0.0,589376
2024-10-01 04:00:00,00000000270,20241001040000,0.07,0.001,0.064,0.0,0.0,0.0,1.0,1.43,91.43,4,0.0,0.0,589376
2024-10-01 05:00:00,00000000270,20241001050000,0.112,0.005,0.049,0.0,0.0,0.0,1.0,4.46,43.75,4,0.0,0.0,589376
2024-10-01 06:00:00,00000000270,20241001060000,0.101,0.001,0.056,0.0,0.0,0.0,1.0,0.99,55.45,4,0.0,0.0,589376
2024-10-01 07:00:00,00000000270,20241001070000,0.085,0.0,0.054,0.0,0.0,0.0,1.0,0.0,63.53,4,0.0,0.0,589376
2024-10-01 08:00:00,00000000270,20241001080000,0.07,0.0,0.056,0.0,0.0,0.0,1.0,0.0,80.0,4,0.0,0.0,589376
2024-10-01 09:00:00,00000000270,20241001090000,0.073,0.001,0.057,0.0,0.0,0.0,1.0,1.37,78.08,4,0.0,0.0,589376
2024-10-01 10:00:00,00000000270,20241001100000,0.073,0.001,0.062,0.0,0.0,0.0,1.0,1.37,84.93,4,0.0,0.0,589376
2024-10-01 11:00:00,00000000270,20241001110000,0.079,0.0,0.059,0.0,0.0,0.0,1.0,0.0,74.68,4,0.0,0.0,589376
2024-10-01 12:00:00,00000000270,20241001120000,0.07,0.001,0.056,0.0,0.0,0.0,1.0,1.43,80.0,4,0.0,0.0,589376
2024-10-01 13:00:00,00000000270,20241001130000,0.16,0.0,0.056,0.0,0.0,0.0,1.0,0.0,35.0,4,0.0,0.0,589376
2024-10-01 14:00:00,00000000270,20241001140000,0.125,0.001,0.049,0.0,0.0,0.0,1.0,0.8,39.2,4,0.0,0.0,589376
2024-10-01 15:00:00,00000000270,20241001150000,0.075,0.0,0.054,0.0,0.0,0.0,1.0,0.0,72.0,4,0.0,0.0,589376
2024-10-01 16:00:00,00000000270,20241001160000,0.088,0.001,0.056,0.0,0.0,0.0,1.0,1.14,63.64,4,0.0,0.0,589376
2024-10-01 17:00:00,00000000270,20241001170000,0.074,0.0,0.058,0.0,0.0,0.0,1.0,0.0,78.38,4,0.0,0.0,589376
2024-10-01 18:00:00,00000000270,20241001180000,0.068,0.0,0.056,0.0,0.0,0.0,1.0,0.0,82.35,4,0.0,0.0,589376
2024-10-01 19:00:00,00000000270,20241001190000,0.095,0.001,0.056,0.0,0.0,0.0,1.0,1.05,58.95,4,0.0,0.0,589376
2024-10-01 20:00:00,00000000270,20241001200000,0.107,0.0,0.06,0.0,0.0,0.0,1.0,0.0,56.07,4,0.0,0.0,589376
2024-10-01 21:00:00,00000000270,20241001210000,0.098,0.001,0.053,0.0,0.0,0.0,1.0,1.02,54.08,4,0.0,0.0,589376
2024-10-01 22:00:00,00000000270,20241001220000,0.088,0.001,0.054,0.0,0.0,0.0,1.0,1.14,61.36,4,0.0,0.0,589376
2024-10-01 23:00:00,00000000270,20241001230000,0.072,0.0,0.056,0.0,0.0,0.0,1.0,0.0,77.78,4,0.0,0.0,589376
2024-10-02 00:00:00,00000000270,20241002000000,0.085,0.001,0.059,0.0,0.0,0.0,1.0,1.18,69.41,4,0.0,0.0,589376
2024-10-02 01:00:00,00000000270,20241002010000,0.095,0.0,0.058,0.0,0.0,0.0,1.0,0.0,61.05,4,0.0,0.0,589376
2024-10-02 02:00:00,00000000270,20241002020000,0.084,0.001,0.059,0.0,0.0,0.0,1.0,1.19,70.24,4,0.0,0.0,589376
2024-10-02 03:00:00,00000000270,20241002030000,0.072,0.0,0.061,0.0,0.0,0.0,1.0,0.0,84.72,4,0.0,0.0,589376
2024-10-02 04:00:00,00000000270,20241002040000,0.062,0.001,0.059,0.0,0.0,0.0,1.0,1.61,95.16,4,0.0,0.0,589376
2024-10-02 05:00:00,00000000270,20241002050000,0.069,0.0,0.057,0.0,0.0,0.0,1.0,0.0,82.61,4,0.0,0.0,589376
2024-10-02 06:00:00,00000000270,20241002060000,0.077,0.001,0.056,0.0,0.0,0.0,1.0,1.3,72.73,4,0.0,0.0,589376
2024-10-02 07:00:00,00000000270,20241002070000,0.083,0.0,0.057,0.0,0.0,0.0,1.0,0.0,68.67,4,0.0,0.0,589376
2024-10-02 08:00:00,00000000270,20241002080000,0.081,0.001,0.057,0.0,0.0,0.0,1.0,1.23,70.37,4,0.0,0.0,589376
2024-10-02 09:00:00,00000000270,20241002090000,0.065,0.001,0.056,0.0,0.0,0.0,1.0,1.54,86.15,4,0.0,0.0,589376
2024-10-02 10:00:00,00000000270,20241002100000,0.056,0.0,0.062,0.0,0.0,0.0,1.0,0.0,110.71,4,0.0,0.0,589376
2024-10-02 11:00:00,00000000270,20241002110000,0.074,0.001,0.06,0.0,0.0,0.0,1.0,1.35,81.08,4,0.0,0.0,589376
2024-10-02 12:00:00,00000000270,20241002120000,0.079,0.0,0.056,0.0,0.0,0.0,1.0,0.0,70.89,4,0.0,0.0,589376
2024-10-02 13:00:00,00000000270,20241002130000,0.084,0.001,0.054,0.0,0.0,0.0,1.0,1.19,64.29,4,0.0,0.0,589376
2024-10-02 14:00:00,00000000270,20241002140000,0.071,0.0,0.055,0.0,0.0,0.0,1.0,0.0,77.46,4,0.0,0.0,589376
2024-10-02 15:00:00,00000000270,20241002150000,0.073,0.001,0.055,0.0,0.0,0.0,1.0,1.37,75.34,4,0.0,0.0,589376
2024-10-02 16:00:00,00000000270,20241002160000,0.061,0.0,0.062,0.0,0.0,0.0,1.0,0.0,101.64,4,0.0,0.0,589376
2024-10-02 17:00:00,00000000270,20241002170000,0.074,0.001,0.06,0.0,0.0,0.0,1.0,1.35,81.08,4,0.0,0.0,589376
2024-10-02 18:00:00,00000000270,20241002180000,0.113,0.0,0.043,0.0,0.0,0.0,1.0,0.0,38.05,4,0.0,0.0,589376
2024-10-02 19:00:00,00000000270,20241002190000,0.093,0.001,0.051,0.0,0.0,0.0,1.0,1.08,54.84,4,0.0,0.0,589376
2024-10-02 20:00:00,00000000270,20241002200000,0.094,0.0,0.057,0.0,0.0,0.0,1.0,0.0,60.64,4,0.0,0.0,589376
2024-10-02 21:00:00,00000000270,20241002210000,0.099,0.001,0.063,0.0,0.0,0.0,1.0,1.01,63.64,4,0.0,0.0,589376
2024-10-02 22:00:00,00000000270,20241002220000,0.077,0.0,0.062,0.0,0.0,0.0,1.0,0.0,80.52,4,0.0,0.0,589376
2024-10-02 23:00:00,00000000270,20241002230000,0.092,0.001,0.056,0.0,0.0,0.0,1.0,1.09,60.87,4,0.0,0.0,589376
2024-10-03 00:00:00,00000000270,20241003000000,0.06,0.0,0.059,0.0,0.0,0.0,1.0,0.0,98.33,4,0.0,0.0,589376
2024-10-03 01:00:00,00000000270,20241003010000,0.073,0.001,0.054,0.0,0.0,0.0,1.0,1.37,73.97,4,0.0,0.0,589376
2024-10-03 02:00:00,00000000270,20241003020000,0.077,0.0,0.056,0.0,0.0,0.0,1.0,0.0,72.73,4,0.0,0.0,589376
2024-10-03 03:00:00,00000000270,20241003030000,0.075,0.001,0.055,0.0,0.0,0.0,1.0,1.33,73.33,4,0.0,0.0,589376
2024-10-03 04:00:00,00000000270,20241003040000,0.08,0.0,0.054,0.0,0.0,0.0,1.0,0.0,67.5,4,0.0,0.0,589376
2024-10-03 05:00:00,00000000270,20241003050000,0.078,0.001,0.059,0.0,0.0,0.0,1.0,1.28,75.64,4,0.0,0.0,589376
2024-10-03 06:00:00,00000000270,20241003060000,0.055,0.001,0.063,0.0,0.0,0.0,1.0,1.82,114.55,4,0.0,0.0,589376
2024-10-03 07:00:00,00000000270,20241003070000,0.079,0.0,0.061,0.0,0.0,0.0,1.0,0.0,77.22,4,0.0,0.0,589376
2024-10-03 08:00:00,00000000270,20241003080000,0.071,0.001,0.055,0.0,0.0,0.0,1.0,1.41,77.46,4,0.0,0.0,589376
2024-10-03 09:00:00,00000000270,20241003090000,0.069,0.0,0.055,0.0,0.0,0.0,1.0,0.0,79.71,4,0.0,0.0,589376
2024-10-03 10:00:00,00000000270,20241003100000,0.082,0.001,0.054,0.0,0.0,0.0,1.0,1.22,65.85,4,0.0,0.0,589376
2024-10-03 11:00:00,00000000270,20241003110000,0.073,0.0,0.061,0.0,0.0,0.0,1.0,0.0,83.56,4,0.0,0.0,589376
2024-10-03 12:00:00,00000000270,20241003120000,0.066,0.001,0.06,0.0,0.0,0.0,1.0,1.52,90.91,4,0.0,0.0,589376
2024-10-03 13:00:00,00000000270,20241003130000,0.07,0.0,0.055,0.0,0.0,0.0,1.0,0.0,78.57,4,0.0,0.0,589376
2024-10-03 14:00:00,00000000270,20241003140000,0.129,0.001,0.053,0.0,0.0,0.0,1.0,0.78,41.09,4,0.0,0.0,589376
2024-10-03 15:00:00,00000000270,20241003150000,0.157,0.0,0.05,0.0,0.0,0.0,1.0,0.0,31.85,4,0.0,0.0,589376
2024-10-03 16:00:00,00000000270,20241003160000,0.087,0.001,0.056,0.0,0.0,0.0,1.0,1.15,64.37,4,0.0,0.0,589376
2024-10-03 17:00:00,00000000270,20241003170000,0.068,0.0,0.062,0.0,0.0,0.0,1.0,0.0,91.18,4,0.0,0.0,589376
2024-10-03 18:00:00,00000000270,20241003180000,0.086,0.001,0.056,0.0,0.0,0.0,1.0,1.16,65.12,4,0.0,0.0,589376
2024-10-03 19:00:00,00000000270,20241003190000,0.094,0.0,0.052,0.0,0.0,0.0,1.0,0.0,55.32,4,0.0,0.0,589376
2024-10-03 20:00:00,00000000270,20241003200000,0.109,0.001,0.059,0.0,0.0,0.0,1.0,0.92,54.13,4,0.0,0.0,589376
2024-10-03 21:00:00,00000000270,20241003210000,0.081,0.0,0.055,0.0,0.0,0.0,1.0,0.0,67.9,4,0.0,0.0,589376
2024-10-03 22:00:00,00000000270,20241003220000,0.071,0.001,0.054,0.0,0.0,0.0,1.0,1.41,76.06,4,0.0,0.0,589376
2024-10-03 23:00:00,00000000270,20241003230000,0.086,0.0,0.057,0.0,0.0,0.0,1.0,0.0,66.28,4,0.0,0.0,589376
2024-10-04 00:00:00,00000000270,20241004000000,0.102,0.001,0.062,0.0,0.0,0.0,1.0,0.98,60.78,4,0.0,0.0,589376
2024-10-04 01:00:00,00000000270,20241004010000,0.075,0.0,0.06,0.0,0.0,0.0,1.0,0.0,80.0,4,0.0,0.0,589376
2024-10-04 02:00:00,00000000270,20241004020000,0.067,0.001,0.058,0.0,0.0,0.0,1.0,1.49,86.57,4,0.0,0.0,589376
2024-10-04 03:00:00,00000000270,20241004030000,0.077,0.0,0.055,0.0,0.0,0.0,1.0,0.0,71.43,4,0.0,0.0,589376
2024-10-04 04:00:00,00000000270,20241004040000,0.074,0.001,0.056,0.0,0.0,0.0,1.0,1.35,75.68,4,0.0,0.0,589376
2024-10-04 05:00:00,00000000270,20241004050000,0.159,0.0,0.055,0.0,0.0,0.0,1.0,0.0,34.59,4,0.0,0.0,589376
2024-10-04 06:00:00,00000000270,20241004060000,0.12,0.001,0.051,0.0,0.0,0.0,1.0,0.83,42.5,4,0.0,0.0,589376
2024-10-04 07:00:00,00000000270,20241004070000,0.061,0.0,0.063,0.0,0.0,0.0,1.0,0.0,103.28,4,0.0,0.0,589376
2024-10-04 08:00:00,00000000270,20241004080000,0.084,0.001,0.06,0.0,0.0,0.0,1.0,1.19,71.43,4,0.0,0.0,589376
2024-10-04 09:00:00,00000000270,20241004090000,0.086,0.0,0.053,0.0,0.0,0.0,1.0,0.0,61.63,4,0.0,0.0,589376
2024-10-04 10:00:00,00000000270,20241004100000,0.07,0.001,0.054,0.0,0.0,0.0,1.0,1.43,77.14,4,0.0,0.0,589376
2024-10-04 11:00:00,00000000270,20241004110000,0.074,0.0,0.055,0.0,0.0,0.0,1.0,0.0,74.32,4,0.0,0.0,589376
2024-10-04 12:00:00,00000000270,20241004120000,0.088,0.001,0.06,0.0,0.0,0.0,1.0,1.14,68.18,4,0.0,0.0,589376
2024-10-04 13:00:00,00000000270,20241004130000,0.092,0.0,0.065,0.0,0.0,0.0,1.0,0.0,70.65,4,0.0,0.0,589376
2024-10-04 14:00:00,00000000270,20241004140000,0.082,0.001,0.055,0.0,0.0,0.0,1.0,1.22,67.07,4,0.0,0.0,589376
2024-10-04 15:00:00,00000000270,20241004150000,0.078,0.0,0.053,0.0,0.0,0.0,1.0,0.0,67.95,4,0.0,0.0,589376
2024-10-04 16:00:00,00000000270,20241004160000,0.078,0.001,0.053,0.0,0.0,0.0,1.0,1.28,67.95,4,0.0,0.0,589376
2024-10-04 17:00:00,00000000270,20241004170000,0.079,0.0,0.054,0.0,0.0,0.0,1.0,0.0,68.35,4,0.0,0.0,589376
2024-10-04 18:00:00,00000000270,20241004180000,0.097,0.001,0.058,0.0,0.0,0.0,1.0,1.03,59.79,4,0.0,0.0,589376
2024-10-04 19:00:00,00000000270,20241004190000,0.1,0.0,0.063,0.0,0.0,0.0,1.0,0.0,63.0,4,0.0,0.0,589376
2024-10-04 20:00:00,00000000270,20241004200000,0.114,0.0,0.049,0.0,0.0,0.0,1.0,0.0,42.98,4,0.0,0.0,589376
2024-10-04 21:00:00,00000000270,20241004210000,0.085,0.001,0.054,0.0,0.0,0.0,1.0,1.18,63.53,4,0.0,0.0,589376
2024-10-04 22:00:00,00000000270,20241004220000,0.094,0.0,0.05,0.0,0.0,0.0,1.0,0.0,53.19,4,0.0,0.0,589376
2024-10-04 23:00:00,00000000270,20241004230000,0.067,0.001,0.059,0.0,0.0,0.0,1.0,1.49,88.06,4,0.0,0.0,589376
2024-10-05 00:00:00,00000000270,20241005000000,0.065,0.0,0.061,0.0,0.0,0.0,1.0,0.0,93.85,4,0.0,0.0,589376
2024-10-05 01:00:00,00000000270,20241005010000,0.089,0.001,0.058,0.0,0.0,0.0,1.0,1.12,65.17,4,0.0,0.0,589376
2024-10-05 02:00:00,00000000270,20241005020000,0.101,0.0,0.058,0.0,0.0,0.0,1.0,0.0,57.43,4,0.0,0.0,589376
2024-10-05 03:00:00,00000000270,20241005030000,0.107,0.001,0.056,0.0,0.0,0.0,1.0,0.93,52.34,4,0.0,0.0,589376
2024-10-05 04:00:00,00000000270,20241005040000,0.083,0.0,0.065,0.0,0.0,0.0,1.0,0.0,78.31,4,0.0,0.0,589376
2024-10-05 05:00:00,00000000270,20241005050000,0.081,0.001,0.06,0.0,0.0,0.0,1.0,1.23,74.07,4,0.0,0.0,589376
2024-10-05 06:00:00,00000000270,20241005060000,0.09,0.0,0.054,0.0,0.0,0.0,1.0,0.0,60.0,4,0.0,0.0,589376
2024-10-05 07:00:00,00000000270,20241005070000,0.09,0.001,0.056,0.0,0.0,0.0,1.0,1.11,62.22,4,0.0,0.0,589376
2024-10-05 08:00:00,00000000270,20241005080000,0.079,0.0,0.065,0.0,0.0,0.0,1.0,0.0,82.28,4,0.0,0.0,589376
2024-10-05 09:00:00,00000000270,20241005090000,0.09,0.001,0.056,0.0,0.0,0.0,1.0,1.11,62.22,4,0.0,0.0,589376
2024-10-05 10:00:00,00000000270,20241005100000,0.099,0.0,0.059,0.0,0.0,0.0,1.0,0.0,59.6,4,0.0,0.0,589376
2024-10-05 11:00:00,00000000270,20241005110000,0.142,0.0,0.056,0.0,0.0,0.0,1.0,0.0,39.44,4,0.0,0.0,589376
2024-10-05 12:00:00,00000000270,20241005120000,0.074,0.001,0.065,0.0,0.0,0.0,1.0,1.35,87.84,4,0.0,0.0,589376
2024-10-05 13:00:00,00000000270,20241005130000,0.393,0.0,0.041,0.0,0.0,0.0,1.0,0.0,10.43,4,0.0,0.0,589376
2024-10-05 14:00:00,00000000270,20241005140000,0.159,0.022,0.045,0.0,0.0,0.0,1.0,13.84,28.3,4,0.0,0.0,589376
2024-10-05 15:00:00,00000000270,20241005150000,0.208,0.245,0.022,0.0,0.0,0.0,1.0,117.79,10.58,4,0.0,0.0,589376
2024-10-05 16:00:00,00000000270,20241005160000,0.12,0.019,0.045,0.0,0.0,0.0,1.0,15.83,37.5,4,0.0,0.0,589376
2024-10-05 17:00:00,00000000270,20241005170000,0.21,0.001,0.049,0.0,0.0,0.0,1.0,0.48,23.33,4,0.0,0.0,589376
2024-10-05 18:00:00,00000000270,20241005180000,0.087,0.0,0.053,0.0,0.0,0.0,1.0,0.0,60.92,4,0.0,0.0,589376
2024-10-05 19:00:00,00000000270,20241005190000,0.295,0.001,0.052,0.0,0.0,0.0,1.0,0.34,17.63,4,0.0,0.0,589376
2024-10-05 20:00:00,00000000270,20241005200000,0.1,0.0,0.054,0.0,0.0,0.0,1.0,0.0,54.0,4,0.0,0.0,589376
2024-10-05 21:00:00,00000000270,20241005210000,0.103,0.001,0.062,0.0,0.0,0.0,1.0,0.97,60.19,4,0.0,0.0,589376
2024-10-05 22:00:00,00000000270,20241005220000,0.108,0.0,0.063,0.0,0.0,0.0,1.0,0.0,58.33,4,0.0,0.0,589376
2024-10-05 23:00:00,00000000270,20241005230000,0.091,0.001,0.058,0.0,0.0,0.0,1.0,1.1,63.74,4,0.0,0.0,589376
2024-10-06 00:00:00,00000000270,20241006000000,0.082,0.0,0.054,0.0,0.0,0.0,1.0,0.0,65.85,4,0.0,0.0,589376
2024-10-06 01:00:00,00000000270,20241006010000,0.085,0.001,0.053,0.0,0.0,0.0,1.0,1.18,62.35,4,0.0,0.0,589376
2024-10-06 02:00:00,00000000270,20241006020000,0.085,0.0,0.056,0.0,0.0,0.0,1.0,0.0,65.88,4,0.0,0.0,589376
2024-10-06 03:00:00,00000000270,20241006030000,0.079,0.0,0.054,0.0,0.0,0.0,1.0,0.0,68.35,4,0.0,0.0,589376
2024-10-06 04:00:00,00000000270,20241006040000,0.078,0.001,0.054,0.0,0.0,0.0,1.0,1.28,69.23,4,0.0,0.0,589376
2024-10-06 05:00:00,00000000270,20241006050000,0.078,0.0,0.054,0.0,0.0,0.0,1.0,0.0,69.23,4,0.0,0.0,589376
2024-10-06 06:00:00,00000000270,20241006060000,0.164,0.001,0.054,0.0,0.0,0.0,1.0,0.61,32.93,4,0.0,0.0,589376
2024-10-06 07:00:00,00000000270,20241006070000,0.139,0.0,0.049,0.0,0.0,0.0,1.0,0.0,35.25,4,0.0,0.0,589376
2024-10-06 08:00:00,00000000270,20241006080000,0.087,0.001,0.057,0.0,0.0,0.0,1.0,1.15,65.52,4,0.0,0.0,589376
2024-10-06 09:00:00,00000000270,20241006090000,0.072,0.0,0.059,0.0,0.0,0.0,1.0,0.0,81.94,4,0.0,0.0,589376
2024-10-06 10:00:00,00000000270,20241006100000,0.082,0.001,0.056,0.0,0.0,0.0,1.0,1.22,68.29,4,0.0,0.0,589376
2024-10-06 11:00:00,00000000270,20241006110000,0.168,0.0,0.052,0.0,0.0,0.0,1.0,0.0,30.95,4,0.0,0.0,589376
2024-10-06 12:00:00,00000000270,20241006120000,0.354,0.001,0.042,0.0,0.0,0.0,1.0,0.28,11.86,4,0.0,0.0,589376
2024-10-06 13:00:00,00000000270,20241006130000,0.137,0.0,0.055,0.0,0.0,0.0,1.0,0.0,40.15,4,0.0,0.0,589376
2024-10-06 14:00:00,00000000270,20241006140000,0.126,0.001,0.057,0.0,0.0,0.0,1.0,0.79,45.24,4,0.0,0.0,589376
2024-10-06 15:00:00,00000000270,20241006150000,0.076,0.0,0.056,0.0,0.0,0.0,1.0,0.0,73.68,4,0.0,0.0,589376
2024-10-06 16:00:00,00000000270,20241006160000,0.223,0.0,0.043,0.0,0.0,0.0,1.0,0.0,19.28,4,0.0,0.0,589376
2024-10-06 17:00:00,00000000270,20241006170000,0.093,0.001,0.049,0.0,0.0,0.0,1.0,1.08,52.69,4,0.0,0.0,589376
2024-10-06 18:00:00,00000000270,20241006180000,0.085,0.0,0.054,0.0,0.0,0.0,1.0,0.0,63.53,4,0.0,0.0,589376
2024-10-06 19:00:00,00000000270,20241006190000,0.091,0.001,0.053,0.0,0.0,0.0,1.0,1.1,58.24,4,0.0,0.0,589376
2024-10-06 20:00:00,00000000270,20241006200000,0.231,0.0,0.038,0.0,0.0,0.0,1.0,0.0,16.45,4,0.0,0.0,589376
2024-10-06 21:00:00,00000000270,20241006210000,0.128,0.001,0.046,0.0,0.0,0.0,1.0,0.78,35.94,4,0.0,0.0,589376
2024-10-06 22:00:00,00000000270,20241006220000,0.102,0.0,0.051,0.0,0.0,0.0,1.0,0.0,50.0,4,0.0,0.0,589376
2024-10-06 23:00:00,00000000270,20241006230000,0.095,0.001,0.057,0.0,0.0,0.0,1.0,1.05,60.0,4,0.0,0.0,589376
2024-10-07 00:00:00,00000000270,20241007000000,0.11,0.0,0.063,0.0,0.0,0.0,1.0,0.0,57.27,4,0.0,0.0,589376
2024-10-07 01:00:00,00000000270,20241007010000,0.104,0.001,0.065,0.0,0.0,0.0,1.0,0.96,62.5,4,0.0,0.0,589376
2024-10-07 02:00:00,00000000270,20241007020000,0.08,0.0,0.055,0.0,0.0,0.0,1.0,0.0,68.75,4,0.0,0.0,589376
2024-10-07 03:00:00,00000000270,20241007030000,0.082,0.001,0.054,0.0,0.0,0.0,1.0,1.22,65.85,4,0.0,0.0,589376
2024-10-07 04:00:00,00000000270,20241007040000,0.089,0.0,0.052,0.0,0.0,0.0,1.0,0.0,58.43,4,0.0,0.0,589376
2024-10-07 05:00:00,00000000270,20241007050000,0.094,0.001,0.052,0.0,0.0,0.0,1.0,1.06,55.32,4,0.0,0.0,589376
2024-10-07 06:00:00,00000000270,20241007060000,0.082,0.0,0.062,0.0,0.0,0.0,1.0,0.0,75.61,4,0.0,0.0,589376
2024-10-07 07:00:00,00000000270,20241007070000,0.069,0.001,0.063,0.0,0.0,0.0,1.0,1.45,91.3,4,0.0,0.0,589376
2024-10-07 08:00:00,00000000270,20241007080000,0.079,0.0,0.052,0.0,0.0,0.0,1.0,0.0,65.82,4,0.0,0.0,589376
2024-10-07 09:00:00,00000000270,20241007090000,0.082,0.001,0.052,0.0,0.0,0.0,1.0,1.22,63.41,4,0.0,0.0,589376
2024-10-07 10:00:00,00000000270,20241007100000,0.094,0.0,0.05,0.0,0.0,0.0,1.0,0.0,53.19,4,0.0,0.0,589376
2024-10-07 11:00:00,00000000270,20241007110000,0.071,0.001,0.058,0.0,0.0,0.0,1.0,1.41,81.69,4,0.0,0.0,589376
2024-10-07 12:00:00,00000000270,20241007120000,0.061,0.0,0.062,0.0,0.0,0.0,1.0,0.0,101.64,4,0.0,0.0,589376
2024-10-07 13:00:00,00000000270,20241007130000,0.077,0.0,0.053,0.0,0.0,0.0,1.0,0.0,68.83,4,0.0,0.0,589376
2024-10-07 14:00:00,00000000270,20241007140000,0.094,0.001,0.049,0.0,0.0,0.0,1.0,1.06,52.13,4,0.0,0.0,589376
2024-10-07 15:00:00,00000000270,20241007150000,0.09,0.001,0.05,0.0,0.0,0.0,1.0,1.11,55.56,4,0.0,0.0,589376
2024-10-07 16:00:00,00000000270,20241007160000,0.066,0.0,0.058,0.0,0.0,0.0,1.0,0.0,87.88,4,0.0,0.0,589376
2024-10-07 17:00:00,00000000270,20241007170000,0.068,0.0,0.059,0.0,0.0,0.0,1.0,0.0,86.76,4,0.0,0.0,589376
2024-10-07 18:00:00,00000000270,20241007180000,0.204,0.001,0.052,0.0,0.0,0.0,1.0,0.49,25.49,4,0.0,0.0,589376
2024-10-07 19:00:00,00000000270,20241007190000,0.24,0.016,0.017,0.0,0.0,0.0,1.0,6.67,7.08,4,0.0,0.0,589376
2024-10-07 20:00:00,00000000270,20241007200000,0.146,0.02,0.027,0.0,0.0,0.0,1.0,13.7,18.49,4,0.0,0.0,589376
2024-10-07 21:00:00,00000000270,20241007210000,0.117,0.0,0.056,0.0,0.0,0.0,1.0,0.0,47.86,4,0.0,0.0,589376
2024-10-07 22:00:00,00000000270,20241007220000,0.143,0.001,0.07,0.0,0.0,0.0,1.0,0.7,48.95,4,0.0,0.0,589376
2024-10-07 23:00:00,00000000270,20241007230000,0.092,0.0,0.059,0.0,0.0,0.0,1.0,0.0,64.13,4,0.0,0.0,589376
2024-10-08 00:00:00,00000000270,20241008000000,0.079,0.001,0.06,0.0,0.0,0.0,1.0,1.27,75.95,4,0.0,0.0,589376
2024-10-08 01:00:00,00000000270,20241008010000,0.088,0.0,0.054,0.0,0.0,0.0,1.0,0.0,61.36,4,0.0,0.0,589376
2024-10-08 02:00:00,00000000270,20241008020000,0.079,0.001,0.054,0.0,0.0,0.0,1.0,1.27,68.35,4,0.0,0.0,589376
2024-10-08 03:00:00,00000000270,20241008030000,0.078,0.0,0.054,0.0,0.0,0.0,1.0,0.0,69.23,4,0.0,0.0,589376
2024-10-08 04:00:00,00000000270,20241008040000,0.084,0.001,0.055,0.0,0.0,0.0,1.0,1.19,65.48,4,0.0,0.0,589376
2024-10-08 05:00:00,00000000270,20241008050000,0.08,0.0,0.061,0.0,0.0,0.0,1.0,0.0,76.25,4,0.0,0.0,589376
2024-10-08 06:00:00,00000000270,20241008060000,0.069,0.001,0.057,0.0,0.0,0.0,1.0,1.45,82.61,4,0.0,0.0,589376
2024-10-08 07:00:00,00000000270,20241008070000,0.092,0.0,0.058,0.0,0.0,0.0,1.0,0.0,63.04,4,0.0,0.0,589376
2024-10-08 08:00:00,00000000270,20241008080000,0.074,0.001,0.055,0.0,0.0,0.0,1.0,1.35,74.32,4,0.0,0.0,589376
2024-10-08 09:00:00,00000000270,20241008090000,0.166,0.0,0.052,0.0,0.0,0.0,1.0,0.0,31.33,4,0.0,0.0,589376
2024-10-08 10:00:00,00000000270,20241008100000,0.131,0.001,0.056,0.0,0.0,0.0,1.0,0.76,42.75,4,0.0,0.0,589376
2024-10-08 11:00:00,00000000270,20241008110000,0.312,0.0,0.067,0.0,0.0,0.0,1.0,0.0,21.47,4,0.0,0.0,589376
2024-10-08 12:00:00,00000000270,20241008120000,0.115,0.001,0.063,0.0,0.0,0.0,1.0,0.87,54.78,4,0.0,0.0,589376
2024-10-08 13:00:00,00000000270,20241008130000,0.081,0.0,0.055,0.0,0.0,0.0,1.0,0.0,67.9,4,0.0,0.0,589376
2024-10-08 14:00:00,00000000270,20241008140000,0.096,0.001,0.051,0.0,0.0,0.0,1.0,1.04,53.12,4,0.0,0.0,589376
2024-10-08 15:00:00,00000000270,20241008150000,0.071,0.0,0.055,0.0,0.0,0.0,1.0,0.0,77.46,4,0.0,0.0,589376
2024-10-08 16:00:00,00000000270,20241008160000,0.082,0.001,0.059,0.0,0.0,0.0,1.0,1.22,71.95,4,0.0,0.0,589376
2024-10-08 17:00:00,00000000270,20241008170000,0.085,0.0,0.055,0.0,0.0,0.0,1.0,0.0,64.71,4,0.0,0.0,589376
2024-10-08 18:00:00,00000000270,20241008180000,0.14,0.001,0.07,0.0,0.0,0.0,1.0,0.71,50.0,4,0.0,0.0,589376
2024-10-08 19:00:00,00000000270,20241008190000,0.295,0.0,0.093,0.0,0.0,0.0,1.0,0.0,31.53,4,0.0,0.0,589376
2024-10-08 20:00:00,00000000270,20241008200000,0.326,0.001,0.029,0.0,0.0,0.0,1.0,0.31,8.9,4,0.0,0.0,589376
2024-10-08 21:00:00,00000000270,20241008210000,0.3,0.0,0.083,0.0,0.0,0.0,1.0,0.0,27.67,4,0.0,0.0,589376
2024-10-08 22:00:00,00000000270,20241008220000,0.352,0.001,0.123,0.0,0.0,0.0,1.0,0.28,34.94,4,0.0,0.0,589376
2024-10-08 23:00:00,00000000270,20241008230000,0.351,0.0,0.116,0.0,0.0,0.0,1.0,0.0,33.05,4,0.0,0.0,589376
2024-10-09 00:00:00,00000000270,20241009000000,0.272,0.0,0.115,0.0,0.0,0.0,1.0,0.0,42.28,4,0.0,0.0,589376
2024-10-09 01:00:00,00000000270,20241009010000,0.224,0.001,0.099,0.0,0.0,0.0,1.0,0.45,44.2,4,0.0,0.0,589376
2024-10-09 02:00:00,00000000270,20241009020000,0.152,0.0,0.075,0.0,0.0,0.0,1.0,0.0,49.34,4,0.0,0.0,589376
2024-10-09 03:00:00,00000000270,20241009030000,0.112,0.001,0.055,0.0,0.0,0.0,1.0,0.89,49.11,4,0.0,0.0,589376
2024-10-09 04:00:00,00000000270,20241009040000,0.1,0.0,0.054,0.0,0.0,0.0,1.0,0.0,54.0,4,0.0,0.0,589376
2024-10-09 05:00:00,00000000270,20241009050000,0.091,0.001,0.054,0.0,0.0,0.0,1.0,1.1,59.34,4,0.0,0.0,589376
2024-10-09 06:00:00,00000000270,20241009060000,0.093,0.0,0.058,0.0,0.0,0.0,1.0,0.0,62.37,4,0.0,0.0,589376
2024-10-09 07:00:00,00000000270,20241009070000,0.083,0.001,0.061,0.0,0.0,0.0,1.0,1.2,73.49,4,0.0,0.0,589376
2024-10-09 08:00:00,00000000270,20241009080000,0.086,0.0,0.054,0.0,0.0,0.0,1.0,0.0,62.79,4,0.0,0.0,589376
2024-10-09 09:00:00,00000000270,20241009090000,0.092,0.001,0.055,0.0,0.0,0.0,1.0,1.09,59.78,4,0.0,0.0,589376
2024-10-09 10:00:00,00000000270,20241009100000,0.086,0.0,0.053,0.0,0.0,0.0,1.0,0.0,61.63,4,0.0,0.0,589376
2024-10-09 11:00:00,00000000270,20241009110000,0.092,0.001,0.059,0.0,0.0,0.0,1.0,1.09,64.13,4,0.0,0.0,589376
2024-10-09 12:00:00,00000000270,20241009120000,0.163,0.0,0.071,0.0,0.0,0.0,1.0,0.0,43.56,4,0.0,0.0,589376
2024-10-09 13:00:00,00000000270,20241009130000,0.199,0.001,0.057,0.0,0.0,0.0,1.0,0.5,28.64,4,0.0,0.0,589376
2024-10-09 14:00:00,00000000270,20241009140000,0.122,0.0,0.051,0.0,0.0,0.0,1.0,0.0,41.8,4,0.0,0.0,589376
2024-10-09 15:00:00,00000000270,20241009150000,0.088,0.001,0.052,0.0,0.0,0.0,1.0,1.14,59.09,4,0.0,0.0,589376
2024-10-09 16:00:00,00000000270,20241009160000,0.117,0.0,0.062,0.0,0.0,0.0,1.0,0.0,52.99,4,0.0,0.0,589376
2024-10-09 17:00:00,00000000270,20241009170000,0.118,0.001,0.058,0.0,0.0,0.0,1.0,0.85,49.15,4,0.0,0.0,589376
2024-10-09 18:00:00,00000000270,20241009180000,0.21,0.0,0.036,0.0,0.0,0.0,1.0,0.0,17.14,4,0.0,0.0,589376
2024-10-09 19:00:00,00000000270,20241009190000,0.124,0.001,0.046,0.0,0.0,0.0,1.0,0.81,37.1,4,0.0,0.0,589376
2024-10-09 20:00:00,00000000270,20241009200000,0.119,0.0,0.049,0.0,0.0,0.0,1.0,0.0,41.18,4,0.0,0.0,589376
2024-10-09 21:00:00,00000000270,20241009210000,0.131,0.001,0.049,0.0,0.0,0.0,1.0,0.76,37.4,4,0.0,0.0,589376
2024-10-09 22:00:00,00000000270,20241009220000,0.104,0.0,0.049,0.0,0.0,0.0,1.0,0.0,47.12,4,0.0,0.0,589376
2024-10-09 23:00:00,00000000270,20241009230000,0.105,0.001,0.049,0.0,0.0,0.0,1.0,0.95,46.67,4,0.0,0.0,589376
2024-10-10 00:00:00,00000000270,20241010000000,0.197,0.0,0.051,0.0,0.0,0.0,1.0,0.0,25.89,4,0.0,0.0,589376
2024-10-10 01:00:00,00000000270,20241010010000,0.123,0.001,0.05,0.0,0.0,0.0,1.0,0.81,40.65,4,0.0,0.0,589376
2024-10-10 02:00:00,00000000270,20241010020000,0.09,0.0,0.057,0.0,0.0,0.0,1.0,0.0,63.33,4,0.0,0.0,589376
2024-10-10 03:00:00,00000000270,20241010030000,0.07,0.001,0.059,0.0,0.0,0.0,1.0,1.43,84.29,4,0.0,0.0,589376
2024-10-10 04:00:00,00000000270,20241010040000,0.11,0.0,0.052,0.0,0.0,0.0,1.0,0.0,47.27,4,0.0,0.0,589376
2024-10-10 05:00:00,00000000270,20241010050000,0.096,0.0,0.052,0.0,0.0,0.0,1.0,0.0,54.17,4,0.0,0.0,589376
2024-10-10 06:00:00,00000000270,20241010060000,0.105,0.001,0.051,0.0,0.0,0.0,1.0,0.95,48.57,4,0.0,0.0,589376
2024-10-10 07:00:00,00000000270,20241010070000,0.102,0.0,0.061,0.0,0.0,0.0,1.0,0.0,59.8,4,0.0,0.0,589376
2024-10-10 08:00:00,00000000270,20241010080000,0.084,0.001,0.057,0.0,0.0,0.0,1.0,1.19,67.86,4,0.0,0.0,589376
2024-10-10 09:00:00,00000000270,20241010090000,0.074,0.0,0.058,0.0,0.0,0.0,1.0,0.0,78.38,4,0.0,0.0,589376
2024-10-10 10:00:00,00000000270,20241010100000,0.09,0.001,0.051,0.0,0.0,0.0,1.0,1.11,56.67,4,0.0,0.0,589376
2024-10-10 11:00:00,00000000270,20241010110000,0.093,0.001,0.051,0.0,0.0,0.0,1.0,1.08,54.84,4,0.0,0.0,589376
2024-10-10 12:00:00,00000000270,20241010120000,0.206,0.0,0.055,0.0,0.0,0.0,1.0,0.0,26.7,4,0.0,0.0,589376
2024-10-10 13:00:00,00000000270,20241010130000,0.215,0.0,0.066,0.0,0.0,0.0,1.0,0.0,30.7,4,0.0,0.0,589376
2024-10-10 14:00:00,00000000270,20241010140000,0.312,0.001,0.064,0.0,0.0,0.0,1.0,0.32,20.51,4,0.0,0.0,589376
2024-10-10 15:00:00,00000000270,20241010150000,0.12,0.0,0.056,0.0,0.0,0.0,1.0,0.0,46.67,4,0.0,0.0,589376
2024-10-10 16:00:00,00000000270,20241010160000,0.129,0.001,0.047,0.0,0.0,0.0,1.0,0.78,36.43,4,0.0,0.0,589376
2024-10-10 17:00:00,00000000270,20241010170000,0.138,0.0,0.051,0.0,0.0,0.0,1.0,0.0,36.96,4,0.0,0.0,589376
2024-10-10 18:00:00,00000000270,20241010180000,0.158,0.001,0.053,0.0,0.0,0.0,1.0,0.63,33.54,4,0.0,0.0,589376
2024-10-10 19:00:00,00000000270,20241010190000,0.167,0.033,0.003,0.0,0.0,0.0,1.0,19.76,1.8,4,0.0,0.0,589376
2024-10-10 20:00:00,00000000270,20241010200000,0.144,0.033,0.0,0.0,0.0,0.0,1.0,22.92,0.0,4,0.0,0.0,589376
2024-10-10 21:00:00,00000000270,20241010210000,0.154,0.036,0.0,0.0,0.0,0.0,1.0,23.38,0.0,4,0.0,0.0,589376
2024-10-10 22:00:00,00000000270,20241010220000,0.202,0.04,0.0,0.0,0.0,0.0,1.0,19.8,0.0,4,0.0,0.0,589376
2024-10-10 23:00:00,00000000270,20241010230000,0.171,0.036,0.0,0.0,0.0,0.0,1.0,21.05,0.0,4,0.0,0.0,589376
2024-10-11 00:00:00,00000000270,20241011000000,0.198,0.005,0.04,0.0,0.0,0.0,1.0,2.53,20.2,4,0.0,0.0,589376
2024-10-11 01:00:00,00000000270,20241011010000,0.134,0.001,0.055,0.0,0.0,0.0,1.0,0.75,41.04,4,0.0,0.0,589376
2024-10-11 02:00:00,00000000270,20241011020000,0.097,0.0,0.056,0.0,0.0,0.0,1.0,0.0,57.73,4,0.0,0.0,589376
2024-10-11 03:00:00,00000000270,20241011030000,0.089,0.001,0.051,0.0,0.0,0.0,1.0,1.12,57.3,4,0.0,0.0,589376
2024-10-11 04:00:00,00000000270,20241011040000,0.098,0.0,0.051,0.0,0.0,0.0,1.0,0.0,52.04,4,0.0,0.0,589376
2024-10-11 05:00:00,00000000270,20241011050000,0.111,0.019,0.036,0.0,0.0,0.0,1.0,17.12,32.43,4,0.0,0.0,589376
2024-10-11 06:00:00,00000000270,20241011060000,0.101,0.005,0.042,0.0,0.0,0.0,1.0,4.95,41.58,4,0.0,0.0,589376
2024-10-11 07:00:00,00000000270,20241011070000,0.22,0.005,0.044,0.0,0.0,0.0,1.0,2.27,20.0,4,0.0,0.0,589376
2024-10-11 08:00:00,00000000270,20241011080000,0.138,0.007,0.053,0.0,0.0,0.0,1.0,5.07,38.41,4,0.0,0.0,589376
2024-10-11 09:00:00,00000000270,20241011090000,0.101,0.0,0.045,0.0,0.0,0.0,1.0,0.0,44.55,4,0.0,0.0,589376
2024-10-11 10:00:00,00000000270,20241011100000,0.102,0.001,0.051,0.0,0.0,0.0,1.0,0.98,50.0,4,0.0,0.0,589376
2024-10-11 11:00:00,00000000270,20241011110000,0.086,0.0,0.051,0.0,0.0,0.0,1.0,0.0,59.3,4,0.0,0.0,589376
2024-10-11 12:00:00,00000000270,20241011120000,0.257,0.151,0.022,0.0,0.0,0.0,1.0,58.75,8.56,4,0.0,0.0,589376
2024-10-11 13:00:00,00000000270,20241011130000,0.136,0.001,0.046,0.0,0.0,0.0,1.0,0.74,33.82,4,0.0,0.0,589376
2024-10-11 14:00:00,00000000270,20241011140000,0.117,0.0,0.047,0.0,0.0,0.0,1.0,0.0,40.17,4,0.0,0.0,589376
2024-10-11 15:00:00,00000000270,20241011150000,0.093,0.001,0.046,0.0,0.0,0.0,1.0,1.08,49.46,4,0.0,0.0,589376
2024-10-11 16:00:00,00000000270,20241011160000,0.101,0.0,0.045,0.0,0.0,0.0,1.0,0.0,44.55,4,0.0,0.0,589376
2024-10-11 17:00:00,00000000270,20241011170000,0.089,0.001,0.054,0.0,0.0,0.0,1.0,1.12,60.67,4,0.0,0.0,589376
2024-10-11 18:00:00,00000000270,20241011180000,0.093,0.0,0.045,0.0,0.0,0.0,1.0,0.0,48.39,4,0.0,0.0,589376
2024-10-11 19:00:00,00000000270,20241011190000,0.128,0.011,0.033,0.0,0.0,0.0,1.0,8.59,25.78,4,0.0,0.0,589376
2024-10-11 20:00:00,00000000270,20241011200000,0.341,0.021,0.007,0.0,0.0,0.0,1.0,6.16,2.05,4,0.0,0.0,589376
2024-10-11 21:00:00,00000000270,20241011210000,0.188,0.019,0.0,0.0,0.0,0.0,1.0,10.11,0.0,4,0.0,0.0,589376
2024-10-11 22:00:00,00000000270,20241011220000,0.171,0.015,0.001,0.0,0.0,0.0,1.0,8.77,0.58,4,0.0,0.0,589376
2024-10-11 23:00:00,00000000270,20241011230000,0.255,0.014,0.0,0.0,0.0,0.0,1.0,5.49,0.0,4,0.0,0.0,589376
2024-10-12 00:00:00,00000000270,20241012000000,0.189,0.024,0.01,0.0,0.0,0.0,1.0,12.7,5.29,4,0.0,0.0,589376
2024-10-12 01:00:00,00000000270,20241012010000,0.095,0.0,0.047,0.0,0.0,0.0,1.0,0.0,49.47,4,0.0,0.0,589376
2024-10-12 02:00:00,00000000270,20241012020000,0.106,0.001,0.046,0.0,0.0,0.0,1.0,0.94,43.4,4,0.0,0.0,589376
2024-10-12 03:00:00,00000000270,20241012030000,0.079,0.0,0.048,0.0,0.0,0.0,1.0,0.0,60.76,4,0.0,0.0,589376
2024-10-12 04:00:00,00000000270,20241012040000,0.088,0.001,0.048,0.0,0.0,0.0,1.0,1.14,54.55,4,0.0,0.0,589376
2024-10-12 05:00:00,00000000270,20241012050000,0.082,0.0,0.054,0.0,0.0,0.0,1.0,0.0,65.85,4,0.0,0.0,589376
2024-10-12 06:00:00,00000000270,20241012060000,0.067,0.001,0.052,0.0,0.0,0.0,1.0,1.49,77.61,4,0.0,0.0,589376
2024-10-12 07:00:00,00000000270,20241012070000,0.098,0.0,0.047,0.0,0.0,0.0,1.0,0.0,47.96,4,0.0,0.0,589376
2024-10-12 08:00:00,00000000270,20241012080000,0.081,0.0,0.048,0.0,0.0,0.0,1.0,0.0,59.26,4,0.0,0.0,589376
2024-10-12 09:00:00,00000000270,20241012090000,0.079,0.001,0.048,0.0,0.0,0.0,1.0,1.27,60.76,4,0.0,0.0,589376
2024-10-12 10:00:00,00000000270,20241012100000,0.099,0.0,0.045,0.0,0.0,0.0,1.0,0.0,45.45,4,0.0,0.0,589376
2024-10-12 11:00:00,00000000270,20241012110000,0.08,0.001,0.052,0.0,0.0,0.0,1.0,1.25,65.0,4,0.0,0.0,589376
2024-10-12 12:00:00,00000000270,20241012120000,0.424,0.001,0.05,0.0,0.0,0.0,1.0,0.24,11.79,4,0.0,0.0,589376
2024-10-12 13:00:00,00000000270,20241012130000,0.108,0.0,0.046,0.0,0.0,0.0,1.0,0.0,42.59,4,0.0,0.0,589376
2024-10-12 14:00:00,00000000270,20241012140000,0.091,0.0,0.047,0.0,0.0,0.0,1.0,0.0,51.65,4,0.0,0.0,589376
2024-10-12 15:00:00,00000000270,20241012150000,0.081,0.001,0.048,0.0,0.0,0.0,1.0,1.23,59.26,4,0.0,0.0,589376
2024-10-12 16:00:00,00000000270,20241012160000,0.097,0.0,0.045,0.0,0.0,0.0,1.0,0.0,46.39,4,0.0,0.0,589376
2024-10-12 17:00:00,00000000270,20241012170000,0.093,0.002,0.046,0.0,0.0,0.0,1.0,2.15,49.46,4,0.0,0.0,589376
2024-10-12 18:00:00,00000000270,20241012180000,0.091,0.006,0.043,0.0,0.0,0.0,1.0,6.59,47.25,4,0.0,0.0,589376
2024-10-12 19:00:00,00000000270,20241012190000,0.112,0.018,0.003,0.0,0.0,0.0,1.0,16.07,2.68,4,0.0,0.0,589376
2024-10-12 20:00:00,00000000270,20241012200000,0.122,0.024,0.0,0.0,0.0,0.0,1.0,19.67,0.0,4,0.0,0.0,589376
2024-10-12 21:00:00,00000000270,20241012210000,0.139,0.027,0.0,0.0,0.0,0.0,1.0,19.42,0.0,4,0.0,0.0,589376
2024-10-12 22:00:00,00000000270,20241012220000,0.139,0.027,0.0,0.0,0.0,0.0,1.0,19.42,0.0,4,0.0,0.0,589376
2024-10-12 23:00:00,00000000270,20241012230000,0.159,0.029,0.0,0.0,0.0,0.0,1.0,18.24,0.0,4,0.0,0.0,589376
2024-10-13 00:00:00,00000000270,20241013000000,0.151,0.025,0.0,0.0,0.0,0.0,1.0,16.56,0.0,4,0.0,0.0,589376
2024-10-13 01:00:00,00000000270,20241013010000,0.173,0.008,0.038,0.0,0.0,0.0,1.0,4.62,21.97,4,0.0,0.0,589376
2024-10-13 02:00:00,00000000270,20241013020000,0.122,0.001,0.047,0.0,0.0,0.0,1.0,0.82,38.52,4,0.0,0.0,589376
2024-10-13 03:00:00,00000000270,20241013030000,0.081,0.0,0.048,0.0,0.0,0.0,1.0,0.0,59.26,4,0.0,0.0,589376
2024-10-13 04:00:00,00000000270,20241013040000,0.1,0.001,0.047,0.0,0.0,0.0,1.0,1.0,47.0,4,0.0,0.0,589376
2024-10-13 05:00:00,00000000270,20241013050000,0.081,0.0,0.049,0.0,0.0,0.0,1.0,0.0,60.49,4,0.0,0.0,589376
2024-10-13 06:00:00,00000000270,20241013060000,0.079,0.001,0.049,0.0,0.0,0.0,1.0,1.27,62.03,4,0.0,0.0,589376
2024-10-13 07:00:00,00000000270,20241013070000,0.091,0.0,0.052,0.0,0.0,0.0,1.0,0.0,57.14,4,0.0,0.0,589376
2024-10-13 08:00:00,00000000270,20241013080000,0.067,0.001,0.054,0.0,0.0,0.0,1.0,1.49,80.6,4,0.0,0.0,589376
2024-10-13 09:00:00,00000000270,20241013090000,0.075,0.0,0.05,0.0,0.0,0.0,1.0,0.0,66.67,4,0.0,0.0,589376
2024-10-13 10:00:00,00000000270,20241013100000,0.089,0.001,0.048,0.0,0.0,0.0,1.0,1.12,53.93,4,0.0,0.0,589376
2024-10-13 11:00:00,00000000270,20241013110000,0.075,0.0,0.048,0.0,0.0,0.0,1.0,0.0,64.0,4,0.0,0.0,589376
2024-10-13 12:00:00,00000000270,20241013120000,0.101,0.001,0.045,0.0,0.0,0.0,1.0,0.99,44.55,4,0.0,0.0,589376
2024-10-13 13:00:00,00000000270,20241013130000,0.09,0.001,0.047,0.0,0.0,0.0,1.0,1.11,52.22,4,0.0,0.0,589376
2024-10-13 14:00:00,00000000270,20241013140000,0.101,0.0,0.053,0.0,0.0,0.0,1.0,0.0,52.48,4,0.0,0.0,589376
2024-10-13 15:00:00,00000000270,20241013150000,0.147,0.001,0.05,0.0,0.0,0.0,1.0,0.68,34.01,4,0.0,0.0,589376
2024-10-13 16:00:00,00000000270,20241013160000,0.1,0.0,0.047,0.0,0.0,0.0,1.0,0.0,47.0,4,0.0,0.0,589376
2024-10-13 17:00:00,00000000270,20241013170000,0.081,0.001,0.047,0.0,0.0,0.0,1.0,1.23,58.02,4,0.0,0.0,589376
2024-10-13 18:00:00,00000000270,20241013180000,0.085,0.0,0.046,0.0,0.0,0.0,1.0,0.0,54.12,4,0.0,0.0,589376
2024-10-13 19:00:00,00000000270,20241013190000,0.122,0.001,0.048,0.0,0.0,0.0,1.0,0.82,39.34,4,0.0,0.0,589376
2024-10-13 20:00:00,00000000270,20241013200000,0.135,0.023,0.01,0.0,0.0,0.0,1.0,17.04,7.41,4,0.0,0.0,589376
2024-10-13 21:00:00,00000000270,20241013210000,0.134,0.016,0.01,0.0,0.0,0.0,1.0,11.94,7.46,4,0.0,0.0,589376
2024-10-13 22:00:00,00000000270,20241013220000,0.078,0.001,0.053,0.0,0.0,0.0,1.0,1.28,67.95,4,0.0,0.0,589376
2024-10-13 23:00:00,00000000270,20241013230000,0.099,0.0,0.046,0.0,0.0,0.0,1.0,0.0,46.46,4,0.0,0.0,589376
2024-10-14 00:00:00,00000000270,20241014000000,0.09,0.001,0.047,0.0,0.0,0.0,1.0,1.11,52.22,4,0.0,0.0,589376
2024-10-14 01:00:00,00000000270,20241014010000,0.073,0.0,0.049,0.0,0.0,0.0,1.0,0.0,67.12,4,0.0,0.0,589376
2024-10-14 02:00:00,00000000270,20241014020000,0.167,0.001,0.05,0.0,0.0,0.0,1.0,0.6,29.94,4,0.0,0.0,589376
2024-10-14 03:00:00,00000000270,20241014030000,0.12,0.0,0.049,0.0,0.0,0.0,1.0,0.0,40.83,4,0.0,0.0,589376
2024-10-14 04:00:00,00000000270,20241014040000,0.073,0.001,0.052,0.0,0.0,0.0,1.0,1.37,71.23,4,0.0,0.0,589376
2024-10-14 05:00:00,00000000270,20241014050000,0.089,0.001,0.048,0.0,0.0,0.0,1.0,1.12,53.93,4,0.0,0.0,589376
2024-10-14 06:00:00,00000000270,20241014060000,0.094,0.0,0.048,0.0,0.0,0.0,1.0,0.0,51.06,4,0.0,0.0,589376
2024-10-14 07:00:00,00000000270,20241014070000,0.073,0.001,0.05,0.0,0.0,0.0,1.0,1.37,68.49,4,0.0,0.0,589376
2024-10-14 08:00:00,00000000270,20241014080000,0.081,0.0,0.05,0.0,0.0,0.0,1.0,0.0,61.73,4,0.0,0.0,589376
2024-10-14 09:00:00,00000000270,20241014090000,0.649,0.201,0.036,0.0,0.0,0.0,1.0,30.97,5.55,4,0.0,0.0,589376
2024-10-14 10:00:00,00000000270,20241014100000,0.193,0.151,0.03,0.0,0.0,0.0,1.0,78.24,15.54,4,0.0,0.0,589376
2024-10-14 11:00:00,00000000270,20241014110000,0.088,0.001,0.051,0.0,0.0,0.0,1.0,1.14,57.95,4,0.0,0.0,589376
2024-10-14 12:00:00,00000000270,20241014120000,0.081,0.0,0.049,0.0,0.0,0.0,1.0,0.0,60.49,4,0.0,0.0,589376
2024-10-14 13:00:00,00000000270,20241014130000,0.092,0.001,0.048,0.0,0.0,0.0,1.0,1.09,52.17,4,0.0,0.0,589376
2024-10-14 14:00:00,00000000270,20241014140000,0.081,0.001,0.049,0.0,0.0,0.0,1.0,1.23,60.49,4,0.0,0.0,589376
2024-10-14 15:00:00,00000000270,20241014150000,0.248,0.201,0.021,0.0,0.0,0.0,1.0,81.05,8.47,4,0.0,0.0,589376
2024-10-14 16:00:00,00000000270,20241014160000,0.12,0.034,0.044,0.0,0.0,0.0,1.0,28.33,36.67,4,0.0,0.0,589376
2024-10-14 17:00:00,00000000270,20241014170000,0.094,0.001,0.042,0.0,0.0,0.0,1.0,1.06,44.68,4,0.0,0.0,589376
2024-10-14 18:00:00,00000000270,20241014180000,0.089,0.0,0.045,0.0,0.0,0.0,1.0,0.0,50.56,4,0.0,0.0,589376
2024-10-14 19:00:00,00000000270,20241014190000,0.112,0.001,0.051,0.0,0.0,0.0,1.0,0.89,45.54,4,0.0,0.0,589376
2024-10-14 20:00:00,00000000270,20241014200000,0.066,0.0,0.053,0.0,0.0,0.0,1.0,0.0,80.3,4,0.0,0.0,589376
2024-10-14 21:00:00,00000000270,20241014210000,0.088,0.001,0.056,0.0,0.0,0.0,1.0,1.14,63.64,4,0.0,0.0,589376
2024-10-14 22:00:00,00000000270,20241014220000,0.121,0.0,0.056,0.0,0.0,0.0,1.0,0.0,46.28,4,0.0,0.0,589376
2024-10-14 23:00:00,00000000270,20241014230000,0.118,0.001,0.037,0.0,0.0,0.0,1.0,0.85,31.36,4,0.0,0.0,589376
2024-10-15 00:00:00,00000000270,20241015000000,0.091,0.0,0.04,0.0,0.0,0.0,1.0,0.0,43.96,4,0.0,0.0,589376
2024-10-15 01:00:00,00000000270,20241015010000,0.104,0.001,0.034,0.0,0.0,0.0,1.0,0.96,32.69,4,0.0,0.0,589376
2024-10-15 02:00:00,00000000270,20241015020000,0.109,0.001,0.036,0.0,0.0,0.0,1.0,0.92,33.03,4,0.0,0.0,589376
2024-10-15 03:00:00,00000000270,20241015030000,0.099,0.0,0.043,0.0,0.0,0.0,1.0,0.0,43.43,4,0.0,0.0,589376
2024-10-15 04:00:00,00000000270,20241015040000,0.124,0.0,0.035,0.0,0.0,0.0,1.0,0.0,28.23,4,0.0,0.0,589376
2024-10-15 05:00:00,00000000270,20241015050000,0.181,0.001,0.034,0.0,0.0,0.0,1.0,0.55,18.78,4,0.0,0.0,589376
2024-10-15 06:00:00,00000000270,20241015060000,0.094,0.001,0.039,0.0,0.0,0.0,1.0,1.06,41.49,4,0.0,0.0,589376
2024-10-15 07:00:00,00000000270,20241015070000,0.49,0.089,0.039,0.0,0.0,0.0,1.0,18.16,7.96,4,0.0,0.0,589376
2024-10-15 08:00:00,00000000270,20241015080000,0.647,0.452,0.012,0.0,0.0,0.0,1.0,69.86,1.85,4,0.0,0.0,589376
2024-10-15 09:00:00,00000000270,20241015090000,0.228,0.281,0.017,0.0,0.0,0.0,1.0,123.25,7.46,4,0.0,0.0,589376
2024-10-15 10:00:00,00000000270,20241015100000,0.143,0.001,0.048,0.0,0.0,0.0,1.0,0.7,33.57,4,0.0,0.0,589376
2024-10-15 11:00:00,00000000270,20241015110000,0.096,0.0,0.035,0.0,0.0,0.0,1.0,0.0,36.46,4,0.0,0.0,589376
2024-10-15 12:00:00,00000000270,20241015120000,0.093,0.001,0.038,0.0,0.0,0.0,1.0,1.08,40.86,4,0.0,0.0,589376
2024-10-15 13:00:00,00000000270,20241015130000,0.085,0.0,0.045,0.0,0.0,0.0,1.0,0.0,52.94,4,0.0,0.0,589376
2024-10-15 14:00:00,00000000270,20241015140000,0.089,0.001,0.041,0.0,0.0,0.0,1.0,1.12,46.07,4,0.0,0.0,589376
2024-10-15 15:00:00,00000000270,20241015150000,0.089,0.0,0.041,0.0,0.0,0.0,1.0,0.0,46.07,4,0.0,0.0,589376
2024-10-15 16:00:00,00000000270,20241015160000,0.104,0.001,0.045,0.0,0.0,0.0,1.0,0.96,43.27,4,0.0,0.0,589376
2024-10-15 17:00:00,00000000270,20241015170000,0.127,0.0,0.052,0.0,0.0,0.0,1.0,0.0,40.94,4,0.0,0.0,589376
2024-10-15 18:00:00,00000000270,20241015180000,0.284,0.001,0.044,0.0,0.0,0.0,1.0,0.35,15.49,4,0.0,0.0,589376
2024-10-15 19:00:00,00000000270,20241015190000,0.197,0.0,0.05,0.0,0.0,0.0,1.0,0.0,25.38,4,0.0,0.0,589376
2024-10-15 20:00:00,00000000270,20241015200000,0.131,0.001,0.048,0.0,0.0,0.0,1.0,0.76,36.64,4,0.0,0.0,589376
2024-10-15 21:00:00,00000000270,20241015210000,0.117,0.001,0.05,0.0,0.0,0.0,1.0,0.85,42.74,4,0.0,0.0,589376
2024-10-15 22:00:00,00000000270,20241015220000,0.098,0.0,0.052,0.0,0.0,0.0,1.0,0.0,53.06,4,0.0,0.0,589376
2024-10-15 23:00:00,00000000270,20241015230000,0.105,0.008,0.041,0.0,0.0,0.0,1.0,7.62,39.05,4,0.0,0.0,589376
2024-10-16 00:00:00,00000000270,20241016000000,0.135,0.02,0.012,0.0,0.0,0.0,1.0,14.81,8.89,4,0.0,0.0,589376
2024-10-16 01:00:00,00000000270,20241016010000,0.081,0.0,0.048,0.0,0.0,0.0,1.0,0.0,59.26,4,0.0,0.0,589376
2024-10-16 02:00:00,00000000270,20241016020000,0.08,0.001,0.047,0.0,0.0,0.0,1.0,1.25,58.75,4,0.0,0.0,589376
2024-10-16 03:00:00,00000000270,20241016030000,0.089,0.0,0.047,0.0,0.0,0.0,1.0,0.0,52.81,4,0.0,0.0,589376
2024-10-16 04:00:00,00000000270,20241016040000,0.104,0.001,0.059,0.0,0.0,0.0,1.0,0.96,56.73,4,0.0,0.0,589376
2024-10-16 05:00:00,00000000270,20241016050000,0.095,0.0,0.059,0.0,0.0,0.0,1.0,0.0,62.11,4,0.0,0.0,589376
2024-10-16 06:00:00,00000000270,20241016060000,0.079,0.001,0.05,0.0,0.0,0.0,1.0,1.27,63.29,4,0.0,0.0,589376
2024-10-16 07:00:00,00000000270,20241016070000,0.091,0.001,0.051,0.0,0.0,0.0,1.0,1.1,56.04,4,0.0,0.0,589376
2024-10-16 08:00:00,00000000270,20241016080000,0.076,0.0,0.049,0.0,0.0,0.0,1.0,0.0,64.47,4,0.0,0.0,589376
2024-10-16 09:00:00,00000000270,20241016090000,0.096,0.001,0.051,0.0,0.0,0.0,1.0,1.04,53.12,4,0.0,0.0,589376
2024-10-16 10:00:00,00000000270,20241016100000,0.153,0.0,0.048,0.0,0.0,0.0,1.0,0.0,31.37,4,0.0,0.0,589376
2024-10-16 11:00:00,00000000270,20241016110000,0.081,0.001,0.049,0.0,0.0,0.0,1.0,1.23,60.49,4,0.0,0.0,589376
2024-10-16 12:00:00,00000000270,20241016120000,0.066,0.0,0.052,0.0,0.0,0.0,1.0,0.0,78.79,4,0.0,0.0,589376
2024-10-16 13:00:00,00000000270,20241016130000,0.076,0.001,0.049,0.0,0.0,0.0,1.0,1.32,64.47,4,0.0,0.0,589376
2024-10-16 14:00:00,00000000270,20241016140000,0.077,0.0,0.05,0.0,0.0,0.0,1.0,0.0,64.94,4,0.0,0.0,589376
2024-10-16 15:00:00,00000000270,20241016150000,0.076,0.001,0.049,0.0,0.0,0.0,1.0,1.32,64.47,4,0.0,0.0,589376
2024-10-16 16:00:00,00000000270,20241016160000,0.072,0.0,0.048,0.0,0.0,0.0,1.0,0.0,66.67,4,0.0,0.0,589376
2024-10-16 17:00:00,00000000270,20241016170000,0.079,0.001,0.046,0.0,0.0,0.0,1.0,1.27,58.23,4,0.0,0.0,589376
2024-10-16 18:00:00,00000000270,20241016180000,0.224,0.0,0.05,0.0,0.0,0.0,1.0,0.0,22.32,4,0.0,0.0,589376
2024-10-16 19:00:00,00000000270,20241016190000,0.085,0.001,0.047,0.0,0.0,0.0,1.0,1.18,55.29,4,0.0,0.0,589376
2024-10-16 20:00:00,00000000270,20241016200000,0.083,0.0,0.047,0.0,0.0,0.0,1.0,0.0,56.63,4,0.0,0.0,589376
2024-10-16 21:00:00,00000000270,20241016210000,0.081,0.001,0.051,0.0,0.0,0.0,1.0,1.23,62.96,4,0.0,0.0,589376
2024-10-16 22:00:00,00000000270,20241016220000,0.078,0.0,0.056,0.0,0.0,0.0,1.0,0.0,71.79,4,0.0,0.0,589376
2024-10-16 23:00:00,00000000270,20241016230000,0.073,0.001,0.061,0.0,0.0,0.0,1.0,1.37,83.56,4,0.0,0.0,589376
2024-10-17 00:00:00,00000000270,20241017000000,0.064,0.0,0.051,0.0,0.0,0.0,1.0,0.0,79.69,4,0.0,0.0,589376
2024-10-17 01:00:00,00000000270,20241017010000,0.086,0.001,0.05,0.0,0.0,0.0,1.0,1.16,58.14,4,0.0,0.0,589376
2024-10-17 02:00:00,00000000270,20241017020000,0.074,0.0,0.048,0.0,0.0,0.0,1.0,0.0,64.86,4,0.0,0.0,589376
2024-10-17 03:00:00,00000000270,20241017030000,0.065,0.001,0.051,0.0,0.0,0.0,1.0,1.54,78.46,4,0.0,0.0,589376
2024-10-17 04:00:00,00000000270,20241017040000,0.065,0.001,0.053,0.0,0.0,0.0,1.0,1.54,81.54,4,0.0,0.0,589376
2024-10-17 05:00:00,00000000270,20241017050000,0.051,0.0,0.056,0.0,0.0,0.0,1.0,0.0,109.8,4,0.0,0.0,589376
2024-10-17 06:00:00,00000000270,20241017060000,0.075,0.001,0.05,0.0,0.0,0.0,1.0,1.33,66.67,4,0.0,0.0,589376
2024-10-17 07:00:00,00000000270,20241017070000,0.087,0.0,0.053,0.0,0.0,0.0,1.0,0.0,60.92,4,0.0,0.0,589376
2024-10-17 08:00:00,00000000270,20241017080000,0.073,0.001,0.049,0.0,0.0,0.0,1.0,1.37,67.12,4,0.0,0.0,589376
2024-10-17 09:00:00,00000000270,20241017090000,0.07,0.001,0.05,0.0,0.0,0.0,1.0,1.43,71.43,4,0.0,0.0,589376
2024-10-17 10:00:00,00000000270,20241017100000,0.051,0.0,0.054,0.0,0.0,0.0,1.0,0.0,105.88,4,0.0,0.0,589376
2024-10-17 11:00:00,00000000270,20241017110000,0.06,0.001,0.055,0.0,0.0,0.0,1.0,1.67,91.67,4,0.0,0.0,589376
2024-10-17 12:00:00,00000000270,20241017120000,0.07,0.0,0.049,0.0,0.0,0.0,1.0,0.0,70.0,4,0.0,0.0,589376
2024-10-17 13:00:00,00000000270,20241017130000,0.086,0.001,0.048,0.0,0.0,0.0,1.0,1.16,55.81,4,0.0,0.0,589376
2024-10-17 14:00:00,00000000270,20241017140000,0.065,0.0,0.048,0.0,0.0,0.0,1.0,0.0,73.85,4,0.0,0.0,589376
2024-10-17 15:00:00,00000000270,20241017150000,0.062,0.001,0.056,0.0,0.0,0.0,1.0,1.61,90.32,4,0.0,0.0,589376
2024-10-17 16:00:00,00000000270,20241017160000,0.056,0.001,0.052,0.0,0.0,0.0,1.0,1.79,92.86,4,0.0,0.0,589376
2024-10-17 17:00:00,00000000270,20241017170000,0.07,0.0,0.049,0.0,0.0,0.0,1.0,0.0,70.0,4,0.0,0.0,589376
2024-10-17 18:00:00,00000000270,20241017180000,0.079,0.001,0.047,0.0,0.0,0.0,1.0,1.27,59.49,4,0.0,0.0,589376
2024-10-17 19:00:00,00000000270,20241017190000,0.073,0.0,0.047,0.0,0.0,0.0,1.0,0.0,64.38,4,0.0,0.0,589376
2024-10-17 20:00:00,00000000270,20241017200000,0.065,0.001,0.052,0.0,0.0,0.0,1.0,1.54,80.0,4,0.0,0.0,589376
2024-10-17 21:00:00,00000000270,20241017210000,0.059,0.0,0.054,0.0,0.0,0.0,1.0,0.0,91.53,4,0.0,0.0,589376
2024-10-17 22:00:00,00000000270,20241017220000,0.063,0.001,0.049,0.0,0.0,0.0,1.0,1.59,77.78,4,0.0,0.0,589376
2024-10-17 23:00:00,00000000270,20241017230000,0.068,0.001,0.05,0.0,0.0,0.0,1.0,1.47,73.53,4,0.0,0.0,589376
2024-10-18 00:00:00,00000000270,20241018000000,0.067,0.0,0.05,0.0,0.0,0.0,1.0,0.0,74.63,4,0.0,0.0,589376
2024-10-18 01:00:00,00000000270,20241018010000,0.053,0.001,0.057,0.0,0.0,0.0,1.0,1.89,107.55,4,0.0,0.0,589376
2024-10-18 02:00:00,00000000270,20241018020000,0.059,0.0,0.052,0.0,0.0,0.0,1.0,0.0,88.14,4,0.0,0.0,589376
2024-10-18 03:00:00,00000000270,20241018030000,0.066,0.001,0.051,0.0,0.0,0.0,1.0,1.52,77.27,4,0.0,0.0,589376
2024-10-18 04:00:00,00000000270,20241018040000,0.068,0.001,0.051,0.0,0.0,0.0,1.0,1.47,75.0,4,0.0,0.0,589376
2024-10-18 05:00:00,00000000270,20241018050000,0.067,0.0,0.052,0.0,0.0,0.0,1.0,0.0,77.61,4,0.0,0.0,589376
2024-10-18 06:00:00,00000000270,20241018060000,0.055,0.001,0.057,0.0,0.0,0.0,1.0,1.82,103.64,4,0.0,0.0,589376
2024-10-18 07:00:00,00000000270,20241018070000,0.069,0.001,0.05,0.0,0.0,0.0,1.0,1.45,72.46,4,0.0,0.0,589376
2024-10-18 08:00:00,00000000270,20241018080000,0.159,0.0,0.05,0.0,0.0,0.0,1.0,0.0,31.45,4,0.0,0.0,589376
2024-10-18 09:00:00,00000000270,20241018090000,0.086,0.001,0.048,0.0,0.0,0.0,1.0,1.16,55.81,4,0.0,0.0,589376
2024-10-18 10:00:00,00000000270,20241018100000,0.064,0.001,0.056,0.0,0.0,0.0,1.0,1.56,87.5,4,0.0,0.0,589376
2024-10-18 11:00:00,00000000270,20241018110000,0.071,0.0,0.051,0.0,0.0,0.0,1.0,0.0,71.83,4,0.0,0.0,589376
2024-10-18 12:00:00,00000000270,20241018120000,0.066,0.001,0.05,0.0,0.0,0.0,1.0,1.52,75.76,4,0.0,0.0,589376
2024-10-18 13:00:00,00000000270,20241018130000,0.068,0.0,0.051,0.0,0.0,0.0,1.0,0.0,75.0,4,0.0,0.0,589376
2024-10-18 14:00:00,00000000270,20241018140000,0.063,0.001,0.054,0.0,0.0,0.0,1.0,1.59,85.71,4,0.0,0.0,589376
2024-10-18 15:00:00,00000000270,20241018150000,0.049,0.001,0.056,0.0,0.0,0.0,1.0,2.04,114.29,4,0.0,0.0,589376
2024-10-18 16:00:00,00000000270,20241018160000,0.07,0.0,0.05,0.0,0.0,0.0,1.0,0.0,71.43,4,0.0,0.0,589376
2024-10-18 17:00:00,00000000270,20241018170000,0.07,0.001,0.051,0.0,0.0,0.0,1.0,1.43,72.86,4,0.0,0.0,589376
2024-10-18 18:00:00,00000000270,20241018180000,0.061,0.0,0.054,0.0,0.0,0.0,1.0,0.0,88.52,4,0.0,0.0,589376
2024-10-18 19:00:00,00000000270,20241018190000,0.097,0.001,0.037,0.0,0.0,0.0,1.0,1.03,38.14,4,0.0,0.0,589376
2024-10-18 20:00:00,00000000270,20241018200000,0.067,0.0,0.06,0.0,0.0,0.0,1.0,0.0,89.55,4,0.0,0.0,589376
2024-10-18 21:00:00,00000000270,20241018210000,0.104,0.001,0.052,0.0,0.0,0.0,1.0,0.96,50.0,4,0.0,0.0,589376
2024-10-18 22:00:00,00000000270,20241018220000,0.073,0.0,0.063,0.0,0.0,0.0,1.0,0.0,86.3,4,0.0,0.0,589376
2024-10-18 23:00:00,00000000270,20241018230000,0.105,0.001,0.051,0.0,0.0,0.0,1.0,0.95,48.57,4,0.0,0.0,589376
2024-10-19 00:00:00,00000000270,20241019000000,0.079,0.0,0.064,0.0,0.0,0.0,1.0,0.0,81.01,4,0.0,0.0,589376
2024-10-19 01:00:00,00000000270,20241019010000,0.182,0.001,0.054,0.0,0.0,0.0,1.0,0.55,29.67,4,0.0,0.0,589376
2024-10-19 02:00:00,00000000270,20241019020000,0.099,0.0,0.06,0.0,0.0,0.0,1.0,0.0,60.61,4,0.0,0.0,589376
2024-10-19 03:00:00,00000000270,20241019030000,0.093,0.001,0.058,0.0,0.0,0.0,1.0,1.08,62.37,4,0.0,0.0,589376
2024-10-19 04:00:00,00000000270,20241019040000,0.085,0.001,0.06,0.0,0.0,0.0,1.0,1.18,70.59,4,0.0,0.0,589376
2024-10-19 05:00:00,00000000270,20241019050000,0.083,0.0,0.061,0.0,0.0,0.0,1.0,0.0,73.49,4,0.0,0.0,589376
2024-10-19 06:00:00,00000000270,20241019060000,0.094,0.008,0.056,0.0,0.0,0.0,1.0,8.51,59.57,4,0.0,0.0,589376
2024-10-19 07:00:00,00000000270,20241019070000,0.081,0.001,0.064,0.0,0.0,0.0,1.0,1.23,79.01,4,0.0,0.0,589376
2024-10-19 08:00:00,00000000270,20241019080000,0.087,0.0,0.052,0.0,0.0,0.0,1.0,0.0,59.77,4,0.0,0.0,589376
2024-10-19 09:00:00,00000000270,20241019090000,0.228,0.067,0.049,0.0,0.0,0.0,1.0,29.39,21.49,4,0.0,0.0,589376
2024-10-19 10:00:00,00000000270,20241019100000,0.148,0.151,0.025,0.0,0.0,0.0,1.0,102.03,16.89,4,0.0,0.0,589376
2024-10-19 11:00:00,00000000270,20241019110000,0.688,0.001,0.054,0.0,0.0,0.0,1.0,0.15,7.85,4,0.0,0.0,589376
2024-10-19 12:00:00,00000000270,20241019120000,0.364,0.0,0.037,0.0,0.0,0.0,1.0,0.0,10.16,4,0.0,0.0,589376
2024-10-19 13:00:00,00000000270,20241019130000,0.068,0.001,0.057,0.0,0.0,0.0,1.0,1.47,83.82,4,0.0,0.0,589376
2024-10-19 14:00:00,00000000270,20241019140000,0.096,0.001,0.049,0.0,0.0,0.0,1.0,1.04,51.04,4,0.0,0.0,589376
2024-10-19 15:00:00,00000000270,20241019150000,0.081,0.0,0.064,0.0,0.0,0.0,1.0,0.0,79.01,4,0.0,0.0,589376
2024-10-19 16:00:00,00000000270,20241019160000,0.102,0.001,0.049,0.0,0.0,0.0,1.0,0.98,48.04,4,0.0,0.0,589376
2024-10-19 17:00:00,00000000270,20241019170000,0.062,0.0,0.062,0.0,0.0,0.0,1.0,0.0,100.0,4,0.0,0.0,589376
2024-10-19 18:00:00,00000000270,20241019180000,0.09,0.001,0.038,0.0,0.0,0.0,1.0,1.11,42.22,4,0.0,0.0,589376
2024-10-19 19:00:00,00000000270,20241019190000,0.049,0.0,0.051,0.0,0.0,0.0,1.0,0.0,104.08,4,0.0,0.0,589376
2024-10-19 20:00:00,00000000270,20241019200000,0.088,0.001,0.037,0.0,0.0,0.0,1.0,1.14,42.05,4,0.0,0.0,589376
2024-10-19 21:00:00,00000000270,20241019210000,0.054,0.0,0.058,0.0,0.0,0.0,1.0,0.0,107.41,4,0.0,0.0,589376
2024-10-19 22:00:00,00000000270,20241019220000,0.089,0.001,0.04,0.0,0.0,0.0,1.0,1.12,44.94,4,0.0,0.0,589376
2024-10-19 23:00:00,00000000270,20241019230000,0.477,0.003,0.029,0.0,0.0,0.0,1.0,0.63,6.08,4,0.0,0.0,589376
2024-10-20 00:00:00,00000000270,20241020000000,0.448,0.014,0.025,0.0,0.0,0.0,1.0,3.12,5.58,4,0.0,0.0,589376
2024-10-20 01:00:00,00000000270,20241020010000,0.387,0.006,0.036,0.0,0.0,0.0,1.0,1.55,9.3,4,0.0,0.0,589376
2024-10-20 02:00:00,00000000270,20241020020000,0.424,0.007,0.026,0.0,0.0,0.0,1.0,1.65,6.13,4,0.0,0.0,589376
2024-10-20 03:00:00,00000000270,20241020030000,0.431,0.004,0.041,0.0,0.0,0.0,1.0,0.93,9.51,4,0.0,0.0,589376
2024-10-20 04:00:00,00000000270,20241020040000,0.398,0.011,0.032,0.0,0.0,0.0,1.0,2.76,8.04,4,0.0,0.0,589376
2024-10-20 05:00:00,00000000270,20241020050000,0.335,0.003,0.043,0.0,0.0,0.0,1.0,0.9,12.84,4,0.0,0.0,589376
2024-10-20 06:00:00,00000000270,20241020060000,0.2,0.001,0.043,0.0,0.0,0.0,1.0,0.5,21.5,4,0.0,0.0,589376
2024-10-20 07:00:00,00000000270,20241020070000,0.07,0.001,0.051,0.0,0.0,0.0,1.0,1.43,72.86,4,0.0,0.0,589376
2024-10-20 08:00:00,00000000270,20241020080000,0.077,0.0,0.052,0.0,0.0,0.0,1.0,0.0,67.53,4,0.0,0.0,589376
2024-10-20 09:00:00,00000000270,20241020090000,0.062,0.001,0.051,0.0,0.0,0.0,1.0,1.61,82.26,4,0.0,0.0,589376
2024-10-20 10:00:00,00000000270,20241020100000,0.063,0.001,0.053,0.0,0.0,0.0,1.0,1.59,84.13,4,0.0,0.0,589376
2024-10-20 11:00:00,00000000270,20241020110000,0.069,0.0,0.048,0.0,0.0,0.0,1.0,0.0,69.57,4,0.0,0.0,589376
2024-10-20 12:00:00,00000000270,20241020120000,0.056,0.001,0.056,0.0,0.0,0.0,1.0,1.79,100.0,4,0.0,0.0,589376
2024-10-20 13:00:00,00000000270,20241020130000,0.083,0.0,0.041,0.0,0.0,0.0,1.0,0.0,49.4,4,0.0,0.0,589376
2024-10-20 14:00:00,00000000270,20241020140000,0.047,0.001,0.058,0.0,0.0,0.0,1.0,2.13,123.4,4,0.0,0.0,589376
2024-10-20 15:00:00,00000000270,20241020150000,0.09,0.0,0.039,0.0,0.0,0.0,1.0,0.0,43.33,4,0.0,0.0,589376
2024-10-20 16:00:00,00000000270,20241020160000,0.049,0.001,0.058,0.0,0.0,0.0,1.0,2.04,118.37,4,0.0,0.0,589376
2024-10-20 17:00:00,00000000270,20241020170000,0.084,0.001,0.038,0.0,0.0,0.0,1.0,1.19,45.24,4,0.0,0.0,589376
2024-10-20 18:00:00,00000000270,20241020180000,0.048,0.0,0.058,0.0,0.0,0.0,1.0,0.0,120.83,4,0.0,0.0,589376
2024-10-20 19:00:00,00000000270,20241020190000,0.08,0.0,0.04,0.0,0.0,0.0,1.0,0.0,50.0,4,0.0,0.0,589376
2024-10-20 20:00:00,00000000270,20241020200000,0.056,0.001,0.051,0.0,0.0,0.0,1.0,1.79,91.07,4,0.0,0.0,589376
2024-10-20 21:00:00,00000000270,20241020210000,0.083,0.0,0.05,0.0,0.0,0.0,1.0,0.0,60.24,4,0.0,0.0,589376
2024-10-20 22:00:00,00000000270,20241020220000,0.08,0.001,0.058,0.0,0.0,0.0,1.0,1.25,72.5,4,0.0,0.0,589376
2024-10-20 23:00:00,00000000270,20241020230000,0.076,0.0,0.052,0.0,0.0,0.0,1.0,0.0,68.42,4,0.0,0.0,589376
2024-10-21 00:00:00,00000000270,20241021000000,0.075,0.001,0.048,0.0,0.0,0.0,1.0,1.33,64.0,4,0.0,0.0,589376
2024-10-21 01:00:00,00000000270,20241021010000,0.058,0.001,0.055,0.0,0.0,0.0,1.0,1.72,94.83,4,0.0,0.0,589376
2024-10-21 02:00:00,00000000270,20241021020000,0.079,0.0,0.045,0.0,0.0,0.0,1.0,0.0,56.96,4,0.0,0.0,589376
2024-10-21 03:00:00,00000000270,20241021030000,0.057,0.001,0.059,0.0,0.0,0.0,1.0,1.75,103.51,4,0.0,0.0,589376
2024-10-21 04:00:00,00000000270,20241021040000,0.142,0.001,0.043,0.0,0.0,0.0,1.0,0.7,30.28,4,0.0,0.0,589376
2024-10-21 05:00:00,00000000270,20241021050000,0.092,0.0,0.056,0.0,0.0,0.0,1.0,0.0,60.87,4,0.0,0.0,589376
2024-10-21 06:00:00,00000000270,20241021060000,0.085,0.001,0.042,0.0,0.0,0.0,1.0,1.18,49.41,4,0.0,0.0,589376
2024-10-21 07:00:00,00000000270,20241021070000,0.048,0.0,0.059,0.0,0.0,0.0,1.0,0.0,122.92,4,0.0,0.0,589376
2024-10-21 08:00:00,00000000270,20241021080000,0.084,0.001,0.041,0.0,0.0,0.0,1.0,1.19,48.81,4,0.0,0.0,589376
2024-10-21 09:00:00,00000000270,20241021090000,0.053,0.001,0.06,0.0,0.0,0.0,1.0,1.89,113.21,4,0.0,0.0,589376
2024-10-21 10:00:00,00000000270,20241021100000,0.124,0.0,0.047,0.0,0.0,0.0,1.0,0.0,37.9,4,0.0,0.0,589376
2024-10-21 11:00:00,00000000270,20241021110000,0.151,0.001,0.061,0.0,0.0,0.0,1.0,0.66,40.4,4,0.0,0.0,589376
2024-10-21 12:00:00,00000000270,20241021120000,0.093,0.001,0.043,0.0,0.0,0.0,1.0,1.08,46.24,4,0.0,0.0,589376
2024-10-21 13:00:00,00000000270,20241021130000,0.07,0.0,0.059,0.0,0.0,0.0,1.0,0.0,84.29,4,0.0,0.0,589376
2024-10-21 14:00:00,00000000270,20241021140000,0.096,0.001,0.047,0.0,0.0,0.0,1.0,1.04,48.96,4,0.0,0.0,589376
2024-10-21 15:00:00,00000000270,20241021150000,0.09,0.001,0.048,0.0,0.0,0.0,1.0,1.11,53.33,4,0.0,0.0,589376
2024-10-21 16:00:00,00000000270,20241021160000,0.097,0.0,0.053,0.0,0.0,0.0,1.0,0.0,54.64,4,0.0,0.0,589376
2024-10-21 17:00:00,00000000270,20241021170000,0.075,0.001,0.066,0.0,0.0,0.0,1.0,1.33,88.0,4,0.0,0.0,589376
2024-10-21 18:00:00,00000000270,20241021180000,0.089,0.0,0.038,0.0,0.0,0.0,1.0,0.0,42.7,4,0.0,0.0,589376
2024-10-21 19:00:00,00000000270,20241021190000,0.049,0.001,0.051,0.0,0.0,0.0,1.0,2.04,104.08,4,0.0,0.0,589376
2024-10-21 20:00:00,00000000270,20241021200000,0.087,0.0,0.036,0.0,0.0,0.0,1.0,0.0,41.38,4,0.0,0.0,589376
2024-10-21 21:00:00,00000000270,20241021210000,0.048,0.0,0.056,0.0,0.0,0.0,1.0,0.0,116.67,4,0.0,0.0,589376
2024-10-21 22:00:00,00000000270,20241021220000,0.217,0.006,0.04,0.0,0.0,0.0,1.0,2.76,18.43,4,0.0,0.0,589376
2024-10-21 23:00:00,00000000270,20241021230000,0.606,0.015,0.003,0.0,0.0,0.0,1.0,2.48,0.5,4,0.0,0.0,589376
2024-10-22 00:00:00,00000000270,20241022000000,0.436,0.01,0.022,0.0,0.0,0.0,1.0,2.29,5.05,4,0.0,0.0,589376
2024-10-22 01:00:00,00000000270,20241022010000,0.422,0.013,0.024,0.0,0.0,0.0,1.0,3.08,5.69,4,0.0,0.0,589376
2024-10-22 02:00:00,00000000270,20241022020000,0.346,0.004,0.036,0.0,0.0,0.0,1.0,1.16,10.4,4,0.0,0.0,589376
2024-10-22 03:00:00,00000000270,20241022030000,0.427,0.014,0.021,0.0,0.0,0.0,1.0,3.28,4.92,4,0.0,0.0,589376
2024-10-22 04:00:00,00000000270,20241022040000,0.326,0.004,0.041,0.0,0.0,0.0,1.0,1.23,12.58,4,0.0,0.0,589376
2024-10-22 05:00:00,00000000270,20241022050000,0.239,0.004,0.03,0.0,0.0,0.0,1.0,1.67,12.55,4,0.0,0.0,589376
2024-10-22 06:00:00,00000000270,20241022060000,0.134,0.001,0.058,0.0,0.0,0.0,1.0,0.75,43.28,4,0.0,0.0,589376
2024-10-22 07:00:00,00000000270,20241022070000,0.093,0.001,0.053,0.0,0.0,0.0,1.0,1.08,56.99,4,0.0,0.0,589376
2024-10-22 08:00:00,00000000270,20241022080000,0.065,0.0,0.051,0.0,0.0,0.0,1.0,0.0,78.46,4,0.0,0.0,589376
2024-10-22 09:00:00,00000000270,20241022090000,0.06,0.001,0.055,0.0,0.0,0.0,1.0,1.67,91.67,4,0.0,0.0,589376
2024-10-22 10:00:00,00000000270,20241022100000,0.078,0.001,0.045,0.0,0.0,0.0,1.0,1.28,57.69,4,0.0,0.0,589376
2024-10-22 11:00:00,00000000270,20241022110000,0.05,0.0,0.057,0.0,0.0,0.0,1.0,0.0,114.0,4,0.0,0.0,589376
2024-10-22 12:00:00,00000000270,20241022120000,0.094,0.001,0.039,0.0,0.0,0.0,1.0,1.06,41.49,4,0.0,0.0,589376
2024-10-22 13:00:00,00000000270,20241022130000,0.053,0.0,0.059,0.0,0.0,0.0,1.0,0.0,111.32,4,0.0,0.0,589376
2024-10-22 14:00:00,00000000270,20241022140000,0.095,0.001,0.039,0.0,0.0,0.0,1.0,1.05,41.05,4,0.0,0.0,589376
2024-10-22 15:00:00,00000000270,20241022150000,0.061,0.008,0.054,0.0,0.0,0.0,1.0,13.11,88.52,4,0.0,0.0,589376
2024-10-22 16:00:00,00000000270,20241022160000,0.071,0.0,0.046,0.0,0.0,0.0,1.0,0.0,64.79,4,0.0,0.0,589376
2024-10-22 17:00:00,00000000270,20241022170000,0.069,0.001,0.052,0.0,0.0,0.0,1.0,1.45,75.36,4,0.0,0.0,589376
2024-10-22 18:00:00,00000000270,20241022180000,0.438,0.0,0.049,0.0,0.0,0.0,1.0,0.0,11.19,4,0.0,0.0,589376
2024-10-22 19:00:00,00000000270,20241022190000,0.105,0.001,0.047,0.0,0.0,0.0,1.0,0.95,44.76,4,0.0,0.0,589376
2024-10-22 20:00:00,00000000270,20241022200000,0.071,0.0,0.065,0.0,0.0,0.0,1.0,0.0,91.55,4,0.0,0.0,589376
2024-10-22 21:00:00,00000000270,20241022210000,0.096,0.0,0.039,0.0,0.0,0.0,1.0,0.0,40.62,4,0.0,0.0,589376
2024-10-22 22:00:00,00000000270,20241022220000,0.05,0.001,0.058,0.0,0.0,0.0,1.0,2.0,116.0,4,0.0,0.0,589376
2024-10-22 23:00:00,00000000270,20241022230000,0.093,0.001,0.039,0.0,0.0,0.0,1.0,1.08,41.94,4,0.0,0.0,589376
2024-10-23 00:00:00,00000000270,20241023000000,0.05,0.0,0.059,0.0,0.0,0.0,1.0,0.0,118.0,4,0.0,0.0,589376
2024-10-23 01:00:00,00000000270,20241023010000,0.082,0.001,0.042,0.0,0.0,0.0,1.0,1.22,51.22,4,0.0,0.0,589376
2024-10-23 02:00:00,00000000270,20241023020000,0.055,0.0,0.056,0.0,0.0,0.0,1.0,0.0,101.82,4,0.0,0.0,589376
2024-10-23 03:00:00,00000000270,20241023030000,0.074,0.001,0.049,0.0,0.0,0.0,1.0,1.35,66.22,4,0.0,0.0,589376
2024-10-23 04:00:00,00000000270,20241023040000,0.069,0.001,0.05,0.0,0.0,0.0,1.0,1.45,72.46,4,0.0,0.0,589376
2024-10-23 05:00:00,00000000270,20241023050000,0.06,0.0,0.055,0.0,0.0,0.0,1.0,0.0,91.67,4,0.0,0.0,589376
2024-10-23 06:00:00,00000000270,20241023060000,0.076,0.001,0.044,0.0,0.0,0.0,1.0,1.32,57.89,4,0.0,0.0,589376
2024-10-23 07:00:00,00000000270,20241023070000,0.115,0.0,0.062,0.0,0.0,0.0,1.0,0.0,53.91,4,0.0,0.0,589376
2024-10-23 08:00:00,00000000270,20241023080000,0.147,0.001,0.036,0.0,0.0,0.0,1.0,0.68,24.49,4,0.0,0.0,589376
2024-10-23 09:00:00,00000000270,20241023090000,0.049,0.001,0.059,0.0,0.0,0.0,1.0,2.04,120.41,4,0.0,0.0,589376
2024-10-23 10:00:00,00000000270,20241023100000,0.082,0.0,0.04,0.0,0.0,0.0,1.0,0.0,48.78,4,0.0,0.0,589376
2024-10-23 11:00:00,00000000270,20241023110000,0.046,0.001,0.059,0.0,0.0,0.0,1.0,2.17,128.26,4,0.0,0.0,589376
2024-10-23 12:00:00,00000000270,20241023120000,0.085,0.0,0.041,0.0,0.0,0.0,1.0,0.0,48.24,4,0.0,0.0,589376
2024-10-23 13:00:00,00000000270,20241023130000,0.052,0.001,0.056,0.0,0.0,0.0,1.0,1.92,107.69,4,0.0,0.0,589376
2024-10-23 14:00:00,00000000270,20241023140000,0.073,0.0,0.046,0.0,0.0,0.0,1.0,0.0,63.01,4,0.0,0.0,589376
2024-10-23 15:00:00,00000000270,20241023150000,0.064,0.001,0.051,0.0,0.0,0.0,1.0,1.56,79.69,4,0.0,0.0,589376
2024-10-23 16:00:00,00000000270,20241023160000,0.066,0.001,0.05,0.0,0.0,0.0,1.0,1.52,75.76,4,0.0,0.0,589376
2024-10-23 17:00:00,00000000270,20241023170000,0.246,0.0,0.027,0.0,0.0,0.0,1.0,0.0,10.98,4,0.0,0.0,589376
2024-10-23 18:00:00,00000000270,20241023180000,0.1,0.001,0.054,0.0,0.0,0.0,1.0,1.0,54.0,4,0.0,0.0,589376
2024-10-23 19:00:00,00000000270,20241023190000,0.38,0.032,0.053,0.0,0.0,0.0,1.0,8.42,13.95,4,0.0,0.0,589376
2024-10-23 20:00:00,00000000270,20241023200000,0.193,0.225,0.023,0.0,0.0,0.0,1.0,116.58,11.92,4,0.0,0.0,589376
2024-10-23 21:00:00,00000000270,20241023210000,0.087,0.007,0.072,0.0,0.0,0.0,1.0,8.05,82.76,4,0.0,0.0,589376
2024-10-23 22:00:00,00000000270,20241023220000,0.136,0.001,0.045,0.0,0.0,0.0,1.0,0.74,33.09,4,0.0,0.0,589376
2024-10-23 23:00:00,00000000270,20241023230000,0.071,0.0,0.067,0.0,0.0,0.0,1.0,0.0,94.37,4,0.0,0.0,589376
2024-10-24 00:00:00,00000000270,20241024000000,0.071,0.001,0.056,0.0,0.0,0.0,1.0,1.41,78.87,4,0.0,0.0,589376
2024-10-24 01:00:00,00000000270,20241024010000,0.085,0.001,0.047,0.0,0.0,0.0,1.0,1.18,55.29,4,0.0,0.0,589376
2024-10-24 02:00:00,00000000270,20241024020000,0.051,0.0,0.068,0.0,0.0,0.0,1.0,0.0,133.33,4,0.0,0.0,589376
2024-10-24 03:00:00,00000000270,20241024030000,0.1,0.001,0.04,0.0,0.0,0.0,1.0,1.0,40.0,4,0.0,0.0,589376
2024-10-24 04:00:00,00000000270,20241024040000,0.42,0.004,0.036,0.0,0.0,0.0,1.0,0.95,8.57,4,0.0,0.0,589376
2024-10-24 05:00:00,00000000270,20241024050000,0.386,0.006,0.03,0.0,0.0,0.0,1.0,1.55,7.77,4,0.0,0.0,589376
2024-10-24 06:00:00,00000000270,20241024060000,0.361,0.002,0.041,0.0,0.0,0.0,1.0,0.55,11.36,4,0.0,0.0,589376
2024-10-24 07:00:00,00000000270,20241024070000,0.154,0.001,0.06,0.0,0.0,0.0,1.0,0.65,38.96,4,0.0,0.0,589376
2024-10-24 08:00:00,00000000270,20241024080000,0.08,0.001,0.049,0.0,0.0,0.0,1.0,1.25,61.25,4,0.0,0.0,589376
2024-10-24 09:00:00,00000000270,20241024090000,0.138,0.0,0.065,0.0,0.0,0.0,1.0,0.0,47.1,4,0.0,0.0,589376
2024-10-24 10:00:00,00000000270,20241024100000,0.097,0.001,0.041,0.0,0.0,0.0,1.0,1.03,42.27,4,0.0,0.0,589376
2024-10-24 11:00:00,00000000270,20241024110000,0.059,0.0,0.065,0.0,0.0,0.0,1.0,0.0,110.17,4,0.0,0.0,589376
2024-10-24 12:00:00,00000000270,20241024120000,0.092,0.001,0.043,0.0,0.0,0.0,1.0,1.09,46.74,4,0.0,0.0,589376
2024-10-24 13:00:00,00000000270,20241024130000,0.055,0.0,0.068,0.0,0.0,0.0,1.0,0.0,123.64,4,0.0,0.0,589376
2024-10-24 14:00:00,00000000270,20241024140000,0.085,0.001,0.048,0.0,0.0,0.0,1.0,1.18,56.47,4,0.0,0.0,589376
2024-10-24 15:00:00,00000000270,20241024150000,0.056,0.001,0.057,0.0,0.0,0.0,1.0,1.79,101.79,4,0.0,0.0,589376
2024-10-24 16:00:00,00000000270,20241024160000,0.067,0.0,0.057,0.0,0.0,0.0,1.0,0.0,85.07,4,0.0,0.0,589376
2024-10-24 17:00:00,00000000270,20241024170000,0.077,0.001,0.048,0.0,0.0,0.0,1.0,1.3,62.34,4,0.0,0.0,589376
2024-10-24 18:00:00,00000000270,20241024180000,0.045,0.0,0.063,0.0,0.0,0.0,1.0,0.0,140.0,4,0.0,0.0,589376
2024-10-24 19:00:00,00000000270,20241024190000,0.329,0.037,0.004,0.0,0.0,0.0,1.0,11.25,1.22,4,0.0,0.0,589376
2024-10-24 20:00:00,00000000270,20241024200000,0.098,0.017,0.0,0.0,0.0,0.0,1.0,17.35,0.0,4,0.0,0.0,589376
2024-10-24 21:00:00,00000000270,20241024210000,0.142,0.024,0.017,0.0,0.0,0.0,1.0,16.9,11.97,4,0.0,0.0,589376
2024-10-24 22:00:00,00000000270,20241024220000,0.068,0.001,0.067,0.0,0.0,0.0,1.0,1.47,98.53,4,0.0,0.0,589376
2024-10-24 23:00:00,00000000270,20241024230000,0.081,0.0,0.049,0.0,0.0,0.0,1.0,0.0,60.49,4,0.0,0.0,589376
2024-10-25 00:00:00,00000000270,20241025000000,0.059,0.001,0.059,0.0,0.0,0.0,1.0,1.69,100.0,4,0.0,0.0,589376
2024-10-25 01:00:00,00000000270,20241025010000,0.068,0.0,0.057,0.0,0.0,0.0,1.0,0.0,83.82,4,0.0,0.0,589376
2024-10-25 02:00:00,00000000270,20241025020000,0.071,0.001,0.055,0.0,0.0,0.0,1.0,1.41,77.46,4,0.0,0.0,589376
2024-10-25 03:00:00,00000000270,20241025030000,0.139,0.0,0.064,0.0,0.0,0.0,1.0,0.0,46.04,4,0.0,0.0,589376
2024-10-25 04:00:00,00000000270,20241025040000,0.119,0.001,0.044,0.0,0.0,0.0,1.0,0.84,36.97,4,0.0,0.0,589376
2024-10-25 05:00:00,00000000270,20241025050000,0.046,0.001,0.068,0.0,0.0,0.0,1.0,2.17,147.83,4,0.0,0.0,589376
2024-10-25 06:00:00,00000000270,20241025060000,0.086,0.0,0.045,0.0,0.0,0.0,1.0,0.0,52.33,4,0.0,0.0,589376
2024-10-25 07:00:00,00000000270,20241025070000,0.054,0.001,0.068,0.0,0.0,0.0,1.0,1.85,125.93,4,0.0,0.0,589376
2024-10-25 08:00:00,00000000270,20241025080000,0.09,0.001,0.044,0.0,0.0,0.0,1.0,1.11,48.89,4,0.0,0.0,589376
2024-10-25 09:00:00,00000000270,20241025090000,0.066,0.0,0.066,0.0,0.0,0.0,1.0,0.0,100.0,4,0.0,0.0,589376
2024-10-25 10:00:00,00000000270,20241025100000,0.082,0.001,0.05,0.0,0.0,0.0,1.0,1.22,60.98,4,0.0,0.0,589376
2024-10-25 11:00:00,00000000270,20241025110000,0.062,0.0,0.062,0.0,0.0,0.0,1.0,0.0,100.0,4,0.0,0.0,589376
2024-10-25 12:00:00,00000000270,20241025120000,0.064,0.001,0.061,0.0,0.0,0.0,1.0,1.56,95.31,4,0.0,0.0,589376
2024-10-25 13:00:00,00000000270,20241025130000,0.086,0.001,0.053,0.0,0.0,0.0,1.0,1.16,61.63,4,0.0,0.0,589376
2024-10-25 14:00:00,00000000270,20241025140000,0.055,0.0,0.067,0.0,0.0,0.0,1.0,0.0,121.82,4,0.0,0.0,589376
2024-10-25 15:00:00,00000000270,20241025150000,0.086,0.001,0.045,0.0,0.0,0.0,1.0,1.16,52.33,4,0.0,0.0,589376
2024-10-25 16:00:00,00000000270,20241025160000,0.061,0.0,0.071,0.0,0.0,0.0,1.0,0.0,116.39,4,0.0,0.0,589376
2024-10-25 17:00:00,00000000270,20241025170000,0.104,0.001,0.048,0.0,0.0,0.0,1.0,0.96,46.15,4,0.0,0.0,589376
2024-10-25 18:00:00,00000000270,20241025180000,0.06,0.0,0.07,0.0,0.0,0.0,1.0,0.0,116.67,4,0.0,0.0,589376
2024-10-25 19:00:00,00000000270,20241025190000,0.577,0.001,0.052,0.0,0.0,0.0,1.0,0.17,9.01,4,0.0,0.0,589376
2024-10-25 20:00:00,00000000270,20241025200000,0.209,0.001,0.048,0.0,0.0,0.0,1.0,0.48,22.97,4,0.0,0.0,589376
2024-10-25 21:00:00,00000000270,20241025210000,0.168,0.0,0.072,0.0,0.0,0.0,1.0,0.0,42.86,4,0.0,0.0,589376
2024-10-25 22:00:00,00000000270,20241025220000,0.142,0.001,0.051,0.0,0.0,0.0,1.0,0.7,35.92,4,0.0,0.0,589376
2024-10-25 23:00:00,00000000270,20241025230000,0.078,0.001,0.075,0.0,0.0,0.0,1.0,1.28,96.15,4,0.0,0.0,589376
2024-10-26 00:00:00,00000000270,20241026000000,0.102,0.0,0.056,0.0,0.0,0.0,1.0,0.0,54.9,4,0.0,0.0,589376
2024-10-26 01:00:00,00000000270,20241026010000,0.082,0.001,0.066,0.0,0.0,0.0,1.0,1.22,80.49,4,0.0,0.0,589376
2024-10-26 02:00:00,00000000270,20241026020000,0.081,0.0,0.071,0.0,0.0,0.0,1.0,0.0,87.65,4,0.0,0.0,589376
2024-10-26 03:00:00,00000000270,20241026030000,0.103,0.001,0.056,0.0,0.0,0.0,1.0,0.97,54.37,4,0.0,0.0,589376
2024-10-26 04:00:00,00000000270,20241026040000,0.069,0.0,0.077,0.0,0.0,0.0,1.0,0.0,111.59,4,0.0,0.0,589376
2024-10-26 05:00:00,00000000270,20241026050000,0.114,0.001,0.051,0.0,0.0,0.0,1.0,0.88,44.74,4,0.0,0.0,589376
2024-10-26 06:00:00,00000000270,20241026060000,0.068,0.001,0.077,0.0,0.0,0.0,1.0,1.47,113.24,4,0.0,0.0,589376
2024-10-26 07:00:00,00000000270,20241026070000,0.099,0.0,0.058,0.0,0.0,0.0,1.0,0.0,58.59,4,0.0,0.0,589376
2024-10-26 08:00:00,00000000270,20241026080000,0.085,0.001,0.065,0.0,0.0,0.0,1.0,1.18,76.47,4,0.0,0.0,589376
2024-10-26 09:00:00,00000000270,20241026090000,0.078,0.001,0.067,0.0,0.0,0.0,1.0,1.28,85.9,4,0.0,0.0,589376
2024-10-26 10:00:00,00000000270,20241026100000,0.196,0.0,0.051,0.0,0.0,0.0,1.0,0.0,26.02,4,0.0,0.0,589376
2024-10-26 11:00:00,00000000270,20241026110000,0.106,0.125,0.052,0.0,0.0,0.0,1.0,117.92,49.06,4,0.0,0.0,589376
2024-10-26 12:00:00,00000000270,20241026120000,0.397,0.111,0.028,0.0,0.0,0.0,1.0,27.96,7.05,4,0.0,0.0,589376
2024-10-26 13:00:00,00000000270,20241026130000,0.291,0.001,0.073,0.0,0.0,0.0,1.0,0.34,25.09,4,0.0,0.0,589376
2024-10-26 14:00:00,00000000270,20241026140000,0.185,0.0,0.076,0.0,0.0,0.0,1.0,0.0,41.08,4,0.0,0.0,589376
2024-10-26 15:00:00,00000000270,20241026150000,0.144,0.001,0.063,0.0,0.0,0.0,1.0,0.69,43.75,4,0.0,0.0,589376
2024-10-26 16:00:00,00000000270,20241026160000,0.082,0.0,0.081,0.0,0.0,0.0,1.0,0.0,98.78,4,0.0,0.0,589376
2024-10-26 17:00:00,00000000270,20241026170000,0.336,0.001,0.041,0.0,0.0,0.0,1.0,0.3,12.2,4,0.0,0.0,589376
2024-10-26 18:00:00,00000000270,20241026180000,0.393,0.0,0.068,0.0,0.0,0.0,1.0,0.0,17.3,4,0.0,0.0,589376
2024-10-26 19:00:00,00000000270,20241026190000,0.313,0.003,0.038,0.0,0.0,0.0,1.0,0.96,12.14,4,0.0,0.0,589376
2024-10-26 20:00:00,00000000270,20241026200000,0.069,0.001,0.062,0.0,0.0,0.0,1.0,1.45,89.86,4,0.0,0.0,589376
2024-10-26 21:00:00,00000000270,20241026210000,0.085,0.0,0.068,0.0,0.0,0.0,1.0,0.0,80.0,4,0.0,0.0,589376
2024-10-26 22:00:00,00000000270,20241026220000,0.111,0.001,0.053,0.0,0.0,0.0,1.0,0.9,47.75,4,0.0,0.0,589376
2024-10-26 23:00:00,00000000270,20241026230000,0.071,0.001,0.074,0.0,0.0,0.0,1.0,1.41,104.23,4,0.0,0.0,589376
2024-10-27 00:00:00,00000000270,20241027000000,0.094,0.0,0.042,0.0,0.0,0.0,1.0,0.0,44.68,4,0.0,0.0,589376
2024-10-27 01:00:00,00000000270,20241027010000,0.047,0.001,0.066,0.0,0.0,0.0,1.0,2.13,140.43,4,0.0,0.0,589376
2024-10-27 02:00:00,00000000270,20241027020000,0.078,0.0,0.049,0.0,0.0,0.0,1.0,0.0,62.82,4,0.0,0.0,589376
2024-10-27 03:00:00,00000000270,20241027030000,0.068,0.001,0.052,0.0,0.0,0.0,1.0,1.47,76.47,4,0.0,0.0,589376
2024-10-27 04:00:00,00000000270,20241027040000,0.075,0.0,0.058,0.0,0.0,0.0,1.0,0.0,77.33,4,0.0,0.0,589376
2024-10-27 05:00:00,00000000270,20241027050000,0.076,0.001,0.048,0.0,0.0,0.0,1.0,1.32,63.16,4,0.0,0.0,589376
2024-10-27 06:00:00,00000000270,20241027060000,0.051,0.001,0.064,0.0,0.0,0.0,1.0,1.96,125.49,4,0.0,0.0,589376
2024-10-27 07:00:00,00000000270,20241027070000,0.203,0.0,0.046,0.0,0.0,0.0,1.0,0.0,22.66,4,0.0,0.0,589376
2024-10-27 08:00:00,00000000270,20241027080000,0.082,0.001,0.067,0.0,0.0,0.0,1.0,1.22,81.71,4,0.0,0.0,589376
2024-10-27 09:00:00,00000000270,20241027090000,0.092,0.001,0.045,0.0,0.0,0.0,1.0,1.09,48.91,4,0.0,0.0,589376
2024-10-27 10:00:00,00000000270,20241027100000,0.971,0.0,0.034,0.0,0.0,0.0,1.0,0.0,3.5,4,0.0,0.0,589376
2024-10-27 11:00:00,00000000270,20241027110000,0.388,0.001,0.041,0.0,0.0,0.0,1.0,0.26,10.57,4,0.0,0.0,589376
2024-10-27 12:00:00,00000000270,20241027120000,0.084,0.0,0.051,0.0,0.0,0.0,1.0,0.0,60.71,4,0.0,0.0,589376
2024-10-27 13:00:00,00000000270,20241027130000,0.249,0.001,0.068,0.0,0.0,0.0,1.0,0.4,27.31,4,0.0,0.0,589376
2024-10-27 14:00:00,00000000270,20241027140000,0.439,0.003,0.035,0.0,0.0,0.0,1.0,0.68,7.97,4,0.0,0.0,589376
2024-10-27 15:00:00,00000000270,20241027150000,0.232,0.001,0.034,0.0,0.0,0.0,1.0,0.43,14.66,4,0.0,0.0,589376
2024-10-27 16:00:00,00000000270,20241027160000,0.225,0.0,0.034,0.0,0.0,0.0,1.0,0.0,15.11,4,0.0,0.0,589376
2024-10-27 17:00:00,00000000270,20241027170000,0.099,0.001,0.033,0.0,0.0,0.0,1.0,1.01,33.33,4,0.0,0.0,589376
2024-10-27 18:00:00,00000000270,20241027180000,0.097,0.0,0.031,0.0,0.0,0.0,1.0,0.0,31.96,4,0.0,0.0,589376
2024-10-27 19:00:00,00000000270,20241027190000,0.478,0.001,0.058,0.0,0.0,0.0,1.0,0.21,12.13,4,0.0,0.0,589376
2024-10-27 20:00:00,00000000270,20241027200000,0.089,0.0,0.068,0.0,0.0,0.0,1.0,0.0,76.4,4,0.0,0.0,589376
2024-10-27 21:00:00,00000000270,20241027210000,0.119,0.0,0.035,0.0,0.0,0.0,1.0,0.0,29.41,4,0.0,0.0,589376
2024-10-27 22:00:00,00000000270,20241027220000,0.129,0.001,0.039,0.0,0.0,0.0,1.0,0.78,30.23,4,0.0,0.0,589376
2024-10-27 23:00:00,00000000270,20241027230000,0.209,0.001,0.035,0.0,0.0,0.0,1.0,0.48,16.75,4,0.0,0.0,589376
2024-10-28 00:00:00,00000000270,20241028000000,0.13,0.0,0.029,0.0,0.0,0.0,1.0,0.0,22.31,4,0.0,0.0,589376
2024-10-28 01:00:00,00000000270,20241028010000,0.106,0.0,0.031,0.0,0.0,0.0,1.0,0.0,29.25,4,0.0,0.0,589376
2024-10-28 02:00:00,00000000270,20241028020000,0.116,0.001,0.032,0.0,0.0,0.0,1.0,0.86,27.59,4,0.0,0.0,589376
2024-10-28 03:00:00,00000000270,20241028030000,0.063,0.001,0.058,0.0,0.0,0.0,1.0,1.59,92.06,4,0.0,0.0,589376
2024-10-28 04:00:00,00000000270,20241028040000,0.052,0.0,0.065,0.0,0.0,0.0,1.0,0.0,125.0,4,0.0,0.0,589376
2024-10-28 05:00:00,00000000270,20241028050000,0.053,0.001,0.064,0.0,0.0,0.0,1.0,1.89,120.75,4,0.0,0.0,589376
2024-10-28 06:00:00,00000000270,20241028060000,0.07,0.0,0.055,0.0,0.0,0.0,1.0,0.0,78.57,4,0.0,0.0,589376
2024-10-28 07:00:00,00000000270,20241028070000,0.459,0.007,0.02,0.0,0.0,0.0,1.0,1.53,4.36,4,0.0,0.0,589376
2024-10-28 08:00:00,00000000270,20241028080000,0.104,0.001,0.032,0.0,0.0,0.0,1.0,0.96,30.77,4,0.0,0.0,589376
2024-10-28 09:00:00,00000000270,20241028090000,0.266,0.0,0.032,0.0,0.0,0.0,1.0,0.0,12.03,4,0.0,0.0,589376
2024-10-28 10:00:00,00000000270,20241028100000,0.309,0.001,0.052,0.0,0.0,0.0,1.0,0.32,16.83,4,0.0,0.0,589376
2024-10-28 11:00:00,00000000270,20241028110000,0.097,0.0,0.07,0.0,0.0,0.0,1.0,0.0,72.16,4,0.0,0.0,589376
2024-10-28 12:00:00,00000000270,20241028120000,0.066,0.001,0.065,0.0,0.0,0.0,1.0,1.52,98.48,4,0.0,0.0,589376
2024-10-28 13:00:00,00000000270,20241028130000,0.072,0.001,0.063,0.0,0.0,0.0,1.0,1.39,87.5,4,0.0,0.0,589376
2024-10-28 14:00:00,00000000270,20241028140000,0.11,0.0,0.032,0.0,0.0,0.0,1.0,0.0,29.09,4,0.0,0.0,589376
2024-10-28 15:00:00,00000000270,20241028150000,0.206,0.001,0.036,0.0,0.0,0.0,1.0,0.49,17.48,4,0.0,0.0,589376
2024-10-28 16:00:00,00000000270,20241028160000,0.183,0.0,0.035,0.0,0.0,0.0,1.0,0.0,19.13,4,0.0,0.0,589376
2024-10-28 17:00:00,00000000270,20241028170000,0.135,0.001,0.053,0.0,0.0,0.0,1.0,0.74,39.26,4,0.0,0.0,589376
2024-10-28 18:00:00,00000000270,20241028180000,0.103,0.0,0.07,0.0,0.0,0.0,1.0,0.0,67.96,4,0.0,0.0,589376
2024-10-28 19:00:00,00000000270,20241028190000,0.109,0.001,0.068,0.0,0.0,0.0,1.0,0.92,62.39,4,0.0,0.0,589376
2024-10-28 20:00:00,00000000270,20241028200000,0.102,0.0,0.059,0.0,0.0,0.0,1.0,0.0,57.84,4,0.0,0.0,589376
2024-10-28 21:00:00,00000000270,20241028210000,0.114,0.001,0.033,0.0,0.0,0.0,1.0,0.88,28.95,4,0.0,0.0,589376
2024-10-28 22:00:00,00000000270,20241028220000,0.11,0.0,0.034,0.0,0.0,0.0,1.0,0.0,30.91,4,0.0,0.0,589376
2024-10-28 23:00:00,00000000270,20241028230000,0.106,0.001,0.035,0.0,0.0,0.0,1.0,0.94,33.02,4,0.0,0.0,589376
2024-10-29 00:00:00,00000000270,20241029000000,0.058,0.001,0.065,0.0,0.0,0.0,1.0,1.72,112.07,4,0.0,0.0,589376
2024-10-29 01:00:00,00000000270,20241029010000,0.056,0.0,0.067,0.0,0.0,0.0,1.0,0.0,119.64,4,0.0,0.0,589376
2024-10-29 02:00:00,00000000270,20241029020000,0.064,0.001,0.067,0.0,0.0,0.0,1.0,1.56,104.69,4,0.0,0.0,589376
2024-10-29 03:00:00,00000000270,20241029030000,0.111,0.0,0.038,0.0,0.0,0.0,1.0,0.0,34.23,4,0.0,0.0,589376
2024-10-29 04:00:00,00000000270,20241029040000,0.112,0.001,0.034,0.0,0.0,0.0,1.0,0.89,30.36,4,0.0,0.0,589376
2024-10-29 05:00:00,00000000270,20241029050000,0.11,0.001,0.035,0.0,0.0,0.0,1.0,0.91,31.82,4,0.0,0.0,589376
2024-10-29 06:00:00,00000000270,20241029060000,0.066,0.0,0.064,0.0,0.0,0.0,1.0,0.0,96.97,4,0.0,0.0,589376
2024-10-29 07:00:00,00000000270,20241029070000,0.059,0.001,0.067,0.0,0.0,0.0,1.0,1.69,113.56,4,0.0,0.0,589376
2024-10-29 08:00:00,00000000270,20241029080000,0.156,0.0,0.067,0.0,0.0,0.0,1.0,0.0,42.95,4,0.0,0.0,589376
2024-10-29 09:00:00,00000000270,20241029090000,0.13,0.001,0.047,0.0,0.0,0.0,1.0,0.77,36.15,4,0.0,0.0,589376
2024-10-29 10:00:00,00000000270,20241029100000,0.118,0.001,0.033,0.0,0.0,0.0,1.0,0.85,27.97,4,0.0,0.0,589376
2024-10-29 11:00:00,00000000270,20241029110000,0.108,0.0,0.035,0.0,0.0,0.0,1.0,0.0,32.41,4,0.0,0.0,589376
2024-10-29 12:00:00,00000000270,20241029120000,0.067,0.001,0.059,0.0,0.0,0.0,1.0,1.49,88.06,4,0.0,0.0,589376
2024-10-29 13:00:00,00000000270,20241029130000,0.059,0.0,0.066,0.0,0.0,0.0,1.0,0.0,111.86,4,0.0,0.0,589376
2024-10-29 14:00:00,00000000270,20241029140000,0.059,0.001,0.065,0.0,0.0,0.0,1.0,1.69,110.17,4,0.0,0.0,589376
2024-10-29 15:00:00,00000000270,20241029150000,0.091,0.001,0.047,0.0,0.0,0.0,1.0,1.1,51.65,4,0.0,0.0,589376
2024-10-29 16:00:00,00000000270,20241029160000,0.11,0.0,0.033,0.0,0.0,0.0,1.0,0.0,30.0,4,0.0,0.0,589376
2024-10-29 17:00:00,00000000270,20241029170000,0.113,0.001,0.034,0.0,0.0,0.0,1.0,0.88,30.09,4,0.0,0.0,589376
2024-10-29 18:00:00,00000000270,20241029180000,0.108,0.0,0.032,0.0,0.0,0.0,1.0,0.0,29.63,4,0.0,0.0,589376
2024-10-29 19:00:00,00000000270,20241029190000,0.072,0.001,0.055,0.0,0.0,0.0,1.0,1.39,76.39,4,0.0,0.0,589376
2024-10-29 20:00:00,00000000270,20241029200000,0.062,0.0,0.062,0.0,0.0,0.0,1.0,0.0,100.0,4,0.0,0.0,589376
2024-10-29 21:00:00,00000000270,20241029210000,0.062,0.001,0.062,0.0,0.0,0.0,1.0,1.61,100.0,4,0.0,0.0,589376
2024-10-29 22:00:00,00000000270,20241029220000,0.091,0.0,0.047,0.0,0.0,0.0,1.0,0.0,51.65,4,0.0,0.0,589376
2024-10-29 23:00:00,00000000270,20241029230000,0.107,0.001,0.033,0.0,0.0,0.0,1.0,0.93,30.84,4,0.0,0.0,589376
2024-10-30 00:00:00,00000000270,20241030000000,0.209,0.001,0.033,0.0,0.0,0.0,1.0,0.48,15.79,4,0.0,0.0,589376
2024-10-30 01:00:00,00000000270,20241030010000,0.128,0.0,0.033,0.0,0.0,0.0,1.0,0.0,25.78,4,0.0,0.0,589376
2024-10-30 02:00:00,00000000270,20241030020000,0.059,0.001,0.066,0.0,0.0,0.0,1.0,1.69,111.86,4,0.0,0.0,589376
2024-10-30 03:00:00,00000000270,20241030030000,0.057,0.0,0.068,0.0,0.0,0.0,1.0,0.0,119.3,4,0.0,0.0,589376
2024-10-30 04:00:00,00000000270,20241030040000,0.059,0.001,0.068,0.0,0.0,0.0,1.0,1.69,115.25,4,0.0,0.0,589376
2024-10-30 05:00:00,00000000270,20241030050000,0.097,0.0,0.042,0.0,0.0,0.0,1.0,0.0,43.3,4,0.0,0.0,589376
2024-10-30 06:00:00,00000000270,20241030060000,0.111,0.001,0.034,0.0,0.0,0.0,1.0,0.9,30.63,4,0.0,0.0,589376
2024-10-30 07:00:00,00000000270,20241030070000,0.108,0.001,0.035,0.0,0.0,0.0,1.0,0.93,32.41,4,0.0,0.0,589376
2024-10-30 08:00:00,00000000270,20241030080000,0.084,0.0,0.051,0.0,0.0,0.0,1.0,0.0,60.71,4,0.0,0.0,589376
2024-10-30 09:00:00,00000000270,20241030090000,0.057,0.001,0.065,0.0,0.0,0.0,1.0,1.75,114.04,4,0.0,0.0,589376
2024-10-30 10:00:00,00000000270,20241030100000,0.06,0.0,0.066,0.0,0.0,0.0,1.0,0.0,110.0,4,0.0,0.0,589376
2024-10-30 11:00:00,00000000270,20241030110000,0.077,0.001,0.057,0.0,0.0,0.0,1.0,1.3,74.03,4,0.0,0.0,589376
2024-10-30 12:00:00,00000000270,20241030120000,0.107,0.001,0.034,0.0,0.0,0.0,1.0,0.93,31.78,4,0.0,0.0,589376
2024-10-30 13:00:00,00000000270,20241030130000,0.111,0.0,0.034,0.0,0.0,0.0,1.0,0.0,30.63,4,0.0,0.0,589376
2024-10-30 14:00:00,00000000270,20241030140000,0.106,0.001,0.034,0.0,0.0,0.0,1.0,0.94,32.08,4,0.0,0.0,589376
2024-10-30 15:00:00,00000000270,20241030150000,0.076,0.0,0.053,0.0,0.0,0.0,1.0,0.0,69.74,4,0.0,0.0,589376
2024-10-30 16:00:00,00000000270,20241030160000,0.061,0.001,0.066,0.0,0.0,0.0,1.0,1.64,108.2,4,0.0,0.0,589376
2024-10-30 17:00:00,00000000270,20241030170000,0.056,0.0,0.065,0.0,0.0,0.0,1.0,0.0,116.07,4,0.0,0.0,589376
2024-10-30 18:00:00,00000000270,20241030180000,0.089,0.001,0.049,0.0,0.0,0.0,1.0,1.12,55.06,4,0.0,0.0,589376
2024-10-30 19:00:00,00000000270,20241030190000,0.11,0.0,0.032,0.0,0.0,0.0,1.0,0.0,29.09,4,0.0,0.0,589376
2024-10-30 20:00:00,00000000270,20241030200000,0.108,0.001,0.033,0.0,0.0,0.0,1.0,0.93,30.56,4,0.0,0.0,589376
2024-10-30 21:00:00,00000000270,20241030210000,0.107,0.001,0.034,0.0,0.0,0.0,1.0,0.93,31.78,4,0.0,0.0,589376
2024-10-30 22:00:00,00000000270,20241030220000,0.063,0.0,0.059,0.0,0.0,0.0,1.0,0.0,93.65,4,0.0,0.0,589376
2024-10-30 23:00:00,00000000270,20241030230000,0.057,0.001,0.065,0.0,0.0,0.0,1.0,1.75,114.04,4,0.0,0.0,589376
2024-10-31 00:00:00,00000000270,20241031000000,0.062,0.0,0.066,0.0,0.0,0.0,1.0,0.0,106.45,4,0.0,0.0,589376
2024-10-31 01:00:00,00000000270,20241031010000,0.162,0.001,0.046,0.0,0.0,0.0,1.0,0.62,28.4,4,0.0,0.0,589376
2024-10-31 02:00:00,00000000270,20241031020000,0.155,0.0,0.03,0.0,0.0,0.0,1.0,0.0,19.35,4,0.0,0.0,589376
2024-10-31 03:00:00,00000000270,20241031030000,0.107,0.001,0.034,0.0,0.0,0.0,1.0,0.93,31.78,4,0.0,0.0,589376
2024-10-31 04:00:00,00000000270,20241031040000,0.08,0.001,0.051,0.0,0.0,0.0,1.0,1.25,63.75,4,0.0,0.0,589376
2024-10-31 05:00:00,00000000270,20241031050000,0.058,0.0,0.067,0.0,0.0,0.0,1.0,0.0,115.52,4,0.0,0.0,589376
2024-10-31 06:00:00,00000000270,20241031060000,0.058,0.001,0.066,0.0,0.0,0.0,1.0,1.72,113.79,4,0.0,0.0,589376
2024-10-31 07:00:00,00000000270,20241031070000,0.075,0.0,0.058,0.0,0.0,0.0,1.0,0.0,77.33,4,0.0,0.0,589376
2024-10-31 08:00:00,00000000270,20241031080000,0.112,0.001,0.034,0.0,0.0,0.0,1.0,0.89,30.36,4,0.0,0.0,589376
2024-10-31 09:00:00,00000000270,20241031090000,0.108,0.001,0.034,0.0,0.0,0.0,1.0,0.93,31.48,4,0.0,0.0,589376
2024-10-31 10:00:00,00000000270,20241031100000,0.096,0.0,0.043,0.0,0.0,0.0,1.0,0.0,44.79,4,0.0,0.0,589376
2024-10-31 11:00:00,00000000270,20241031110000,0.059,0.001,0.066,0.0,0.0,0.0,1.0,1.69,111.86,4,0.0,0.0,589376
2024-10-31 12:00:00,00000000270,20241031120000,0.059,0.0,0.066,0.0,0.0,0.0,1.0,0.0,111.86,4,0.0,0.0,589376
2024-10-31 13:00:00,00000000270,20241031130000,0.058,0.001,0.064,0.0,0.0,0.0,1.0,1.72,110.34,4,0.0,0.0,589376
2024-10-31 14:00:00,00000000270,20241031140000,0.113,0.001,0.034,0.0,0.0,0.0,1.0,0.88,30.09,4,0.0,0.0,589376
2024-10-31 15:00:00,00000000270,20241031150000,0.11,0.0,0.035,0.0,0.0,0.0,1.0,0.0,31.82,4,0.0,0.0,589376
2024-10-31 16:00:00,00000000270,20241031160000,0.103,0.001,0.033,0.0,0.0,0.0,1.0,0.97,32.04,4,0.0,0.0,589376
2024-10-31 17:00:00,00000000270,20241031170000,0.08,0.0,0.051,0.0,0.0,0.0,1.0,0.0,63.75,4,0.0,0.0,589376
2024-10-31 18:00:00,00000000270,20241031180000,0.058,0.001,0.063,0.0,0.0,0.0,1.0,1.72,108.62,4,0.0,0.0,589376
2024-10-31 19:00:00,00000000270,20241031190000,0.057,0.001,0.06,0.0,0.0,0.0,1.0,1.75,105.26,4,0.0,0.0,589376
2024-10-31 20:00:00,00000000270,20241031200000,0.084,0.0,0.049,0.0,0.0,0.0,1.0,0.0,58.33,4,0.0,0.0,589376
2024-10-31 21:00:00,00000000270,20241031210000,0.11,0.001,0.033,0.0,0.0,0.0,1.0,0.91,30.0,4,0.0,0.0,589376
2024-10-31 22:00:00,00000000270,20241031220000,0.104,0.0,0.033,0.0,0.0,0.0,1.0,0.0,31.73,4,0.0,0.0,589376
2024-10-31 23:00:00,00000000270,20241031230000,0.096,0.001,0.041,0.0,0.0,0.0,1.0,1.04,42.71,4,0.0,0.0,589376
2024-11-01 00:00:00,00000000270,20241101000000,0.063,0.0,0.064,0.0,0.0,0.0,1.0,0.0,101.59,4,0.0,0.0,589376
2024-11-01 01:00:00,00000000270,20241101010000,0.055,0.001,0.064,0.0,0.0,0.0,1.0,1.82,116.36,4,0.0,0.0,589376
2024-11-01 02:00:00,00000000270,20241101020000,0.061,0.0,0.065,0.0,0.0,0.0,1.0,0.0,106.56,4,0.0,0.0,589376
2024-11-01 03:00:00,00000000270,20241101030000,0.205,0.001,0.033,0.0,0.0,0.0,1.0,0.49,16.1,4,0.0,0.0,589376
2024-11-01 04:00:00,00000000270,20241101040000,0.133,0.001,0.032,0.0,0.0,0.0,1.0,0.75,24.06,4,0.0,0.0,589376
2024-11-01 05:00:00,00000000270,20241101050000,0.107,0.0,0.034,0.0,0.0,0.0,1.0,0.0,31.78,4,0.0,0.0,589376
2024-11-01 06:00:00,00000000270,20241101060000,0.058,0.001,0.065,0.0,0.0,0.0,1.0,1.72,112.07,4,0.0,0.0,589376
2024-11-01 07:00:00,00000000270,20241101070000,0.06,0.0,0.065,0.0,0.0,0.0,1.0,0.0,108.33,4,0.0,0.0,589376
2024-11-01 08:00:00,00000000270,20241101080000,0.065,0.001,0.065,0.0,0.0,0.0,1.0,1.54,100.0,4,0.0,0.0,589376
2024-11-01 09:00:00,00000000270,20241101090000,0.105,0.001,0.041,0.0,0.0,0.0,1.0,0.95,39.05,4,0.0,0.0,589376
2024-11-01 10:00:00,00000000270,20241101100000,0.11,0.0,0.034,0.0,0.0,0.0,1.0,0.0,30.91,4,0.0,0.0,589376
2024-11-01 11:00:00,00000000270,20241101110000,0.105,0.001,0.033,0.0,0.0,0.0,1.0,0.95,31.43,4,0.0,0.0,589376
2024-11-01 12:00:00,00000000270,20241101120000,0.061,0.0,0.065,0.0,0.0,0.0,1.0,0.0,106.56,4,0.0,0.0,589376
2024-11-01 13:00:00,00000000270,20241101130000,0.06,0.001,0.068,0.0,0.0,0.0,1.0,1.67,113.33,4,0.0,0.0,589376
2024-11-01 14:00:00,00000000270,20241101140000,0.057,0.001,0.066,0.0,0.0,0.0,1.0,1.75,115.79,4,0.0,0.0,589376
2024-11-01 15:00:00,00000000270,20241101150000,0.104,0.0,0.039,0.0,0.0,0.0,1.0,0.0,37.5,4,0.0,0.0,589376
2024-11-01 16:00:00,00000000270,20241101160000,0.111,0.001,0.034,0.0,0.0,0.0,1.0,0.9,30.63,4,0.0,0.0,589376
2024-11-01 17:00:00,00000000270,20241101170000,0.103,0.0,0.033,0.0,0.0,0.0,1.0,0.0,32.04,4,0.0,0.0,589376
2024-11-01 18:00:00,00000000270,20241101180000,0.091,0.001,0.044,0.0,0.0,0.0,1.0,1.1,48.35,4,0.0,0.0,589376
2024-11-01 19:00:00,00000000270,20241101190000,0.064,0.0,0.061,0.0,0.0,0.0,1.0,0.0,95.31,4,0.0,0.0,589376
2024-11-01 20:00:00,00000000270,20241101200000,0.056,0.001,0.062,0.0,0.0,0.0,1.0,1.79,110.71,4,0.0,0.0,589376
2024-11-01 21:00:00,00000000270,20241101210000,0.068,0.0,0.061,0.0,0.0,0.0,1.0,0.0,89.71,4,0.0,0.0,589376
2024-11-01 22:00:00,00000000270,20241101220000,0.113,0.001,0.033,0.0,0.0,0.0,1.0,0.88,29.2,4,0.0,0.0,589376
2024-11-01 23:00:00,00000000270,20241101230000,0.107,0.001,0.034,0.0,0.0,0.0,1.0,0.93,31.78,4,0.0,0.0,589376
2024-11-02 00:00:00,00000000270,20241102000000,0.109,0.0,0.034,0.0,0.0,0.0,1.0,0.0,31.19,4,0.0,0.0,589376
2024-11-02 01:00:00,00000000270,20241102010000,0.061,0.001,0.064,0.0,0.0,0.0,1.0,1.64,104.92,4,0.0,0.0,589376
2024-11-02 02:00:00,00000000270,20241102020000,0.061,0.001,0.066,0.0,0.0,0.0,1.0,1.64,108.2,4,0.0,0.0,589376
2024-11-02 03:00:00,00000000270,20241102030000,0.059,0.0,0.067,0.0,0.0,0.0,1.0,0.0,113.56,4,0.0,0.0,589376
2024-11-02 04:00:00,00000000270,20241102040000,0.093,0.001,0.046,0.0,0.0,0.0,1.0,1.08,49.46,4,0.0,0.0,589376
2024-11-02 05:00:00,00000000270,20241102050000,0.204,0.0,0.032,0.0,0.0,0.0,1.0,0.0,15.69,4,0.0,0.0,589376
2024-11-02 06:00:00,00000000270,20241102060000,0.121,0.001,0.033,0.0,0.0,0.0,1.0,0.83,27.27,4,0.0,0.0,589376
2024-11-02 07:00:00,00000000270,20241102070000,0.069,0.001,0.061,0.0,0.0,0.0,1.0,1.45,88.41,4,0.0,0.0,589376
2024-11-02 08:00:00,00000000270,20241102080000,0.061,0.0,0.066,0.0,0.0,0.0,1.0,0.0,108.2,4,0.0,0.0,589376
2024-11-02 09:00:00,00000000270,20241102090000,0.063,0.001,0.065,0.0,0.0,0.0,1.0,1.59,103.17,4,0.0,0.0,589376
2024-11-02 10:00:00,00000000270,20241102100000,0.087,0.001,0.049,0.0,0.0,0.0,1.0,1.15,56.32,4,0.0,0.0,589376
2024-11-02 11:00:00,00000000270,20241102110000,0.11,0.0,0.034,0.0,0.0,0.0,1.0,0.0,30.91,4,0.0,0.0,589376
2024-11-02 12:00:00,00000000270,20241102120000,0.11,0.001,0.034,0.0,0.0,0.0,1.0,0.91,30.91,4,0.0,0.0,589376
2024-11-02 13:00:00,00000000270,20241102130000,0.08,0.0,0.054,0.0,0.0,0.0,1.0,0.0,67.5,4,0.0,0.0,589376
2024-11-02 14:00:00,00000000270,20241102140000,0.058,0.001,0.066,0.0,0.0,0.0,1.0,1.72,113.79,4,0.0,0.0,589376
2024-11-02 15:00:00,00000000270,20241102150000,0.059,0.0,0.065,0.0,0.0,0.0,1.0,0.0,110.17,4,0.0,0.0,589376
2024-11-02 16:00:00,00000000270,20241102160000,0.082,0.001,0.055,0.0,0.0,0.0,1.0,1.22,67.07,4,0.0,0.0,589376
2024-11-02 17:00:00,00000000270,20241102170000,0.11,0.001,0.033,0.0,0.0,0.0,1.0,0.91,30.0,4,0.0,0.0,589376
2024-11-02 18:00:00,00000000270,20241102180000,0.103,0.0,0.033,0.0,0.0,0.0,1.0,0.0,32.04,4,0.0,0.0,589376
2024-11-02 19:00:00,00000000270,20241102190000,0.097,0.001,0.039,0.0,0.0,0.0,1.0,1.03,40.21,4,0.0,0.0,589376
2024-11-02 20:00:00,00000000270,20241102200000,0.059,0.0,0.062,0.0,0.0,0.0,1.0,0.0,105.08,4,0.0,0.0,589376
2024-11-02 21:00:00,00000000270,20241102210000,0.057,0.001,0.063,0.0,0.0,0.0,1.0,1.75,110.53,4,0.0,0.0,589376
2024-11-02 22:00:00,00000000270,20241102220000,0.058,0.001,0.063,0.0,0.0,0.0,1.0,1.72,108.62,4,0.0,0.0,589376
2024-11-02 23:00:00,00000000270,20241102230000,0.109,0.0,0.036,0.0,0.0,0.0,1.0,0.0,33.03,4,0.0,0.0,589376
2024-11-03 00:00:00,00000000270,20241103000000,0.105,0.001,0.034,0.0,0.0,0.0,1.0,0.95,32.38,4,0.0,0.0,589376
2024-11-03 01:00:00,00000000270,20241103010000,0.103,0.001,0.038,0.0,0.0,0.0,1.0,0.97,36.89,4,0.0,0.0,589376
2024-11-03 02:00:00,00000000270,20241103020000,0.057,0.0,0.067,0.0,0.0,0.0,1.0,0.0,117.54,4,0.0,0.0,589376
2024-11-03 03:00:00,00000000270,20241103030000,0.061,0.001,0.067,0.0,0.0,0.0,1.0,1.64,109.84,4,0.0,0.0,589376
2024-11-03 04:00:00,00000000270,20241103040000,0.058,0.001,0.067,0.0,0.0,0.0,1.0,1.72,115.52,4,0.0,0.0,589376
2024-11-03 05:00:00,00000000270,20241103050000,0.104,0.0,0.042,0.0,0.0,0.0,1.0,0.0,40.38,4,0.0,0.0,589376
2024-11-03 06:00:00,00000000270,20241103060000,0.156,0.001,0.035,0.0,0.0,0.0,1.0,0.64,22.44,4,0.0,0.0,589376
2024-11-03 07:00:00,00000000270,20241103070000,0.174,0.001,0.033,0.0,0.0,0.0,1.0,0.57,18.97,4,0.0,0.0,589376
2024-11-03 08:00:00,00000000270,20241103080000,0.058,0.0,0.069,0.0,0.0,0.0,1.0,0.0,118.97,4,0.0,0.0,589376
2024-11-03 09:00:00,00000000270,20241103090000,0.062,0.001,0.068,0.0,0.0,0.0,1.0,1.61,109.68,4,0.0,0.0,589376
2024-11-03 10:00:00,00000000270,20241103100000,0.061,0.0,0.066,0.0,0.0,0.0,1.0,0.0,108.2,4,0.0,0.0,589376
2024-11-03 11:00:00,00000000270,20241103110000,0.098,0.001,0.044,0.0,0.0,0.0,1.0,1.02,44.9,4,0.0,0.0,589376
2024-11-03 12:00:00,00000000270,20241103120000,0.112,0.001,0.034,0.0,0.0,0.0,1.0,0.89,30.36,4,0.0,0.0,589376
2024-11-03 13:00:00,00000000270,20241103130000,0.107,0.0,0.034,0.0,0.0,0.0,1.0,0.0,31.78,4,0.0,0.0,589376
2024-11-03 14:00:00,00000000270,20241103140000,0.065,0.001,0.065,0.0,0.0,0.0,1.0,1.54,100.0,4,0.0,0.0,589376
2024-11-03 15:00:00,00000000270,20241103150000,0.061,0.001,0.066,0.0,0.0,0.0,1.0,1.64,108.2,4,0.0,0.0,589376
2024-11-03 16:00:00,00000000270,20241103160000,0.061,0.0,0.065,0.0,0.0,0.0,1.0,0.0,106.56,4,0.0,0.0,589376
2024-11-03 17:00:00,00000000270,20241103170000,0.098,0.001,0.043,0.0,0.0,0.0,1.0,1.02,43.88,4,0.0,0.0,589376
2024-11-03 18:00:00,00000000270,20241103180000,0.109,0.0,0.032,0.0,0.0,0.0,1.0,0.0,29.36,4,0.0,0.0,589376
2024-11-03 19:00:00,00000000270,20241103190000,0.105,0.001,0.033,0.0,0.0,0.0,1.0,0.95,31.43,4,0.0,0.0,589376
2024-11-03 20:00:00,00000000270,20241103200000,0.063,0.0,0.059,0.0,0.0,0.0,1.0,0.0,93.65,4,0.0,0.0,589376
2024-11-03 21:00:00,00000000270,20241103210000,0.061,0.001,0.063,0.0,0.0,0.0,1.0,1.64,103.28,4,0.0,0.0,589376
2024-11-03 22:00:00,00000000270,20241103220000,0.06,0.0,0.065,0.0,0.0,0.0,1.0,0.0,108.33,4,0.0,0.0,589376
2024-11-03 23:00:00,00000000270,20241103230000,0.11,0.001,0.041,0.0,0.0,0.0,1.0,0.91,37.27,4,0.0,0.0,589376
2024-11-04 00:00:00,00000000270,20241104000000,0.106,0.001,0.032,0.0,0.0,0.0,1.0,0.94,30.19,4,0.0,0.0,589376
2024-11-04 01:00:00,00000000270,20241104010000,0.091,0.0,0.037,0.0,0.0,0.0,1.0,0.0,40.66,4,0.0,0.0,589376
2024-11-04 02:00:00,00000000270,20241104020000,0.051,0.001,0.065,0.0,0.0,0.0,1.0,1.96,127.45,4,0.0,0.0,589376
2024-11-04 03:00:00,00000000270,20241104030000,0.048,0.001,0.065,0.0,0.0,0.0,1.0,2.08,135.42,4,0.0,0.0,589376
2024-11-04 04:00:00,00000000270,20241104040000,0.052,0.0,0.065,0.0,0.0,0.0,1.0,0.0,125.0,4,0.0,0.0,589376
2024-11-04 05:00:00,00000000270,20241104050000,0.089,0.001,0.04,0.0,0.0,0.0,1.0,1.12,44.94,4,0.0,0.0,589376
2024-11-04 06:00:00,00000000270,20241104060000,0.103,0.001,0.032,0.0,0.0,0.0,1.0,0.97,31.07,4,0.0,0.0,589376
2024-11-04 07:00:00,00000000270,20241104070000,0.08,0.0,0.048,0.0,0.0,0.0,1.0,0.0,60.0,4,0.0,0.0,589376
2024-11-04 08:00:00,00000000270,20241104080000,0.139,0.001,0.062,0.0,0.0,0.0,1.0,0.72,44.6,4,0.0,0.0,589376
2024-11-04 09:00:00,00000000270,20241104090000,0.074,0.001,0.059,0.0,0.0,0.0,1.0,1.35,79.73,4,0.0,0.0,589376
2024-11-04 10:00:00,00000000270,20241104100000,0.059,0.001,0.059,0.0,0.0,0.0,1.0,1.69,100.0,4,0.0,0.0,589376
2024-11-04 11:00:00,00000000270,20241104110000,0.109,0.0,0.032,0.0,0.0,0.0,1.0,0.0,29.36,4,0.0,0.0,589376
2024-11-04 12:00:00,00000000270,20241104120000,0.102,0.001,0.032,0.0,0.0,0.0,1.0,0.98,31.37,4,0.0,0.0,589376
2024-11-04 13:00:00,00000000270,20241104130000,0.061,0.0,0.058,0.0,0.0,0.0,1.0,0.0,95.08,4,0.0,0.0,589376
2024-11-04 14:00:00,00000000270,20241104140000,0.052,0.001,0.065,0.0,0.0,0.0,1.0,1.92,125.0,4,0.0,0.0,589376
2024-11-04 15:00:00,00000000270,20241104150000,0.054,0.001,0.064,0.0,0.0,0.0,1.0,1.85,118.52,4,0.0,0.0,589376
2024-11-04 16:00:00,00000000270,20241104160000,0.09,0.0,0.044,0.0,0.0,0.0,1.0,0.0,48.89,4,0.0,0.0,589376
2024-11-04 17:00:00,00000000270,20241104170000,0.105,0.001,0.032,0.0,0.0,0.0,1.0,0.95,30.48,4,0.0,0.0,589376
2024-11-04 18:00:00,00000000270,20241104180000,0.099,0.001,0.031,0.0,0.0,0.0,1.0,1.01,31.31,4,0.0,0.0,589376
2024-11-04 19:00:00,00000000270,20241104190000,0.066,0.0,0.061,0.0,0.0,0.0,1.0,0.0,92.42,4,0.0,0.0,589376
2024-11-04 20:00:00,00000000270,20241104200000,0.071,0.0,0.068,0.0,0.0,0.0,1.0,0.0,95.77,4,0.0,0.0,589376
2024-11-04 21:00:00,00000000270,20241104210000,0.07,0.001,0.068,0.0,0.0,0.0,1.0,1.43,97.14,4,0.0,0.0,589376
2024-11-04 22:00:00,00000000270,20241104220000,0.101,0.0,0.032,0.0,0.0,0.0,1.0,0.0,31.68,4,0.0,0.0,589376
2024-11-04 23:00:00,00000000270,20241104230000,0.101,0.001,0.032,0.0,0.0,0.0,1.0,0.99,31.68,4,0.0,0.0,589376
2024-11-05 00:00:00,00000000270,20241105000000,0.07,0.001,0.051,0.0,0.0,0.0,1.0,1.43,72.86,4,0.0,0.0,589376
2024-11-05 01:00:00,00000000270,20241105010000,0.046,0.0,0.064,0.0,0.0,0.0,1.0,0.0,139.13,4,0.0,0.0,589376
2024-11-05 02:00:00,00000000270,20241105020000,0.055,0.001,0.065,0.0,0.0,0.0,1.0,1.82,118.18,4,0.0,0.0,589376
2024-11-05 03:00:00,00000000270,20241105030000,0.062,0.001,0.059,0.0,0.0,0.0,1.0,1.61,95.16,4,0.0,0.0,589376
2024-11-05 04:00:00,00000000270,20241105040000,0.102,0.0,0.032,0.0,0.0,0.0,1.0,0.0,31.37,4,0.0,0.0,589376
2024-11-05 05:00:00,00000000270,20241105050000,0.104,0.001,0.032,0.0,0.0,0.0,1.0,0.96,30.77,4,0.0,0.0,589376
2024-11-05 06:00:00,00000000270,20241105060000,0.052,0.0,0.064,0.0,0.0,0.0,1.0,0.0,123.08,4,0.0,0.0,589376
2024-11-05 07:00:00,00000000270,20241105070000,0.063,0.001,0.068,0.0,0.0,0.0,1.0,1.59,107.94,4,0.0,0.0,589376
2024-11-05 08:00:00,00000000270,20241105080000,0.051,0.001,0.065,0.0,0.0,0.0,1.0,1.96,127.45,4,0.0,0.0,589376
2024-11-05 09:00:00,00000000270,20241105090000,0.093,0.001,0.046,0.0,0.0,0.0,1.0,1.08,49.46,4,0.0,0.0,589376
2024-11-05 10:00:00,00000000270,20241105100000,0.195,0.0,0.029,0.0,0.0,0.0,1.0,0.0,14.87,4,0.0,0.0,589376
2024-11-05 11:00:00,00000000270,20241105110000,0.075,0.001,0.05,0.0,0.0,0.0,1.0,1.33,66.67,4,0.0,0.0,589376
2024-11-05 12:00:00,00000000270,20241105120000,0.053,0.001,0.066,0.0,0.0,0.0,1.0,1.89,124.53,4,0.0,0.0,589376
2024-11-05 13:00:00,00000000270,20241105130000,0.048,0.0,0.066,0.0,0.0,0.0,1.0,0.0,137.5,4,0.0,0.0,589376
2024-11-05 14:00:00,00000000270,20241105140000,0.075,0.001,0.056,0.0,0.0,0.0,1.0,1.33,74.67,4,0.0,0.0,589376
2024-11-05 15:00:00,00000000270,20241105150000,0.106,0.001,0.032,0.0,0.0,0.0,1.0,0.94,30.19,4,0.0,0.0,589376
2024-11-05 16:00:00,00000000270,20241105160000,0.109,0.0,0.034,0.0,0.0,0.0,1.0,0.0,31.19,4,0.0,0.0,589376
2024-11-05 17:00:00,00000000270,20241105170000,0.106,0.001,0.035,0.0,0.0,0.0,1.0,0.94,33.02,4,0.0,0.0,589376
2024-11-05 18:00:00,00000000270,20241105180000,0.11,0.001,0.033,0.0,0.0,0.0,1.0,0.91,30.0,4,0.0,0.0,589376
2024-11-05 19:00:00,00000000270,20241105190000,0.097,0.0,0.047,0.0,0.0,0.0,1.0,0.0,48.45,4,0.0,0.0,589376
2024-11-05 20:00:00,00000000270,20241105200000,0.074,0.001,0.065,0.0,0.0,0.0,1.0,1.35,87.84,4,0.0,0.0,589376
2024-11-05 21:00:00,00000000270,20241105210000,0.075,0.0,0.056,0.0,0.0,0.0,1.0,0.0,74.67,4,0.0,0.0,589376
2024-11-05 22:00:00,00000000270,20241105220000,0.115,0.001,0.036,0.0,0.0,0.0,1.0,0.87,31.3,4,0.0,0.0,589376
2024-11-05 23:00:00,00000000270,20241105230000,0.105,0.0,0.037,0.0,0.0,0.0,1.0,0.0,35.24,4,0.0,0.0,589376
2024-11-06 00:00:00,00000000270,20241106000000,0.087,0.001,0.053,0.0,0.0,0.0,1.0,1.15,60.92,4,0.0,0.0,589376
2024-11-06 01:00:00,00000000270,20241106010000,0.047,0.001,0.064,0.0,0.0,0.0,1.0,2.13,136.17,4,0.0,0.0,589376
2024-11-06 02:00:00,00000000270,20241106020000,0.057,0.0,0.065,0.0,0.0,0.0,1.0,0.0,114.04,4,0.0,0.0,589376
2024-11-06 03:00:00,00000000270,20241106030000,0.047,0.001,0.064,0.0,0.0,0.0,1.0,2.13,136.17,4,0.0,0.0,589376
2024-11-06 04:00:00,00000000270,20241106040000,0.105,0.001,0.034,0.0,0.0,0.0,1.0,0.95,32.38,4,0.0,0.0,589376
2024-11-06 05:00:00,00000000270,20241106050000,0.097,0.001,0.033,0.0,0.0,0.0,1.0,1.03,34.02,4,0.0,0.0,589376
2024-11-06 06:00:00,00000000270,20241106060000,0.075,0.0,0.041,0.0,0.0,0.0,1.0,0.0,54.67,4,0.0,0.0,589376
2024-11-06 07:00:00,00000000270,20241106070000,0.067,0.001,0.069,0.0,0.0,0.0,1.0,1.49,102.99,4,0.0,0.0,589376
2024-11-06 08:00:00,00000000270,20241106080000,0.053,0.001,0.063,0.0,0.0,0.0,1.0,1.89,118.87,4,0.0,0.0,589376
2024-11-06 09:00:00,00000000270,20241106090000,0.05,0.0,0.063,0.0,0.0,0.0,1.0,0.0,126.0,4,0.0,0.0,589376
2024-11-06 10:00:00,00000000270,20241106100000,0.061,0.001,0.058,0.0,0.0,0.0,1.0,1.64,95.08,4,0.0,0.0,589376
2024-11-06 11:00:00,00000000270,20241106110000,0.177,0.001,0.031,0.0,0.0,0.0,1.0,0.56,17.51,4,0.0,0.0,589376
2024-11-06 12:00:00,00000000270,20241106120000,0.136,0.001,0.029,0.0,0.0,0.0,1.0,0.74,21.32,4,0.0,0.0,589376
2024-11-06 13:00:00,00000000270,20241106130000,0.059,0.0,0.059,0.0,0.0,0.0,1.0,0.0,100.0,4,0.0,0.0,589376
2024-11-06 14:00:00,00000000270,20241106140000,0.054,0.001,0.064,0.0,0.0,0.0,1.0,1.85,118.52,4,0.0,0.0,589376
2024-11-06 15:00:00,00000000270,20241106150000,0.058,0.001,0.066,0.0,0.0,0.0,1.0,1.72,113.79,4,0.0,0.0,589376
2024-11-06 16:00:00,00000000270,20241106160000,0.086,0.0,0.047,0.0,0.0,0.0,1.0,0.0,54.65,4,0.0,0.0,589376
2024-11-06 17:00:00,00000000270,20241106170000,0.107,0.001,0.032,0.0,0.0,0.0,1.0,0.93,29.91,4,0.0,0.0,589376
2024-11-06 18:00:00,00000000270,20241106180000,0.112,0.001,0.039,0.0,0.0,0.0,1.0,0.89,34.82,4,0.0,0.0,589376
2024-11-06 19:00:00,00000000270,20241106190000,0.075,0.0,0.067,0.0,0.0,0.0,1.0,0.0,89.33,4,0.0,0.0,589376
2024-11-06 20:00:00,00000000270,20241106200000,0.053,0.0,0.062,0.0,0.0,0.0,1.0,0.0,116.98,4,0.0,0.0,589376
2024-11-06 21:00:00,00000000270,20241106210000,0.055,0.001,0.059,0.0,0.0,0.0,1.0,1.82,107.27,4,0.0,0.0,589376
2024-11-06 22:00:00,00000000270,20241106220000,0.096,0.0,0.043,0.0,0.0,0.0,1.0,0.0,44.79,4,0.0,0.0,589376
2024-11-06 23:00:00,00000000270,20241106230000,0.099,0.001,0.035,0.0,0.0,0.0,1.0,1.01,35.35,4,0.0,0.0,589376
2024-11-07 00:00:00,00000000270,20241107000000,0.075,0.0,0.042,0.0,0.0,0.0,1.0,0.0,56.0,4,0.0,0.0,589376
2024-11-07 01:00:00,00000000270,20241107010000,0.053,0.001,0.064,0.0,0.0,0.0,1.0,1.89,120.75,4,0.0,0.0,589376
2024-11-07 02:00:00,00000000270,20241107020000,0.048,0.001,0.064,0.0,0.0,0.0,1.0,2.08,133.33,4,0.0,0.0,589376
2024-11-07 03:00:00,00000000270,20241107030000,0.048,0.0,0.063,0.0,0.0,0.0,1.0,0.0,131.25,4,0.0,0.0,589376
2024-11-07 04:00:00,00000000270,20241107040000,0.103,0.001,0.036,0.0,0.0,0.0,1.0,0.97,34.95,4,0.0,0.0,589376
2024-11-07 05:00:00,00000000270,20241107050000,0.101,0.001,0.032,0.0,0.0,0.0,1.0,0.99,31.68,4,0.0,0.0,589376
2024-11-07 06:00:00,00000000270,20241107060000,0.061,0.001,0.057,0.0,0.0,0.0,1.0,1.64,93.44,4,0.0,0.0,589376
2024-11-07 07:00:00,00000000270,20241107070000,0.06,0.0,0.066,0.0,0.0,0.0,1.0,0.0,110.0,4,0.0,0.0,589376
2024-11-07 08:00:00,00000000270,20241107080000,0.053,0.001,0.064,0.0,0.0,0.0,1.0,1.89,120.75,4,0.0,0.0,589376
2024-11-07 09:00:00,00000000270,20241107090000,0.066,0.001,0.053,0.0,0.0,0.0,1.0,1.52,80.3,4,0.0,0.0,589376
2024-11-07 10:00:00,00000000270,20241107100000,0.092,0.001,0.033,0.0,0.0,0.0,1.0,1.09,35.87,4,0.0,0.0,589376
2024-11-07 11:00:00,00000000270,20241107110000,0.077,0.0,0.04,0.0,0.0,0.0,1.0,0.0,51.95,4,0.0,0.0,589376
2024-11-07 12:00:00,00000000270,20241107120000,0.051,0.001,0.062,0.0,0.0,0.0,1.0,1.96,121.57,4,0.0,0.0,589376
2024-11-07 13:00:00,00000000270,20241107130000,0.131,0.001,0.064,0.0,0.0,0.0,1.0,0.76,48.85,4,0.0,0.0,589376
2024-11-07 14:00:00,00000000270,20241107140000,0.069,0.0,0.062,0.0,0.0,0.0,1.0,0.0,89.86,4,0.0,0.0,589376
2024-11-07 15:00:00,00000000270,20241107150000,0.097,0.001,0.038,0.0,0.0,0.0,1.0,1.03,39.18,4,0.0,0.0,589376
2024-11-07 16:00:00,00000000270,20241107160000,0.1,0.001,0.031,0.0,0.0,0.0,1.0,1.0,31.0,4,0.0,0.0,589376
2024-11-07 17:00:00,00000000270,20241107170000,0.085,0.001,0.042,0.0,0.0,0.0,1.0,1.18,49.41,4,0.0,0.0,589376
2024-11-07 18:00:00,00000000270,20241107180000,0.061,0.007,0.056,0.0,0.0,0.0,1.0,11.48,91.8,4,0.0,0.0,589376
2024-11-07 19:00:00,00000000270,20241107190000,0.052,0.001,0.058,0.0,0.0,0.0,1.0,1.92,111.54,4,0.0,0.0,589376
2024-11-07 20:00:00,00000000270,20241107200000,0.052,0.0,0.058,0.0,0.0,0.0,1.0,0.0,111.54,4,0.0,0.0,589376
2024-11-07 21:00:00,00000000270,20241107210000,0.103,0.001,0.032,0.0,0.0,0.0,1.0,0.97,31.07,4,0.0,0.0,589376
2024-11-07 22:00:00,00000000270,20241107220000,0.096,0.0,0.03,0.0,0.0,0.0,1.0,0.0,31.25,4,0.0,0.0,589376
2024-11-07 23:00:00,00000000270,20241107230000,0.069,0.001,0.051,0.0,0.0,0.0,1.0,1.45,73.91,4,0.0,0.0,589376
2024-11-08 00:00:00,00000000270,20241108000000,0.043,0.0,0.062,0.0,0.0,0.0,1.0,0.0,144.19,4,0.0,0.0,589376
2024-11-08 01:00:00,00000000270,20241108010000,0.047,0.001,0.064,0.0,0.0,0.0,1.0,2.13,136.17,4,0.0,0.0,589376
2024-11-08 02:00:00,00000000270,20241108020000,0.053,0.001,0.057,0.0,0.0,0.0,1.0,1.89,107.55,4,0.0,0.0,589376
2024-11-08 03:00:00,00000000270,20241108030000,0.103,0.0,0.033,0.0,0.0,0.0,1.0,0.0,32.04,4,0.0,0.0,589376
2024-11-08 04:00:00,00000000270,20241108040000,0.099,0.001,0.031,0.0,0.0,0.0,1.0,1.01,31.31,4,0.0,0.0,589376
2024-11-08 05:00:00,00000000270,20241108050000,0.058,0.001,0.063,0.0,0.0,0.0,1.0,1.72,108.62,4,0.0,0.0,589376
2024-11-08 06:00:00,00000000270,20241108060000,0.05,0.0,0.063,0.0,0.0,0.0,1.0,0.0,126.0,4,0.0,0.0,589376
2024-11-08 07:00:00,00000000270,20241108070000,0.054,0.001,0.063,0.0,0.0,0.0,1.0,1.85,116.67,4,0.0,0.0,589376
2024-11-08 08:00:00,00000000270,20241108080000,0.074,0.001,0.051,0.0,0.0,0.0,1.0,1.35,68.92,4,0.0,0.0,589376
2024-11-08 09:00:00,00000000270,20241108090000,0.091,0.001,0.033,0.0,0.0,0.0,1.0,1.1,36.26,4,0.0,0.0,589376
2024-11-08 10:00:00,00000000270,20241108100000,0.075,0.0,0.044,0.0,0.0,0.0,1.0,0.0,58.67,4,0.0,0.0,589376
2024-11-08 11:00:00,00000000270,20241108110000,0.044,0.001,0.063,0.0,0.0,0.0,1.0,2.27,143.18,4,0.0,0.0,589376
2024-11-08 12:00:00,00000000270,20241108120000,0.057,0.001,0.065,0.0,0.0,0.0,1.0,1.75,114.04,4,0.0,0.0,589376
2024-11-08 13:00:00,00000000270,20241108130000,0.719,0.002,0.021,0.0,0.0,0.0,1.0,0.28,2.92,4,0.0,0.0,589376
2024-11-08 14:00:00,00000000270,20241108140000,0.478,0.01,0.023,0.0,0.0,0.0,1.0,2.09,4.81,4,0.0,0.0,589376
2024-11-08 15:00:00,00000000270,20241108150000,0.166,0.0,0.029,0.0,0.0,0.0,1.0,0.0,17.47,4,0.0,0.0,589376
2024-11-08 16:00:00,00000000270,20241108160000,0.085,0.001,0.044,0.0,0.0,0.0,1.0,1.18,51.76,4,0.0,0.0,589376
2024-11-08 17:00:00,00000000270,20241108170000,0.055,0.001,0.064,0.0,0.0,0.0,1.0,1.82,116.36,4,0.0,0.0,589376
2024-11-08 18:00:00,00000000270,20241108180000,0.105,0.0,0.036,0.0,0.0,0.0,1.0,0.0,34.29,4,0.0,0.0,589376
2024-11-08 19:00:00,00000000270,20241108190000,0.131,0.104,0.024,0.0,0.0,0.0,1.0,79.39,18.32,4,0.0,0.0,589376
2024-11-08 20:00:00,00000000270,20241108200000,0.35,0.141,0.018,0.0,0.0,0.0,1.0,40.29,5.14,4,0.0,0.0,589376
2024-11-08 21:00:00,00000000270,20241108210000,0.097,0.0,0.043,0.0,0.0,0.0,1.0,0.0,44.33,4,0.0,0.0,589376
2024-11-08 22:00:00,00000000270,20241108220000,0.06,0.001,0.063,0.0,0.0,0.0,1.0,1.67,105.0,4,0.0,0.0,589376
2024-11-08 23:00:00,00000000270,20241108230000,0.657,0.013,0.012,0.0,0.0,0.0,1.0,1.98,1.83,4,0.0,0.0,589376
2024-11-09 00:00:00,00000000270,20241109000000,0.3,0.002,0.029,0.0,0.0,0.0,1.0,0.67,9.67,4,0.0,0.0,589376
2024-11-09 01:00:00,00000000270,20241109010000,0.109,0.001,0.033,0.0,0.0,0.0,1.0,0.92,30.28,4,0.0,0.0,589376
2024-11-09 02:00:00,00000000270,20241109020000,0.068,0.0,0.057,0.0,0.0,0.0,1.0,0.0,83.82,4,0.0,0.0,589376
2024-11-09 03:00:00,00000000270,20241109030000,0.052,0.001,0.064,0.0,0.0,0.0,1.0,1.92,123.08,4,0.0,0.0,589376
2024-11-09 04:00:00,00000000270,20241109040000,0.053,0.001,0.064,0.0,0.0,0.0,1.0,1.89,120.75,4,0.0,0.0,589376
2024-11-09 05:00:00,00000000270,20241109050000,0.051,0.0,0.059,0.0,0.0,0.0,1.0,0.0,115.69,4,0.0,0.0,589376
2024-11-09 06:00:00,00000000270,20241109060000,0.095,0.001,0.033,0.0,0.0,0.0,1.0,1.05,34.74,4,0.0,0.0,589376
2024-11-09 07:00:00,00000000270,20241109070000,0.096,0.001,0.032,0.0,0.0,0.0,1.0,1.04,33.33,4,0.0,0.0,589376
2024-11-09 08:00:00,00000000270,20241109080000,0.092,0.001,0.038,0.0,0.0,0.0,1.0,1.09,41.3,4,0.0,0.0,589376
2024-11-09 09:00:00,00000000270,20241109090000,0.051,0.0,0.064,0.0,0.0,0.0,1.0,0.0,125.49,4,0.0,0.0,589376
2024-11-09 10:00:00,00000000270,20241109100000,0.053,0.001,0.064,0.0,0.0,0.0,1.0,1.89,120.75,4,0.0,0.0,589376
2024-11-09 11:00:00,00000000270,20241109110000,0.05,0.001,0.063,0.0,0.0,0.0,1.0,2.0,126.0,4,0.0,0.0,589376
2024-11-09 12:00:00,00000000270,20241109120000,0.064,0.0,0.067,0.0,0.0,0.0,1.0,0.0,104.69,4,0.0,0.0,589376
2024-11-09 13:00:00,00000000270,20241109130000,0.28,0.001,0.035,0.0,0.0,0.0,1.0,0.36,12.5,4,0.0,0.0,589376
2024-11-09 14:00:00,00000000270,20241109140000,0.14,0.001,0.034,0.0,0.0,0.0,1.0,0.71,24.29,4,0.0,0.0,589376
2024-11-09 15:00:00,00000000270,20241109150000,0.174,0.0,0.032,0.0,0.0,0.0,1.0,0.0,18.39,4,0.0,0.0,589376
2024-11-09 16:00:00,00000000270,20241109160000,0.131,0.001,0.059,0.0,0.0,0.0,1.0,0.76,45.04,4,0.0,0.0,589376
2024-11-09 17:00:00,00000000270,20241109170000,0.075,0.001,0.061,0.0,0.0,0.0,1.0,1.33,81.33,4,0.0,0.0,589376
2024-11-09 18:00:00,00000000270,20241109180000,0.066,0.0,0.05,0.0,0.0,0.0,1.0,0.0,75.76,4,0.0,0.0,589376
2024-11-09 19:00:00,00000000270,20241109190000,0.099,0.0,0.03,0.0,0.0,0.0,1.0,0.0,30.3,4,0.0,0.0,589376
2024-11-09 20:00:00,00000000270,20241109200000,0.1,0.001,0.031,0.0,0.0,0.0,1.0,1.0,31.0,4,0.0,0.0,589376
2024-11-09 21:00:00,00000000270,20241109210000,0.08,0.0,0.038,0.0,0.0,0.0,1.0,0.0,47.5,4,0.0,0.0,589376
2024-11-09 22:00:00,00000000270,20241109220000,0.052,0.0,0.06,0.0,0.0,0.0,1.0,0.0,115.38,4,0.0,0.0,589376
2024-11-09 23:00:00,00000000270,20241109230000,0.052,0.001,0.061,0.0,0.0,0.0,1.0,1.92,117.31,4,0.0,0.0,589376
2024-11-10 00:00:00,00000000270,20241110000000,0.074,0.0,0.07,0.0,0.0,0.0,1.0,0.0,94.59,4,0.0,0.0,589376
2024-11-10 01:00:00,00000000270,20241110010000,0.066,0.001,0.056,0.0,0.0,0.0,1.0,1.52,84.85,4,0.0,0.0,589376
2024-11-10 02:00:00,00000000270,20241110020000,0.1,0.001,0.033,0.0,0.0,0.0,1.0,1.0,33.0,4,0.0,0.0,589376
2024-11-10 03:00:00,00000000270,20241110030000,0.091,0.0,0.033,0.0,0.0,0.0,1.0,0.0,36.26,4,0.0,0.0,589376
2024-11-10 04:00:00,00000000270,20241110040000,0.054,0.001,0.058,0.0,0.0,0.0,1.0,1.85,107.41,4,0.0,0.0,589376
2024-11-10 05:00:00,00000000270,20241110050000,0.049,0.001,0.064,0.0,0.0,0.0,1.0,2.04,130.61,4,0.0,0.0,589376
2024-11-10 06:00:00,00000000270,20241110060000,0.057,0.0,0.065,0.0,0.0,0.0,1.0,0.0,114.04,4,0.0,0.0,589376
2024-11-10 07:00:00,00000000270,20241110070000,0.054,0.001,0.064,0.0,0.0,0.0,1.0,1.85,118.52,4,0.0,0.0,589376
2024-11-10 08:00:00,00000000270,20241110080000,0.583,0.001,0.047,0.0,0.0,0.0,1.0,0.17,8.06,4,0.0,0.0,589376
2024-11-10 09:00:00,00000000270,20241110090000,0.105,0.001,0.032,0.0,0.0,0.0,1.0,0.95,30.48,4,0.0,0.0,589376
2024-11-10 10:00:00,00000000270,20241110100000,0.098,0.001,0.032,0.0,0.0,0.0,1.0,1.02,32.65,4,0.0,0.0,589376
2024-11-10 11:00:00,00000000270,20241110110000,0.04,0.001,0.06,0.0,0.0,0.0,1.0,2.5,150.0,4,0.0,0.0,589376
2024-11-10 12:00:00,00000000270,20241110120000,0.042,0.0,0.064,0.0,0.0,0.0,1.0,0.0,152.38,4,0.0,0.0,589376
2024-11-10 13:00:00,00000000270,20241110130000,0.048,0.0,0.064,0.0,0.0,0.0,1.0,0.0,133.33,4,0.0,0.0,589376
2024-11-10 14:00:00,00000000270,20241110140000,0.052,0.001,0.063,0.0,0.0,0.0,1.0,1.92,121.15,4,0.0,0.0,589376
2024-11-10 15:00:00,00000000270,20241110150000,0.09,0.008,0.046,0.0,0.0,0.0,1.0,8.89,51.11,4,0.0,0.0,589376
2024-11-10 16:00:00,00000000270,20241110160000,0.102,0.001,0.032,0.0,0.0,0.0,1.0,0.98,31.37,4,0.0,0.0,589376
2024-11-10 17:00:00,00000000270,20241110170000,0.11,0.0,0.031,0.0,0.0,0.0,1.0,0.0,28.18,4,0.0,0.0,589376
2024-11-10 18:00:00,00000000270,20241110180000,0.138,0.001,0.054,0.0,0.0,0.0,1.0,0.72,39.13,4,0.0,0.0,589376
2024-11-10 19:00:00,00000000270,20241110190000,0.047,0.0,0.057,0.0,0.0,0.0,1.0,0.0,121.28,4,0.0,0.0,589376
2024-11-10 20:00:00,00000000270,20241110200000,0.045,0.0,0.059,0.0,0.0,0.0,1.0,0.0,131.11,4,0.0,0.0,589376
2024-11-10 21:00:00,00000000270,20241110210000,0.044,0.001,0.06,0.0,0.0,0.0,1.0,2.27,136.36,4,0.0,0.0,589376
2024-11-10 22:00:00,00000000270,20241110220000,0.084,0.0,0.044,0.0,0.0,0.0,1.0,0.0,52.38,4,0.0,0.0,589376
2024-11-10 23:00:00,00000000270,20241110230000,0.101,0.0,0.031,0.0,0.0,0.0,1.0,0.0,30.69,4,0.0,0.0,589376
2024-11-11 00:00:00,00000000270,20241111000000,0.089,0.001,0.038,0.0,0.0,0.0,1.0,1.12,42.7,4,0.0,0.0,589376
2024-11-11 01:00:00,00000000270,20241111010000,0.049,0.0,0.065,0.0,0.0,0.0,1.0,0.0,132.65,4,0.0,0.0,589376
2024-11-11 02:00:00,00000000270,20241111020000,0.048,0.001,0.065,0.0,0.0,0.0,1.0,2.08,135.42,4,0.0,0.0,589376
2024-11-11 03:00:00,00000000270,20241111030000,0.051,0.001,0.064,0.0,0.0,0.0,1.0,1.96,125.49,4,0.0,0.0,589376
2024-11-11 04:00:00,00000000270,20241111040000,0.048,0.0,0.065,0.0,0.0,0.0,1.0,0.0,135.42,4,0.0,0.0,589376
2024-11-11 05:00:00,00000000270,20241111050000,0.072,0.001,0.048,0.0,0.0,0.0,1.0,1.39,66.67,4,0.0,0.0,589376
2024-11-11 06:00:00,00000000270,20241111060000,0.089,0.001,0.033,0.0,0.0,0.0,1.0,1.12,37.08,4,0.0,0.0,589376
2024-11-11 07:00:00,00000000270,20241111070000,0.088,0.001,0.039,0.0,0.0,0.0,1.0,1.14,44.32,4,0.0,0.0,589376
2024-11-11 08:00:00,00000000270,20241111080000,0.052,0.0,0.064,0.0,0.0,0.0,1.0,0.0,123.08,4,0.0,0.0,589376
2024-11-11 09:00:00,00000000270,20241111090000,0.064,0.001,0.066,0.0,0.0,0.0,1.0,1.56,103.12,4,0.0,0.0,589376
2024-11-11 10:00:00,00000000270,20241111100000,0.501,0.001,0.051,0.0,0.0,0.0,1.0,0.2,10.18,4,0.0,0.0,589376
2024-11-11 11:00:00,00000000270,20241111110000,0.989,0.004,0.014,0.0,0.0,0.0,1.0,0.4,1.42,4,0.0,0.0,589376
2024-11-11 12:00:00,00000000270,20241111120000,0.846,0.009,0.008,0.0,0.0,0.0,1.0,1.06,0.95,4,0.0,0.0,589376
2024-11-11 13:00:00,00000000270,20241111130000,1.049,0.004,0.006,0.0,0.0,0.0,1.0,0.38,0.57,4,0.0,0.0,589376
2024-11-11 14:00:00,00000000270,20241111140000,0.338,0.002,0.046,0.0,0.0,0.0,1.0,0.59,13.61,4,0.0,0.0,589376
2024-11-11 15:00:00,00000000270,20241111150000,0.051,0.001,0.061,0.0,0.0,0.0,1.0,1.96,119.61,4,0.0,0.0,589376
2024-11-11 16:00:00,00000000270,20241111160000,0.57,0.001,0.03,0.0,0.0,0.0,1.0,0.18,5.26,4,0.0,0.0,589376
2024-11-11 17:00:00,00000000270,20241111170000,0.466,0.003,0.021,0.0,0.0,0.0,1.0,0.64,4.51,4,0.0,0.0,589376
2024-11-11 18:00:00,00000000270,20241111180000,0.099,0.0,0.034,0.0,0.0,0.0,1.0,0.0,34.34,4,0.0,0.0,589376
2024-11-11 19:00:00,00000000270,20241111190000,0.189,0.001,0.037,0.0,0.0,0.0,1.0,0.53,19.58,4,0.0,0.0,589376
2024-11-11 20:00:00,00000000270,20241111200000,0.117,0.0,0.053,0.0,0.0,0.0,1.0,0.0,45.3,4,0.0,0.0,589376
2024-11-11 21:00:00,00000000270,20241111210000,0.061,0.0,0.063,0.0,0.0,0.0,1.0,0.0,103.28,4,0.0,0.0,589376
2024-11-11 22:00:00,00000000270,20241111220000,0.053,0.001,0.06,0.0,0.0,0.0,1.0,1.89,113.21,4,0.0,0.0,589376
2024-11-11 23:00:00,00000000270,20241111230000,0.049,0.0,0.061,0.0,0.0,0.0,1.0,0.0,124.49,4,0.0,0.0,589376
2024-11-12 00:00:00,00000000270,20241112000000,0.093,0.001,0.039,0.0,0.0,0.0,1.0,1.08,41.94,4,0.0,0.0,589376
2024-11-12 01:00:00,00000000270,20241112010000,0.084,0.001,0.033,0.0,0.0,0.0,1.0,1.19,39.29,4,0.0,0.0,589376
2024-11-12 02:00:00,00000000270,20241112020000,0.08,0.0,0.04,0.0,0.0,0.0,1.0,0.0,50.0,4,0.0,0.0,589376
2024-11-12 03:00:00,00000000270,20241112030000,0.052,0.001,0.064,0.0,0.0,0.0,1.0,1.92,123.08,4,0.0,0.0,589376
2024-11-12 04:00:00,00000000270,20241112040000,0.051,0.001,0.064,0.0,0.0,0.0,1.0,1.96,125.49,4,0.0,0.0,589376
2024-11-12 05:00:00,00000000270,20241112050000,0.051,0.0,0.064,0.0,0.0,0.0,1.0,0.0,125.49,4,0.0,0.0,589376
2024-11-12 06:00:00,00000000270,20241112060000,0.079,0.007,0.059,0.0,0.0,0.0,1.0,8.86,74.68,4,0.0,0.0,589376
2024-11-12 07:00:00,00000000270,20241112070000,0.093,0.001,0.033,0.0,0.0,0.0,1.0,1.08,35.48,4,0.0,0.0,589376
2024-11-12 08:00:00,00000000270,20241112080000,0.085,0.001,0.033,0.0,0.0,0.0,1.0,1.18,38.82,4,0.0,0.0,589376
2024-11-12 09:00:00,00000000270,20241112090000,0.059,0.001,0.056,0.0,0.0,0.0,1.0,1.69,94.92,4,0.0,0.0,589376
2024-11-12 10:00:00,00000000270,20241112100000,0.049,0.0,0.06,0.0,0.0,0.0,1.0,0.0,122.45,4,0.0,0.0,589376
2024-11-12 11:00:00,00000000270,20241112110000,0.052,0.001,0.06,0.0,0.0,0.0,1.0,1.92,115.38,4,0.0,0.0,589376
2024-11-12 12:00:00,00000000270,20241112120000,0.048,0.0,0.06,0.0,0.0,0.0,1.0,0.0,125.0,4,0.0,0.0,589376
2024-11-12 13:00:00,00000000270,20241112130000,0.08,0.001,0.039,0.0,0.0,0.0,1.0,1.25,48.75,4,0.0,0.0,589376
2024-11-12 14:00:00,00000000270,20241112140000,0.09,0.0,0.032,0.0,0.0,0.0,1.0,0.0,35.56,4,0.0,0.0,589376
2024-11-12 15:00:00,00000000270,20241112150000,0.075,0.001,0.043,0.0,0.0,0.0,1.0,1.33,57.33,4,0.0,0.0,589376
2024-11-12 16:00:00,00000000270,20241112160000,0.05,0.0,0.061,0.0,0.0,0.0,1.0,0.0,122.0,4,0.0,0.0,589376
2024-11-12 17:00:00,00000000270,20241112170000,0.051,0.0,0.061,0.0,0.0,0.0,1.0,0.0,119.61,4,0.0,0.0,589376
2024-11-12 18:00:00,00000000270,20241112180000,0.066,0.008,0.059,0.0,0.0,0.0,1.0,12.12,89.39,4,0.0,0.0,589376
2024-11-12 19:00:00,00000000270,20241112190000,0.241,0.0,0.042,0.0,0.0,0.0,1.0,0.0,17.43,4,0.0,0.0,589376
2024-11-12 20:00:00,00000000270,20241112200000,0.103,0.001,0.035,0.0,0.0,0.0,1.0,0.97,33.98,4,0.0,0.0,589376
2024-11-12 21:00:00,00000000270,20241112210000,0.617,0.013,0.011,0.0,0.0,0.0,1.0,2.11,1.78,4,0.0,0.0,589376
2024-11-12 22:00:00,00000000270,20241112220000,0.199,0.003,0.054,0.0,0.0,0.0,1.0,1.51,27.14,4,0.0,0.0,589376
2024-11-12 23:00:00,00000000270,20241112230000,0.071,0.0,0.066,0.0,0.0,0.0,1.0,0.0,92.96,4,0.0,0.0,589376
2024-11-13 00:00:00,00000000270,20241113000000,0.069,0.001,0.06,0.0,0.0,0.0,1.0,1.45,86.96,4,0.0,0.0,589376
2024-11-13 01:00:00,00000000270,20241113010000,0.11,0.0,0.033,0.0,0.0,0.0,1.0,0.0,30.0,4,0.0,0.0,589376
2024-11-13 02:00:00,00000000270,20241113020000,0.1,0.001,0.032,0.0,0.0,0.0,1.0,1.0,32.0,4,0.0,0.0,589376
2024-11-13 03:00:00,00000000270,20241113030000,0.052,0.001,0.061,0.0,0.0,0.0,1.0,1.92,117.31,4,0.0,0.0,589376
2024-11-13 04:00:00,00000000270,20241113040000,0.053,0.001,0.065,0.0,0.0,0.0,1.0,1.89,122.64,4,0.0,0.0,589376
2024-11-13 05:00:00,00000000270,20241113050000,0.043,0.0,0.065,0.0,0.0,0.0,1.0,0.0,151.16,4,0.0,0.0,589376
2024-11-13 06:00:00,00000000270,20241113060000,0.062,0.001,0.053,0.0,0.0,0.0,1.0,1.61,85.48,4,0.0,0.0,589376
2024-11-13 07:00:00,00000000270,20241113070000,0.111,0.001,0.037,0.0,0.0,0.0,1.0,0.9,33.33,4,0.0,0.0,589376
2024-11-13 08:00:00,00000000270,20241113080000,0.091,0.0,0.037,0.0,0.0,0.0,1.0,0.0,40.66,4,0.0,0.0,589376
2024-11-13 09:00:00,00000000270,20241113090000,0.052,0.001,0.063,0.0,0.0,0.0,1.0,1.92,121.15,4,0.0,0.0,589376
2024-11-13 10:00:00,00000000270,20241113100000,0.049,0.001,0.061,0.0,0.0,0.0,1.0,2.04,124.49,4,0.0,0.0,589376
2024-11-13 11:00:00,00000000270,20241113110000,0.046,0.0,0.061,0.0,0.0,0.0,1.0,0.0,132.61,4,0.0,0.0,589376
2024-11-13 12:00:00,00000000270,20241113120000,0.067,0.001,0.046,0.0,0.0,0.0,1.0,1.49,68.66,4,0.0,0.0,589376
2024-11-13 13:00:00,00000000270,20241113130000,0.095,0.001,0.031,0.0,0.0,0.0,1.0,1.05,32.63,4,0.0,0.0,589376
2024-11-13 14:00:00,00000000270,20241113140000,0.077,0.0,0.045,0.0,0.0,0.0,1.0,0.0,58.44,4,0.0,0.0,589376
2024-11-13 15:00:00,00000000270,20241113150000,0.051,0.001,0.061,0.0,0.0,0.0,1.0,1.96,119.61,4,0.0,0.0,589376
2024-11-13 16:00:00,00000000270,20241113160000,0.048,0.0,0.06,0.0,0.0,0.0,1.0,0.0,125.0,4,0.0,0.0,589376
2024-11-13 17:00:00,00000000270,20241113170000,0.045,0.001,0.061,0.0,0.0,0.0,1.0,2.22,135.56,4,0.0,0.0,589376
2024-11-13 18:00:00,00000000270,20241113180000,0.087,0.0,0.033,0.0,0.0,0.0,1.0,0.0,37.93,4,0.0,0.0,589376
2024-11-13 19:00:00,00000000270,20241113190000,0.091,0.0,0.03,0.0,0.0,0.0,1.0,0.0,32.97,4,0.0,0.0,589376
2024-11-13 20:00:00,00000000270,20241113200000,0.055,0.001,0.053,0.0,0.0,0.0,1.0,1.82,96.36,4,0.0,0.0,589376
2024-11-13 21:00:00,00000000270,20241113210000,0.048,0.0,0.06,0.0,0.0,0.0,1.0,0.0,125.0,4,0.0,0.0,589376
2024-11-13 22:00:00,00000000270,20241113220000,0.108,0.0,0.061,0.0,0.0,0.0,1.0,0.0,56.48,4,0.0,0.0,589376
2024-11-13 23:00:00,00000000270,20241113230000,0.113,0.001,0.05,0.0,0.0,0.0,1.0,0.88,44.25,4,0.0,0.0,589376
2024-11-14 00:00:00,00000000270,20241114000000,0.102,0.0,0.03,0.0,0.0,0.0,1.0,0.0,29.41,4,0.0,0.0,589376
2024-11-14 01:00:00,00000000270,20241114010000,0.093,0.001,0.036,0.0,0.0,0.0,1.0,1.08,38.71,4,0.0,0.0,589376
2024-11-14 02:00:00,00000000270,20241114020000,0.043,0.001,0.065,0.0,0.0,0.0,1.0,2.33,151.16,4,0.0,0.0,589376
2024-11-14 03:00:00,00000000270,20241114030000,0.037,0.001,0.065,0.0,0.0,0.0,1.0,2.7,175.68,4,0.0,0.0,589376
2024-11-14 04:00:00,00000000270,20241114040000,0.051,0.0,0.065,0.0,0.0,0.0,1.0,0.0,127.45,4,0.0,0.0,589376
2024-11-14 05:00:00,00000000270,20241114050000,0.079,0.001,0.049,0.0,0.0,0.0,1.0,1.27,62.03,4,0.0,0.0,589376
2024-11-14 06:00:00,00000000270,20241114060000,0.098,0.001,0.032,0.0,0.0,0.0,1.0,1.02,32.65,4,0.0,0.0,589376
2024-11-14 07:00:00,00000000270,20241114070000,0.082,0.001,0.044,0.0,0.0,0.0,1.0,1.22,53.66,4,0.0,0.0,589376
2024-11-14 08:00:00,00000000270,20241114080000,0.044,0.0,0.065,0.0,0.0,0.0,1.0,0.0,147.73,4,0.0,0.0,589376
2024-11-14 09:00:00,00000000270,20241114090000,0.037,0.001,0.064,0.0,0.0,0.0,1.0,2.7,172.97,4,0.0,0.0,589376
2024-11-14 10:00:00,00000000270,20241114100000,0.048,0.001,0.061,0.0,0.0,0.0,1.0,2.08,127.08,4,0.0,0.0,589376
2024-11-14 11:00:00,00000000270,20241114110000,0.094,0.0,0.037,0.0,0.0,0.0,1.0,0.0,39.36,4,0.0,0.0,589376
2024-11-14 12:00:00,00000000270,20241114120000,0.474,0.001,0.032,0.0,0.0,0.0,1.0,0.21,6.75,4,0.0,0.0,589376
2024-11-14 13:00:00,00000000270,20241114130000,0.229,0.001,0.035,0.0,0.0,0.0,1.0,0.44,15.28,4,0.0,0.0,589376
2024-11-14 14:00:00,00000000270,20241114140000,0.493,0.003,0.019,0.0,0.0,0.0,1.0,0.61,3.85,4,0.0,0.0,589376
2024-11-14 15:00:00,00000000270,20241114150000,0.458,0.001,0.034,0.0,0.0,0.0,1.0,0.22,7.42,4,0.0,0.0,589376
2024-11-14 16:00:00,00000000270,20241114160000,0.075,0.001,0.047,0.0,0.0,0.0,1.0,1.33,62.67,4,0.0,0.0,589376
2024-11-14 17:00:00,00000000270,20241114170000,0.186,0.0,0.035,0.0,0.0,0.0,1.0,0.0,18.82,4,0.0,0.0,589376
2024-11-14 18:00:00,00000000270,20241114180000,0.105,0.001,0.032,0.0,0.0,0.0,1.0,0.95,30.48,4,0.0,0.0,589376
2024-11-14 19:00:00,00000000270,20241114190000,0.109,0.0,0.033,0.0,0.0,0.0,1.0,0.0,30.28,4,0.0,0.0,589376
2024-11-14 20:00:00,00000000270,20241114200000,1.015,0.007,0.021,0.0,0.0,0.0,1.0,0.69,2.07,4,0.0,0.0,589376
2024-11-14 21:00:00,00000000270,20241114210000,0.474,0.007,0.024,0.0,0.0,0.0,1.0,1.48,5.06,4,0.0,0.0,589376
2024-11-14 22:00:00,00000000270,20241114220000,0.364,0.002,0.038,0.0,0.0,0.0,1.0,0.55,10.44,4,0.0,0.0,589376
2024-11-14 23:00:00,00000000270,20241114230000,0.308,0.006,0.035,0.0,0.0,0.0,1.0,1.95,11.36,4,0.0,0.0,589376
2024-11-15 00:00:00,00000000270,20241115000000,0.349,0.013,0.027,0.0,0.0,0.0,1.0,3.72,7.74,4,0.0,0.0,589376
2024-11-15 01:00:00,00000000270,20241115010000,0.15,0.003,0.029,0.0,0.0,0.0,1.0,2.0,19.33,4,0.0,0.0,589376
2024-11-15 02:00:00,00000000270,20241115020000,0.097,0.001,0.035,0.0,0.0,0.0,1.0,1.03,36.08,4,0.0,0.0,589376
2024-11-15 03:00:00,00000000270,20241115030000,0.051,0.0,0.064,0.0,0.0,0.0,1.0,0.0,125.49,4,0.0,0.0,589376
2024-11-15 04:00:00,00000000270,20241115040000,0.053,0.001,0.066,0.0,0.0,0.0,1.0,1.89,124.53,4,0.0,0.0,589376
2024-11-15 05:00:00,00000000270,20241115050000,0.049,0.001,0.064,0.0,0.0,0.0,1.0,2.04,130.61,4,0.0,0.0,589376
2024-11-15 06:00:00,00000000270,20241115060000,0.048,0.0,0.066,0.0,0.0,0.0,1.0,0.0,137.5,4,0.0,0.0,589376
2024-11-15 07:00:00,00000000270,20241115070000,0.1,0.001,0.045,0.0,0.0,0.0,1.0,1.0,45.0,4,0.0,0.0,589376
2024-11-15 08:00:00,00000000270,20241115080000,0.095,0.001,0.033,0.0,0.0,0.0,1.0,1.05,34.74,4,0.0,0.0,589376
2024-11-15 09:00:00,00000000270,20241115090000,0.099,0.001,0.032,0.0,0.0,0.0,1.0,1.01,32.32,4,0.0,0.0,589376
2024-11-15 10:00:00,00000000270,20241115100000,0.056,0.0,0.058,0.0,0.0,0.0,1.0,0.0,103.57,4,0.0,0.0,589376
2024-11-15 11:00:00,00000000270,20241115110000,0.053,0.001,0.062,0.0,0.0,0.0,1.0,1.89,116.98,4,0.0,0.0,589376
2024-11-15 12:00:00,00000000270,20241115120000,0.044,0.001,0.061,0.0,0.0,0.0,1.0,2.27,138.64,4,0.0,0.0,589376
2024-11-15 13:00:00,00000000270,20241115130000,0.038,0.0,0.063,0.0,0.0,0.0,1.0,0.0,165.79,4,0.0,0.0,589376
2024-11-15 14:00:00,00000000270,20241115140000,0.067,0.001,0.049,0.0,0.0,0.0,1.0,1.49,73.13,4,0.0,0.0,589376
2024-11-15 15:00:00,00000000270,20241115150000,0.101,0.0,0.031,0.0,0.0,0.0,1.0,0.0,30.69,4,0.0,0.0,589376
2024-11-15 16:00:00,00000000270,20241115160000,0.099,0.001,0.031,0.0,0.0,0.0,1.0,1.01,31.31,4,0.0,0.0,589376
2024-11-15 17:00:00,00000000270,20241115170000,0.069,0.0,0.048,0.0,0.0,0.0,1.0,0.0,69.57,4,0.0,0.0,589376
2024-11-15 18:00:00,00000000270,20241115180000,0.059,0.0,0.068,0.0,0.0,0.0,1.0,0.0,115.25,4,0.0,0.0,589376
2024-11-15 19:00:00,00000000270,20241115190000,0.072,0.001,0.051,0.0,0.0,0.0,1.0,1.39,70.83,4,0.0,0.0,589376
2024-11-15 20:00:00,00000000270,20241115200000,0.11,0.0,0.049,0.0,0.0,0.0,1.0,0.0,44.55,4,0.0,0.0,589376
2024-11-15 21:00:00,00000000270,20241115210000,0.726,0.003,0.012,0.0,0.0,0.0,1.0,0.41,1.65,4,0.0,0.0,589376
2024-11-15 22:00:00,00000000270,20241115220000,0.646,0.011,0.006,0.0,0.0,0.0,1.0,1.7,0.93,4,0.0,0.0,589376
2024-11-15 23:00:00,00000000270,20241115230000,0.762,0.006,0.015,0.0,0.0,0.0,1.0,0.79,1.97,4,0.0,0.0,589376
2024-11-16 00:00:00,00000000270,20241116000000,0.709,0.004,0.01,0.0,0.0,0.0,1.0,0.56,1.41,4,0.0,0.0,589376
2024-11-16 01:00:00,00000000270,20241116010000,0.639,0.002,0.012,0.0,0.0,0.0,1.0,0.31,1.88,4,0.0,0.0,589376
2024-11-16 02:00:00,00000000270,20241116020000,0.835,0.006,0.019,0.0,0.0,0.0,1.0,0.72,2.28,4,0.0,0.0,589376
2024-11-16 03:00:00,00000000270,20241116030000,0.73,0.002,0.027,0.0,0.0,0.0,1.0,0.27,3.7,4,0.0,0.0,589376
2024-11-16 04:00:00,00000000270,20241116040000,0.654,0.002,0.021,0.0,0.0,0.0,1.0,0.31,3.21,4,0.0,0.0,589376
2024-11-16 05:00:00,00000000270,20241116050000,0.635,0.002,0.02,0.0,0.0,0.0,1.0,0.31,3.15,4,0.0,0.0,589376
2024-11-16 06:00:00,00000000270,20241116060000,0.518,0.002,0.026,0.0,0.0,0.0,1.0,0.39,5.02,4,0.0,0.0,589376
2024-11-16 07:00:00,00000000270,20241116070000,0.061,0.001,0.059,0.0,0.0,0.0,1.0,1.64,96.72,4,0.0,0.0,589376
2024-11-16 08:00:00,00000000270,20241116080000,0.071,0.0,0.055,0.0,0.0,0.0,1.0,0.0,77.46,4,0.0,0.0,589376
2024-11-16 09:00:00,00000000270,20241116090000,0.578,0.003,0.02,0.0,0.0,0.0,1.0,0.52,3.46,4,0.0,0.0,589376
2024-11-16 10:00:00,00000000270,20241116100000,0.645,0.011,0.008,0.0,0.0,0.0,1.0,1.71,1.24,4,0.0,0.0,589376
2024-11-16 11:00:00,00000000270,20241116110000,0.423,0.189,0.02,0.0,0.0,0.0,1.0,44.68,4.73,4,0.0,0.0,589376
2024-11-16 12:00:00,00000000270,20241116120000,0.094,0.052,0.041,0.0,0.0,0.0,1.0,55.32,43.62,4,0.0,0.0,589376
2024-11-16 13:00:00,00000000270,20241116130000,0.06,0.0,0.057,0.0,0.0,0.0,1.0,0.0,95.0,4,0.0,0.0,589376
2024-11-16 14:00:00,00000000270,20241116140000,0.119,0.133,0.04,0.0,0.0,0.0,1.0,111.76,33.61,4,0.0,0.0,589376
2024-11-16 15:00:00,00000000270,20241116150000,0.061,0.03,0.049,0.0,0.0,0.0,1.0,49.18,80.33,4,0.0,0.0,589376
2024-11-16 16:00:00,00000000270,20241116160000,0.051,0.0,0.056,0.0,0.0,0.0,1.0,0.0,109.8,4,0.0,0.0,589376
2024-11-16 17:00:00,00000000270,20241116170000,0.546,0.003,0.028,0.0,0.0,0.0,1.0,0.55,5.13,4,0.0,0.0,589376
2024-11-16 18:00:00,00000000270,20241116180000,0.829,0.005,0.01,0.0,0.0,0.0,1.0,0.6,1.21,4,0.0,0.0,589376
2024-11-16 19:00:00,00000000270,20241116190000,1.57,0.0,0.025,0.0,0.0,0.0,1.0,0.0,1.59,4,0.0,0.0,589376
2024-11-16 20:00:00,00000000270,20241116200000,1.138,0.001,0.033,0.0,0.0,0.0,1.0,0.09,2.9,4,0.0,0.0,589376
2024-11-16 21:00:00,00000000270,20241116210000,0.893,0.005,0.009,0.0,0.0,0.0,1.0,0.56,1.01,4,0.0,0.0,589376
2024-11-16 22:00:00,00000000270,20241116220000,0.821,0.004,0.018,0.0,0.0,0.0,1.0,0.49,2.19,4,0.0,0.0,589376
2024-11-16 23:00:00,00000000270,20241116230000,0.782,0.004,0.016,0.0,0.0,0.0,1.0,0.51,2.05,4,0.0,0.0,589376
2024-11-17 00:00:00,00000000270,20241117000000,0.775,0.004,0.015,0.0,0.0,0.0,1.0,0.52,1.94,4,0.0,0.0,589376
2024-11-17 01:00:00,00000000270,20241117010000,0.71,0.004,0.017,0.0,0.0,0.0,1.0,0.56,2.39,4,0.0,0.0,589376
2024-11-17 02:00:00,00000000270,20241117020000,0.591,0.001,0.017,0.0,0.0,0.0,1.0,0.17,2.88,4,0.0,0.0,589376
2024-11-17 03:00:00,00000000270,20241117030000,0.743,0.008,0.009,0.0,0.0,0.0,1.0,1.08,1.21,4,0.0,0.0,589376
2024-11-17 04:00:00,00000000270,20241117040000,0.686,0.008,0.006,0.0,0.0,0.0,1.0,1.17,0.87,4,0.0,0.0,589376
2024-11-17 05:00:00,00000000270,20241117050000,0.672,0.009,0.008,0.0,0.0,0.0,1.0,1.34,1.19,4,0.0,0.0,589376
2024-11-17 06:00:00,00000000270,20241117060000,0.658,0.004,0.01,0.0,0.0,0.0,1.0,0.61,1.52,4,0.0,0.0,589376
2024-11-17 07:00:00,00000000270,20241117070000,0.643,0.002,0.019,0.0,0.0,0.0,1.0,0.31,2.95,4,0.0,0.0,589376
2024-11-17 08:00:00,00000000270,20241117080000,0.66,0.004,0.017,0.0,0.0,0.0,1.0,0.61,2.58,4,0.0,0.0,589376
2024-11-17 09:00:00,00000000270,20241117090000,0.681,0.006,0.015,0.0,0.0,0.0,1.0,0.88,2.2,4,0.0,0.0,589376
2024-11-17 10:00:00,00000000270,20241117100000,0.663,0.003,0.019,0.0,0.0,0.0,1.0,0.45,2.87,4,0.0,0.0,589376
2024-11-17 11:00:00,00000000270,20241117110000,0.826,0.004,0.02,0.0,0.0,0.0,1.0,0.48,2.42,4,0.0,0.0,589376
2024-11-17 12:00:00,00000000270,20241117120000,2.046,0.002,0.028,0.0,0.0,0.0,1.0,0.1,1.37,4,0.0,0.0,589376
2024-11-17 13:00:00,00000000270,20241117130000,1.023,0.001,0.034,0.0,0.0,0.0,1.0,0.1,3.32,4,0.0,0.0,589376
2024-11-17 14:00:00,00000000270,20241117140000,0.053,0.001,0.056,0.0,0.0,0.0,1.0,1.89,105.66,4,0.0,0.0,589376
2024-11-17 15:00:00,00000000270,20241117150000,0.074,0.0,0.062,0.0,0.0,0.0,1.0,0.0,83.78,4,0.0,0.0,589376
2024-11-17 16:00:00,00000000270,20241117160000,0.08,0.0,0.065,0.0,0.0,0.0,1.0,0.0,81.25,4,0.0,0.0,589376
2024-11-17 17:00:00,00000000270,20241117170000,0.306,0.001,0.053,0.0,0.0,0.0,1.0,0.33,17.32,4,0.0,0.0,589376
2024-11-17 18:00:00,00000000270,20241117180000,0.332,0.0,0.055,0.0,0.0,0.0,1.0,0.0,16.57,4,0.0,0.0,589376
2024-11-17 19:00:00,00000000270,20241117190000,0.362,0.001,0.043,0.0,0.0,0.0,1.0,0.28,11.88,4,0.0,0.0,589376
2024-11-17 20:00:00,00000000270,20241117200000,0.77,0.004,0.017,0.0,0.0,0.0,1.0,0.52,2.21,4,0.0,0.0,589376
2024-11-17 21:00:00,00000000270,20241117210000,0.062,0.0,0.058,0.0,0.0,0.0,1.0,0.0,93.55,4,0.0,0.0,589376
2024-11-17 22:00:00,00000000270,20241117220000,0.06,0.001,0.055,0.0,0.0,0.0,1.0,1.67,91.67,4,0.0,0.0,589376
2024-11-17 23:00:00,00000000270,20241117230000,0.721,0.004,0.016,0.0,0.0,0.0,1.0,0.55,2.22,4,0.0,0.0,589376
2024-11-18 00:00:00,00000000270,20241118000000,0.311,0.001,0.043,0.0,0.0,0.0,1.0,0.32,13.83,4,0.0,0.0,589376
2024-11-18 01:00:00,00000000270,20241118010000,0.059,0.001,0.06,0.0,0.0,0.0,1.0,1.69,101.69,4,0.0,0.0,589376
2024-11-18 02:00:00,00000000270,20241118020000,0.057,0.001,0.061,0.0,0.0,0.0,1.0,1.75,107.02,4,0.0,0.0,589376
2024-11-18 03:00:00,00000000270,20241118030000,0.058,0.0,0.061,0.0,0.0,0.0,1.0,0.0,105.17,4,0.0,0.0,589376
2024-11-18 04:00:00,00000000270,20241118040000,0.049,0.001,0.059,0.0,0.0,0.0,1.0,2.04,120.41,4,0.0,0.0,589376
2024-11-18 05:00:00,00000000270,20241118050000,0.147,0.001,0.06,0.0,0.0,0.0,1.0,0.68,40.82,4,0.0,0.0,589376
2024-11-18 06:00:00,00000000270,20241118060000,0.087,0.001,0.057,0.0,0.0,0.0,1.0,1.15,65.52,4,0.0,0.0,589376
2024-11-18 07:00:00,00000000270,20241118070000,0.064,0.001,0.06,0.0,0.0,0.0,1.0,1.56,93.75,4,0.0,0.0,589376
2024-11-18 08:00:00,00000000270,20241118080000,0.057,0.0,0.063,0.0,0.0,0.0,1.0,0.0,110.53,4,0.0,0.0,589376
2024-11-18 09:00:00,00000000270,20241118090000,0.047,0.001,0.061,0.0,0.0,0.0,1.0,2.13,129.79,4,0.0,0.0,589376
2024-11-18 10:00:00,00000000270,20241118100000,0.061,0.001,0.057,0.0,0.0,0.0,1.0,1.64,93.44,4,0.0,0.0,589376
2024-11-18 11:00:00,00000000270,20241118110000,0.059,0.001,0.057,0.0,0.0,0.0,1.0,1.69,96.61,4,0.0,0.0,589376
2024-11-18 12:00:00,00000000270,20241118120000,0.062,0.001,0.058,0.0,0.0,0.0,1.0,1.61,93.55,4,0.0,0.0,589376
2024-11-18 13:00:00,00000000270,20241118130000,0.045,0.0,0.059,0.0,0.0,0.0,1.0,0.0,131.11,4,0.0,0.0,589376
2024-11-18 14:00:00,00000000270,20241118140000,0.049,0.001,0.058,0.0,0.0,0.0,1.0,2.04,118.37,4,0.0,0.0,589376
2024-11-18 15:00:00,00000000270,20241118150000,0.061,0.001,0.059,0.0,0.0,0.0,1.0,1.64,96.72,4,0.0,0.0,589376
2024-11-18 16:00:00,00000000270,20241118160000,0.06,0.001,0.059,0.0,0.0,0.0,1.0,1.67,98.33,4,0.0,0.0,589376
2024-11-18 17:00:00,00000000270,20241118170000,0.061,0.0,0.058,0.0,0.0,0.0,1.0,0.0,95.08,4,0.0,0.0,589376
2024-11-18 18:00:00,00000000270,20241118180000,0.039,0.001,0.058,0.0,0.0,0.0,1.0,2.56,148.72,4,0.0,0.0,589376
2024-11-18 19:00:00,00000000270,20241118190000,0.472,0.001,0.036,0.0,0.0,0.0,1.0,0.21,7.63,4,0.0,0.0,589376
2024-11-18 20:00:00,00000000270,20241118200000,0.859,0.003,0.016,0.0,0.0,0.0,1.0,0.35,1.86,4,0.0,0.0,589376
2024-11-18 21:00:00,00000000270,20241118210000,1.376,0.006,0.01,0.0,0.0,0.0,1.0,0.44,0.73,4,0.0,0.0,589376
2024-11-18 22:00:00,00000000270,20241118220000,1.949,0.01,0.008,0.0,0.0,0.0,1.0,0.51,0.41,4,0.0,0.0,589376
2024-11-18 23:00:00,00000000270,20241118230000,0.632,0.007,0.01,0.0,0.0,0.0,1.0,1.11,1.58,4,0.0,0.0,589376
2024-11-19 00:00:00,00000000270,20241119000000,0.588,0.003,0.02,0.0,0.0,0.0,1.0,0.51,3.4,4,0.0,0.0,589376
2024-11-19 01:00:00,00000000270,20241119010000,0.489,0.007,0.025,0.0,0.0,0.0,1.0,1.43,5.11,4,0.0,0.0,589376
2024-11-19 02:00:00,00000000270,20241119020000,0.062,0.001,0.061,0.0,0.0,0.0,1.0,1.61,98.39,4,0.0,0.0,589376
2024-11-19 03:00:00,00000000270,20241119030000,0.039,0.001,0.063,0.0,0.0,0.0,1.0,2.56,161.54,4,0.0,0.0,589376
2024-11-19 04:00:00,00000000270,20241119040000,0.057,0.0,0.062,0.0,0.0,0.0,1.0,0.0,108.77,4,0.0,0.0,589376
2024-11-19 05:00:00,00000000270,20241119050000,0.062,0.001,0.062,0.0,0.0,0.0,1.0,1.61,100.0,4,0.0,0.0,589376
2024-11-19 06:00:00,00000000270,20241119060000,0.064,0.001,0.059,0.0,0.0,0.0,1.0,1.56,92.19,4,0.0,0.0,589376
2024-11-19 07:00:00,00000000270,20241119070000,0.158,0.0,0.06,0.0,0.0,0.0,1.0,0.0,37.97,4,0.0,0.0,589376
2024-11-19 08:00:00,00000000270,20241119080000,0.053,0.001,0.059,0.0,0.0,0.0,1.0,1.89,111.32,4,0.0,0.0,589376
2024-11-19 09:00:00,00000000270,20241119090000,0.066,0.001,0.059,0.0,0.0,0.0,1.0,1.52,89.39,4,0.0,0.0,589376
2024-11-19 10:00:00,00000000270,20241119100000,0.061,0.0,0.058,0.0,0.0,0.0,1.0,0.0,95.08,4,0.0,0.0,589376
2024-11-19 11:00:00,00000000270,20241119110000,0.053,0.001,0.062,0.0,0.0,0.0,1.0,1.89,116.98,4,0.0,0.0,589376
2024-11-19 12:00:00,00000000270,20241119120000,0.04,0.001,0.063,0.0,0.0,0.0,1.0,2.5,157.5,4,0.0,0.0,589376
2024-11-19 13:00:00,00000000270,20241119130000,0.055,0.001,0.06,0.0,0.0,0.0,1.0,1.82,109.09,4,0.0,0.0,589376
2024-11-19 14:00:00,00000000270,20241119140000,0.062,0.0,0.058,0.0,0.0,0.0,1.0,0.0,93.55,4,0.0,0.0,589376
2024-11-19 15:00:00,00000000270,20241119150000,0.062,0.001,0.059,0.0,0.0,0.0,1.0,1.61,95.16,4,0.0,0.0,589376
2024-11-19 16:00:00,00000000270,20241119160000,0.061,0.001,0.059,0.0,0.0,0.0,1.0,1.64,96.72,4,0.0,0.0,589376
2024-11-19 17:00:00,00000000270,20241119170000,0.05,0.001,0.059,0.0,0.0,0.0,1.0,2.0,118.0,4,0.0,0.0,589376
2024-11-19 18:00:00,00000000270,20241119180000,0.12,0.001,0.055,0.0,0.0,0.0,1.0,0.83,45.83,4,0.0,0.0,589376
2024-11-19 19:00:00,00000000270,20241119190000,0.213,0.012,0.021,0.0,0.0,0.0,1.0,5.63,9.86,4,0.0,0.0,589376
2024-11-19 20:00:00,00000000270,20241119200000,0.59,0.004,0.037,0.0,0.0,0.0,1.0,0.68,6.27,4,0.0,0.0,589376
2024-11-19 21:00:00,00000000270,20241119210000,0.079,0.0,0.066,0.0,0.0,0.0,1.0,0.0,83.54,4,0.0,0.0,589376
2024-11-19 22:00:00,00000000270,20241119220000,0.065,0.001,0.068,0.0,0.0,0.0,1.0,1.54,104.62,4,0.0,0.0,589376
2024-11-19 23:00:00,00000000270,20241119230000,0.076,0.0,0.067,0.0,0.0,0.0,1.0,0.0,88.16,4,0.0,0.0,589376
2024-11-20 00:00:00,00000000270,20241120000000,0.085,0.0,0.068,0.0,0.0,0.0,1.0,0.0,80.0,4,0.0,0.0,589376
2024-11-20 01:00:00,00000000270,20241120010000,0.08,0.001,0.068,0.0,0.0,0.0,1.0,1.25,85.0,4,0.0,0.0,589376
2024-11-20 02:00:00,00000000270,20241120020000,0.087,0.0,0.068,0.0,0.0,0.0,1.0,0.0,78.16,4,0.0,0.0,589376
2024-11-20 03:00:00,00000000270,20241120030000,0.051,0.001,0.063,0.0,0.0,0.0,1.0,1.96,123.53,4,0.0,0.0,589376
2024-11-20 04:00:00,00000000270,20241120040000,0.145,0.001,0.06,0.0,0.0,0.0,1.0,0.69,41.38,4,0.0,0.0,589376
2024-11-20 05:00:00,00000000270,20241120050000,0.081,0.0,0.061,0.0,0.0,0.0,1.0,0.0,75.31,4,0.0,0.0,589376
2024-11-20 06:00:00,00000000270,20241120060000,0.06,0.001,0.062,0.0,0.0,0.0,1.0,1.67,103.33,4,0.0,0.0,589376
2024-11-20 07:00:00,00000000270,20241120070000,0.064,0.001,0.059,0.0,0.0,0.0,1.0,1.56,92.19,4,0.0,0.0,589376
2024-11-20 08:00:00,00000000270,20241120080000,0.056,0.001,0.062,0.0,0.0,0.0,1.0,1.79,110.71,4,0.0,0.0,589376
2024-11-20 09:00:00,00000000270,20241120090000,0.048,0.001,0.059,0.0,0.0,0.0,1.0,2.08,122.92,4,0.0,0.0,589376
2024-11-20 10:00:00,00000000270,20241120100000,0.09,0.0,0.063,0.0,0.0,0.0,1.0,0.0,70.0,4,0.0,0.0,589376
2024-11-20 11:00:00,00000000270,20241120110000,0.28,0.001,0.067,0.0,0.0,0.0,1.0,0.36,23.93,4,0.0,0.0,589376
2024-11-20 12:00:00,00000000270,20241120120000,0.897,0.001,0.033,0.0,0.0,0.0,1.0,0.11,3.68,4,0.0,0.0,589376
2024-11-20 13:00:00,00000000270,20241120130000,0.798,0.003,0.023,0.0,0.0,0.0,1.0,0.38,2.88,4,0.0,0.0,589376
2024-11-20 14:00:00,00000000270,20241120140000,0.049,0.001,0.056,0.0,0.0,0.0,1.0,2.04,114.29,4,0.0,0.0,589376
2024-11-20 15:00:00,00000000270,20241120150000,0.065,0.001,0.064,0.0,0.0,0.0,1.0,1.54,98.46,4,0.0,0.0,589376
2024-11-20 16:00:00,00000000270,20241120160000,0.278,0.0,0.068,0.0,0.0,0.0,1.0,0.0,24.46,4,0.0,0.0,589376
2024-11-20 17:00:00,00000000270,20241120170000,0.232,0.001,0.063,0.0,0.0,0.0,1.0,0.43,27.16,4,0.0,0.0,589376
2024-11-20 18:00:00,00000000270,20241120180000,0.944,0.004,0.016,0.0,0.0,0.0,1.0,0.42,1.69,4,0.0,0.0,589376
2024-11-20 19:00:00,00000000270,20241120190000,0.794,0.072,0.0,0.0,0.0,0.0,1.0,9.07,0.0,4,0.0,0.0,589376
2024-11-20 20:00:00,00000000270,20241120200000,1.397,0.044,0.003,0.0,0.0,0.0,1.0,3.15,0.21,4,0.0,0.0,589376
2024-11-20 21:00:00,00000000270,20241120210000,0.944,0.015,0.037,0.0,0.0,0.0,1.0,1.59,3.92,4,0.0,0.0,589376
2024-11-20 22:00:00,00000000270,20241120220000,0.305,0.001,0.07,0.0,0.0,0.0,1.0,0.33,22.95,4,0.0,0.0,589376
2024-11-20 23:00:00,00000000270,20241120230000,0.092,0.0,0.067,0.0,0.0,0.0,1.0,0.0,72.83,4,0.0,0.0,589376
2024-11-21 00:00:00,00000000270,20241121000000,0.064,0.001,0.059,0.0,0.0,0.0,1.0,1.56,92.19,4,0.0,0.0,589376
2024-11-21 01:00:00,00000000270,20241121010000,0.153,0.0,0.058,0.0,0.0,0.0,1.0,0.0,37.91,4,0.0,0.0,589376
2024-11-21 02:00:00,00000000270,20241121020000,0.065,0.001,0.06,0.0,0.0,0.0,1.0,1.54,92.31,4,0.0,0.0,589376
2024-11-21 03:00:00,00000000270,20241121030000,0.067,0.001,0.06,0.0,0.0,0.0,1.0,1.49,89.55,4,0.0,0.0,589376
2024-11-21 04:00:00,00000000270,20241121040000,0.064,0.0,0.06,0.0,0.0,0.0,1.0,0.0,93.75,4,0.0,0.0,589376
2024-11-21 05:00:00,00000000270,20241121050000,0.062,0.001,0.061,0.0,0.0,0.0,1.0,1.61,98.39,4,0.0,0.0,589376
2024-11-21 06:00:00,00000000270,20241121060000,0.064,0.001,0.061,0.0,0.0,0.0,1.0,1.56,95.31,4,0.0,0.0,589376
2024-11-21 07:00:00,00000000270,20241121070000,0.067,0.0,0.063,0.0,0.0,0.0,1.0,0.0,94.03,4,0.0,0.0,589376
2024-11-21 08:00:00,00000000270,20241121080000,0.063,0.001,0.064,0.0,0.0,0.0,1.0,1.59,101.59,4,0.0,0.0,589376
2024-11-21 09:00:00,00000000270,20241121090000,0.071,0.0,0.059,0.0,0.0,0.0,1.0,0.0,83.1,4,0.0,0.0,589376
2024-11-21 10:00:00,00000000270,20241121100000,0.111,0.001,0.062,0.0,0.0,0.0,1.0,0.9,55.86,4,0.0,0.0,589376
2024-11-21 11:00:00,00000000270,20241121110000,0.061,0.001,0.06,0.0,0.0,0.0,1.0,1.64,98.36,4,0.0,0.0,589376
2024-11-21 12:00:00,00000000270,20241121120000,0.219,0.0,0.063,0.0,0.0,0.0,1.0,0.0,28.77,4,0.0,0.0,589376
2024-11-21 13:00:00,00000000270,20241121130000,0.061,0.001,0.059,0.0,0.0,0.0,1.0,1.64,96.72,4,0.0,0.0,589376
2024-11-21 14:00:00,00000000270,20241121140000,0.063,0.001,0.059,0.0,0.0,0.0,1.0,1.59,93.65,4,0.0,0.0,589376
2024-11-21 15:00:00,00000000270,20241121150000,0.063,0.0,0.058,0.0,0.0,0.0,1.0,0.0,92.06,4,0.0,0.0,589376
2024-11-21 16:00:00,00000000270,20241121160000,0.069,0.001,0.056,0.0,0.0,0.0,1.0,1.45,81.16,4,0.0,0.0,589376
2024-11-21 17:00:00,00000000270,20241121170000,0.272,0.001,0.069,0.0,0.0,0.0,1.0,0.37,25.37,4,0.0,0.0,589376
2024-11-21 18:00:00,00000000270,20241121180000,0.506,0.006,0.051,0.0,0.0,0.0,1.0,1.19,10.08,4,0.0,0.0,589376
2024-11-21 19:00:00,00000000270,20241121190000,0.558,0.011,0.0,0.0,0.0,0.0,1.0,1.97,0.0,4,0.0,0.0,589376
2024-11-21 20:00:00,00000000270,20241121200000,0.273,0.01,0.003,0.0,0.0,0.0,1.0,3.66,1.1,4,0.0,0.0,589376
2024-11-21 21:00:00,00000000270,20241121210000,0.633,0.006,0.029,0.0,0.0,0.0,1.0,0.95,4.58,4,0.0,0.0,589376
2024-11-21 22:00:00,00000000270,20241121220000,0.115,0.007,0.061,0.0,0.0,0.0,1.0,6.09,53.04,4,0.0,0.0,589376
2024-11-21 23:00:00,00000000270,20241121230000,0.064,0.001,0.058,0.0,0.0,0.0,1.0,1.56,90.62,4,0.0,0.0,589376
2024-11-22 00:00:00,00000000270,20241122000000,0.059,0.001,0.058,0.0,0.0,0.0,1.0,1.69,98.31,4,0.0,0.0,589376
2024-11-22 01:00:00,00000000270,20241122010000,0.07,0.001,0.056,0.0,0.0,0.0,1.0,1.43,80.0,4,0.0,0.0,589376
2024-11-22 02:00:00,00000000270,20241122020000,0.063,0.0,0.06,0.0,0.0,0.0,1.0,0.0,95.24,4,0.0,0.0,589376
2024-11-22 03:00:00,00000000270,20241122030000,0.061,0.001,0.061,0.0,0.0,0.0,1.0,1.64,100.0,4,0.0,0.0,589376
2024-11-22 04:00:00,00000000270,20241122040000,0.049,0.001,0.062,0.0,0.0,0.0,1.0,2.04,126.53,4,0.0,0.0,589376
2024-11-22 05:00:00,00000000270,20241122050000,0.05,0.001,0.061,0.0,0.0,0.0,1.0,2.0,122.0,4,0.0,0.0,589376
2024-11-22 06:00:00,00000000270,20241122060000,0.064,0.001,0.06,0.0,0.0,0.0,1.0,1.56,93.75,4,0.0,0.0,589376
2024-11-22 07:00:00,00000000270,20241122070000,0.068,0.0,0.061,0.0,0.0,0.0,1.0,0.0,89.71,4,0.0,0.0,589376
2024-11-22 08:00:00,00000000270,20241122080000,0.356,0.001,0.061,0.0,0.0,0.0,1.0,0.28,17.13,4,0.0,0.0,589376
2024-11-22 09:00:00,00000000270,20241122090000,0.063,0.001,0.057,0.0,0.0,0.0,1.0,1.59,90.48,4,0.0,0.0,589376
2024-11-22 10:00:00,00000000270,20241122100000,0.176,0.001,0.069,0.0,0.0,0.0,1.0,0.57,39.2,4,0.0,0.0,589376
2024-11-22 11:00:00,00000000270,20241122110000,0.612,0.001,0.065,0.0,0.0,0.0,1.0,0.16,10.62,4,0.0,0.0,589376
2024-11-22 12:00:00,00000000270,20241122120000,0.117,0.0,0.071,0.0,0.0,0.0,1.0,0.0,60.68,4,0.0,0.0,589376
2024-11-22 13:00:00,00000000270,20241122130000,0.065,0.001,0.06,0.0,0.0,0.0,1.0,1.54,92.31,4,0.0,0.0,589376
2024-11-22 14:00:00,00000000270,20241122140000,0.064,0.001,0.061,0.0,0.0,0.0,1.0,1.56,95.31,4,0.0,0.0,589376
2024-11-22 15:00:00,00000000270,20241122150000,0.129,0.0,0.067,0.0,0.0,0.0,1.0,0.0,51.94,4,0.0,0.0,589376
2024-11-22 16:00:00,00000000270,20241122160000,0.189,0.001,0.065,0.0,0.0,0.0,1.0,0.53,34.39,4,0.0,0.0,589376
2024-11-22 17:00:00,00000000270,20241122170000,0.111,0.001,0.067,0.0,0.0,0.0,1.0,0.9,60.36,4,0.0,0.0,589376
2024-11-22 18:00:00,00000000270,20241122180000,0.385,0.005,0.029,0.0,0.0,0.0,1.0,1.3,7.53,4,0.0,0.0,589376
2024-11-22 19:00:00,00000000270,20241122190000,0.143,0.039,0.0,0.0,0.0,0.0,1.0,27.27,0.0,4,0.0,0.0,589376
2024-11-22 20:00:00,00000000270,20241122200000,0.113,0.022,0.02,0.0,0.0,0.0,1.0,19.47,17.7,4,0.0,0.0,589376
2024-11-22 21:00:00,00000000270,20241122210000,0.114,0.022,0.0,0.0,0.0,0.0,1.0,19.3,0.0,4,0.0,0.0,589376
2024-11-22 22:00:00,00000000270,20241122220000,0.521,0.013,0.018,0.0,0.0,0.0,1.0,2.5,3.45,4,0.0,0.0,589376
2024-11-22 23:00:00,00000000270,20241122230000,0.096,0.001,0.071,0.0,0.0,0.0,1.0,1.04,73.96,4,0.0,0.0,589376
2024-11-23 00:00:00,00000000270,20241123000000,0.328,0.0,0.049,0.0,0.0,0.0,1.0,0.0,14.94,4,0.0,0.0,589376
2024-11-23 01:00:00,00000000270,20241123010000,0.91,0.004,0.019,0.0,0.0,0.0,1.0,0.44,2.09,4,0.0,0.0,589376
2024-11-23 02:00:00,00000000270,20241123020000,0.817,0.002,0.025,0.0,0.0,0.0,1.0,0.24,3.06,4,0.0,0.0,589376
2024-11-23 03:00:00,00000000270,20241123030000,0.479,0.005,0.022,0.0,0.0,0.0,1.0,1.04,4.59,4,0.0,0.0,589376
2024-11-23 04:00:00,00000000270,20241123040000,0.0,0.0,0.0,0.0,0.0,0.0,1.0,,,4,0.0,0.0,589376
2024-11-23 05:00:00,00000000270,20241123050000,0.0,0.0,0.0,0.0,0.0,0.0,1.0,,,4,0.0,0.0,589376
2024-11-23 06:00:00,00000000270,20241123060000,0.0,0.0,0.0,0.0,0.0,0.0,1.0,,,4,0.0,0.0,589376
2024-11-23 07:00:00,00000000270,20241123070000,0.0,0.0,0.0,0.0,0.0,0.0,1.0,,,4,0.0,0.0,589376
2024-11-23 08:00:00,00000000270,20241123080000,0.006,0.004,0.0,0.0,0.0,0.0,1.0,66.67,0.0,4,0.0,0.0,589376
2024-11-23 09:00:00,00000000270,20241123090000,0.0,0.0,0.0,0.0,0.0,0.0,1.0,,,4,0.0,0.0,589376
2024-11-23 10:00:00,00000000270,20241123100000,0.0,0.0,0.0,0.0,0.0,0.0,1.0,,,4,0.0,0.0,589376
2024-11-23 11:00:00,00000000270,20241123110000,0.0,0.0,0.0,0.0,0.0,0.0,1.0,,,4,0.0,0.0,589376
2024-11-23 12:00:00,00000000270,20241123120000,0.0,0.0,0.0,0.0,0.0,0.0,1.0,,,4,0.0,0.0,589376
2024-11-23 13:00:00,00000000270,20241123130000,0.0,0.0,0.0,0.0,0.0,0.0,1.0,,,4,0.0,0.0,589376
2024-11-23 14:00:00,00000000270,20241123140000,0.0,0.0,0.0,0.0,0.0,0.0,1.0,,,4,0.0,0.0,589376
2024-11-23 15:00:00,00000000270,20241123150000,0.131,0.011,0.014,0.0,0.0,0.0,1.0,8.4,10.69,4,0.0,0.0,589376
2024-11-23 16:00:00,00000000270,20241123160000,0.399,0.003,0.032,0.0,0.0,0.0,1.0,0.75,8.02,4,0.0,0.0,589376
2024-11-23 17:00:00,00000000270,20241123170000,1.107,0.031,0.005,0.0,0.0,0.0,1.0,2.8,0.45,4,0.0,0.0,589376
2024-11-23 18:00:00,00000000270,20241123180000,1.017,0.064,0.0,0.0,0.0,0.0,1.0,6.29,0.0,4,0.0,0.0,589376
2024-11-23 19:00:00,00000000270,20241123190000,0.999,0.067,0.0,0.0,0.0,0.0,1.0,6.71,0.0,4,0.0,0.0,589376
2024-11-23 20:00:00,00000000270,20241123200000,1.482,0.065,0.0,0.0,0.0,0.0,1.0,4.39,0.0,4,0.0,0.0,589376
2024-11-23 21:00:00,00000000270,20241123210000,1.465,0.074,0.0,0.0,0.0,0.0,1.0,5.05,0.0,4,0.0,0.0,589376
2024-11-23 22:00:00,00000000270,20241123220000,1.235,0.081,0.0,0.0,0.0,0.0,1.0,6.56,0.0,4,0.0,0.0,589376
2024-11-23 23:00:00,00000000270,20241123230000,1.33,0.075,0.0,0.0,0.0,0.0,1.0,5.64,0.0,4,0.0,0.0,589376
2024-11-24 00:00:00,00000000270,20241124000000,0.665,0.004,0.015,0.0,0.0,0.0,1.0,0.6,2.26,4,0.0,0.0,589376
2024-11-24 01:00:00,00000000270,20241124010000,0.533,0.003,0.028,0.0,0.0,0.0,1.0,0.56,5.25,4,0.0,0.0,589376
2024-11-24 02:00:00,00000000270,20241124020000,0.205,0.001,0.051,0.0,0.0,0.0,1.0,0.49,24.88,4,0.0,0.0,589376
2024-11-24 03:00:00,00000000270,20241124030000,0.063,0.001,0.061,0.0,0.0,0.0,1.0,1.59,96.83,4,0.0,0.0,589376
2024-11-24 04:00:00,00000000270,20241124040000,0.064,0.0,0.062,0.0,0.0,0.0,1.0,0.0,96.88,4,0.0,0.0,589376
2024-11-24 05:00:00,00000000270,20241124050000,0.073,0.001,0.056,0.0,0.0,0.0,1.0,1.37,76.71,4,0.0,0.0,589376
2024-11-24 06:00:00,00000000270,20241124060000,0.063,0.001,0.061,0.0,0.0,0.0,1.0,1.59,96.83,4,0.0,0.0,589376
2024-11-24 07:00:00,00000000270,20241124070000,0.059,0.001,0.06,0.0,0.0,0.0,1.0,1.69,101.69,4,0.0,0.0,589376
2024-11-24 08:00:00,00000000270,20241124080000,0.053,0.001,0.062,0.0,0.0,0.0,1.0,1.89,116.98,4,0.0,0.0,589376
2024-11-24 09:00:00,00000000270,20241124090000,0.054,0.001,0.061,0.0,0.0,0.0,1.0,1.85,112.96,4,0.0,0.0,589376
2024-11-24 10:00:00,00000000270,20241124100000,0.079,0.058,0.048,0.0,0.0,0.0,1.0,73.42,60.76,4,0.0,0.0,589376
2024-11-24 11:00:00,00000000270,20241124110000,1.129,0.205,0.017,0.0,0.0,0.0,1.0,18.16,1.51,4,0.0,0.0,589376
2024-11-24 12:00:00,00000000270,20241124120000,1.536,0.003,0.019,0.0,0.0,0.0,1.0,0.2,1.24,4,0.0,0.0,589376
2024-11-24 13:00:00,00000000270,20241124130000,0.771,0.004,0.019,0.0,0.0,0.0,1.0,0.52,2.46,4,0.0,0.0,589376
2024-11-24 14:00:00,00000000270,20241124140000,0.536,0.003,0.033,0.0,0.0,0.0,1.0,0.56,6.16,4,0.0,0.0,589376
2024-11-24 15:00:00,00000000270,20241124150000,0.072,0.001,0.059,0.0,0.0,0.0,1.0,1.39,81.94,4,0.0,0.0,589376
2024-11-24 16:00:00,00000000270,20241124160000,0.136,0.001,0.054,0.0,0.0,0.0,1.0,0.74,39.71,4,0.0,0.0,589376
2024-11-24 17:00:00,00000000270,20241124170000,1.365,0.001,0.035,0.0,0.0,0.0,1.0,0.07,2.56,4,0.0,0.0,589376
2024-11-24 18:00:00,00000000270,20241124180000,2.094,0.021,0.011,0.0,0.0,0.0,1.0,1.0,0.53,4,0.0,0.0,589376
2024-11-24 19:00:00,00000000270,20241124190000,0.972,0.014,0.004,0.0,0.0,0.0,1.0,1.44,0.41,4,0.0,0.0,589376
2024-11-24 20:00:00,00000000270,20241124200000,0.616,0.007,0.006,0.0,0.0,0.0,1.0,1.14,0.97,4,0.0,0.0,589376
2024-11-24 21:00:00,00000000270,20241124210000,0.616,0.023,0.003,0.0,0.0,0.0,1.0,3.73,0.49,4,0.0,0.0,589376
2024-11-24 22:00:00,00000000270,20241124220000,0.602,0.007,0.005,0.0,0.0,0.0,1.0,1.16,0.83,4,0.0,0.0,589376
2024-11-24 23:00:00,00000000270,20241124230000,0.99,0.01,0.008,0.0,0.0,0.0,1.0,1.01,0.81,4,0.0,0.0,589376
2024-11-25 00:00:00,00000000270,20241125000000,0.527,0.039,0.0,0.0,0.0,0.0,1.0,7.4,0.0,4,0.0,0.0,589376
2024-11-25 01:00:00,00000000270,20241125010000,0.656,0.019,0.001,0.0,0.0,0.0,1.0,2.9,0.15,4,0.0,0.0,589376
2024-11-25 02:00:00,00000000270,20241125020000,0.093,0.0,0.072,0.0,0.0,0.0,1.0,0.0,77.42,4,0.0,0.0,589376
2024-11-25 03:00:00,00000000270,20241125030000,0.097,0.0,0.069,0.0,0.0,0.0,1.0,0.0,71.13,4,0.0,0.0,589376
2024-11-25 04:00:00,00000000270,20241125040000,0.099,0.0,0.07,0.0,0.0,0.0,1.0,0.0,70.71,4,0.0,0.0,589376
2024-11-25 05:00:00,00000000270,20241125050000,0.098,0.001,0.069,0.0,0.0,0.0,1.0,1.02,70.41,4,0.0,0.0,589376
2024-11-25 06:00:00,00000000270,20241125060000,0.077,0.0,0.064,0.0,0.0,0.0,1.0,0.0,83.12,4,0.0,0.0,589376
2024-11-25 07:00:00,00000000270,20241125070000,0.169,0.0,0.062,0.0,0.0,0.0,1.0,0.0,36.69,4,0.0,0.0,589376
2024-11-25 08:00:00,00000000270,20241125080000,0.187,0.005,0.055,0.0,0.0,0.0,1.0,2.67,29.41,4,0.0,0.0,589376
2024-11-25 09:00:00,00000000270,20241125090000,0.61,0.0,0.055,0.0,0.0,0.0,1.0,0.0,9.02,4,0.0,0.0,589376
2024-11-25 10:00:00,00000000270,20241125100000,0.416,0.001,0.059,0.0,0.0,0.0,1.0,0.24,14.18,4,0.0,0.0,589376
2024-11-25 11:00:00,00000000270,20241125110000,0.121,0.0,0.062,0.0,0.0,0.0,1.0,0.0,51.24,4,0.0,0.0,589376
2024-11-25 12:00:00,00000000270,20241125120000,0.312,0.0,0.055,0.0,0.0,0.0,1.0,0.0,17.63,4,0.0,0.0,589376
2024-11-25 13:00:00,00000000270,20241125130000,0.073,0.001,0.058,0.0,0.0,0.0,1.0,1.37,79.45,4,0.0,0.0,589376
2024-11-25 14:00:00,00000000270,20241125140000,0.069,0.0,0.058,0.0,0.0,0.0,1.0,0.0,84.06,4,0.0,0.0,589376
2024-11-25 15:00:00,00000000270,20241125150000,0.084,0.008,0.055,0.0,0.0,0.0,1.0,9.52,65.48,4,0.0,0.0,589376
2024-11-25 16:00:00,00000000270,20241125160000,0.128,0.0,0.058,0.0,0.0,0.0,1.0,0.0,45.31,4,0.0,0.0,589376
2024-11-25 17:00:00,00000000270,20241125170000,0.528,0.0,0.065,0.0,0.0,0.0,1.0,0.0,12.31,4,0.0,0.0,589376
2024-11-25 18:00:00,00000000270,20241125180000,0.909,0.001,0.044,0.0,0.0,0.0,1.0,0.11,4.84,4,0.0,0.0,589376
2024-11-25 19:00:00,00000000270,20241125190000,0.335,0.003,0.038,0.0,0.0,0.0,1.0,0.9,11.34,4,0.0,0.0,589376
2024-11-25 20:00:00,00000000270,20241125200000,0.057,0.0,0.054,0.0,0.0,0.0,1.0,0.0,94.74,4,0.0,0.0,589376
2024-11-25 21:00:00,00000000270,20241125210000,0.058,0.0,0.056,0.0,0.0,0.0,1.0,0.0,96.55,4,0.0,0.0,589376
2024-11-25 22:00:00,00000000270,20241125220000,0.26,0.001,0.056,0.0,0.0,0.0,1.0,0.38,21.54,4,0.0,0.0,589376
2024-11-25 23:00:00,00000000270,20241125230000,1.104,0.001,0.044,0.0,0.0,0.0,1.0,0.09,3.99,4,0.0,0.0,589376
2024-11-26 00:00:00,00000000270,20241126000000,0.784,0.004,0.018,0.0,0.0,0.0,1.0,0.51,2.3,4,0.0,0.0,589376
2024-11-26 01:00:00,00000000270,20241126010000,0.605,0.005,0.012,0.0,0.0,0.0,1.0,0.83,1.98,4,0.0,0.0,589376
2024-11-26 02:00:00,00000000270,20241126020000,0.235,0.0,0.043,0.0,0.0,0.0,1.0,0.0,18.3,4,0.0,0.0,589376
2024-11-26 03:00:00,00000000270,20241126030000,0.081,0.001,0.059,0.0,0.0,0.0,1.0,1.23,72.84,4,0.0,0.0,589376
2024-11-26 04:00:00,00000000270,20241126040000,0.138,0.0,0.055,0.0,0.0,0.0,1.0,0.0,39.86,4,0.0,0.0,589376
2024-11-26 05:00:00,00000000270,20241126050000,0.214,0.004,0.054,0.0,0.0,0.0,1.0,1.87,25.23,4,0.0,0.0,589376
2024-11-26 06:00:00,00000000270,20241126060000,0.596,0.0,0.016,0.0,0.0,0.0,1.0,0.0,2.68,4,0.0,0.0,589376
2024-11-26 07:00:00,00000000270,20241126070000,0.562,0.008,0.008,0.0,0.0,0.0,1.0,1.42,1.42,4,0.0,0.0,589376
2024-11-26 08:00:00,00000000270,20241126080000,0.372,0.005,0.032,0.0,0.0,0.0,1.0,1.34,8.6,4,0.0,0.0,589376
2024-11-26 09:00:00,00000000270,20241126090000,0.06,0.001,0.056,0.0,0.0,0.0,1.0,1.67,93.33,4,0.0,0.0,589376
2024-11-26 10:00:00,00000000270,20241126100000,0.028,0.0,0.064,0.0,0.0,0.0,1.0,0.0,228.57,4,0.0,0.0,589376
2024-11-26 11:00:00,00000000270,20241126110000,0.057,0.0,0.055,0.0,0.0,0.0,1.0,0.0,96.49,4,0.0,0.0,589376
2024-11-26 12:00:00,00000000270,20241126120000,0.063,0.001,0.056,0.0,0.0,0.0,1.0,1.59,88.89,4,0.0,0.0,589376
2024-11-26 13:00:00,00000000270,20241126130000,0.066,0.0,0.059,0.0,0.0,0.0,1.0,0.0,89.39,4,0.0,0.0,589376
2024-11-26 14:00:00,00000000270,20241126140000,0.053,0.001,0.057,0.0,0.0,0.0,1.0,1.89,107.55,4,0.0,0.0,589376
2024-11-26 15:00:00,00000000270,20241126150000,0.038,0.0,0.062,0.0,0.0,0.0,1.0,0.0,163.16,4,0.0,0.0,589376
2024-11-26 16:00:00,00000000270,20241126160000,0.055,0.0,0.059,0.0,0.0,0.0,1.0,0.0,107.27,4,0.0,0.0,589376
2024-11-26 17:00:00,00000000270,20241126170000,0.075,0.001,0.061,0.0,0.0,0.0,1.0,1.33,81.33,4,0.0,0.0,589376
2024-11-26 18:00:00,00000000270,20241126180000,0.06,0.0,0.054,0.0,0.0,0.0,1.0,0.0,90.0,4,0.0,0.0,589376
2024-11-26 19:00:00,00000000270,20241126190000,0.051,0.001,0.055,0.0,0.0,0.0,1.0,1.96,107.84,4,0.0,0.0,589376
2024-11-26 20:00:00,00000000270,20241126200000,1.181,0.0,0.032,0.0,0.0,0.0,1.0,0.0,2.71,4,0.0,0.0,589376
2024-11-26 21:00:00,00000000270,20241126210000,1.16,0.0,0.033,0.0,0.0,0.0,1.0,0.0,2.84,4,0.0,0.0,589376
2024-11-26 22:00:00,00000000270,20241126220000,1.541,0.003,0.022,0.0,0.0,0.0,1.0,0.19,1.43,4,0.0,0.0,589376
2024-11-26 23:00:00,00000000270,20241126230000,0.661,0.014,0.003,0.0,0.0,0.0,1.0,2.12,0.45,4,0.0,0.0,589376
2024-11-27 00:00:00,00000000270,20241127000000,0.582,0.006,0.01,0.0,0.0,0.0,1.0,1.03,1.72,4,0.0,0.0,589376
2024-11-27 01:00:00,00000000270,20241127010000,0.358,0.002,0.037,0.0,0.0,0.0,1.0,0.56,10.34,4,0.0,0.0,589376
2024-11-27 02:00:00,00000000270,20241127020000,0.061,0.0,0.059,0.0,0.0,0.0,1.0,0.0,96.72,4,0.0,0.0,589376
2024-11-27 03:00:00,00000000270,20241127030000,0.067,0.001,0.056,0.0,0.0,0.0,1.0,1.49,83.58,4,0.0,0.0,589376
2024-11-27 04:00:00,00000000270,20241127040000,0.04,0.001,0.063,0.0,0.0,0.0,1.0,2.5,157.5,4,0.0,0.0,589376
2024-11-27 05:00:00,00000000270,20241127050000,0.135,0.001,0.06,0.0,0.0,0.0,1.0,0.74,44.44,4,0.0,0.0,589376
2024-11-27 06:00:00,00000000270,20241127060000,0.082,0.0,0.059,0.0,0.0,0.0,1.0,0.0,71.95,4,0.0,0.0,589376
2024-11-27 07:00:00,00000000270,20241127070000,0.064,0.0,0.062,0.0,0.0,0.0,1.0,0.0,96.88,4,0.0,0.0,589376
2024-11-27 08:00:00,00000000270,20241127080000,0.055,0.001,0.059,0.0,0.0,0.0,1.0,1.82,107.27,4,0.0,0.0,589376
2024-11-27 09:00:00,00000000270,20241127090000,0.042,0.0,0.06,0.0,0.0,0.0,1.0,0.0,142.86,4,0.0,0.0,589376
2024-11-27 10:00:00,00000000270,20241127100000,0.061,0.001,0.056,0.0,0.0,0.0,1.0,1.64,91.8,4,0.0,0.0,589376
2024-11-27 11:00:00,00000000270,20241127110000,0.06,0.001,0.057,0.0,0.0,0.0,1.0,1.67,95.0,4,0.0,0.0,589376
2024-11-27 12:00:00,00000000270,20241127120000,0.053,0.0,0.06,0.0,0.0,0.0,1.0,0.0,113.21,4,0.0,0.0,589376
2024-11-27 13:00:00,00000000270,20241127130000,0.042,0.001,0.061,0.0,0.0,0.0,1.0,2.38,145.24,4,0.0,0.0,589376
2024-11-27 14:00:00,00000000270,20241127140000,0.053,0.0,0.058,0.0,0.0,0.0,1.0,0.0,109.43,4,0.0,0.0,589376
2024-11-27 15:00:00,00000000270,20241127150000,0.06,0.001,0.057,0.0,0.0,0.0,1.0,1.67,95.0,4,0.0,0.0,589376
2024-11-27 16:00:00,00000000270,20241127160000,0.127,0.0,0.058,0.0,0.0,0.0,1.0,0.0,45.67,4,0.0,0.0,589376
2024-11-27 17:00:00,00000000270,20241127170000,0.063,0.0,0.061,0.0,0.0,0.0,1.0,0.0,96.83,4,0.0,0.0,589376
2024-11-27 18:00:00,00000000270,20241127180000,0.765,0.174,0.016,0.0,0.0,0.0,1.0,22.75,2.09,4,0.0,0.0,589376
2024-11-27 19:00:00,00000000270,20241127190000,0.783,0.012,0.005,0.0,0.0,0.0,1.0,1.53,0.64,4,0.0,0.0,589376
2024-11-27 20:00:00,00000000270,20241127200000,0.755,0.009,0.004,0.0,0.0,0.0,1.0,1.19,0.53,4,0.0,0.0,589376
2024-11-27 21:00:00,00000000270,20241127210000,0.605,0.005,0.015,0.0,0.0,0.0,1.0,0.83,2.48,4,0.0,0.0,589376
2024-11-27 22:00:00,00000000270,20241127220000,0.455,0.003,0.027,0.0,0.0,0.0,1.0,0.66,5.93,4,0.0,0.0,589376
2024-11-27 23:00:00,00000000270,20241127230000,0.268,0.002,0.041,0.0,0.0,0.0,1.0,0.75,15.3,4,0.0,0.0,589376
2024-11-28 00:00:00,00000000270,20241128000000,0.06,0.0,0.057,0.0,0.0,0.0,1.0,0.0,95.0,4,0.0,0.0,589376
2024-11-28 01:00:00,00000000270,20241128010000,0.059,0.001,0.059,0.0,0.0,0.0,1.0,1.69,100.0,4,0.0,0.0,589376
2024-11-28 02:00:00,00000000270,20241128020000,0.053,0.0,0.06,0.0,0.0,0.0,1.0,0.0,113.21,4,0.0,0.0,589376
2024-11-28 03:00:00,00000000270,20241128030000,0.042,0.001,0.061,0.0,0.0,0.0,1.0,2.38,145.24,4,0.0,0.0,589376
2024-11-28 04:00:00,00000000270,20241128040000,0.058,0.001,0.059,0.0,0.0,0.0,1.0,1.72,101.72,4,0.0,0.0,589376
2024-11-28 05:00:00,00000000270,20241128050000,0.059,0.001,0.059,0.0,0.0,0.0,1.0,1.69,100.0,4,0.0,0.0,589376
2024-11-28 06:00:00,00000000270,20241128060000,0.061,0.0,0.059,0.0,0.0,0.0,1.0,0.0,96.72,4,0.0,0.0,589376
2024-11-28 07:00:00,00000000270,20241128070000,0.157,0.001,0.061,0.0,0.0,0.0,1.0,0.64,38.85,4,0.0,0.0,589376
2024-11-28 08:00:00,00000000270,20241128080000,0.057,0.0,0.058,0.0,0.0,0.0,1.0,0.0,101.75,4,0.0,0.0,589376
2024-11-28 09:00:00,00000000270,20241128090000,0.064,0.001,0.057,0.0,0.0,0.0,1.0,1.56,89.06,4,0.0,0.0,589376
2024-11-28 10:00:00,00000000270,20241128100000,0.051,0.0,0.061,0.0,0.0,0.0,1.0,0.0,119.61,4,0.0,0.0,589376
2024-11-28 11:00:00,00000000270,20241128110000,0.059,0.001,0.056,0.0,0.0,0.0,1.0,1.69,94.92,4,0.0,0.0,589376
2024-11-28 12:00:00,00000000270,20241128120000,0.041,0.0,0.059,0.0,0.0,0.0,1.0,0.0,143.9,4,0.0,0.0,589376
2024-11-28 13:00:00,00000000270,20241128130000,0.064,0.007,0.056,0.0,0.0,0.0,1.0,10.94,87.5,4,0.0,0.0,589376
2024-11-28 14:00:00,00000000270,20241128140000,0.059,0.001,0.058,0.0,0.0,0.0,1.0,1.69,98.31,4,0.0,0.0,589376
2024-11-28 15:00:00,00000000270,20241128150000,0.058,0.001,0.061,0.0,0.0,0.0,1.0,1.72,105.17,4,0.0,0.0,589376
2024-11-28 16:00:00,00000000270,20241128160000,0.06,0.007,0.059,0.0,0.0,0.0,1.0,11.67,98.33,4,0.0,0.0,589376
2024-11-28 17:00:00,00000000270,20241128170000,0.043,0.001,0.058,0.0,0.0,0.0,1.0,2.33,134.88,4,0.0,0.0,589376
2024-11-28 18:00:00,00000000270,20241128180000,0.805,0.009,0.011,0.0,0.0,0.0,1.0,1.12,1.37,4,0.0,0.0,589376
2024-11-28 19:00:00,00000000270,20241128190000,1.044,0.003,0.019,0.0,0.0,0.0,1.0,0.29,1.82,4,0.0,0.0,589376
2024-11-28 20:00:00,00000000270,20241128200000,0.833,0.005,0.014,0.0,0.0,0.0,1.0,0.6,1.68,4,0.0,0.0,589376
2024-11-28 21:00:00,00000000270,20241128210000,0.699,0.008,0.006,0.0,0.0,0.0,1.0,1.14,0.86,4,0.0,0.0,589376
2024-11-28 22:00:00,00000000270,20241128220000,0.698,0.002,0.02,0.0,0.0,0.0,1.0,0.29,2.87,4,0.0,0.0,589376
2024-11-28 23:00:00,00000000270,20241128230000,0.469,0.005,0.03,0.0,0.0,0.0,1.0,1.07,6.4,4,0.0,0.0,589376
2024-11-29 00:00:00,00000000270,20241129000000,0.362,0.004,0.036,0.0,0.0,0.0,1.0,1.1,9.94,4,0.0,0.0,589376
2024-11-29 01:00:00,00000000270,20241129010000,0.115,0.001,0.056,0.0,0.0,0.0,1.0,0.87,48.7,4,0.0,0.0,589376
2024-11-29 02:00:00,00000000270,20241129020000,0.042,0.0,0.061,0.0,0.0,0.0,1.0,0.0,145.24,4,0.0,0.0,589376
2024-11-29 03:00:00,00000000270,20241129030000,0.057,0.001,0.06,0.0,0.0,0.0,1.0,1.75,105.26,4,0.0,0.0,589376
2024-11-29 04:00:00,00000000270,20241129040000,0.059,0.001,0.06,0.0,0.0,0.0,1.0,1.69,101.69,4,0.0,0.0,589376
2024-11-29 05:00:00,00000000270,20241129050000,0.061,0.001,0.06,0.0,0.0,0.0,1.0,1.64,98.36,4,0.0,0.0,589376
2024-11-29 06:00:00,00000000270,20241129060000,0.059,0.0,0.061,0.0,0.0,0.0,1.0,0.0,103.39,4,0.0,0.0,589376
2024-11-29 07:00:00,00000000270,20241129070000,0.05,0.001,0.064,0.0,0.0,0.0,1.0,2.0,128.0,4,0.0,0.0,589376
2024-11-29 08:00:00,00000000270,20241129080000,0.136,0.001,0.058,0.0,0.0,0.0,1.0,0.74,42.65,4,0.0,0.0,589376
2024-11-29 09:00:00,00000000270,20241129090000,0.092,0.001,0.055,0.0,0.0,0.0,1.0,1.09,59.78,4,0.0,0.0,589376
2024-11-29 10:00:00,00000000270,20241129100000,0.064,0.001,0.058,0.0,0.0,0.0,1.0,1.56,90.62,4,0.0,0.0,589376
2024-11-29 11:00:00,00000000270,20241129110000,0.05,0.0,0.057,0.0,0.0,0.0,1.0,0.0,114.0,4,0.0,0.0,589376
2024-11-29 12:00:00,00000000270,20241129120000,0.254,0.0,0.05,0.0,0.0,0.0,1.0,0.0,19.69,4,0.0,0.0,589376
2024-11-29 13:00:00,00000000270,20241129130000,1.589,0.003,0.025,0.0,0.0,0.0,1.0,0.19,1.57,4,0.0,0.0,589376
2024-11-29 14:00:00,00000000270,20241129140000,0.063,0.001,0.06,0.0,0.0,0.0,1.0,1.59,95.24,4,0.0,0.0,589376
2024-11-29 15:00:00,00000000270,20241129150000,0.061,0.0,0.059,0.0,0.0,0.0,1.0,0.0,96.72,4,0.0,0.0,589376
2024-11-29 16:00:00,00000000270,20241129160000,0.054,0.001,0.06,0.0,0.0,0.0,1.0,1.85,111.11,4,0.0,0.0,589376
2024-11-29 17:00:00,00000000270,20241129170000,0.05,0.001,0.057,0.0,0.0,0.0,1.0,2.0,114.0,4,0.0,0.0,589376
2024-11-29 18:00:00,00000000270,20241129180000,0.062,0.0,0.053,0.0,0.0,0.0,1.0,0.0,85.48,4,0.0,0.0,589376
2024-11-29 19:00:00,00000000270,20241129190000,0.058,0.001,0.055,0.0,0.0,0.0,1.0,1.72,94.83,4,0.0,0.0,589376
2024-11-29 20:00:00,00000000270,20241129200000,0.06,0.0,0.055,0.0,0.0,0.0,1.0,0.0,91.67,4,0.0,0.0,589376
2024-11-29 21:00:00,00000000270,20241129210000,0.058,0.001,0.056,0.0,0.0,0.0,1.0,1.72,96.55,4,0.0,0.0,589376
2024-11-29 22:00:00,00000000270,20241129220000,0.038,0.0,0.059,0.0,0.0,0.0,1.0,0.0,155.26,4,0.0,0.0,589376
2024-11-29 23:00:00,00000000270,20241129230000,0.055,0.0,0.057,0.0,0.0,0.0,1.0,0.0,103.64,4,0.0,0.0,589376
2024-11-30 00:00:00,00000000270,20241130000000,0.06,0.001,0.058,0.0,0.0,0.0,1.0,1.67,96.67,4,0.0,0.0,589376
2024-11-30 01:00:00,00000000270,20241130010000,0.061,0.001,0.059,0.0,0.0,0.0,1.0,1.64,96.72,4,0.0,0.0,589376
2024-11-30 02:00:00,00000000270,20241130020000,0.055,0.001,0.061,0.0,0.0,0.0,1.0,1.82,110.91,4,0.0,0.0,589376
2024-11-30 03:00:00,00000000270,20241130030000,0.043,0.0,0.062,0.0,0.0,0.0,1.0,0.0,144.19,4,0.0,0.0,589376
2024-11-30 04:00:00,00000000270,20241130040000,0.06,0.001,0.06,0.0,0.0,0.0,1.0,1.67,100.0,4,0.0,0.0,589376
2024-11-30 05:00:00,00000000270,20241130050000,0.061,0.001,0.061,0.0,0.0,0.0,1.0,1.64,100.0,4,0.0,0.0,589376
2024-11-30 06:00:00,00000000270,20241130060000,0.06,0.001,0.06,0.0,0.0,0.0,1.0,1.67,100.0,4,0.0,0.0,589376
2024-11-30 07:00:00,00000000270,20241130070000,0.052,0.0,0.06,0.0,0.0,0.0,1.0,0.0,115.38,4,0.0,0.0,589376
2024-11-30 08:00:00,00000000270,20241130080000,0.046,0.001,0.061,0.0,0.0,0.0,1.0,2.17,132.61,4,0.0,0.0,589376
2024-11-30 09:00:00,00000000270,20241130090000,0.061,0.001,0.059,0.0,0.0,0.0,1.0,1.64,96.72,4,0.0,0.0,589376
2024-11-30 10:00:00,00000000270,20241130100000,0.141,0.001,0.057,0.0,0.0,0.0,1.0,0.71,40.43,4,0.0,0.0,589376
2024-11-30 11:00:00,00000000270,20241130110000,0.066,0.0,0.057,0.0,0.0,0.0,1.0,0.0,86.36,4,0.0,0.0,589376
2024-11-30 12:00:00,00000000270,20241130120000,0.059,0.0,0.057,0.0,0.0,0.0,1.0,0.0,96.61,4,0.0,0.0,589376
2024-11-30 13:00:00,00000000270,20241130130000,0.061,0.001,0.057,0.0,0.0,0.0,1.0,1.64,93.44,4,0.0,0.0,589376
2024-11-30 14:00:00,00000000270,20241130140000,0.058,0.0,0.058,0.0,0.0,0.0,1.0,0.0,100.0,4,0.0,0.0,589376
2024-11-30 15:00:00,00000000270,20241130150000,0.059,0.001,0.057,0.0,0.0,0.0,1.0,1.69,96.61,4,0.0,0.0,589376
2024-11-30 16:00:00,00000000270,20241130160000,0.047,0.0,0.06,0.0,0.0,0.0,1.0,0.0,127.66,4,0.0,0.0,589376
2024-11-30 17:00:00,00000000270,20241130170000,0.044,0.0,0.059,0.0,0.0,0.0,1.0,0.0,134.09,4,0.0,0.0,589376
2024-11-30 18:00:00,00000000270,20241130180000,0.055,0.001,0.055,0.0,0.0,0.0,1.0,1.82,100.0,4,0.0,0.0,589376
2024-11-30 19:00:00,00000000270,20241130190000,0.059,0.0,0.055,0.0,0.0,0.0,1.0,0.0,93.22,4,0.0,0.0,589376
2024-11-30 20:00:00,00000000270,20241130200000,0.059,0.0,0.055,0.0,0.0,0.0,1.0,0.0,93.22,4,0.0,0.0,589376
2024-11-30 21:00:00,00000000270,20241130210000,0.053,0.001,0.056,0.0,0.0,0.0,1.0,1.89,105.66,4,0.0,0.0,589376
2024-11-30 22:00:00,00000000270,20241130220000,0.041,0.0,0.059,0.0,0.0,0.0,1.0,0.0,143.9,4,0.0,0.0,589376
2024-11-30 23:00:00,00000000270,20241130230000,0.061,0.001,0.057,0.0,0.0,0.0,1.0,1.64,93.44,4,0.0,0.0,589376
2024-12-01 00:00:00,00000000270,20241201000000,0.059,0.0,0.058,0.0,0.0,0.0,1.0,0.0,98.31,4,0.0,0.0,589376
2024-12-01 01:00:00,00000000270,20241201010000,0.061,0.001,0.059,0.0,0.0,0.0,1.0,1.64,96.72,4,0.0,0.0,589376
2024-12-01 02:00:00,00000000270,20241201020000,0.051,0.001,0.06,0.0,0.0,0.0,1.0,1.96,117.65,4,0.0,0.0,589376
2024-12-01 03:00:00,00000000270,20241201030000,0.046,0.0,0.062,0.0,0.0,0.0,1.0,0.0,134.78,4,0.0,0.0,589376
2024-12-01 04:00:00,00000000270,20241201040000,0.062,0.001,0.061,0.0,0.0,0.0,1.0,1.61,98.39,4,0.0,0.0,589376
2024-12-01 05:00:00,00000000270,20241201050000,0.061,0.001,0.06,0.0,0.0,0.0,1.0,1.64,98.36,4,0.0,0.0,589376
2024-12-01 06:00:00,00000000270,20241201060000,0.051,0.001,0.065,0.0,0.0,0.0,1.0,1.96,127.45,4,0.0,0.0,589376
2024-12-01 07:00:00,00000000270,20241201070000,0.049,0.0,0.061,0.0,0.0,0.0,1.0,0.0,124.49,4,0.0,0.0,589376
2024-12-01 08:00:00,00000000270,20241201080000,0.05,0.001,0.063,0.0,0.0,0.0,1.0,2.0,126.0,4,0.0,0.0,589376
2024-12-01 09:00:00,00000000270,20241201090000,0.063,0.001,0.06,0.0,0.0,0.0,1.0,1.59,95.24,4,0.0,0.0,589376
2024-12-01 10:00:00,00000000270,20241201100000,0.06,0.001,0.059,0.0,0.0,0.0,1.0,1.67,98.33,4,0.0,0.0,589376
2024-12-01 11:00:00,00000000270,20241201110000,0.102,0.0,0.06,0.0,0.0,0.0,1.0,0.0,58.82,4,0.0,0.0,589376
2024-12-01 12:00:00,00000000270,20241201120000,0.109,0.001,0.054,0.0,0.0,0.0,1.0,0.92,49.54,4,0.0,0.0,589376
2024-12-01 13:00:00,00000000270,20241201130000,0.06,0.001,0.059,0.0,0.0,0.0,1.0,1.67,98.33,4,0.0,0.0,589376
2024-12-01 14:00:00,00000000270,20241201140000,0.045,0.0,0.062,0.0,0.0,0.0,1.0,0.0,137.78,4,0.0,0.0,589376
2024-12-01 15:00:00,00000000270,20241201150000,0.047,0.001,0.058,0.0,0.0,0.0,1.0,2.13,123.4,4,0.0,0.0,589376
2024-12-01 16:00:00,00000000270,20241201160000,0.059,0.0,0.055,0.0,0.0,0.0,1.0,0.0,93.22,4,0.0,0.0,589376
2024-12-01 17:00:00,00000000270,20241201170000,0.06,0.001,0.055,0.0,0.0,0.0,1.0,1.67,91.67,4,0.0,0.0,589376
2024-12-01 18:00:00,00000000270,20241201180000,0.06,0.0,0.052,0.0,0.0,0.0,1.0,0.0,86.67,4,0.0,0.0,589376
2024-12-01 19:00:00,00000000270,20241201190000,0.048,0.0,0.057,0.0,0.0,0.0,1.0,0.0,118.75,4,0.0,0.0,589376
2024-12-01 20:00:00,00000000270,20241201200000,0.036,0.001,0.059,0.0,0.0,0.0,1.0,2.78,163.89,4,0.0,0.0,589376
2024-12-01 21:00:00,00000000270,20241201210000,0.061,0.0,0.056,0.0,0.0,0.0,1.0,0.0,91.8,4,0.0,0.0,589376
2024-12-01 22:00:00,00000000270,20241201220000,0.061,0.0,0.056,0.0,0.0,0.0,1.0,0.0,91.8,4,0.0,0.0,589376
2024-12-01 23:00:00,00000000270,20241201230000,0.061,0.001,0.057,0.0,0.0,0.0,1.0,1.64,93.44,4,0.0,0.0,589376
2024-12-02 00:00:00,00000000270,20241202000000,0.042,0.0,0.063,0.0,0.0,0.0,1.0,0.0,150.0,4,0.0,0.0,589376
2024-12-02 01:00:00,00000000270,20241202010000,0.045,0.001,0.062,0.0,0.0,0.0,1.0,2.22,137.78,4,0.0,0.0,589376
2024-12-02 02:00:00,00000000270,20241202020000,0.062,0.001,0.06,0.0,0.0,0.0,1.0,1.61,96.77,4,0.0,0.0,589376
2024-12-02 03:00:00,00000000270,20241202030000,0.064,0.0,0.061,0.0,0.0,0.0,1.0,0.0,95.31,4,0.0,0.0,589376
2024-12-02 04:00:00,00000000270,20241202040000,0.061,0.001,0.06,0.0,0.0,0.0,1.0,1.64,98.36,4,0.0,0.0,589376
2024-12-02 05:00:00,00000000270,20241202050000,0.033,0.001,0.067,0.0,0.0,0.0,1.0,3.03,203.03,4,0.0,0.0,589376
2024-12-02 06:00:00,00000000270,20241202060000,0.057,0.001,0.062,0.0,0.0,0.0,1.0,1.75,108.77,4,0.0,0.0,589376
2024-12-02 07:00:00,00000000270,20241202070000,0.062,0.0,0.058,0.0,0.0,0.0,1.0,0.0,93.55,4,0.0,0.0,589376
2024-12-02 08:00:00,00000000270,20241202080000,0.064,0.001,0.059,0.0,0.0,0.0,1.0,1.56,92.19,4,0.0,0.0,589376
2024-12-02 09:00:00,00000000270,20241202090000,0.046,0.001,0.06,0.0,0.0,0.0,1.0,2.17,130.43,4,0.0,0.0,589376
2024-12-02 10:00:00,00000000270,20241202100000,0.04,0.001,0.064,0.0,0.0,0.0,1.0,2.5,160.0,4,0.0,0.0,589376
2024-12-02 11:00:00,00000000270,20241202110000,0.062,0.0,0.057,0.0,0.0,0.0,1.0,0.0,91.94,4,0.0,0.0,589376
2024-12-02 12:00:00,00000000270,20241202120000,0.062,0.001,0.057,0.0,0.0,0.0,1.0,1.61,91.94,4,0.0,0.0,589376
2024-12-02 13:00:00,00000000270,20241202130000,0.133,0.0,0.056,0.0,0.0,0.0,1.0,0.0,42.11,4,0.0,0.0,589376
2024-12-02 14:00:00,00000000270,20241202140000,0.063,0.0,0.062,0.0,0.0,0.0,1.0,0.0,98.41,4,0.0,0.0,589376
2024-12-02 15:00:00,00000000270,20241202150000,0.063,0.001,0.057,0.0,0.0,0.0,1.0,1.59,90.48,4,0.0,0.0,589376
2024-12-02 16:00:00,00000000270,20241202160000,0.061,0.0,0.056,0.0,0.0,0.0,1.0,0.0,91.8,4,0.0,0.0,589376
2024-12-02 17:00:00,00000000270,20241202170000,0.056,0.001,0.057,0.0,0.0,0.0,1.0,1.79,101.79,4,0.0,0.0,589376
2024-12-02 18:00:00,00000000270,20241202180000,0.029,0.0,0.061,0.0,0.0,0.0,1.0,0.0,210.34,4,0.0,0.0,589376
2024-12-02 19:00:00,00000000270,20241202190000,0.061,0.0,0.054,0.0,0.0,0.0,1.0,0.0,88.52,4,0.0,0.0,589376
2024-12-02 20:00:00,00000000270,20241202200000,0.061,0.001,0.055,0.0,0.0,0.0,1.0,1.64,90.16,4,0.0,0.0,589376
2024-12-02 21:00:00,00000000270,20241202210000,0.062,0.0,0.056,0.0,0.0,0.0,1.0,0.0,90.32,4,0.0,0.0,589376
2024-12-02 22:00:00,00000000270,20241202220000,0.047,0.008,0.062,0.0,0.0,0.0,1.0,17.02,131.91,4,0.0,0.0,589376
2024-12-02 23:00:00,00000000270,20241202230000,0.05,0.0,0.057,0.0,0.0,0.0,1.0,0.0,114.0,4,0.0,0.0,589376
2024-12-03 00:00:00,00000000270,20241203000000,0.06,0.001,0.057,0.0,0.0,0.0,1.0,1.67,95.0,4,0.0,0.0,589376
2024-12-03 01:00:00,00000000270,20241203010000,0.057,0.0,0.06,0.0,0.0,0.0,1.0,0.0,105.26,4,0.0,0.0,589376
2024-12-03 02:00:00,00000000270,20241203020000,0.052,0.001,0.064,0.0,0.0,0.0,1.0,1.92,123.08,4,0.0,0.0,589376
2024-12-03 03:00:00,00000000270,20241203030000,0.043,0.001,0.061,0.0,0.0,0.0,1.0,2.33,141.86,4,0.0,0.0,589376
2024-12-03 04:00:00,00000000270,20241203040000,0.061,0.001,0.06,0.0,0.0,0.0,1.0,1.64,98.36,4,0.0,0.0,589376
2024-12-03 05:00:00,00000000270,20241203050000,0.051,0.0,0.067,0.0,0.0,0.0,1.0,0.0,131.37,4,0.0,0.0,589376
2024-12-03 06:00:00,00000000270,20241203060000,0.062,0.001,0.059,0.0,0.0,0.0,1.0,1.61,95.16,4,0.0,0.0,589376
2024-12-03 07:00:00,00000000270,20241203070000,0.048,0.001,0.059,0.0,0.0,0.0,1.0,2.08,122.92,4,0.0,0.0,589376
2024-12-03 08:00:00,00000000270,20241203080000,0.045,0.001,0.065,0.0,0.0,0.0,1.0,2.22,144.44,4,0.0,0.0,589376
2024-12-03 09:00:00,00000000270,20241203090000,0.06,0.001,0.059,0.0,0.0,0.0,1.0,1.67,98.33,4,0.0,0.0,589376
2024-12-03 10:00:00,00000000270,20241203100000,0.061,0.0,0.056,0.0,0.0,0.0,1.0,0.0,91.8,4,0.0,0.0,589376
2024-12-03 11:00:00,00000000270,20241203110000,0.051,0.0,0.057,0.0,0.0,0.0,1.0,0.0,111.76,4,0.0,0.0,589376
2024-12-03 12:00:00,00000000270,20241203120000,0.036,0.001,0.062,0.0,0.0,0.0,1.0,2.78,172.22,4,0.0,0.0,589376
2024-12-03 13:00:00,00000000270,20241203130000,0.059,0.0,0.056,0.0,0.0,0.0,1.0,0.0,94.92,4,0.0,0.0,589376
2024-12-03 14:00:00,00000000270,20241203140000,0.099,0.001,0.056,0.0,0.0,0.0,1.0,1.01,56.57,4,0.0,0.0,589376
2024-12-03 15:00:00,00000000270,20241203150000,0.113,0.0,0.059,0.0,0.0,0.0,1.0,0.0,52.21,4,0.0,0.0,589376
2024-12-03 16:00:00,00000000270,20241203160000,0.053,0.0,0.056,0.0,0.0,0.0,1.0,0.0,105.66,4,0.0,0.0,589376
2024-12-03 17:00:00,00000000270,20241203170000,0.05,0.001,0.056,0.0,0.0,0.0,1.0,2.0,112.0,4,0.0,0.0,589376
2024-12-03 18:00:00,00000000270,20241203180000,0.05,0.0,0.059,0.0,0.0,0.0,1.0,0.0,118.0,4,0.0,0.0,589376
2024-12-03 19:00:00,00000000270,20241203190000,0.06,0.0,0.052,0.0,0.0,0.0,1.0,0.0,86.67,4,0.0,0.0,589376
2024-12-03 20:00:00,00000000270,20241203200000,0.062,0.001,0.054,0.0,0.0,0.0,1.0,1.61,87.1,4,0.0,0.0,589376
2024-12-03 21:00:00,00000000270,20241203210000,0.027,0.0,0.063,0.0,0.0,0.0,1.0,0.0,233.33,4,0.0,0.0,589376
2024-12-03 22:00:00,00000000270,20241203220000,0.059,0.0,0.055,0.0,0.0,0.0,1.0,0.0,93.22,4,0.0,0.0,589376
2024-12-03 23:00:00,00000000270,20241203230000,0.062,0.001,0.056,0.0,0.0,0.0,1.0,1.61,90.32,4,0.0,0.0,589376
2024-12-04 00:00:00,00000000270,20241204000000,0.049,0.0,0.063,0.0,0.0,0.0,1.0,0.0,128.57,4,0.0,0.0,589376
2024-12-04 01:00:00,00000000270,20241204010000,0.047,0.001,0.059,0.0,0.0,0.0,1.0,2.13,125.53,4,0.0,0.0,589376
2024-12-04 02:00:00,00000000270,20241204020000,0.054,0.0,0.059,0.0,0.0,0.0,1.0,0.0,109.26,4,0.0,0.0,589376
2024-12-04 03:00:00,00000000270,20241204030000,0.05,0.001,0.065,0.0,0.0,0.0,1.0,2.0,130.0,4,0.0,0.0,589376
2024-12-04 04:00:00,00000000270,20241204040000,0.061,0.0,0.059,0.0,0.0,0.0,1.0,0.0,96.72,4,0.0,0.0,589376
2024-12-04 05:00:00,00000000270,20241204050000,0.046,0.001,0.062,0.0,0.0,0.0,1.0,2.17,134.78,4,0.0,0.0,589376
2024-12-04 06:00:00,00000000270,20241204060000,0.043,0.001,0.063,0.0,0.0,0.0,1.0,2.33,146.51,4,0.0,0.0,589376
2024-12-04 07:00:00,00000000270,20241204070000,0.062,0.001,0.057,0.0,0.0,0.0,1.0,1.61,91.94,4,0.0,0.0,589376
2024-12-04 08:00:00,00000000270,20241204080000,0.05,0.0,0.064,0.0,0.0,0.0,1.0,0.0,128.0,4,0.0,0.0,589376
2024-12-04 09:00:00,00000000270,20241204090000,0.052,0.001,0.057,0.0,0.0,0.0,1.0,1.92,109.62,4,0.0,0.0,589376
2024-12-04 10:00:00,00000000270,20241204100000,0.048,0.0,0.057,0.0,0.0,0.0,1.0,0.0,118.75,4,0.0,0.0,589376
2024-12-04 11:00:00,00000000270,20241204110000,0.049,0.0,0.061,0.0,0.0,0.0,1.0,0.0,124.49,4,0.0,0.0,589376
2024-12-04 12:00:00,00000000270,20241204120000,0.061,0.001,0.055,0.0,0.0,0.0,1.0,1.64,90.16,4,0.0,0.0,589376
2024-12-04 13:00:00,00000000270,20241204130000,0.053,0.0,0.055,0.0,0.0,0.0,1.0,0.0,103.77,4,0.0,0.0,589376
2024-12-04 14:00:00,00000000270,20241204140000,0.032,0.0,0.063,0.0,0.0,0.0,1.0,0.0,196.88,4,0.0,0.0,589376
2024-12-04 15:00:00,00000000270,20241204150000,0.062,0.001,0.055,0.0,0.0,0.0,1.0,1.61,88.71,4,0.0,0.0,589376
2024-12-04 16:00:00,00000000270,20241204160000,0.112,0.0,0.061,0.0,0.0,0.0,1.0,0.0,54.46,4,0.0,0.0,589376
2024-12-04 17:00:00,00000000270,20241204170000,0.093,0.009,0.052,0.0,0.0,0.0,1.0,9.68,55.91,4,0.0,0.0,589376
2024-12-04 18:00:00,00000000270,20241204180000,0.062,0.0,0.051,0.0,0.0,0.0,1.0,0.0,82.26,4,0.0,0.0,589376
2024-12-04 19:00:00,00000000270,20241204190000,0.049,0.001,0.058,0.0,0.0,0.0,1.0,2.04,118.37,4,0.0,0.0,589376
2024-12-04 20:00:00,00000000270,20241204200000,0.044,0.0,0.054,0.0,0.0,0.0,1.0,0.0,122.73,4,0.0,0.0,589376
2024-12-04 21:00:00,00000000270,20241204210000,0.055,0.0,0.055,0.0,0.0,0.0,1.0,0.0,100.0,4,0.0,0.0,589376
2024-12-04 22:00:00,00000000270,20241204220000,0.047,0.001,0.061,0.0,0.0,0.0,1.0,2.13,129.79,4,0.0,0.0,589376
2024-12-04 23:00:00,00000000270,20241204230000,0.062,0.0,0.055,0.0,0.0,0.0,1.0,0.0,88.71,4,0.0,0.0,589376
2024-12-05 00:00:00,00000000270,20241205000000,0.053,0.001,0.057,0.0,0.0,0.0,1.0,1.89,107.55,4,0.0,0.0,589376
2024-12-05 01:00:00,00000000270,20241205010000,0.033,0.0,0.065,0.0,0.0,0.0,1.0,0.0,196.97,4,0.0,0.0,589376
2024-12-05 02:00:00,00000000270,20241205020000,0.062,0.0,0.057,0.0,0.0,0.0,1.0,0.0,91.94,4,0.0,0.0,589376
2024-12-05 03:00:00,00000000270,20241205030000,0.048,0.001,0.066,0.0,0.0,0.0,1.0,2.08,137.5,4,0.0,0.0,589376
2024-12-05 04:00:00,00000000270,20241205040000,0.063,0.0,0.058,0.0,0.0,0.0,1.0,0.0,92.06,4,0.0,0.0,589376
2024-12-05 05:00:00,00000000270,20241205050000,0.043,0.001,0.06,0.0,0.0,0.0,1.0,2.33,139.53,4,0.0,0.0,589376
2024-12-05 06:00:00,00000000270,20241205060000,0.045,0.0,0.066,0.0,0.0,0.0,1.0,0.0,146.67,4,0.0,0.0,589376
2024-12-05 07:00:00,00000000270,20241205070000,0.062,0.001,0.058,0.0,0.0,0.0,1.0,1.61,93.55,4,0.0,0.0,589376
2024-12-05 08:00:00,00000000270,20241205080000,0.06,0.0,0.058,0.0,0.0,0.0,1.0,0.0,96.67,4,0.0,0.0,589376
2024-12-05 09:00:00,00000000270,20241205090000,0.037,0.001,0.064,0.0,0.0,0.0,1.0,2.7,172.97,4,0.0,0.0,589376
2024-12-05 10:00:00,00000000270,20241205100000,0.052,0.0,0.056,0.0,0.0,0.0,1.0,0.0,107.69,4,0.0,0.0,589376
2024-12-05 11:00:00,00000000270,20241205110000,0.047,0.0,0.061,0.0,0.0,0.0,1.0,0.0,129.79,4,0.0,0.0,589376
2024-12-05 12:00:00,00000000270,20241205120000,0.062,0.001,0.055,0.0,0.0,0.0,1.0,1.61,88.71,4,0.0,0.0,589376
2024-12-05 13:00:00,00000000270,20241205130000,0.054,0.0,0.056,0.0,0.0,0.0,1.0,0.0,103.7,4,0.0,0.0,589376
2024-12-05 14:00:00,00000000270,20241205140000,0.032,0.0,0.064,0.0,0.0,0.0,1.0,0.0,200.0,4,0.0,0.0,589376
2024-12-05 15:00:00,00000000270,20241205150000,0.063,0.001,0.057,0.0,0.0,0.0,1.0,1.59,90.48,4,0.0,0.0,589376
2024-12-05 16:00:00,00000000270,20241205160000,0.059,0.0,0.058,0.0,0.0,0.0,1.0,0.0,98.31,4,0.0,0.0,589376
2024-12-05 17:00:00,00000000270,20241205170000,0.049,0.0,0.062,0.0,0.0,0.0,1.0,0.0,126.53,4,0.0,0.0,589376
2024-12-05 18:00:00,00000000270,20241205180000,0.136,0.001,0.051,0.0,0.0,0.0,1.0,0.74,37.5,4,0.0,0.0,589376
2024-12-05 19:00:00,00000000270,20241205190000,0.062,0.0,0.054,0.0,0.0,0.0,1.0,0.0,87.1,4,0.0,0.0,589376
2024-12-05 20:00:00,00000000270,20241205200000,0.055,0.0,0.057,0.0,0.0,0.0,1.0,0.0,103.64,4,0.0,0.0,589376
2024-12-05 21:00:00,00000000270,20241205210000,0.06,0.001,0.055,0.0,0.0,0.0,1.0,1.67,91.67,4,0.0,0.0,589376
2024-12-05 22:00:00,00000000270,20241205220000,0.046,0.0,0.061,0.0,0.0,0.0,1.0,0.0,132.61,4,0.0,0.0,589376
2024-12-05 23:00:00,00000000270,20241205230000,0.042,0.0,0.059,0.0,0.0,0.0,1.0,0.0,140.48,4,0.0,0.0,589376
2024-12-06 00:00:00,00000000270,20241206000000,0.061,0.001,0.056,0.0,0.0,0.0,1.0,1.64,91.8,4,0.0,0.0,589376
2024-12-06 01:00:00,00000000270,20241206010000,0.049,0.0,0.064,0.0,0.0,0.0,1.0,0.0,130.61,4,0.0,0.0,589376
2024-12-06 02:00:00,00000000270,20241206020000,0.061,0.001,0.059,0.0,0.0,0.0,1.0,1.64,96.72,4,0.0,0.0,589376
2024-12-06 03:00:00,00000000270,20241206030000,0.042,0.0,0.061,0.0,0.0,0.0,1.0,0.0,145.24,4,0.0,0.0,589376
2024-12-06 04:00:00,00000000270,20241206040000,0.049,0.001,0.066,0.0,0.0,0.0,1.0,2.04,134.69,4,0.0,0.0,589376
2024-12-06 05:00:00,00000000270,20241206050000,0.062,0.001,0.059,0.0,0.0,0.0,1.0,1.61,95.16,4,0.0,0.0,589376
2024-12-06 06:00:00,00000000270,20241206060000,0.058,0.001,0.061,0.0,0.0,0.0,1.0,1.72,105.17,4,0.0,0.0,589376
2024-12-06 07:00:00,00000000270,20241206070000,0.037,0.001,0.062,0.0,0.0,0.0,1.0,2.7,167.57,4,0.0,0.0,589376
2024-12-06 08:00:00,00000000270,20241206080000,0.056,0.0,0.057,0.0,0.0,0.0,1.0,0.0,101.79,4,0.0,0.0,589376
2024-12-06 09:00:00,00000000270,20241206090000,0.045,0.0,0.063,0.0,0.0,0.0,1.0,0.0,140.0,4,0.0,0.0,589376
2024-12-06 10:00:00,00000000270,20241206100000,0.062,0.001,0.056,0.0,0.0,0.0,1.0,1.61,90.32,4,0.0,0.0,589376
2024-12-06 11:00:00,00000000270,20241206110000,0.051,0.0,0.059,0.0,0.0,0.0,1.0,0.0,115.69,4,0.0,0.0,589376
2024-12-06 12:00:00,00000000270,20241206120000,0.043,0.0,0.061,0.0,0.0,0.0,1.0,0.0,141.86,4,0.0,0.0,589376
2024-12-06 13:00:00,00000000270,20241206130000,0.049,0.001,0.058,0.0,0.0,0.0,1.0,2.04,118.37,4,0.0,0.0,589376
2024-12-06 14:00:00,00000000270,20241206140000,0.05,0.0,0.064,0.0,0.0,0.0,1.0,0.0,128.0,4,0.0,0.0,589376
2024-12-06 15:00:00,00000000270,20241206150000,0.062,0.001,0.056,0.0,0.0,0.0,1.0,1.61,90.32,4,0.0,0.0,589376
2024-12-06 16:00:00,00000000270,20241206160000,0.058,0.0,0.057,0.0,0.0,0.0,1.0,0.0,98.28,4,0.0,0.0,589376
2024-12-06 17:00:00,00000000270,20241206170000,0.029,0.0,0.062,0.0,0.0,0.0,1.0,0.0,213.79,4,0.0,0.0,589376
2024-12-06 18:00:00,00000000270,20241206180000,0.058,0.001,0.052,0.0,0.0,0.0,1.0,1.72,89.66,4,0.0,0.0,589376
2024-12-06 19:00:00,00000000270,20241206190000,0.102,0.0,0.06,0.0,0.0,0.0,1.0,0.0,58.82,4,0.0,0.0,589376
2024-12-06 20:00:00,00000000270,20241206200000,0.111,0.0,0.051,0.0,0.0,0.0,1.0,0.0,45.95,4,0.0,0.0,589376
2024-12-06 21:00:00,00000000270,20241206210000,0.053,0.001,0.055,0.0,0.0,0.0,1.0,1.89,103.77,4,0.0,0.0,589376
2024-12-06 22:00:00,00000000270,20241206220000,0.038,0.0,0.063,0.0,0.0,0.0,1.0,0.0,165.79,4,0.0,0.0,589376
2024-12-06 23:00:00,00000000270,20241206230000,0.058,0.0,0.056,0.0,0.0,0.0,1.0,0.0,96.55,4,0.0,0.0,589376
2024-12-07 00:00:00,00000000270,20241207000000,0.061,0.001,0.057,0.0,0.0,0.0,1.0,1.64,93.44,4,0.0,0.0,589376
2024-12-07 01:00:00,00000000270,20241207010000,0.05,0.0,0.062,0.0,0.0,0.0,1.0,0.0,124.0,4,0.0,0.0,589376
2024-12-07 02:00:00,00000000270,20241207020000,0.043,0.001,0.061,0.0,0.0,0.0,1.0,2.33,141.86,4,0.0,0.0,589376
2024-12-07 03:00:00,00000000270,20241207030000,0.054,0.0,0.059,0.0,0.0,0.0,1.0,0.0,109.26,4,0.0,0.0,589376
2024-12-07 04:00:00,00000000270,20241207040000,0.055,0.001,0.063,0.0,0.0,0.0,1.0,1.82,114.55,4,0.0,0.0,589376
2024-12-07 05:00:00,00000000270,20241207050000,0.058,0.001,0.062,0.0,0.0,0.0,1.0,1.72,106.9,4,0.0,0.0,589376
2024-12-07 06:00:00,00000000270,20241207060000,0.057,0.0,0.06,0.0,0.0,0.0,1.0,0.0,105.26,4,0.0,0.0,589376
2024-12-07 07:00:00,00000000270,20241207070000,0.038,0.001,0.063,0.0,0.0,0.0,1.0,2.63,165.79,4,0.0,0.0,589376
2024-12-07 08:00:00,00000000270,20241207080000,0.054,0.001,0.061,0.0,0.0,0.0,1.0,1.85,112.96,4,0.0,0.0,589376
2024-12-07 09:00:00,00000000270,20241207090000,0.062,0.001,0.057,0.0,0.0,0.0,1.0,1.61,91.94,4,0.0,0.0,589376
2024-12-07 10:00:00,00000000270,20241207100000,0.061,0.0,0.056,0.0,0.0,0.0,1.0,0.0,91.8,4,0.0,0.0,589376
2024-12-07 11:00:00,00000000270,20241207110000,0.03,0.001,0.063,0.0,0.0,0.0,1.0,3.33,210.0,4,0.0,0.0,589376
2024-12-07 12:00:00,00000000270,20241207120000,0.054,0.0,0.056,0.0,0.0,0.0,1.0,0.0,103.7,4,0.0,0.0,589376
2024-12-07 13:00:00,00000000270,20241207130000,0.059,0.0,0.056,0.0,0.0,0.0,1.0,0.0,94.92,4,0.0,0.0,589376
2024-12-07 14:00:00,00000000270,20241207140000,0.053,0.001,0.06,0.0,0.0,0.0,1.0,1.89,113.21,4,0.0,0.0,589376
2024-12-07 15:00:00,00000000270,20241207150000,0.048,0.0,0.058,0.0,0.0,0.0,1.0,0.0,120.83,4,0.0,0.0,589376
2024-12-07 16:00:00,00000000270,20241207160000,0.045,0.0,0.058,0.0,0.0,0.0,1.0,0.0,128.89,4,0.0,0.0,589376
2024-12-07 17:00:00,00000000270,20241207170000,0.061,0.001,0.055,0.0,0.0,0.0,1.0,1.64,90.16,4,0.0,0.0,589376
2024-12-07 18:00:00,00000000270,20241207180000,0.056,0.0,0.055,0.0,0.0,0.0,1.0,0.0,98.21,4,0.0,0.0,589376
2024-12-07 19:00:00,00000000270,20241207190000,0.053,0.0,0.058,0.0,0.0,0.0,1.0,0.0,109.43,4,0.0,0.0,589376
2024-12-07 20:00:00,00000000270,20241207200000,0.038,0.001,0.056,0.0,0.0,0.0,1.0,2.63,147.37,4,0.0,0.0,589376
2024-12-07 21:00:00,00000000270,20241207210000,0.141,0.0,0.056,0.0,0.0,0.0,1.0,0.0,39.72,4,0.0,0.0,589376
2024-12-07 22:00:00,00000000270,20241207220000,0.082,0.0,0.055,0.0,0.0,0.0,1.0,0.0,67.07,4,0.0,0.0,589376
2024-12-07 23:00:00,00000000270,20241207230000,0.053,0.001,0.063,0.0,0.0,0.0,1.0,1.89,118.87,4,0.0,0.0,589376
2024-12-08 00:00:00,00000000270,20241208000000,0.062,0.0,0.059,0.0,0.0,0.0,1.0,0.0,95.16,4,0.0,0.0,589376
2024-12-08 01:00:00,00000000270,20241208010000,0.046,0.001,0.061,0.0,0.0,0.0,1.0,2.17,132.61,4,0.0,0.0,589376
2024-12-08 02:00:00,00000000270,20241208020000,0.053,0.0,0.061,0.0,0.0,0.0,1.0,0.0,115.09,4,0.0,0.0,589376
2024-12-08 03:00:00,00000000270,20241208030000,0.062,0.001,0.06,0.0,0.0,0.0,1.0,1.61,96.77,4,0.0,0.0,589376
2024-12-08 04:00:00,00000000270,20241208040000,0.051,0.001,0.066,0.0,0.0,0.0,1.0,1.96,129.41,4,0.0,0.0,589376
2024-12-08 05:00:00,00000000270,20241208050000,0.057,0.0,0.06,0.0,0.0,0.0,1.0,0.0,105.26,4,0.0,0.0,589376
2024-12-08 06:00:00,00000000270,20241208060000,0.044,0.001,0.061,0.0,0.0,0.0,1.0,2.27,138.64,4,0.0,0.0,589376
2024-12-08 07:00:00,00000000270,20241208070000,0.06,0.001,0.059,0.0,0.0,0.0,1.0,1.67,98.33,4,0.0,0.0,589376
2024-12-08 08:00:00,00000000270,20241208080000,0.049,0.001,0.066,0.0,0.0,0.0,1.0,2.04,134.69,4,0.0,0.0,589376
2024-12-08 09:00:00,00000000270,20241208090000,0.062,0.0,0.06,0.0,0.0,0.0,1.0,0.0,96.77,4,0.0,0.0,589376
2024-12-08 10:00:00,00000000270,20241208100000,0.052,0.001,0.06,0.0,0.0,0.0,1.0,1.92,115.38,4,0.0,0.0,589376
2024-12-08 11:00:00,00000000270,20241208110000,0.051,0.001,0.06,0.0,0.0,0.0,1.0,1.96,117.65,4,0.0,0.0,589376
2024-12-08 12:00:00,00000000270,20241208120000,0.051,0.001,0.064,0.0,0.0,0.0,1.0,1.96,125.49,4,0.0,0.0,589376
2024-12-08 13:00:00,00000000270,20241208130000,0.06,0.0,0.058,0.0,0.0,0.0,1.0,0.0,96.67,4,0.0,0.0,589376
2024-12-08 14:00:00,00000000270,20241208140000,0.062,0.001,0.058,0.0,0.0,0.0,1.0,1.61,93.55,4,0.0,0.0,589376
2024-12-08 15:00:00,00000000270,20241208150000,0.045,0.001,0.059,0.0,0.0,0.0,1.0,2.22,131.11,4,0.0,0.0,589376
2024-12-08 16:00:00,00000000270,20241208160000,0.045,0.001,0.064,0.0,0.0,0.0,1.0,2.22,142.22,4,0.0,0.0,589376
2024-12-08 17:00:00,00000000270,20241208170000,0.06,0.0,0.055,0.0,0.0,0.0,1.0,0.0,91.67,4,0.0,0.0,589376
2024-12-08 18:00:00,00000000270,20241208180000,0.06,0.0,0.053,0.0,0.0,0.0,1.0,0.0,88.33,4,0.0,0.0,589376
2024-12-08 19:00:00,00000000270,20241208190000,0.058,0.001,0.053,0.0,0.0,0.0,1.0,1.72,91.38,4,0.0,0.0,589376
2024-12-08 20:00:00,00000000270,20241208200000,0.033,0.0,0.06,0.0,0.0,0.0,1.0,0.0,181.82,4,0.0,0.0,589376
2024-12-08 21:00:00,00000000270,20241208210000,0.054,0.0,0.058,0.0,0.0,0.0,1.0,0.0,107.41,4,0.0,0.0,589376
2024-12-08 22:00:00,00000000270,20241208220000,0.059,0.001,0.056,0.0,0.0,0.0,1.0,1.69,94.92,4,0.0,0.0,589376
2024-12-08 23:00:00,00000000270,20241208230000,0.156,0.0,0.056,0.0,0.0,0.0,1.0,0.0,35.9,4,0.0,0.0,589376
2024-12-09 00:00:00,00000000270,20241209000000,0.058,0.001,0.06,0.0,0.0,0.0,1.0,1.72,103.45,4,0.0,0.0,589376
2024-12-09 01:00:00,00000000270,20241209010000,0.05,0.001,0.067,0.0,0.0,0.0,1.0,2.0,134.0,4,0.0,0.0,589376
2024-12-09 02:00:00,00000000270,20241209020000,0.059,0.0,0.059,0.0,0.0,0.0,1.0,0.0,100.0,4,0.0,0.0,589376
2024-12-09 03:00:00,00000000270,20241209030000,0.064,0.001,0.061,0.0,0.0,0.0,1.0,1.56,95.31,4,0.0,0.0,589376
2024-12-09 04:00:00,00000000270,20241209040000,0.059,0.001,0.061,0.0,0.0,0.0,1.0,1.69,103.39,4,0.0,0.0,589376
2024-12-09 05:00:00,00000000270,20241209050000,0.059,0.001,0.061,0.0,0.0,0.0,1.0,1.69,103.39,4,0.0,0.0,589376
2024-12-09 06:00:00,00000000270,20241209060000,0.048,0.0,0.062,0.0,0.0,0.0,1.0,0.0,129.17,4,0.0,0.0,589376
2024-12-09 07:00:00,00000000270,20241209070000,0.044,0.001,0.064,0.0,0.0,0.0,1.0,2.27,145.45,4,0.0,0.0,589376
2024-12-09 08:00:00,00000000270,20241209080000,0.063,0.001,0.059,0.0,0.0,0.0,1.0,1.59,93.65,4,0.0,0.0,589376
2024-12-09 09:00:00,00000000270,20241209090000,0.063,0.001,0.058,0.0,0.0,0.0,1.0,1.59,92.06,4,0.0,0.0,589376
2024-12-09 10:00:00,00000000270,20241209100000,0.059,0.0,0.057,0.0,0.0,0.0,1.0,0.0,96.61,4,0.0,0.0,589376
2024-12-09 11:00:00,00000000270,20241209110000,0.05,0.001,0.06,0.0,0.0,0.0,1.0,2.0,120.0,4,0.0,0.0,589376
2024-12-09 12:00:00,00000000270,20241209120000,0.048,0.001,0.06,0.0,0.0,0.0,1.0,2.08,125.0,4,0.0,0.0,589376
2024-12-09 13:00:00,00000000270,20241209130000,0.06,0.0,0.058,0.0,0.0,0.0,1.0,0.0,96.67,4,0.0,0.0,589376
2024-12-09 14:00:00,00000000270,20241209140000,0.055,0.001,0.063,0.0,0.0,0.0,1.0,1.82,114.55,4,0.0,0.0,589376
2024-12-09 15:00:00,00000000270,20241209150000,0.059,0.001,0.058,0.0,0.0,0.0,1.0,1.69,98.31,4,0.0,0.0,589376
2024-12-09 16:00:00,00000000270,20241209160000,0.056,0.001,0.058,0.0,0.0,0.0,1.0,1.79,103.57,4,0.0,0.0,589376
2024-12-09 17:00:00,00000000270,20241209170000,0.045,0.001,0.059,0.0,0.0,0.0,1.0,2.22,131.11,4,0.0,0.0,589376
2024-12-09 18:00:00,00000000270,20241209180000,0.057,0.0,0.055,0.0,0.0,0.0,1.0,0.0,96.49,4,0.0,0.0,589376
2024-12-09 19:00:00,00000000270,20241209190000,0.058,0.0,0.055,0.0,0.0,0.0,1.0,0.0,94.83,4,0.0,0.0,589376
2024-12-09 20:00:00,00000000270,20241209200000,0.061,0.001,0.055,0.0,0.0,0.0,1.0,1.64,90.16,4,0.0,0.0,589376
2024-12-09 21:00:00,00000000270,20241209210000,0.06,0.0,0.058,0.0,0.0,0.0,1.0,0.0,96.67,4,0.0,0.0,589376
2024-12-09 22:00:00,00000000270,20241209220000,0.05,0.001,0.059,0.0,0.0,0.0,1.0,2.0,118.0,4,0.0,0.0,589376
2024-12-09 23:00:00,00000000270,20241209230000,0.045,0.0,0.06,0.0,0.0,0.0,1.0,0.0,133.33,4,0.0,0.0,589376
2024-12-10 00:00:00,00000000270,20241210000000,0.136,0.001,0.061,0.0,0.0,0.0,1.0,0.74,44.85,4,0.0,0.0,589376
2024-12-10 01:00:00,00000000270,20241210010000,0.083,0.001,0.059,0.0,0.0,0.0,1.0,1.2,71.08,4,0.0,0.0,589376
2024-12-10 02:00:00,00000000270,20241210020000,0.063,0.001,0.061,0.0,0.0,0.0,1.0,1.59,96.83,4,0.0,0.0,589376
2024-12-10 03:00:00,00000000270,20241210030000,0.064,0.0,0.061,0.0,0.0,0.0,1.0,0.0,95.31,4,0.0,0.0,589376
2024-12-10 04:00:00,00000000270,20241210040000,0.06,0.001,0.061,0.0,0.0,0.0,1.0,1.67,101.67,4,0.0,0.0,589376
2024-12-10 05:00:00,00000000270,20241210050000,0.059,0.001,0.061,0.0,0.0,0.0,1.0,1.69,103.39,4,0.0,0.0,589376
2024-12-10 06:00:00,00000000270,20241210060000,0.045,0.001,0.063,0.0,0.0,0.0,1.0,2.22,140.0,4,0.0,0.0,589376
2024-12-10 07:00:00,00000000270,20241210070000,0.057,0.0,0.059,0.0,0.0,0.0,1.0,0.0,103.51,4,0.0,0.0,589376
2024-12-10 08:00:00,00000000270,20241210080000,0.061,0.001,0.058,0.0,0.0,0.0,1.0,1.64,95.08,4,0.0,0.0,589376
2024-12-10 09:00:00,00000000270,20241210090000,0.06,0.001,0.059,0.0,0.0,0.0,1.0,1.67,98.33,4,0.0,0.0,589376
2024-12-10 10:00:00,00000000270,20241210100000,0.06,0.001,0.059,0.0,0.0,0.0,1.0,1.67,98.33,4,0.0,0.0,589376
2024-12-10 11:00:00,00000000270,20241210110000,0.061,0.0,0.06,0.0,0.0,0.0,1.0,0.0,98.36,4,0.0,0.0,589376
2024-12-10 12:00:00,00000000270,20241210120000,0.048,0.001,0.062,0.0,0.0,0.0,1.0,2.08,129.17,4,0.0,0.0,589376
2024-12-10 13:00:00,00000000270,20241210130000,0.05,0.001,0.061,0.0,0.0,0.0,1.0,2.0,122.0,4,0.0,0.0,589376
2024-12-10 14:00:00,00000000270,20241210140000,0.064,0.001,0.059,0.0,0.0,0.0,1.0,1.56,92.19,4,0.0,0.0,589376
2024-12-10 15:00:00,00000000270,20241210150000,0.058,0.0,0.06,0.0,0.0,0.0,1.0,0.0,103.45,4,0.0,0.0,589376
2024-12-10 16:00:00,00000000270,20241210160000,0.061,0.001,0.06,0.0,0.0,0.0,1.0,1.64,98.36,4,0.0,0.0,589376
2024-12-10 17:00:00,00000000270,20241210170000,0.058,0.001,0.058,0.0,0.0,0.0,1.0,1.72,100.0,4,0.0,0.0,589376
2024-12-10 18:00:00,00000000270,20241210180000,0.049,0.0,0.057,0.0,0.0,0.0,1.0,0.0,116.33,4,0.0,0.0,589376
2024-12-10 19:00:00,00000000270,20241210190000,0.045,0.001,0.056,0.0,0.0,0.0,1.0,2.22,124.44,4,0.0,0.0,589376
2024-12-10 20:00:00,00000000270,20241210200000,0.055,0.0,0.057,0.0,0.0,0.0,1.0,0.0,103.64,4,0.0,0.0,589376
2024-12-10 21:00:00,00000000270,20241210210000,0.061,0.0,0.057,0.0,0.0,0.0,1.0,0.0,93.44,4,0.0,0.0,589376
2024-12-10 22:00:00,00000000270,20241210220000,0.058,0.001,0.058,0.0,0.0,0.0,1.0,1.72,100.0,4,0.0,0.0,589376
2024-12-10 23:00:00,00000000270,20241210230000,0.063,0.001,0.059,0.0,0.0,0.0,1.0,1.59,93.65,4,0.0,0.0,589376
2024-12-11 00:00:00,00000000270,20241211000000,0.059,0.001,0.059,0.0,0.0,0.0,1.0,1.69,100.0,4,0.0,0.0,589376
2024-12-11 01:00:00,00000000270,20241211010000,0.048,0.0,0.062,0.0,0.0,0.0,1.0,0.0,129.17,4,0.0,0.0,589376
2024-12-11 02:00:00,00000000270,20241211020000,0.147,0.001,0.059,0.0,0.0,0.0,1.0,0.68,40.14,4,0.0,0.0,589376
2024-12-11 03:00:00,00000000270,20241211030000,0.075,0.001,0.059,0.0,0.0,0.0,1.0,1.33,78.67,4,0.0,0.0,589376
2024-12-11 04:00:00,00000000270,20241211040000,0.064,0.001,0.061,0.0,0.0,0.0,1.0,1.56,95.31,4,0.0,0.0,589376
2024-12-11 05:00:00,00000000270,20241211050000,0.058,0.0,0.061,0.0,0.0,0.0,1.0,0.0,105.17,4,0.0,0.0,589376
2024-12-11 06:00:00,00000000270,20241211060000,0.062,0.001,0.061,0.0,0.0,0.0,1.0,1.61,98.39,4,0.0,0.0,589376
2024-12-11 07:00:00,00000000270,20241211070000,0.061,0.001,0.059,0.0,0.0,0.0,1.0,1.64,96.72,4,0.0,0.0,589376
2024-12-11 08:00:00,00000000270,20241211080000,0.053,0.001,0.063,0.0,0.0,0.0,1.0,1.89,118.87,4,0.0,0.0,589376
2024-12-11 09:00:00,00000000270,20241211090000,0.054,0.0,0.06,0.0,0.0,0.0,1.0,0.0,111.11,4,0.0,0.0,589376
2024-12-11 10:00:00,00000000270,20241211100000,0.044,0.001,0.059,0.0,0.0,0.0,1.0,2.27,134.09,4,0.0,0.0,589376
2024-12-11 11:00:00,00000000270,20241211110000,0.062,0.001,0.058,0.0,0.0,0.0,1.0,1.61,93.55,4,0.0,0.0,589376
2024-12-11 12:00:00,00000000270,20241211120000,0.059,0.001,0.057,0.0,0.0,0.0,1.0,1.69,96.61,4,0.0,0.0,589376
2024-12-11 13:00:00,00000000270,20241211130000,0.063,0.0,0.059,0.0,0.0,0.0,1.0,0.0,93.65,4,0.0,0.0,589376
2024-12-11 14:00:00,00000000270,20241211140000,0.061,0.001,0.058,0.0,0.0,0.0,1.0,1.64,95.08,4,0.0,0.0,589376
2024-12-11 15:00:00,00000000270,20241211150000,0.05,0.001,0.063,0.0,0.0,0.0,1.0,2.0,126.0,4,0.0,0.0,589376
2024-12-11 16:00:00,00000000270,20241211160000,0.054,0.0,0.06,0.0,0.0,0.0,1.0,0.0,111.11,4,0.0,0.0,589376
2024-12-11 17:00:00,00000000270,20241211170000,0.217,0.162,0.037,0.0,0.0,0.0,1.0,74.65,17.05,4,0.0,0.0,589376
2024-12-11 18:00:00,00000000270,20241211180000,0.103,0.074,0.039,0.0,0.0,0.0,1.0,71.84,37.86,4,0.0,0.0,589376
2024-12-11 19:00:00,00000000270,20241211190000,0.059,0.001,0.056,0.0,0.0,0.0,1.0,1.69,94.92,4,0.0,0.0,589376
2024-12-11 20:00:00,00000000270,20241211200000,0.32,0.0,0.052,0.0,0.0,0.0,1.0,0.0,16.25,4,0.0,0.0,589376
2024-12-11 21:00:00,00000000270,20241211210000,2.11,0.001,0.036,0.0,0.0,0.0,1.0,0.05,1.71,4,0.0,0.0,589376
2024-12-11 22:00:00,00000000270,20241211220000,0.719,0.003,0.011,0.0,0.0,0.0,1.0,0.42,1.53,4,0.0,0.0,589376
2024-12-11 23:00:00,00000000270,20241211230000,0.63,0.005,0.02,0.0,0.0,0.0,1.0,0.79,3.17,4,0.0,0.0,589376
2024-12-12 00:00:00,00000000270,20241212000000,0.649,0.004,0.014,0.0,0.0,0.0,1.0,0.62,2.16,4,0.0,0.0,589376
2024-12-12 01:00:00,00000000270,20241212010000,0.619,0.005,0.013,0.0,0.0,0.0,1.0,0.81,2.1,4,0.0,0.0,589376
2024-12-12 02:00:00,00000000270,20241212020000,0.606,0.003,0.008,0.0,0.0,0.0,1.0,0.5,1.32,4,0.0,0.0,589376
2024-12-12 03:00:00,00000000270,20241212030000,0.581,0.003,0.017,0.0,0.0,0.0,1.0,0.52,2.93,4,0.0,0.0,589376
2024-12-12 04:00:00,00000000270,20241212040000,0.659,0.005,0.016,0.0,0.0,0.0,1.0,0.76,2.43,4,0.0,0.0,589376
2024-12-12 05:00:00,00000000270,20241212050000,0.584,0.006,0.01,0.0,0.0,0.0,1.0,1.03,1.71,4,0.0,0.0,589376
2024-12-12 06:00:00,00000000270,20241212060000,0.568,0.006,0.009,0.0,0.0,0.0,1.0,1.06,1.58,4,0.0,0.0,589376
2024-12-12 07:00:00,00000000270,20241212070000,0.346,0.0,0.037,0.0,0.0,0.0,1.0,0.0,10.69,4,0.0,0.0,589376
2024-12-12 08:00:00,00000000270,20241212080000,0.057,0.001,0.061,0.0,0.0,0.0,1.0,1.75,107.02,4,0.0,0.0,589376
2024-12-12 09:00:00,00000000270,20241212090000,0.054,0.001,0.06,0.0,0.0,0.0,1.0,1.85,111.11,4,0.0,0.0,589376
2024-12-12 10:00:00,00000000270,20241212100000,0.062,0.001,0.057,0.0,0.0,0.0,1.0,1.61,91.94,4,0.0,0.0,589376
2024-12-12 11:00:00,00000000270,20241212110000,0.06,0.001,0.057,0.0,0.0,0.0,1.0,1.67,95.0,4,0.0,0.0,589376
2024-12-12 12:00:00,00000000270,20241212120000,0.043,0.0,0.058,0.0,0.0,0.0,1.0,0.0,134.88,4,0.0,0.0,589376
2024-12-12 13:00:00,00000000270,20241212130000,0.056,0.001,0.057,0.0,0.0,0.0,1.0,1.79,101.79,4,0.0,0.0,589376
2024-12-12 14:00:00,00000000270,20241212140000,0.054,0.001,0.062,0.0,0.0,0.0,1.0,1.85,114.81,4,0.0,0.0,589376
2024-12-12 15:00:00,00000000270,20241212150000,0.06,0.0,0.058,0.0,0.0,0.0,1.0,0.0,96.67,4,0.0,0.0,589376
2024-12-12 16:00:00,00000000270,20241212160000,0.059,0.001,0.056,0.0,0.0,0.0,1.0,1.69,94.92,4,0.0,0.0,589376
2024-12-12 17:00:00,00000000270,20241212170000,0.057,0.001,0.057,0.0,0.0,0.0,1.0,1.75,100.0,4,0.0,0.0,589376
2024-12-12 18:00:00,00000000270,20241212180000,0.04,0.0,0.055,0.0,0.0,0.0,1.0,0.0,137.5,4,0.0,0.0,589376
2024-12-12 19:00:00,00000000270,20241212190000,0.061,0.001,0.054,0.0,0.0,0.0,1.0,1.64,88.52,4,0.0,0.0,589376
2024-12-12 20:00:00,00000000270,20241212200000,0.051,0.0,0.06,0.0,0.0,0.0,1.0,0.0,117.65,4,0.0,0.0,589376
2024-12-12 21:00:00,00000000270,20241212210000,0.06,0.0,0.055,0.0,0.0,0.0,1.0,0.0,91.67,4,0.0,0.0,589376
2024-12-12 22:00:00,00000000270,20241212220000,0.059,0.001,0.056,0.0,0.0,0.0,1.0,1.69,94.92,4,0.0,0.0,589376
2024-12-12 23:00:00,00000000270,20241212230000,0.041,0.0,0.057,0.0,0.0,0.0,1.0,0.0,139.02,4,0.0,0.0,589376
2024-12-13 00:00:00,00000000270,20241213000000,0.048,0.001,0.063,0.0,0.0,0.0,1.0,2.08,131.25,4,0.0,0.0,589376
2024-12-13 01:00:00,00000000270,20241213010000,0.06,0.0,0.059,0.0,0.0,0.0,1.0,0.0,98.33,4,0.0,0.0,589376
2024-12-13 02:00:00,00000000270,20241213020000,0.064,0.001,0.058,0.0,0.0,0.0,1.0,1.56,90.62,4,0.0,0.0,589376
2024-12-13 03:00:00,00000000270,20241213030000,0.059,0.001,0.059,0.0,0.0,0.0,1.0,1.69,100.0,4,0.0,0.0,589376
2024-12-13 04:00:00,00000000270,20241213040000,0.033,0.001,0.067,0.0,0.0,0.0,1.0,3.03,203.03,4,0.0,0.0,589376
2024-12-13 05:00:00,00000000270,20241213050000,0.14,0.001,0.056,0.0,0.0,0.0,1.0,0.71,40.0,4,0.0,0.0,589376
2024-12-13 06:00:00,00000000270,20241213060000,0.087,0.0,0.055,0.0,0.0,0.0,1.0,0.0,63.22,4,0.0,0.0,589376
2024-12-13 07:00:00,00000000270,20241213070000,0.054,0.001,0.063,0.0,0.0,0.0,1.0,1.85,116.67,4,0.0,0.0,589376
2024-12-13 08:00:00,00000000270,20241213080000,0.064,0.001,0.056,0.0,0.0,0.0,1.0,1.56,87.5,4,0.0,0.0,589376
2024-12-13 09:00:00,00000000270,20241213090000,0.138,0.001,0.058,0.0,0.0,0.0,1.0,0.72,42.03,4,0.0,0.0,589376
2024-12-13 10:00:00,00000000270,20241213100000,0.442,0.001,0.049,0.0,0.0,0.0,1.0,0.23,11.09,4,0.0,0.0,589376
2024-12-13 11:00:00,00000000270,20241213110000,1.014,0.001,0.028,0.0,0.0,0.0,1.0,0.1,2.76,4,0.0,0.0,589376
2024-12-13 12:00:00,00000000270,20241213120000,1.402,0.001,0.032,0.0,0.0,0.0,1.0,0.07,2.28,4,0.0,0.0,589376
2024-12-13 13:00:00,00000000270,20241213130000,1.077,0.0,0.04,0.0,0.0,0.0,1.0,0.0,3.71,4,0.0,0.0,589376
2024-12-13 14:00:00,00000000270,20241213140000,1.046,0.001,0.042,0.0,0.0,0.0,1.0,0.1,4.02,4,0.0,0.0,589376
2024-12-13 15:00:00,00000000270,20241213150000,1.023,0.001,0.041,0.0,0.0,0.0,1.0,0.1,4.01,4,0.0,0.0,589376
2024-12-13 16:00:00,00000000270,20241213160000,1.021,0.0,0.032,0.0,0.0,0.0,1.0,0.0,3.13,4,0.0,0.0,589376
2024-12-13 17:00:00,00000000270,20241213170000,1.019,0.004,0.021,0.0,0.0,0.0,1.0,0.39,2.06,4,0.0,0.0,589376
2024-12-13 18:00:00,00000000270,20241213180000,1.529,0.001,0.025,0.0,0.0,0.0,1.0,0.07,1.64,4,0.0,0.0,589376
2024-12-13 19:00:00,00000000270,20241213190000,1.209,0.012,0.004,0.0,0.0,0.0,1.0,0.99,0.33,4,0.0,0.0,589376
2024-12-13 20:00:00,00000000270,20241213200000,0.949,0.01,0.009,0.0,0.0,0.0,1.0,1.05,0.95,4,0.0,0.0,589376
2024-12-13 21:00:00,00000000270,20241213210000,0.373,0.0,0.04,0.0,0.0,0.0,1.0,0.0,10.72,4,0.0,0.0,589376
2024-12-13 22:00:00,00000000270,20241213220000,0.06,0.001,0.057,0.0,0.0,0.0,1.0,1.67,95.0,4,0.0,0.0,589376
2024-12-13 23:00:00,00000000270,20241213230000,0.063,0.0,0.054,0.0,0.0,0.0,1.0,0.0,85.71,4,0.0,0.0,589376
2024-12-14 00:00:00,00000000270,20241214000000,0.043,0.0,0.057,0.0,0.0,0.0,1.0,0.0,132.56,4,0.0,0.0,589376
2024-12-14 01:00:00,00000000270,20241214010000,0.061,0.001,0.058,0.0,0.0,0.0,1.0,1.64,95.08,4,0.0,0.0,589376
2024-12-14 02:00:00,00000000270,20241214020000,0.064,0.0,0.059,0.0,0.0,0.0,1.0,0.0,92.19,4,0.0,0.0,589376
2024-12-14 03:00:00,00000000270,20241214030000,0.068,0.001,0.06,0.0,0.0,0.0,1.0,1.47,88.24,4,0.0,0.0,589376
2024-12-14 04:00:00,00000000270,20241214040000,0.044,0.001,0.061,0.0,0.0,0.0,1.0,2.27,138.64,4,0.0,0.0,589376
2024-12-14 05:00:00,00000000270,20241214050000,0.055,0.0,0.059,0.0,0.0,0.0,1.0,0.0,107.27,4,0.0,0.0,589376
2024-12-14 06:00:00,00000000270,20241214060000,0.058,0.001,0.059,0.0,0.0,0.0,1.0,1.72,101.72,4,0.0,0.0,589376
2024-12-14 07:00:00,00000000270,20241214070000,0.15,0.001,0.056,0.0,0.0,0.0,1.0,0.67,37.33,4,0.0,0.0,589376
2024-12-14 08:00:00,00000000270,20241214080000,0.063,0.001,0.067,0.0,0.0,0.0,1.0,1.59,106.35,4,0.0,0.0,589376
2024-12-14 09:00:00,00000000270,20241214090000,0.054,0.0,0.057,0.0,0.0,0.0,1.0,0.0,105.56,4,0.0,0.0,589376
2024-12-14 10:00:00,00000000270,20241214100000,0.061,0.001,0.055,0.0,0.0,0.0,1.0,1.64,90.16,4,0.0,0.0,589376
2024-12-14 11:00:00,00000000270,20241214110000,0.06,0.0,0.054,0.0,0.0,0.0,1.0,0.0,90.0,4,0.0,0.0,589376
2024-12-14 12:00:00,00000000270,20241214120000,0.059,0.001,0.056,0.0,0.0,0.0,1.0,1.69,94.92,4,0.0,0.0,589376
2024-12-14 13:00:00,00000000270,20241214130000,0.033,0.0,0.063,0.0,0.0,0.0,1.0,0.0,190.91,4,0.0,0.0,589376
2024-12-14 14:00:00,00000000270,20241214140000,0.055,0.0,0.056,0.0,0.0,0.0,1.0,0.0,101.82,4,0.0,0.0,589376
2024-12-14 15:00:00,00000000270,20241214150000,0.06,0.001,0.057,0.0,0.0,0.0,1.0,1.67,95.0,4,0.0,0.0,589376
2024-12-14 16:00:00,00000000270,20241214160000,0.062,0.0,0.056,0.0,0.0,0.0,1.0,0.0,90.32,4,0.0,0.0,589376
2024-12-14 17:00:00,00000000270,20241214170000,0.057,0.001,0.056,0.0,0.0,0.0,1.0,1.75,98.25,4,0.0,0.0,589376
2024-12-14 18:00:00,00000000270,20241214180000,0.032,0.0,0.058,0.0,0.0,0.0,1.0,0.0,181.25,4,0.0,0.0,589376
2024-12-14 19:00:00,00000000270,20241214190000,0.056,0.0,0.052,0.0,0.0,0.0,1.0,0.0,92.86,4,0.0,0.0,589376
2024-12-14 20:00:00,00000000270,20241214200000,0.06,0.001,0.054,0.0,0.0,0.0,1.0,1.67,90.0,4,0.0,0.0,589376
2024-12-14 21:00:00,00000000270,20241214210000,0.061,0.0,0.054,0.0,0.0,0.0,1.0,0.0,88.52,4,0.0,0.0,589376
2024-12-14 22:00:00,00000000270,20241214220000,0.037,0.0,0.061,0.0,0.0,0.0,1.0,0.0,164.86,4,0.0,0.0,589376
2024-12-14 23:00:00,00000000270,20241214230000,0.048,0.001,0.057,0.0,0.0,0.0,1.0,2.08,118.75,4,0.0,0.0,589376
2024-12-15 00:00:00,00000000270,20241215000000,0.06,0.0,0.056,0.0,0.0,0.0,1.0,0.0,93.33,4,0.0,0.0,589376
2024-12-15 01:00:00,00000000270,20241215010000,0.054,0.0,0.062,0.0,0.0,0.0,1.0,0.0,114.81,4,0.0,0.0,589376
2024-12-15 02:00:00,00000000270,20241215020000,0.055,0.001,0.062,0.0,0.0,0.0,1.0,1.82,112.73,4,0.0,0.0,589376
2024-12-15 03:00:00,00000000270,20241215030000,0.042,0.0,0.061,0.0,0.0,0.0,1.0,0.0,145.24,4,0.0,0.0,589376
2024-12-15 04:00:00,00000000270,20241215040000,0.059,0.001,0.064,0.0,0.0,0.0,1.0,1.69,108.47,4,0.0,0.0,589376
2024-12-15 05:00:00,00000000270,20241215050000,0.057,0.001,0.063,0.0,0.0,0.0,1.0,1.75,110.53,4,0.0,0.0,589376
2024-12-15 06:00:00,00000000270,20241215060000,0.062,0.001,0.06,0.0,0.0,0.0,1.0,1.61,96.77,4,0.0,0.0,589376
2024-12-15 07:00:00,00000000270,20241215070000,0.038,0.0,0.065,0.0,0.0,0.0,1.0,0.0,171.05,4,0.0,0.0,589376
2024-12-15 08:00:00,00000000270,20241215080000,0.127,0.001,0.063,0.0,0.0,0.0,1.0,0.79,49.61,4,0.0,0.0,589376
2024-12-15 09:00:00,00000000270,20241215090000,0.095,0.001,0.057,0.0,0.0,0.0,1.0,1.05,60.0,4,0.0,0.0,589376
2024-12-15 10:00:00,00000000270,20241215100000,0.066,0.001,0.06,0.0,0.0,0.0,1.0,1.52,90.91,4,0.0,0.0,589376
2024-12-15 11:00:00,00000000270,20241215110000,0.049,0.0,0.064,0.0,0.0,0.0,1.0,0.0,130.61,4,0.0,0.0,589376
2024-12-15 12:00:00,00000000270,20241215120000,0.047,0.001,0.058,0.0,0.0,0.0,1.0,2.13,123.4,4,0.0,0.0,589376
2024-12-15 13:00:00,00000000270,20241215130000,0.052,0.0,0.058,0.0,0.0,0.0,1.0,0.0,111.54,4,0.0,0.0,589376
2024-12-15 14:00:00,00000000270,20241215140000,0.049,0.0,0.061,0.0,0.0,0.0,1.0,0.0,124.49,4,0.0,0.0,589376
2024-12-15 15:00:00,00000000270,20241215150000,0.06,0.001,0.056,0.0,0.0,0.0,1.0,1.67,93.33,4,0.0,0.0,589376
2024-12-15 16:00:00,00000000270,20241215160000,0.921,0.0,0.037,0.0,0.0,0.0,1.0,0.0,4.02,4,0.0,0.0,589376
2024-12-15 17:00:00,00000000270,20241215170000,1.777,0.001,0.03,0.0,0.0,0.0,1.0,0.06,1.69,4,0.0,0.0,589376
2024-12-15 18:00:00,00000000270,20241215180000,1.269,0.004,0.013,0.0,0.0,0.0,1.0,0.32,1.02,4,0.0,0.0,589376
2024-12-15 19:00:00,00000000270,20241215190000,0.717,0.006,0.007,0.0,0.0,0.0,1.0,0.84,0.98,4,0.0,0.0,589376
2024-12-15 20:00:00,00000000270,20241215200000,0.696,0.002,0.021,0.0,0.0,0.0,1.0,0.29,3.02,4,0.0,0.0,589376
2024-12-15 21:00:00,00000000270,20241215210000,0.356,0.001,0.042,0.0,0.0,0.0,1.0,0.28,11.8,4,0.0,0.0,589376
2024-12-15 22:00:00,00000000270,20241215220000,0.048,0.001,0.057,0.0,0.0,0.0,1.0,2.08,118.75,4,0.0,0.0,589376
2024-12-15 23:00:00,00000000270,20241215230000,0.659,0.0,0.032,0.0,0.0,0.0,1.0,0.0,4.86,4,0.0,0.0,589376
2024-12-16 00:00:00,00000000270,20241216000000,0.759,0.002,0.023,0.0,0.0,0.0,1.0,0.26,3.03,4,0.0,0.0,589376
2024-12-16 01:00:00,00000000270,20241216010000,0.706,0.001,0.022,0.0,0.0,0.0,1.0,0.14,3.12,4,0.0,0.0,589376
2024-12-16 02:00:00,00000000270,20241216020000,0.338,0.002,0.035,0.0,0.0,0.0,1.0,0.59,10.36,4,0.0,0.0,589376
2024-12-16 03:00:00,00000000270,20241216030000,0.06,0.0,0.061,0.0,0.0,0.0,1.0,0.0,101.67,4,0.0,0.0,589376
2024-12-16 04:00:00,00000000270,20241216040000,0.059,0.001,0.061,0.0,0.0,0.0,1.0,1.69,103.39,4,0.0,0.0,589376
2024-12-16 05:00:00,00000000270,20241216050000,0.061,0.001,0.06,0.0,0.0,0.0,1.0,1.64,98.36,4,0.0,0.0,589376
2024-12-16 06:00:00,00000000270,20241216060000,0.044,0.0,0.061,0.0,0.0,0.0,1.0,0.0,138.64,4,0.0,0.0,589376
2024-12-16 07:00:00,00000000270,20241216070000,0.061,0.001,0.064,0.0,0.0,0.0,1.0,1.64,104.92,4,0.0,0.0,589376
2024-12-16 08:00:00,00000000270,20241216080000,0.061,0.001,0.058,0.0,0.0,0.0,1.0,1.64,95.08,4,0.0,0.0,589376
2024-12-16 09:00:00,00000000270,20241216090000,0.059,0.001,0.057,0.0,0.0,0.0,1.0,1.69,96.61,4,0.0,0.0,589376
2024-12-16 10:00:00,00000000270,20241216100000,0.135,0.001,0.061,0.0,0.0,0.0,1.0,0.74,45.19,4,0.0,0.0,589376
2024-12-16 11:00:00,00000000270,20241216110000,0.057,0.0,0.057,0.0,0.0,0.0,1.0,0.0,100.0,4,0.0,0.0,589376
2024-12-16 12:00:00,00000000270,20241216120000,0.064,0.0,0.057,0.0,0.0,0.0,1.0,0.0,89.06,4,0.0,0.0,589376
2024-12-16 13:00:00,00000000270,20241216130000,0.062,0.001,0.057,0.0,0.0,0.0,1.0,1.61,91.94,4,0.0,0.0,589376
2024-12-16 14:00:00,00000000270,20241216140000,0.053,0.0,0.062,0.0,0.0,0.0,1.0,0.0,116.98,4,0.0,0.0,589376
2024-12-16 15:00:00,00000000270,20241216150000,0.04,0.001,0.06,0.0,0.0,0.0,1.0,2.5,150.0,4,0.0,0.0,589376
2024-12-16 16:00:00,00000000270,20241216160000,0.054,0.0,0.059,0.0,0.0,0.0,1.0,0.0,109.26,4,0.0,0.0,589376
2024-12-16 17:00:00,00000000270,20241216170000,0.061,0.0,0.057,0.0,0.0,0.0,1.0,0.0,93.44,4,0.0,0.0,589376
2024-12-16 18:00:00,00000000270,20241216180000,0.057,0.001,0.054,0.0,0.0,0.0,1.0,1.75,94.74,4,0.0,0.0,589376
2024-12-16 19:00:00,00000000270,20241216190000,0.046,0.0,0.057,0.0,0.0,0.0,1.0,0.0,123.91,4,0.0,0.0,589376
2024-12-16 20:00:00,00000000270,20241216200000,0.04,0.0,0.055,0.0,0.0,0.0,1.0,0.0,137.5,4,0.0,0.0,589376
2024-12-16 21:00:00,00000000270,20241216210000,0.058,0.001,0.054,0.0,0.0,0.0,1.0,1.72,93.1,4,0.0,0.0,589376
2024-12-16 22:00:00,00000000270,20241216220000,0.055,0.0,0.058,0.0,0.0,0.0,1.0,0.0,105.45,4,0.0,0.0,589376
2024-12-16 23:00:00,00000000270,20241216230000,0.052,0.001,0.059,0.0,0.0,0.0,1.0,1.92,113.46,4,0.0,0.0,589376
2024-12-17 00:00:00,00000000270,20241217000000,0.051,0.0,0.058,0.0,0.0,0.0,1.0,0.0,113.73,4,0.0,0.0,589376
2024-12-17 01:00:00,00000000270,20241217010000,0.045,0.0,0.061,0.0,0.0,0.0,1.0,0.0,135.56,4,0.0,0.0,589376
2024-12-17 02:00:00,00000000270,20241217020000,0.053,0.001,0.062,0.0,0.0,0.0,1.0,1.89,116.98,4,0.0,0.0,589376
2024-12-17 03:00:00,00000000270,20241217030000,0.06,0.0,0.059,0.0,0.0,0.0,1.0,0.0,98.33,4,0.0,0.0,589376
2024-12-17 04:00:00,00000000270,20241217040000,0.047,0.0,0.066,0.0,0.0,0.0,1.0,0.0,140.43,4,0.0,0.0,589376
2024-12-17 05:00:00,00000000270,20241217050000,0.04,0.001,0.061,0.0,0.0,0.0,1.0,2.5,152.5,4,0.0,0.0,589376
2024-12-17 06:00:00,00000000270,20241217060000,0.064,0.0,0.058,0.0,0.0,0.0,1.0,0.0,90.62,4,0.0,0.0,589376
2024-12-17 07:00:00,00000000270,20241217070000,0.048,0.001,0.064,0.0,0.0,0.0,1.0,2.08,133.33,4,0.0,0.0,589376
2024-12-17 08:00:00,00000000270,20241217080000,0.061,0.0,0.057,0.0,0.0,0.0,1.0,0.0,93.44,4,0.0,0.0,589376
2024-12-17 09:00:00,00000000270,20241217090000,0.026,0.0,0.065,0.0,0.0,0.0,1.0,0.0,250.0,4,0.0,0.0,589376
2024-12-17 10:00:00,00000000270,20241217100000,0.06,0.001,0.055,0.0,0.0,0.0,1.0,1.67,91.67,4,0.0,0.0,589376
2024-12-17 11:00:00,00000000270,20241217110000,0.1,0.0,0.064,0.0,0.0,0.0,1.0,0.0,64.0,4,0.0,0.0,589376
2024-12-17 12:00:00,00000000270,20241217120000,0.116,0.001,0.054,0.0,0.0,0.0,1.0,0.86,46.55,4,0.0,0.0,589376
2024-12-17 13:00:00,00000000270,20241217130000,0.155,0.0,0.066,0.0,0.0,0.0,1.0,0.0,42.58,4,0.0,0.0,589376
2024-12-17 14:00:00,00000000270,20241217140000,0.058,0.0,0.061,0.0,0.0,0.0,1.0,0.0,105.17,4,0.0,0.0,589376
2024-12-17 15:00:00,00000000270,20241217150000,0.063,0.001,0.06,0.0,0.0,0.0,1.0,1.59,95.24,4,0.0,0.0,589376
2024-12-17 16:00:00,00000000270,20241217160000,0.224,0.149,0.032,0.0,0.0,0.0,1.0,66.52,14.29,4,0.0,0.0,589376
2024-12-17 17:00:00,00000000270,20241217170000,1.243,0.001,0.028,0.0,0.0,0.0,1.0,0.08,2.25,4,0.0,0.0,589376
2024-12-17 18:00:00,00000000270,20241217180000,1.014,0.004,0.029,0.0,0.0,0.0,1.0,0.39,2.86,4,0.0,0.0,589376
2024-12-17 19:00:00,00000000270,20241217190000,0.819,0.002,0.017,0.0,0.0,0.0,1.0,0.24,2.08,4,0.0,0.0,589376
2024-12-17 20:00:00,00000000270,20241217200000,0.825,0.0,0.026,0.0,0.0,0.0,1.0,0.0,3.15,4,0.0,0.0,589376
2024-12-17 21:00:00,00000000270,20241217210000,0.766,0.003,0.014,0.0,0.0,0.0,1.0,0.39,1.83,4,0.0,0.0,589376
2024-12-17 22:00:00,00000000270,20241217220000,0.667,0.007,0.019,0.0,0.0,0.0,1.0,1.05,2.85,4,0.0,0.0,589376
2024-12-17 23:00:00,00000000270,20241217230000,0.054,0.0,0.061,0.0,0.0,0.0,1.0,0.0,112.96,4,0.0,0.0,589376
2024-12-18 00:00:00,00000000270,20241218000000,0.06,0.0,0.062,0.0,0.0,0.0,1.0,0.0,103.33,4,0.0,0.0,589376
2024-12-18 01:00:00,00000000270,20241218010000,0.069,0.001,0.062,0.0,0.0,0.0,1.0,1.45,89.86,4,0.0,0.0,589376
2024-12-18 02:00:00,00000000270,20241218020000,0.071,0.001,0.062,0.0,0.0,0.0,1.0,1.41,87.32,4,0.0,0.0,589376
2024-12-18 03:00:00,00000000270,20241218030000,0.058,0.0,0.066,0.0,0.0,0.0,1.0,0.0,113.79,4,0.0,0.0,589376
2024-12-18 04:00:00,00000000270,20241218040000,0.049,0.001,0.068,0.0,0.0,0.0,1.0,2.04,138.78,4,0.0,0.0,589376
2024-12-18 05:00:00,00000000270,20241218050000,0.07,0.001,0.062,0.0,0.0,0.0,1.0,1.43,88.57,4,0.0,0.0,589376
2024-12-18 06:00:00,00000000270,20241218060000,0.065,0.001,0.06,0.0,0.0,0.0,1.0,1.54,92.31,4,0.0,0.0,589376
2024-12-18 07:00:00,00000000270,20241218070000,0.069,0.001,0.061,0.0,0.0,0.0,1.0,1.45,88.41,4,0.0,0.0,589376
2024-12-18 08:00:00,00000000270,20241218080000,0.036,0.0,0.061,0.0,0.0,0.0,1.0,0.0,169.44,4,0.0,0.0,589376
2024-12-18 09:00:00,00000000270,20241218090000,0.049,0.001,0.062,0.0,0.0,0.0,1.0,2.04,126.53,4,0.0,0.0,589376
2024-12-18 10:00:00,00000000270,20241218100000,0.06,0.0,0.057,0.0,0.0,0.0,1.0,0.0,95.0,4,0.0,0.0,589376
2024-12-18 11:00:00,00000000270,20241218110000,0.063,0.001,0.057,0.0,0.0,0.0,1.0,1.59,90.48,4,0.0,0.0,589376
2024-12-18 12:00:00,00000000270,20241218120000,0.036,0.0,0.068,0.0,0.0,0.0,1.0,0.0,188.89,4,0.0,0.0,589376
2024-12-18 13:00:00,00000000270,20241218130000,0.14,0.001,0.059,0.0,0.0,0.0,1.0,0.71,42.14,4,0.0,0.0,589376
2024-12-18 14:00:00,00000000270,20241218140000,0.084,0.001,0.058,0.0,0.0,0.0,1.0,1.19,69.05,4,0.0,0.0,589376
2024-12-18 15:00:00,00000000270,20241218150000,0.055,0.001,0.066,0.0,0.0,0.0,1.0,1.82,120.0,4,0.0,0.0,589376
2024-12-18 16:00:00,00000000270,20241218160000,0.063,0.001,0.059,0.0,0.0,0.0,1.0,1.59,93.65,4,0.0,0.0,589376
2024-12-18 17:00:00,00000000270,20241218170000,0.055,0.0,0.059,0.0,0.0,0.0,1.0,0.0,107.27,4,0.0,0.0,589376
2024-12-18 18:00:00,00000000270,20241218180000,0.038,0.001,0.059,0.0,0.0,0.0,1.0,2.63,155.26,4,0.0,0.0,589376
2024-12-18 19:00:00,00000000270,20241218190000,0.053,0.0,0.057,0.0,0.0,0.0,1.0,0.0,107.55,4,0.0,0.0,589376
2024-12-18 20:00:00,00000000270,20241218200000,0.06,0.0,0.055,0.0,0.0,0.0,1.0,0.0,91.67,4,0.0,0.0,589376
2024-12-18 21:00:00,00000000270,20241218210000,0.061,0.001,0.056,0.0,0.0,0.0,1.0,1.64,91.8,4,0.0,0.0,589376
2024-12-18 22:00:00,00000000270,20241218220000,0.041,0.0,0.063,0.0,0.0,0.0,1.0,0.0,153.66,4,0.0,0.0,589376
2024-12-18 23:00:00,00000000270,20241218230000,0.047,0.0,0.058,0.0,0.0,0.0,1.0,0.0,123.4,4,0.0,0.0,589376
2024-12-19 00:00:00,00000000270,20241219000000,0.059,0.001,0.058,0.0,0.0,0.0,1.0,1.69,98.31,4,0.0,0.0,589376
2024-12-19 01:00:00,00000000270,20241219010000,0.057,0.0,0.061,0.0,0.0,0.0,1.0,0.0,107.02,4,0.0,0.0,589376
2024-12-19 02:00:00,00000000270,20241219020000,0.054,0.001,0.064,0.0,0.0,0.0,1.0,1.85,118.52,4,0.0,0.0,589376
2024-12-19 03:00:00,00000000270,20241219030000,0.046,0.001,0.061,0.0,0.0,0.0,1.0,2.17,132.61,4,0.0,0.0,589376
2024-12-19 04:00:00,00000000270,20241219040000,0.046,0.001,0.066,0.0,0.0,0.0,1.0,2.17,143.48,4,0.0,0.0,589376
2024-12-19 05:00:00,00000000270,20241219050000,0.062,0.0,0.061,0.0,0.0,0.0,1.0,0.0,98.39,4,0.0,0.0,589376
2024-12-19 06:00:00,00000000270,20241219060000,0.062,0.001,0.059,0.0,0.0,0.0,1.0,1.61,95.16,4,0.0,0.0,589376
2024-12-19 07:00:00,00000000270,20241219070000,0.044,0.001,0.066,0.0,0.0,0.0,1.0,2.27,150.0,4,0.0,0.0,589376
2024-12-19 08:00:00,00000000270,20241219080000,0.046,0.001,0.058,0.0,0.0,0.0,1.0,2.17,126.09,4,0.0,0.0,589376
2024-12-19 09:00:00,00000000270,20241219090000,1.6,0.0,0.05,0.0,0.0,0.0,1.0,0.0,3.12,4,0.0,0.0,589376
2024-12-19 10:00:00,00000000270,20241219100000,0.244,0.001,0.055,0.0,0.0,0.0,1.0,0.41,22.54,4,0.0,0.0,589376
2024-12-19 11:00:00,00000000270,20241219110000,0.058,0.0,0.057,0.0,0.0,0.0,1.0,0.0,98.28,4,0.0,0.0,589376
2024-12-19 12:00:00,00000000270,20241219120000,0.031,0.001,0.068,0.0,0.0,0.0,1.0,3.23,219.35,4,0.0,0.0,589376
2024-12-19 13:00:00,00000000270,20241219130000,0.063,0.0,0.059,0.0,0.0,0.0,1.0,0.0,93.65,4,0.0,0.0,589376
2024-12-19 14:00:00,00000000270,20241219140000,0.088,0.001,0.06,0.0,0.0,0.0,1.0,1.14,68.18,4,0.0,0.0,589376
2024-12-19 15:00:00,00000000270,20241219150000,0.132,0.001,0.062,0.0,0.0,0.0,1.0,0.76,46.97,4,0.0,0.0,589376
2024-12-19 16:00:00,00000000270,20241219160000,0.058,0.001,0.058,0.0,0.0,0.0,1.0,1.72,100.0,4,0.0,0.0,589376
2024-12-19 17:00:00,00000000270,20241219170000,0.042,0.0,0.063,0.0,0.0,0.0,1.0,0.0,150.0,4,0.0,0.0,589376
2024-12-19 18:00:00,00000000270,20241219180000,0.055,0.001,0.057,0.0,0.0,0.0,1.0,1.82,103.64,4,0.0,0.0,589376
2024-12-19 19:00:00,00000000270,20241219190000,0.061,0.0,0.054,0.0,0.0,0.0,1.0,0.0,88.52,4,0.0,0.0,589376
2024-12-19 20:00:00,00000000270,20241219200000,0.079,0.001,0.059,0.0,0.0,0.0,1.0,1.27,74.68,4,0.0,0.0,589376
2024-12-19 21:00:00,00000000270,20241219210000,0.734,0.002,0.064,0.0,0.0,0.0,1.0,0.27,8.72,4,0.0,0.0,589376
2024-12-19 22:00:00,00000000270,20241219220000,0.636,0.0,0.064,0.0,0.0,0.0,1.0,0.0,10.06,4,0.0,0.0,589376
2024-12-19 23:00:00,00000000270,20241219230000,0.243,0.001,0.059,0.0,0.0,0.0,1.0,0.41,24.28,4,0.0,0.0,589376
2024-12-20 00:00:00,00000000270,20241220000000,0.051,0.0,0.064,0.0,0.0,0.0,1.0,0.0,125.49,4,0.0,0.0,589376
2024-12-20 01:00:00,00000000270,20241220010000,0.063,0.001,0.058,0.0,0.0,0.0,1.0,1.59,92.06,4,0.0,0.0,589376
2024-12-20 02:00:00,00000000270,20241220020000,0.052,0.001,0.064,0.0,0.0,0.0,1.0,1.92,123.08,4,0.0,0.0,589376
2024-12-20 03:00:00,00000000270,20241220030000,0.044,0.001,0.063,0.0,0.0,0.0,1.0,2.27,143.18,4,0.0,0.0,589376
2024-12-20 04:00:00,00000000270,20241220040000,0.051,0.0,0.06,0.0,0.0,0.0,1.0,0.0,117.65,4,0.0,0.0,589376
2024-12-20 05:00:00,00000000270,20241220050000,0.052,0.001,0.067,0.0,0.0,0.0,1.0,1.92,128.85,4,0.0,0.0,589376
2024-12-20 06:00:00,00000000270,20241220060000,0.065,0.001,0.059,0.0,0.0,0.0,1.0,1.54,90.77,4,0.0,0.0,589376
2024-12-20 07:00:00,00000000270,20241220070000,0.055,0.001,0.061,0.0,0.0,0.0,1.0,1.82,110.91,4,0.0,0.0,589376
2024-12-20 08:00:00,00000000270,20241220080000,0.348,0.0,0.064,0.0,0.0,0.0,1.0,0.0,18.39,4,0.0,0.0,589376
2024-12-20 09:00:00,00000000270,20241220090000,0.626,0.001,0.058,0.0,0.0,0.0,1.0,0.16,9.27,4,0.0,0.0,589376
2024-12-20 10:00:00,00000000270,20241220100000,0.636,0.001,0.067,0.0,0.0,0.0,1.0,0.16,10.53,4,0.0,0.0,589376
2024-12-20 11:00:00,00000000270,20241220110000,0.583,0.001,0.064,0.0,0.0,0.0,1.0,0.17,10.98,4,0.0,0.0,589376
2024-12-20 12:00:00,00000000270,20241220120000,0.196,0.0,0.065,0.0,0.0,0.0,1.0,0.0,33.16,4,0.0,0.0,589376
2024-12-20 13:00:00,00000000270,20241220130000,0.061,0.001,0.066,0.0,0.0,0.0,1.0,1.64,108.2,4,0.0,0.0,589376
2024-12-20 14:00:00,00000000270,20241220140000,0.06,0.001,0.059,0.0,0.0,0.0,1.0,1.67,98.33,4,0.0,0.0,589376
2024-12-20 15:00:00,00000000270,20241220150000,0.271,0.001,0.061,0.0,0.0,0.0,1.0,0.37,22.51,4,0.0,0.0,589376
2024-12-20 16:00:00,00000000270,20241220160000,0.101,0.0,0.07,0.0,0.0,0.0,1.0,0.0,69.31,4,0.0,0.0,589376
2024-12-20 17:00:00,00000000270,20241220170000,0.975,0.028,0.063,0.0,0.0,0.0,1.0,2.87,6.46,4,0.0,0.0,589376
2024-12-20 18:00:00,00000000270,20241220180000,2.82,0.207,0.018,0.0,0.0,0.0,1.0,7.34,0.64,4,0.0,0.0,589376
2024-12-20 19:00:00,00000000270,20241220190000,1.506,0.161,0.006,0.0,0.0,0.0,1.0,10.69,0.4,4,0.0,0.0,589376
2024-12-20 20:00:00,00000000270,20241220200000,1.326,0.092,0.011,0.0,0.0,0.0,1.0,6.94,0.83,4,0.0,0.0,589376
2024-12-20 21:00:00,00000000270,20241220210000,1.13,0.004,0.036,0.0,0.0,0.0,1.0,0.35,3.19,4,0.0,0.0,589376
2024-12-20 22:00:00,00000000270,20241220220000,0.353,0.0,0.061,0.0,0.0,0.0,1.0,0.0,17.28,4,0.0,0.0,589376
2024-12-20 23:00:00,00000000270,20241220230000,0.059,0.001,0.061,0.0,0.0,0.0,1.0,1.69,103.39,4,0.0,0.0,589376
2024-12-21 00:00:00,00000000270,20241221000000,0.049,0.001,0.06,0.0,0.0,0.0,1.0,2.04,122.45,4,0.0,0.0,589376
2024-12-21 01:00:00,00000000270,20241221010000,0.065,0.0,0.064,0.0,0.0,0.0,1.0,0.0,98.46,4,0.0,0.0,589376
2024-12-21 02:00:00,00000000270,20241221020000,0.107,0.001,0.068,0.0,0.0,0.0,1.0,0.93,63.55,4,0.0,0.0,589376
2024-12-21 03:00:00,00000000270,20241221030000,0.106,0.001,0.066,0.0,0.0,0.0,1.0,0.94,62.26,4,0.0,0.0,589376
2024-12-21 04:00:00,00000000270,20241221040000,0.114,0.0,0.068,0.0,0.0,0.0,1.0,0.0,59.65,4,0.0,0.0,589376
2024-12-21 05:00:00,00000000270,20241221050000,0.104,0.001,0.067,0.0,0.0,0.0,1.0,0.96,64.42,4,0.0,0.0,589376
2024-12-21 06:00:00,00000000270,20241221060000,0.087,0.001,0.069,0.0,0.0,0.0,1.0,1.15,79.31,4,0.0,0.0,589376
2024-12-21 07:00:00,00000000270,20241221070000,0.107,0.001,0.067,0.0,0.0,0.0,1.0,0.93,62.62,4,0.0,0.0,589376
2024-12-21 08:00:00,00000000270,20241221080000,0.18,0.0,0.066,0.0,0.0,0.0,1.0,0.0,36.67,4,0.0,0.0,589376
2024-12-21 09:00:00,00000000270,20241221090000,0.139,0.001,0.061,0.0,0.0,0.0,1.0,0.72,43.88,4,0.0,0.0,589376
2024-12-21 10:00:00,00000000270,20241221100000,0.099,0.001,0.063,0.0,0.0,0.0,1.0,1.01,63.64,4,0.0,0.0,589376
2024-12-21 11:00:00,00000000270,20241221110000,0.058,0.001,0.066,0.0,0.0,0.0,1.0,1.72,113.79,4,0.0,0.0,589376
2024-12-21 12:00:00,00000000270,20241221120000,0.06,0.0,0.062,0.0,0.0,0.0,1.0,0.0,103.33,4,0.0,0.0,589376
2024-12-21 13:00:00,00000000270,20241221130000,0.056,0.001,0.063,0.0,0.0,0.0,1.0,1.79,112.5,4,0.0,0.0,589376
2024-12-21 14:00:00,00000000270,20241221140000,0.058,0.001,0.066,0.0,0.0,0.0,1.0,1.72,113.79,4,0.0,0.0,589376
2024-12-21 15:00:00,00000000270,20241221150000,0.677,0.111,0.038,0.0,0.0,0.0,1.0,16.4,5.61,4,0.0,0.0,589376
2024-12-21 16:00:00,00000000270,20241221160000,0.57,0.088,0.034,0.0,0.0,0.0,1.0,15.44,5.96,4,0.0,0.0,589376
2024-12-21 17:00:00,00000000270,20241221170000,0.536,0.002,0.046,0.0,0.0,0.0,1.0,0.37,8.58,4,0.0,0.0,589376
2024-12-21 18:00:00,00000000270,20241221180000,1.092,0.041,0.005,0.0,0.0,0.0,1.0,3.75,0.46,4,0.0,0.0,589376
2024-12-21 19:00:00,00000000270,20241221190000,0.637,0.003,0.023,0.0,0.0,0.0,1.0,0.47,3.61,4,0.0,0.0,589376
2024-12-21 20:00:00,00000000270,20241221200000,0.646,0.006,0.018,0.0,0.0,0.0,1.0,0.93,2.79,4,0.0,0.0,589376
2024-12-21 21:00:00,00000000270,20241221210000,1.068,0.007,0.022,0.0,0.0,0.0,1.0,0.66,2.06,4,0.0,0.0,589376
2024-12-21 22:00:00,00000000270,20241221220000,0.736,0.004,0.021,0.0,0.0,0.0,1.0,0.54,2.85,4,0.0,0.0,589376
2024-12-21 23:00:00,00000000270,20241221230000,0.705,0.005,0.016,0.0,0.0,0.0,1.0,0.71,2.27,4,0.0,0.0,589376
2024-12-22 00:00:00,00000000270,20241222000000,0.697,0.004,0.014,0.0,0.0,0.0,1.0,0.57,2.01,4,0.0,0.0,589376
2024-12-22 01:00:00,00000000270,20241222010000,0.678,0.003,0.015,0.0,0.0,0.0,1.0,0.44,2.21,4,0.0,0.0,589376
2024-12-22 02:00:00,00000000270,20241222020000,0.645,0.005,0.022,0.0,0.0,0.0,1.0,0.78,3.41,4,0.0,0.0,589376
2024-12-22 03:00:00,00000000270,20241222030000,0.634,0.006,0.017,0.0,0.0,0.0,1.0,0.95,2.68,4,0.0,0.0,589376
2024-12-22 04:00:00,00000000270,20241222040000,0.709,0.006,0.008,0.0,0.0,0.0,1.0,0.85,1.13,4,0.0,0.0,589376
2024-12-22 05:00:00,00000000270,20241222050000,0.66,0.003,0.015,0.0,0.0,0.0,1.0,0.45,2.27,4,0.0,0.0,589376
2024-12-22 06:00:00,00000000270,20241222060000,0.64,0.004,0.018,0.0,0.0,0.0,1.0,0.62,2.81,4,0.0,0.0,589376
2024-12-22 07:00:00,00000000270,20241222070000,0.335,0.001,0.036,0.0,0.0,0.0,1.0,0.3,10.75,4,0.0,0.0,589376
2024-12-22 08:00:00,00000000270,20241222080000,0.044,0.001,0.064,0.0,0.0,0.0,1.0,2.27,145.45,4,0.0,0.0,589376
2024-12-22 09:00:00,00000000270,20241222090000,0.061,0.001,0.062,0.0,0.0,0.0,1.0,1.64,101.64,4,0.0,0.0,589376
2024-12-22 10:00:00,00000000270,20241222100000,0.063,0.001,0.06,0.0,0.0,0.0,1.0,1.59,95.24,4,0.0,0.0,589376
2024-12-22 11:00:00,00000000270,20241222110000,0.183,0.001,0.065,0.0,0.0,0.0,1.0,0.55,35.52,4,0.0,0.0,589376
2024-12-22 12:00:00,00000000270,20241222120000,0.09,0.0,0.067,0.0,0.0,0.0,1.0,0.0,74.44,4,0.0,0.0,589376
2024-12-22 13:00:00,00000000270,20241222130000,0.17,0.001,0.06,0.0,0.0,0.0,1.0,0.59,35.29,4,0.0,0.0,589376
2024-12-22 14:00:00,00000000270,20241222140000,0.687,0.001,0.063,0.0,0.0,0.0,1.0,0.15,9.17,4,0.0,0.0,589376
2024-12-22 15:00:00,00000000270,20241222150000,1.214,0.001,0.061,0.0,0.0,0.0,1.0,0.08,5.02,4,0.0,0.0,589376
2024-12-22 16:00:00,00000000270,20241222160000,0.837,0.003,0.022,0.0,0.0,0.0,1.0,0.36,2.63,4,0.0,0.0,589376
2024-12-22 17:00:00,00000000270,20241222170000,0.647,0.001,0.034,0.0,0.0,0.0,1.0,0.15,5.26,4,0.0,0.0,589376
2024-12-22 18:00:00,00000000270,20241222180000,0.596,0.008,0.023,0.0,0.0,0.0,1.0,1.34,3.86,4,0.0,0.0,589376
2024-12-22 19:00:00,00000000270,20241222190000,0.621,0.016,0.0,0.0,0.0,0.0,1.0,2.58,0.0,4,0.0,0.0,589376
2024-12-22 20:00:00,00000000270,20241222200000,0.366,0.02,0.0,0.0,0.0,0.0,1.0,5.46,0.0,4,0.0,0.0,589376
2024-12-22 21:00:00,00000000270,20241222210000,0.487,0.003,0.047,0.0,0.0,0.0,1.0,0.62,9.65,4,0.0,0.0,589376
2024-12-22 22:00:00,00000000270,20241222220000,0.059,0.0,0.058,0.0,0.0,0.0,1.0,0.0,98.31,4,0.0,0.0,589376
2024-12-22 23:00:00,00000000270,20241222230000,0.06,0.001,0.058,0.0,0.0,0.0,1.0,1.67,96.67,4,0.0,0.0,589376
2024-12-23 00:00:00,00000000270,20241223000000,0.05,0.0,0.061,0.0,0.0,0.0,1.0,0.0,122.0,4,0.0,0.0,589376
2024-12-23 01:00:00,00000000270,20241223010000,0.144,0.001,0.059,0.0,0.0,0.0,1.0,0.69,40.97,4,0.0,0.0,589376
2024-12-23 02:00:00,00000000270,20241223020000,0.068,0.0,0.061,0.0,0.0,0.0,1.0,0.0,89.71,4,0.0,0.0,589376
2024-12-23 03:00:00,00000000270,20241223030000,0.058,0.001,0.065,0.0,0.0,0.0,1.0,1.72,112.07,4,0.0,0.0,589376
2024-12-23 04:00:00,00000000270,20241223040000,0.063,0.001,0.061,0.0,0.0,0.0,1.0,1.59,96.83,4,0.0,0.0,589376
2024-12-23 05:00:00,00000000270,20241223050000,0.063,0.001,0.062,0.0,0.0,0.0,1.0,1.59,98.41,4,0.0,0.0,589376
2024-12-23 06:00:00,00000000270,20241223060000,0.058,0.008,0.061,0.0,0.0,0.0,1.0,13.79,105.17,4,0.0,0.0,589376
2024-12-23 07:00:00,00000000270,20241223070000,0.05,0.001,0.06,0.0,0.0,0.0,1.0,2.0,120.0,4,0.0,0.0,589376
2024-12-23 08:00:00,00000000270,20241223080000,0.052,0.001,0.064,0.0,0.0,0.0,1.0,1.92,123.08,4,0.0,0.0,589376
2024-12-23 09:00:00,00000000270,20241223090000,0.056,0.0,0.042,0.0,0.0,0.0,1.0,0.0,75.0,4,0.0,0.0,589376
2024-12-23 10:00:00,00000000270,20241223100000,0.103,0.001,0.063,0.0,0.0,0.0,1.0,0.97,61.17,4,0.0,0.0,589376
2024-12-23 11:00:00,00000000270,20241223110000,0.109,0.001,0.061,0.0,0.0,0.0,1.0,0.92,55.96,4,0.0,0.0,589376
2024-12-23 12:00:00,00000000270,20241223120000,0.076,0.001,0.067,0.0,0.0,0.0,1.0,1.32,88.16,4,0.0,0.0,589376
2024-12-23 13:00:00,00000000270,20241223130000,0.062,0.0,0.056,0.0,0.0,0.0,1.0,0.0,90.32,4,0.0,0.0,589376
2024-12-23 14:00:00,00000000270,20241223140000,0.057,0.001,0.061,0.0,0.0,0.0,1.0,1.75,107.02,4,0.0,0.0,589376
2024-12-23 15:00:00,00000000270,20241223150000,0.058,0.001,0.062,0.0,0.0,0.0,1.0,1.72,106.9,4,0.0,0.0,589376
2024-12-23 16:00:00,00000000270,20241223160000,0.064,0.001,0.066,0.0,0.0,0.0,1.0,1.56,103.12,4,0.0,0.0,589376
2024-12-23 17:00:00,00000000270,20241223170000,1.811,0.172,0.017,0.0,0.0,0.0,1.0,9.5,0.94,4,0.0,0.0,589376
2024-12-23 18:00:00,00000000270,20241223180000,1.152,0.111,0.006,0.0,0.0,0.0,1.0,9.64,0.52,4,0.0,0.0,589376
2024-12-23 19:00:00,00000000270,20241223190000,1.549,0.047,0.0,0.0,0.0,0.0,1.0,3.03,0.0,4,0.0,0.0,589376
2024-12-23 20:00:00,00000000270,20241223200000,1.377,0.043,0.0,0.0,0.0,0.0,1.0,3.12,0.0,4,0.0,0.0,589376
2024-12-23 21:00:00,00000000270,20241223210000,1.387,0.051,0.0,0.0,0.0,0.0,1.0,3.68,0.0,4,0.0,0.0,589376
2024-12-23 22:00:00,00000000270,20241223220000,1.012,0.017,0.023,0.0,0.0,0.0,1.0,1.68,2.27,4,0.0,0.0,589376
2024-12-23 23:00:00,00000000270,20241223230000,0.628,0.0,0.055,0.0,0.0,0.0,1.0,0.0,8.76,4,0.0,0.0,589376
2024-12-24 00:00:00,00000000270,20241224000000,0.059,0.001,0.068,0.0,0.0,0.0,1.0,1.69,115.25,4,0.0,0.0,589376
2024-12-24 01:00:00,00000000270,20241224010000,0.05,0.0,0.068,0.0,0.0,0.0,1.0,0.0,136.0,4,0.0,0.0,589376
2024-12-24 02:00:00,00000000270,20241224020000,0.062,0.001,0.069,0.0,0.0,0.0,1.0,1.61,111.29,4,0.0,0.0,589376
2024-12-24 03:00:00,00000000270,20241224030000,0.063,0.001,0.069,0.0,0.0,0.0,1.0,1.59,109.52,4,0.0,0.0,589376
2024-12-24 04:00:00,00000000270,20241224040000,0.063,0.001,0.071,0.0,0.0,0.0,1.0,1.59,112.7,4,0.0,0.0,589376
2024-12-24 05:00:00,00000000270,20241224050000,0.064,0.0,0.071,0.0,0.0,0.0,1.0,0.0,110.94,4,0.0,0.0,589376
2024-12-24 06:00:00,00000000270,20241224060000,0.045,0.001,0.071,0.0,0.0,0.0,1.0,2.22,157.78,4,0.0,0.0,589376
2024-12-24 07:00:00,00000000270,20241224070000,0.066,0.001,0.077,0.0,0.0,0.0,1.0,1.52,116.67,4,0.0,0.0,589376
2024-12-24 08:00:00,00000000270,20241224080000,0.075,0.001,0.075,0.0,0.0,0.0,1.0,1.33,100.0,4,0.0,0.0,589376
2024-12-24 09:00:00,00000000270,20241224090000,0.128,0.0,0.068,0.0,0.0,0.0,1.0,0.0,53.12,4,0.0,0.0,589376
2024-12-24 10:00:00,00000000270,20241224100000,0.78,0.001,0.063,0.0,0.0,0.0,1.0,0.13,8.08,4,0.0,0.0,589376
2024-12-24 11:00:00,00000000270,20241224110000,0.523,0.001,0.062,0.0,0.0,0.0,1.0,0.19,11.85,4,0.0,0.0,589376
2024-12-24 12:00:00,00000000270,20241224120000,0.076,0.0,0.064,0.0,0.0,0.0,1.0,0.0,84.21,4,0.0,0.0,589376
2024-12-24 13:00:00,00000000270,20241224130000,0.07,0.001,0.057,0.0,0.0,0.0,1.0,1.43,81.43,4,0.0,0.0,589376
2024-12-24 14:00:00,00000000270,20241224140000,0.062,0.001,0.058,0.0,0.0,0.0,1.0,1.61,93.55,4,0.0,0.0,589376
2024-12-24 15:00:00,00000000270,20241224150000,0.06,0.001,0.058,0.0,0.0,0.0,1.0,1.67,96.67,4,0.0,0.0,589376
2024-12-24 16:00:00,00000000270,20241224160000,0.058,0.001,0.058,0.0,0.0,0.0,1.0,1.72,100.0,4,0.0,0.0,589376
2024-12-24 17:00:00,00000000270,20241224170000,0.049,0.005,0.058,0.0,0.0,0.0,1.0,10.2,118.37,4,0.0,0.0,589376
2024-12-24 18:00:00,00000000270,20241224180000,0.636,0.028,0.015,0.0,0.0,0.0,1.0,4.4,2.36,4,0.0,0.0,589376
2024-12-24 19:00:00,00000000270,20241224190000,0.651,0.0,0.058,0.0,0.0,0.0,1.0,0.0,8.91,4,0.0,0.0,589376
2024-12-24 20:00:00,00000000270,20241224200000,0.653,0.003,0.036,0.0,0.0,0.0,1.0,0.46,5.51,4,0.0,0.0,589376
2024-12-24 21:00:00,00000000270,20241224210000,0.516,0.061,0.0,0.0,0.0,0.0,1.0,11.82,0.0,4,0.0,0.0,589376
2024-12-24 22:00:00,00000000270,20241224220000,0.262,0.035,0.0,0.0,0.0,0.0,1.0,13.36,0.0,4,0.0,0.0,589376
2024-12-24 23:00:00,00000000270,20241224230000,0.093,0.015,0.0,0.0,0.0,0.0,1.0,16.13,0.0,4,0.0,0.0,589376
2024-12-25 00:00:00,00000000270,20241225000000,0.113,0.021,0.0,0.0,0.0,0.0,1.0,18.58,0.0,4,0.0,0.0,589376
2024-12-25 01:00:00,00000000270,20241225010000,0.114,0.024,0.0,0.0,0.0,0.0,1.0,21.05,0.0,4,0.0,0.0,589376
2024-12-25 02:00:00,00000000270,20241225020000,0.092,0.009,0.035,0.0,0.0,0.0,1.0,9.78,38.04,4,0.0,0.0,589376
2024-12-25 03:00:00,00000000270,20241225030000,0.058,0.001,0.062,0.0,0.0,0.0,1.0,1.72,106.9,4,0.0,0.0,589376
2024-12-25 04:00:00,00000000270,20241225040000,0.061,0.0,0.064,0.0,0.0,0.0,1.0,0.0,104.92,4,0.0,0.0,589376
2024-12-25 05:00:00,00000000270,20241225050000,0.06,0.001,0.06,0.0,0.0,0.0,1.0,1.67,100.0,4,0.0,0.0,589376
2024-12-25 06:00:00,00000000270,20241225060000,0.053,0.001,0.061,0.0,0.0,0.0,1.0,1.89,115.09,4,0.0,0.0,589376
2024-12-25 07:00:00,00000000270,20241225070000,0.05,0.001,0.061,0.0,0.0,0.0,1.0,2.0,122.0,4,0.0,0.0,589376
2024-12-25 08:00:00,00000000270,20241225080000,0.05,0.0,0.062,0.0,0.0,0.0,1.0,0.0,124.0,4,0.0,0.0,589376
2024-12-25 09:00:00,00000000270,20241225090000,0.07,0.001,0.057,0.0,0.0,0.0,1.0,1.43,81.43,4,0.0,0.0,589376
2024-12-25 10:00:00,00000000270,20241225100000,0.108,0.001,0.063,0.0,0.0,0.0,1.0,0.93,58.33,4,0.0,0.0,589376
2024-12-25 11:00:00,00000000270,20241225110000,0.274,0.007,0.045,0.0,0.0,0.0,1.0,2.55,16.42,4,0.0,0.0,589376
2024-12-25 12:00:00,00000000270,20241225120000,3.077,0.303,0.011,0.0,0.0,0.0,1.0,9.85,0.36,4,0.0,0.0,589376
2024-12-25 13:00:00,00000000270,20241225130000,0.374,0.084,0.003,0.0,0.0,0.0,1.0,22.46,0.8,4,0.0,0.0,589376
2024-12-25 14:00:00,00000000270,20241225140000,1.13,0.322,0.014,0.0,0.0,0.0,1.0,28.5,1.24,4,0.0,0.0,589376
2024-12-25 15:00:00,00000000270,20241225150000,2.647,0.333,0.012,0.0,0.0,0.0,1.0,12.58,0.45,4,0.0,0.0,589376
2024-12-25 16:00:00,00000000270,20241225160000,1.128,0.216,0.017,0.0,0.0,0.0,1.0,19.15,1.51,4,0.0,0.0,589376
2024-12-25 17:00:00,00000000270,20241225170000,1.234,0.002,0.032,0.0,0.0,0.0,1.0,0.16,2.59,4,0.0,0.0,589376
2024-12-25 18:00:00,00000000270,20241225180000,0.999,0.006,0.022,0.0,0.0,0.0,1.0,0.6,2.2,4,0.0,0.0,589376
2024-12-25 19:00:00,00000000270,20241225190000,0.973,0.049,0.0,0.0,0.0,0.0,1.0,5.04,0.0,4,0.0,0.0,589376
2024-12-25 20:00:00,00000000270,20241225200000,0.389,0.026,0.0,0.0,0.0,0.0,1.0,6.68,0.0,4,0.0,0.0,589376
2024-12-25 21:00:00,00000000270,20241225210000,0.116,0.014,0.018,0.0,0.0,0.0,1.0,12.07,15.52,4,0.0,0.0,589376
2024-12-25 22:00:00,00000000270,20241225220000,0.123,0.0,0.056,0.0,0.0,0.0,1.0,0.0,45.53,4,0.0,0.0,589376
2024-12-25 23:00:00,00000000270,20241225230000,0.987,0.001,0.035,0.0,0.0,0.0,1.0,0.1,3.55,4,0.0,0.0,589376
2024-12-26 00:00:00,00000000270,20241226000000,0.939,0.001,0.037,0.0,0.0,0.0,1.0,0.11,3.94,4,0.0,0.0,589376
2024-12-26 01:00:00,00000000270,20241226010000,0.836,0.001,0.034,0.0,0.0,0.0,1.0,0.12,4.07,4,0.0,0.0,589376
2024-12-26 02:00:00,00000000270,20241226020000,0.855,0.002,0.036,0.0,0.0,0.0,1.0,0.23,4.21,4,0.0,0.0,589376
2024-12-26 03:00:00,00000000270,20241226030000,0.186,0.0,0.058,0.0,0.0,0.0,1.0,0.0,31.18,4,0.0,0.0,589376
2024-12-26 04:00:00,00000000270,20241226040000,0.066,0.001,0.061,0.0,0.0,0.0,1.0,1.52,92.42,4,0.0,0.0,589376
2024-12-26 05:00:00,00000000270,20241226050000,0.071,0.001,0.057,0.0,0.0,0.0,1.0,1.41,80.28,4,0.0,0.0,589376
2024-12-26 06:00:00,00000000270,20241226060000,0.056,0.001,0.061,0.0,0.0,0.0,1.0,1.79,108.93,4,0.0,0.0,589376
2024-12-26 07:00:00,00000000270,20241226070000,0.418,0.001,0.055,0.0,0.0,0.0,1.0,0.24,13.16,4,0.0,0.0,589376
2024-12-26 08:00:00,00000000270,20241226080000,0.064,0.0,0.058,0.0,0.0,0.0,1.0,0.0,90.62,4,0.0,0.0,589376
2024-12-26 09:00:00,00000000270,20241226090000,0.096,0.016,0.026,0.0,0.0,0.0,1.0,16.67,27.08,4,0.0,0.0,589376
2024-12-26 10:00:00,00000000270,20241226100000,0.104,0.004,0.057,0.0,0.0,0.0,1.0,3.85,54.81,4,0.0,0.0,589376
2024-12-26 11:00:00,00000000270,20241226110000,0.109,0.001,0.061,0.0,0.0,0.0,1.0,0.92,55.96,4,0.0,0.0,589376
2024-12-26 12:00:00,00000000270,20241226120000,0.094,0.0,0.058,0.0,0.0,0.0,1.0,0.0,61.7,4,0.0,0.0,589376
2024-12-26 13:00:00,00000000270,20241226130000,0.063,0.0,0.048,0.0,0.0,0.0,1.0,0.0,76.19,4,0.0,0.0,589376
2024-12-26 14:00:00,00000000270,20241226140000,0.151,0.001,0.05,0.0,0.0,0.0,1.0,0.66,33.11,4,0.0,0.0,589376
2024-12-26 15:00:00,00000000270,20241226150000,0.072,0.0,0.057,0.0,0.0,0.0,1.0,0.0,79.17,4,0.0,0.0,589376
2024-12-26 16:00:00,00000000270,20241226160000,0.068,0.0,0.054,0.0,0.0,0.0,1.0,0.0,79.41,4,0.0,0.0,589376
2024-12-26 17:00:00,00000000270,20241226170000,0.143,0.006,0.053,0.0,0.0,0.0,1.0,4.2,37.06,4,0.0,0.0,589376
2024-12-26 18:00:00,00000000270,20241226180000,0.133,0.003,0.052,0.0,0.0,0.0,1.0,2.26,39.1,4,0.0,0.0,589376
2024-12-26 19:00:00,00000000270,20241226190000,0.114,0.026,0.0,0.0,0.0,0.0,1.0,22.81,0.0,4,0.0,0.0,589376
2024-12-26 20:00:00,00000000270,20241226200000,0.68,0.035,0.002,0.0,0.0,0.0,1.0,5.15,0.29,4,0.0,0.0,589376
2024-12-26 21:00:00,00000000270,20241226210000,0.824,0.028,0.009,0.0,0.0,0.0,1.0,3.4,1.09,4,0.0,0.0,589376
2024-12-26 22:00:00,00000000270,20241226220000,0.677,0.008,0.008,0.0,0.0,0.0,1.0,1.18,1.18,4,0.0,0.0,589376
2024-12-26 23:00:00,00000000270,20241226230000,0.645,0.001,0.013,0.0,0.0,0.0,1.0,0.16,2.02,4,0.0,0.0,589376
2024-12-27 00:00:00,00000000270,20241227000000,0.611,0.005,0.012,0.0,0.0,0.0,1.0,0.82,1.96,4,0.0,0.0,589376
2024-12-27 01:00:00,00000000270,20241227010000,0.092,0.0,0.054,0.0,0.0,0.0,1.0,0.0,58.7,4,0.0,0.0,589376
2024-12-27 02:00:00,00000000270,20241227020000,0.044,0.001,0.067,0.0,0.0,0.0,1.0,2.27,152.27,4,0.0,0.0,589376
2024-12-27 03:00:00,00000000270,20241227030000,0.067,0.001,0.06,0.0,0.0,0.0,1.0,1.49,89.55,4,0.0,0.0,589376
2024-12-27 04:00:00,00000000270,20241227040000,0.053,0.0,0.068,0.0,0.0,0.0,1.0,0.0,128.3,4,0.0,0.0,589376
2024-12-27 05:00:00,00000000270,20241227050000,0.066,0.001,0.06,0.0,0.0,0.0,1.0,1.52,90.91,4,0.0,0.0,589376
2024-12-27 06:00:00,00000000270,20241227060000,0.045,0.001,0.067,0.0,0.0,0.0,1.0,2.22,148.89,4,0.0,0.0,589376
2024-12-27 07:00:00,00000000270,20241227070000,0.232,0.001,0.056,0.0,0.0,0.0,1.0,0.43,24.14,4,0.0,0.0,589376
2024-12-27 08:00:00,00000000270,20241227080000,0.16,0.0,0.057,0.0,0.0,0.0,1.0,0.0,35.62,4,0.0,0.0,589376
2024-12-27 09:00:00,00000000270,20241227090000,0.125,0.001,0.056,0.0,0.0,0.0,1.0,0.8,44.8,4,0.0,0.0,589376
2024-12-27 10:00:00,00000000270,20241227100000,0.15,0.001,0.054,0.0,0.0,0.0,1.0,0.67,36.0,4,0.0,0.0,589376
2024-12-27 11:00:00,00000000270,20241227110000,0.075,0.0,0.059,0.0,0.0,0.0,1.0,0.0,78.67,4,0.0,0.0,589376
2024-12-27 12:00:00,00000000270,20241227120000,0.025,0.0,0.03,0.0,0.0,0.0,1.0,0.0,120.0,4,0.0,0.0,589376
2024-12-27 13:00:00,00000000270,20241227130000,0.079,0.0,0.052,0.0,0.0,0.0,1.0,0.0,65.82,4,0.0,0.0,589376
2024-12-27 14:00:00,00000000270,20241227140000,0.049,0.001,0.06,0.0,0.0,0.0,1.0,2.04,122.45,4,0.0,0.0,589376
2024-12-27 15:00:00,00000000270,20241227150000,0.243,0.0,0.054,0.0,0.0,0.0,1.0,0.0,22.22,4,0.0,0.0,589376
2024-12-27 16:00:00,00000000270,20241227160000,0.625,0.001,0.05,0.0,0.0,0.0,1.0,0.16,8.0,4,0.0,0.0,589376
2024-12-27 17:00:00,00000000270,20241227170000,1.592,0.0,0.034,0.0,0.0,0.0,1.0,0.0,2.14,4,0.0,0.0,589376
2024-12-27 18:00:00,00000000270,20241227180000,0.994,0.035,0.01,0.0,0.0,0.0,1.0,3.52,1.01,4,0.0,0.0,589376
2024-12-27 19:00:00,00000000270,20241227190000,0.873,0.07,0.0,0.0,0.0,0.0,1.0,8.02,0.0,4,0.0,0.0,589376
2024-12-27 20:00:00,00000000270,20241227200000,0.874,0.054,0.0,0.0,0.0,0.0,1.0,6.18,0.0,4,0.0,0.0,589376
2024-12-27 21:00:00,00000000270,20241227210000,0.858,0.017,0.018,0.0,0.0,0.0,1.0,1.98,2.1,4,0.0,0.0,589376
2024-12-27 22:00:00,00000000270,20241227220000,0.687,0.005,0.015,0.0,0.0,0.0,1.0,0.73,2.18,4,0.0,0.0,589376
2024-12-27 23:00:00,00000000270,20241227230000,0.654,0.003,0.018,0.0,0.0,0.0,1.0,0.46,2.75,4,0.0,0.0,589376
2024-12-28 00:00:00,00000000270,20241228000000,0.638,0.003,0.017,0.0,0.0,0.0,1.0,0.47,2.66,4,0.0,0.0,589376
2024-12-28 01:00:00,00000000270,20241228010000,0.636,0.004,0.017,0.0,0.0,0.0,1.0,0.63,2.67,4,0.0,0.0,589376
2024-12-28 02:00:00,00000000270,20241228020000,0.575,0.002,0.023,0.0,0.0,0.0,1.0,0.35,4.0,4,0.0,0.0,589376
2024-12-28 03:00:00,00000000270,20241228030000,0.696,0.002,0.02,0.0,0.0,0.0,1.0,0.29,2.87,4,0.0,0.0,589376
2024-12-28 04:00:00,00000000270,20241228040000,0.623,0.0,0.022,0.0,0.0,0.0,1.0,0.0,3.53,4,0.0,0.0,589376
2024-12-28 05:00:00,00000000270,20241228050000,0.623,0.004,0.018,0.0,0.0,0.0,1.0,0.64,2.89,4,0.0,0.0,589376
2024-12-28 06:00:00,00000000270,20241228060000,0.604,0.001,0.026,0.0,0.0,0.0,1.0,0.17,4.3,4,0.0,0.0,589376
2024-12-28 07:00:00,00000000270,20241228070000,0.626,0.005,0.017,0.0,0.0,0.0,1.0,0.8,2.72,4,0.0,0.0,589376
2024-12-28 08:00:00,00000000270,20241228080000,0.519,0.015,0.018,0.0,0.0,0.0,1.0,2.89,3.47,4,0.0,0.0,589376
2024-12-28 09:00:00,00000000270,20241228090000,0.054,0.002,0.052,0.0,0.0,0.0,1.0,3.7,96.3,4,0.0,0.0,589376
2024-12-28 10:00:00,00000000270,20241228100000,0.052,0.001,0.061,0.0,0.0,0.0,1.0,1.92,117.31,4,0.0,0.0,589376
2024-12-28 11:00:00,00000000270,20241228110000,0.077,0.0,0.051,0.0,0.0,0.0,1.0,0.0,66.23,4,0.0,0.0,589376
2024-12-28 12:00:00,00000000270,20241228120000,0.446,0.0,0.044,0.0,0.0,0.0,1.0,0.0,9.87,4,0.0,0.0,589376
2024-12-28 13:00:00,00000000270,20241228130000,0.826,0.004,0.016,0.0,0.0,0.0,1.0,0.48,1.94,4,0.0,0.0,589376
2024-12-28 14:00:00,00000000270,20241228140000,1.064,0.002,0.027,0.0,0.0,0.0,1.0,0.19,2.54,4,0.0,0.0,589376
2024-12-28 15:00:00,00000000270,20241228150000,0.993,0.001,0.022,0.0,0.0,0.0,1.0,0.1,2.22,4,0.0,0.0,589376
2024-12-28 16:00:00,00000000270,20241228160000,0.824,0.001,0.019,0.0,0.0,0.0,1.0,0.12,2.31,4,0.0,0.0,589376
2024-12-28 17:00:00,00000000270,20241228170000,0.843,0.003,0.017,0.0,0.0,0.0,1.0,0.36,2.02,4,0.0,0.0,589376
2024-12-28 18:00:00,00000000270,20241228180000,1.523,0.008,0.009,0.0,0.0,0.0,1.0,0.53,0.59,4,0.0,0.0,589376
2024-12-28 19:00:00,00000000270,20241228190000,0.117,0.016,0.0,0.0,0.0,0.0,1.0,13.68,0.0,4,0.0,0.0,589376
2024-12-28 20:00:00,00000000270,20241228200000,0.101,0.011,0.0,0.0,0.0,0.0,1.0,10.89,0.0,4,0.0,0.0,589376
2024-12-28 21:00:00,00000000270,20241228210000,0.102,0.017,0.0,0.0,0.0,0.0,1.0,16.67,0.0,4,0.0,0.0,589376
2024-12-28 22:00:00,00000000270,20241228220000,0.101,0.02,0.0,0.0,0.0,0.0,1.0,19.8,0.0,4,0.0,0.0,589376
2024-12-28 23:00:00,00000000270,20241228230000,0.667,0.02,0.002,0.0,0.0,0.0,1.0,3.0,0.3,4,0.0,0.0,589376
2024-12-29 00:00:00,00000000270,20241229000000,1.084,0.034,0.004,0.0,0.0,0.0,1.0,3.14,0.37,4,0.0,0.0,589376
2024-12-29 01:00:00,00000000270,20241229010000,0.975,0.0,0.046,0.0,0.0,0.0,1.0,0.0,4.72,4,0.0,0.0,589376
2024-12-29 02:00:00,00000000270,20241229020000,0.918,0.002,0.031,0.0,0.0,0.0,1.0,0.22,3.38,4,0.0,0.0,589376
2024-12-29 03:00:00,00000000270,20241229030000,0.92,0.001,0.04,0.0,0.0,0.0,1.0,0.11,4.35,4,0.0,0.0,589376
2024-12-29 04:00:00,00000000270,20241229040000,0.917,0.0,0.034,0.0,0.0,0.0,1.0,0.0,3.71,4,0.0,0.0,589376
2024-12-29 05:00:00,00000000270,20241229050000,0.891,0.001,0.036,0.0,0.0,0.0,1.0,0.11,4.04,4,0.0,0.0,589376
2024-12-29 06:00:00,00000000270,20241229060000,0.22,0.0,0.056,0.0,0.0,0.0,1.0,0.0,25.45,4,0.0,0.0,589376
2024-12-29 07:00:00,00000000270,20241229070000,0.064,0.0,0.06,0.0,0.0,0.0,1.0,0.0,93.75,4,0.0,0.0,589376
2024-12-29 08:00:00,00000000270,20241229080000,0.051,0.001,0.066,0.0,0.0,0.0,1.0,1.96,129.41,4,0.0,0.0,589376
2024-12-29 09:00:00,00000000270,20241229090000,0.064,0.0,0.06,0.0,0.0,0.0,1.0,0.0,93.75,4,0.0,0.0,589376
2024-12-29 10:00:00,00000000270,20241229100000,0.054,0.0,0.059,0.0,0.0,0.0,1.0,0.0,109.26,4,0.0,0.0,589376
2024-12-29 11:00:00,00000000270,20241229110000,0.051,0.001,0.06,0.0,0.0,0.0,1.0,1.96,117.65,4,0.0,0.0,589376
2024-12-29 12:00:00,00000000270,20241229120000,0.067,0.0,0.054,0.0,0.0,0.0,1.0,0.0,80.6,4,0.0,0.0,589376
2024-12-29 13:00:00,00000000270,20241229130000,0.056,0.0,0.058,0.0,0.0,0.0,1.0,0.0,103.57,4,0.0,0.0,589376
2024-12-29 14:00:00,00000000270,20241229140000,0.16,0.001,0.058,0.0,0.0,0.0,1.0,0.62,36.25,4,0.0,0.0,589376
2024-12-29 15:00:00,00000000270,20241229150000,0.034,0.0,0.061,0.0,0.0,0.0,1.0,0.0,179.41,4,0.0,0.0,589376
2024-12-29 16:00:00,00000000270,20241229160000,0.264,0.0,0.059,0.0,0.0,0.0,1.0,0.0,22.35,4,0.0,0.0,589376
2024-12-29 17:00:00,00000000270,20241229170000,1.05,0.002,0.024,0.0,0.0,0.0,1.0,0.19,2.29,4,0.0,0.0,589376
2024-12-29 18:00:00,00000000270,20241229180000,0.927,0.004,0.016,0.0,0.0,0.0,1.0,0.43,1.73,4,0.0,0.0,589376
2024-12-29 19:00:00,00000000270,20241229190000,0.194,0.001,0.049,0.0,0.0,0.0,1.0,0.52,25.26,4,0.0,0.0,589376
2024-12-29 20:00:00,00000000270,20241229200000,0.05,0.0,0.052,0.0,0.0,0.0,1.0,0.0,104.0,4,0.0,0.0,589376
2024-12-29 21:00:00,00000000270,20241229210000,1.296,0.001,0.03,0.0,0.0,0.0,1.0,0.08,2.31,4,0.0,0.0,589376
2024-12-29 22:00:00,00000000270,20241229220000,1.294,0.0,0.03,0.0,0.0,0.0,1.0,0.0,2.32,4,0.0,0.0,589376
2024-12-29 23:00:00,00000000270,20241229230000,0.79,0.0,0.03,0.0,0.0,0.0,1.0,0.0,3.8,4,0.0,0.0,589376
2024-12-30 00:00:00,00000000270,20241230000000,0.343,0.001,0.02,0.0,0.0,0.0,1.0,0.29,5.83,4,0.0,0.0,589376
2024-12-30 01:00:00,00000000270,20241230010000,0.531,0.0,0.04,0.0,0.0,0.0,1.0,0.0,7.53,4,0.0,0.0,589376
2024-12-30 02:00:00,00000000270,20241230020000,0.065,0.001,0.059,0.0,0.0,0.0,1.0,1.54,90.77,4,0.0,0.0,589376
2024-12-30 03:00:00,00000000270,20241230030000,0.053,0.0,0.066,0.0,0.0,0.0,1.0,0.0,124.53,4,0.0,0.0,589376
2024-12-30 04:00:00,00000000270,20241230040000,0.057,0.0,0.06,0.0,0.0,0.0,1.0,0.0,105.26,4,0.0,0.0,589376
2024-12-30 05:00:00,00000000270,20241230050000,0.031,0.001,0.068,0.0,0.0,0.0,1.0,3.23,219.35,4,0.0,0.0,589376
2024-12-30 06:00:00,00000000270,20241230060000,0.062,0.0,0.056,0.0,0.0,0.0,1.0,0.0,90.32,4,0.0,0.0,589376
2024-12-30 07:00:00,00000000270,20241230070000,0.057,0.0,0.068,0.0,0.0,0.0,1.0,0.0,119.3,4,0.0,0.0,589376
2024-12-30 08:00:00,00000000270,20241230080000,0.057,0.0,0.058,0.0,0.0,0.0,1.0,0.0,101.75,4,0.0,0.0,589376
2024-12-30 09:00:00,00000000270,20241230090000,0.05,0.001,0.058,0.0,0.0,0.0,1.0,2.0,116.0,4,0.0,0.0,589376
2024-12-30 10:00:00,00000000270,20241230100000,0.042,0.0,0.06,0.0,0.0,0.0,1.0,0.0,142.86,4,0.0,0.0,589376
2024-12-30 11:00:00,00000000270,20241230110000,0.058,0.0,0.05,0.0,0.0,0.0,1.0,0.0,86.21,4,0.0,0.0,589376
2024-12-30 12:00:00,00000000270,20241230120000,0.04,0.001,0.059,0.0,0.0,0.0,1.0,2.5,147.5,4,0.0,0.0,589376
2024-12-30 13:00:00,00000000270,20241230130000,0.045,0.0,0.052,0.0,0.0,0.0,1.0,0.0,115.56,4,0.0,0.0,589376
2024-12-30 14:00:00,00000000270,20241230140000,0.048,0.0,0.059,0.0,0.0,0.0,1.0,0.0,122.92,4,0.0,0.0,589376
2024-12-30 15:00:00,00000000270,20241230150000,0.047,0.0,0.061,0.0,0.0,0.0,1.0,0.0,129.79,4,0.0,0.0,589376
2024-12-30 16:00:00,00000000270,20241230160000,0.06,0.001,0.052,0.0,0.0,0.0,1.0,1.67,86.67,4,0.0,0.0,589376
2024-12-30 17:00:00,00000000270,20241230170000,0.034,0.0,0.061,0.0,0.0,0.0,1.0,0.0,179.41,4,0.0,0.0,589376
2024-12-30 18:00:00,00000000270,20241230180000,0.05,0.0,0.051,0.0,0.0,0.0,1.0,0.0,102.0,4,0.0,0.0,589376
2024-12-30 19:00:00,00000000270,20241230190000,0.045,0.0,0.056,0.0,0.0,0.0,1.0,0.0,124.44,4,0.0,0.0,589376
2024-12-30 20:00:00,00000000270,20241230200000,0.055,0.001,0.053,0.0,0.0,0.0,1.0,1.82,96.36,4,0.0,0.0,589376
2024-12-30 21:00:00,00000000270,20241230210000,0.05,0.0,0.055,0.0,0.0,0.0,1.0,0.0,110.0,4,0.0,0.0,589376
2024-12-30 22:00:00,00000000270,20241230220000,0.028,0.0,0.061,0.0,0.0,0.0,1.0,0.0,217.86,4,0.0,0.0,589376
2024-12-30 23:00:00,00000000270,20241230230000,0.13,0.0,0.053,0.0,0.0,0.0,1.0,0.0,40.77,4,0.0,0.0,589376
2024-12-31 00:00:00,00000000270,20241231000000,0.074,0.001,0.061,0.0,0.0,0.0,1.0,1.35,82.43,4,0.0,0.0,589376
2024-12-31 01:00:00,00000000270,20241231010000,0.06,0.0,0.055,0.0,0.0,0.0,1.0,0.0,91.67,4,0.0,0.0,589376
2024-12-31 02:00:00,00000000270,20241231020000,0.029,0.0,0.065,0.0,0.0,0.0,1.0,0.0,224.14,4,0.0,0.0,589376
2024-12-31 03:00:00,00000000270,20241231030000,0.046,0.0,0.065,0.0,0.0,0.0,1.0,0.0,141.3,4,0.0,0.0,589376
2024-12-31 04:00:00,00000000270,20241231040000,0.064,0.001,0.055,0.0,0.0,0.0,1.0,1.56,85.94,4,0.0,0.0,589376
2024-12-31 05:00:00,00000000270,20241231050000,0.05,0.0,0.066,0.0,0.0,0.0,1.0,0.0,132.0,4,0.0,0.0,589376
2024-12-31 06:00:00,00000000270,20241231060000,0.042,0.0,0.063,0.0,0.0,0.0,1.0,0.0,150.0,4,0.0,0.0,589376
2024-12-31 07:00:00,00000000270,20241231070000,0.029,0.001,0.064,0.0,0.0,0.0,1.0,3.45,220.69,4,0.0,0.0,589376
2024-12-31 08:00:00,00000000270,20241231080000,0.061,0.0,0.053,0.0,0.0,0.0,1.0,0.0,86.89,4,0.0,0.0,589376
2024-12-31 09:00:00,00000000270,20241231090000,0.563,0.037,0.046,0.0,0.0,0.0,1.0,6.57,8.17,4,0.0,0.0,589376
2024-12-31 10:00:00,00000000270,20241231100000,0.903,0.248,0.006,0.0,0.0,0.0,1.0,27.46,0.66,4,0.0,0.0,589376
2024-12-31 11:00:00,00000000270,20241231110000,0.704,0.015,0.006,0.0,0.0,0.0,1.0,2.13,0.85,4,0.0,0.0,589376
2024-12-31 12:00:00,00000000270,20241231120000,0.662,0.001,0.013,0.0,0.0,0.0,1.0,0.15,1.96,4,0.0,0.0,589376
2024-12-31 13:00:00,00000000270,20241231130000,0.676,0.0,0.014,0.0,0.0,0.0,1.0,0.0,2.07,4,0.0,0.0,589376
2024-12-31 14:00:00,00000000270,20241231140000,0.699,0.01,0.005,0.0,0.0,0.0,1.0,1.43,0.72,4,0.0,0.0,589376
2024-12-31 15:00:00,00000000270,20241231150000,0.689,0.001,0.016,0.0,0.0,0.0,1.0,0.15,2.32,4,0.0,0.0,589376
2024-12-31 16:00:00,00000000270,20241231160000,0.591,0.001,0.021,0.0,0.0,0.0,1.0,0.17,3.55,4,0.0,0.0,589376
2024-12-31 17:00:00,00000000270,20241231170000,0.625,0.003,0.012,0.0,0.0,0.0,1.0,0.48,1.92,4,0.0,0.0,589376
2024-12-31 18:00:00,00000000270,20241231180000,0.718,0.002,0.012,0.0,0.0,0.0,1.0,0.28,1.67,4,0.0,0.0,589376
2024-12-31 19:00:00,00000000270,20241231190000,1.087,0.003,0.035,0.0,0.0,0.0,1.0,0.28,3.22,4,0.0,0.0,589376
2024-12-31 20:00:00,00000000270,20241231200000,0.056,0.0,0.051,0.0,0.0,0.0,1.0,0.0,91.07,4,0.0,0.0,589376
2024-12-31 21:00:00,00000000270,20241231210000,0.029,0.0,0.06,0.0,0.0,0.0,1.0,0.0,206.9,4,0.0,0.0,589376
2024-12-31 22:00:00,00000000270,20241231220000,0.056,0.001,0.055,0.0,0.0,0.0,1.0,1.79,98.21,4,0.0,0.0,589376
2024-12-31 23:00:00,00000000270,20241231230000,0.145,0.0,0.064,0.0,0.0,0.0,1.0,0.0,44.14,4,0.0,0.0,589376
2025-01-01 00:00:00,00000000270,20250101000000,0.961,0.0,0.041,0.0,0.0,0.0,1.0,0.0,4.27,4,0.0,0.0,589376
2025-01-01 01:00:00,00000000270,20250101010000,0.965,0.001,0.035,0.0,0.0,0.0,1.0,0.1,3.63,4,0.0,0.0,589376
2025-01-01 02:00:00,00000000270,20250101020000,0.879,0.0,0.035,0.0,0.0,0.0,1.0,0.0,3.98,4,0.0,0.0,589376
2025-01-01 03:00:00,00000000270,20250101030000,0.824,0.0,0.039,0.0,0.0,0.0,1.0,0.0,4.73,4,0.0,0.0,589376
2025-01-01 04:00:00,00000000270,20250101040000,0.811,0.001,0.039,0.0,0.0,0.0,1.0,0.12,4.81,4,0.0,0.0,589376
2025-01-01 05:00:00,00000000270,20250101050000,0.73,0.0,0.041,0.0,0.0,0.0,1.0,0.0,5.62,4,0.0,0.0,589376
2025-01-01 06:00:00,00000000270,20250101060000,0.717,0.001,0.036,0.0,0.0,0.0,1.0,0.14,5.02,4,0.0,0.0,589376
2025-01-01 07:00:00,00000000270,20250101070000,0.571,0.0,0.033,0.0,0.0,0.0,1.0,0.0,5.78,4,0.0,0.0,589376
2025-01-01 08:00:00,00000000270,20250101080000,0.608,0.001,0.022,0.0,0.0,0.0,1.0,0.16,3.62,4,0.0,0.0,589376
2025-01-01 09:00:00,00000000270,20250101090000,0.385,0.0,0.042,0.0,0.0,0.0,1.0,0.0,10.91,4,0.0,0.0,589376
2025-01-01 10:00:00,00000000270,20250101100000,0.048,0.001,0.07,0.0,0.0,0.0,1.0,2.08,145.83,4,0.0,0.0,589376
2025-01-01 11:00:00,00000000270,20250101110000,0.05,0.0,0.064,0.0,0.0,0.0,1.0,0.0,128.0,4,0.0,0.0,589376
2025-01-01 12:00:00,00000000270,20250101120000,0.207,0.0,0.078,0.0,0.0,0.0,1.0,0.0,37.68,4,0.0,0.0,589376
2025-01-01 13:00:00,00000000270,20250101130000,0.126,0.0,0.075,0.0,0.0,0.0,1.0,0.0,59.52,4,0.0,0.0,589376
2025-01-01 14:00:00,00000000270,20250101140000,0.319,0.001,0.08,0.0,0.0,0.0,1.0,0.31,25.08,4,0.0,0.0,589376
2025-01-01 15:00:00,00000000270,20250101150000,0.265,0.0,0.072,0.0,0.0,0.0,1.0,0.0,27.17,4,0.0,0.0,589376
2025-01-01 16:00:00,00000000270,20250101160000,0.091,0.0,0.07,0.0,0.0,0.0,1.0,0.0,76.92,4,0.0,0.0,589376
2025-01-01 17:00:00,00000000270,20250101170000,0.095,0.0,0.074,0.0,0.0,0.0,1.0,0.0,77.89,4,0.0,0.0,589376
2025-01-01 18:00:00,00000000270,20250101180000,0.385,0.001,0.057,0.0,0.0,0.0,1.0,0.26,14.81,4,0.0,0.0,589376
2025-01-01 19:00:00,00000000270,20250101190000,1.004,0.0,0.031,0.0,0.0,0.0,1.0,0.0,3.09,4,0.0,0.0,589376
2025-01-01 20:00:00,00000000270,20250101200000,1.173,0.0,0.033,0.0,0.0,0.0,1.0,0.0,2.81,4,0.0,0.0,589376
2025-01-01 21:00:00,00000000270,20250101210000,0.914,0.001,0.028,0.0,0.0,0.0,1.0,0.11,3.06,4,0.0,0.0,589376
2025-01-01 22:00:00,00000000270,20250101220000,0.851,0.002,0.03,0.0,0.0,0.0,1.0,0.24,3.53,4,0.0,0.0,589376
2025-01-01 23:00:00,00000000270,20250101230000,0.798,0.001,0.035,0.0,0.0,0.0,1.0,0.13,4.39,4,0.0,0.0,589376
2025-01-02 00:00:00,00000000270,20250102000000,0.821,0.0,0.039,0.0,0.0,0.0,1.0,0.0,4.75,4,0.0,0.0,589376
2025-01-02 01:00:00,00000000270,20250102010000,0.712,0.001,0.039,0.0,0.0,0.0,1.0,0.14,5.48,4,0.0,0.0,589376
2025-01-02 02:00:00,00000000270,20250102020000,0.126,0.0,0.065,0.0,0.0,0.0,1.0,0.0,51.59,4,0.0,0.0,589376
2025-01-02 03:00:00,00000000270,20250102030000,0.077,0.0,0.061,0.0,0.0,0.0,1.0,0.0,79.22,4,0.0,0.0,589376
2025-01-02 04:00:00,00000000270,20250102040000,0.061,0.001,0.063,0.0,0.0,0.0,1.0,1.64,103.28,4,0.0,0.0,589376
2025-01-02 05:00:00,00000000270,20250102050000,0.055,0.0,0.063,0.0,0.0,0.0,1.0,0.0,114.55,4,0.0,0.0,589376
2025-01-02 06:00:00,00000000270,20250102060000,0.048,0.0,0.063,0.0,0.0,0.0,1.0,0.0,131.25,4,0.0,0.0,589376
2025-01-02 07:00:00,00000000270,20250102070000,0.044,0.0,0.068,0.0,0.0,0.0,1.0,0.0,154.55,4,0.0,0.0,589376
2025-01-02 08:00:00,00000000270,20250102080000,0.596,0.001,0.026,0.0,0.0,0.0,1.0,0.17,4.36,4,0.0,0.0,589376
2025-01-02 09:00:00,00000000270,20250102090000,1.361,0.001,0.027,0.0,0.0,0.0,1.0,0.07,1.98,4,0.0,0.0,589376
2025-01-02 10:00:00,00000000270,20250102100000,0.513,0.001,0.053,0.0,0.0,0.0,1.0,0.19,10.33,4,0.0,0.0,589376
2025-01-02 11:00:00,00000000270,20250102110000,0.042,0.0,0.06,0.0,0.0,0.0,1.0,0.0,142.86,4,0.0,0.0,589376
2025-01-02 12:00:00,00000000270,20250102120000,0.052,0.0,0.061,0.0,0.0,0.0,1.0,0.0,117.31,4,0.0,0.0,589376
2025-01-02 13:00:00,00000000270,20250102130000,0.059,0.0,0.059,0.0,0.0,0.0,1.0,0.0,100.0,4,0.0,0.0,589376
2025-01-02 14:00:00,00000000270,20250102140000,0.052,0.001,0.059,0.0,0.0,0.0,1.0,1.92,113.46,4,0.0,0.0,589376
2025-01-02 15:00:00,00000000270,20250102150000,0.028,0.0,0.067,0.0,0.0,0.0,1.0,0.0,239.29,4,0.0,0.0,589376
2025-01-02 16:00:00,00000000270,20250102160000,0.061,0.0,0.058,0.0,0.0,0.0,1.0,0.0,95.08,4,0.0,0.0,589376
2025-01-02 17:00:00,00000000270,20250102170000,0.058,0.001,0.058,0.0,0.0,0.0,1.0,1.72,100.0,4,0.0,0.0,589376
2025-01-02 18:00:00,00000000270,20250102180000,0.048,0.0,0.062,0.0,0.0,0.0,1.0,0.0,129.17,4,0.0,0.0,589376
2025-01-02 19:00:00,00000000270,20250102190000,0.038,0.0,0.056,0.0,0.0,0.0,1.0,0.0,147.37,4,0.0,0.0,589376
2025-01-02 20:00:00,00000000270,20250102200000,0.053,0.0,0.057,0.0,0.0,0.0,1.0,0.0,107.55,4,0.0,0.0,589376
2025-01-02 21:00:00,00000000270,20250102210000,0.309,0.001,0.063,0.0,0.0,0.0,1.0,0.32,20.39,4,0.0,0.0,589376
2025-01-02 22:00:00,00000000270,20250102220000,0.079,0.0,0.067,0.0,0.0,0.0,1.0,0.0,84.81,4,0.0,0.0,589376
2025-01-02 23:00:00,00000000270,20250102230000,0.052,0.0,0.063,0.0,0.0,0.0,1.0,0.0,121.15,4,0.0,0.0,589376
2025-01-03 00:00:00,00000000270,20250103000000,0.037,0.0,0.065,0.0,0.0,0.0,1.0,0.0,175.68,4,0.0,0.0,589376
2025-01-03 01:00:00,00000000270,20250103010000,0.052,0.001,0.062,0.0,0.0,0.0,1.0,1.92,119.23,4,0.0,0.0,589376
2025-01-03 02:00:00,00000000270,20250103020000,0.056,0.0,0.061,0.0,0.0,0.0,1.0,0.0,108.93,4,0.0,0.0,589376
2025-01-03 03:00:00,00000000270,20250103030000,0.053,0.0,0.069,0.0,0.0,0.0,1.0,0.0,130.19,4,0.0,0.0,589376
2025-01-03 04:00:00,00000000270,20250103040000,0.152,0.001,0.059,0.0,0.0,0.0,1.0,0.66,38.82,4,0.0,0.0,589376
2025-01-03 05:00:00,00000000270,20250103050000,0.043,0.0,0.064,0.0,0.0,0.0,1.0,0.0,148.84,4,0.0,0.0,589376
2025-01-03 06:00:00,00000000270,20250103060000,0.047,0.0,0.068,0.0,0.0,0.0,1.0,0.0,144.68,4,0.0,0.0,589376
2025-01-03 07:00:00,00000000270,20250103070000,0.068,0.001,0.059,0.0,0.0,0.0,1.0,1.47,86.76,4,0.0,0.0,589376
2025-01-03 08:00:00,00000000270,20250103080000,0.045,0.0,0.066,0.0,0.0,0.0,1.0,0.0,146.67,4,0.0,0.0,589376
2025-01-03 09:00:00,00000000270,20250103090000,0.057,0.0,0.059,0.0,0.0,0.0,1.0,0.0,103.51,4,0.0,0.0,589376
2025-01-03 10:00:00,00000000270,20250103100000,0.045,0.001,0.059,0.0,0.0,0.0,1.0,2.22,131.11,4,0.0,0.0,589376
2025-01-03 11:00:00,00000000270,20250103110000,0.043,0.0,0.066,0.0,0.0,0.0,1.0,0.0,153.49,4,0.0,0.0,589376
2025-01-03 12:00:00,00000000270,20250103120000,0.061,0.0,0.06,0.0,0.0,0.0,1.0,0.0,98.36,4,0.0,0.0,589376
2025-01-03 13:00:00,00000000270,20250103130000,0.053,0.001,0.065,0.0,0.0,0.0,1.0,1.89,122.64,4,0.0,0.0,589376
2025-01-03 14:00:00,00000000270,20250103140000,0.053,0.0,0.063,0.0,0.0,0.0,1.0,0.0,118.87,4,0.0,0.0,589376
2025-01-03 15:00:00,00000000270,20250103150000,0.041,0.001,0.062,0.0,0.0,0.0,1.0,2.44,151.22,4,0.0,0.0,589376
2025-01-03 16:00:00,00000000270,20250103160000,0.05,0.0,0.066,0.0,0.0,0.0,1.0,0.0,132.0,4,0.0,0.0,589376
2025-01-03 17:00:00,00000000270,20250103170000,0.131,0.001,0.061,0.0,0.0,0.0,1.0,0.76,46.56,4,0.0,0.0,589376
2025-01-03 18:00:00,00000000270,20250103180000,1.243,0.001,0.04,0.0,0.0,0.0,1.0,0.08,3.22,4,0.0,0.0,589376
2025-01-03 19:00:00,00000000270,20250103190000,0.464,0.0,0.039,0.0,0.0,0.0,1.0,0.0,8.41,4,0.0,0.0,589376
2025-01-03 20:00:00,00000000270,20250103200000,0.058,0.001,0.057,0.0,0.0,0.0,1.0,1.72,98.28,4,0.0,0.0,589376
2025-01-03 21:00:00,00000000270,20250103210000,0.046,0.0,0.06,0.0,0.0,0.0,1.0,0.0,130.43,4,0.0,0.0,589376
2025-01-03 22:00:00,00000000270,20250103220000,0.036,0.0,0.066,0.0,0.0,0.0,1.0,0.0,183.33,4,0.0,0.0,589376
2025-01-03 23:00:00,00000000270,20250103230000,0.06,0.0,0.06,0.0,0.0,0.0,1.0,0.0,100.0,4,0.0,0.0,589376
2025-01-04 00:00:00,00000000270,20250104000000,0.722,0.001,0.052,0.0,0.0,0.0,1.0,0.14,7.2,4,0.0,0.0,589376
2025-01-04 01:00:00,00000000270,20250104010000,0.889,0.001,0.031,0.0,0.0,0.0,1.0,0.11,3.49,4,0.0,0.0,589376
2025-01-04 02:00:00,00000000270,20250104020000,0.733,0.003,0.034,0.0,0.0,0.0,1.0,0.41,4.64,4,0.0,0.0,589376
2025-01-04 03:00:00,00000000270,20250104030000,0.29,0.001,0.052,0.0,0.0,0.0,1.0,0.34,17.93,4,0.0,0.0,589376
2025-01-04 04:00:00,00000000270,20250104040000,0.058,0.001,0.065,0.0,0.0,0.0,1.0,1.72,112.07,4,0.0,0.0,589376
2025-01-04 05:00:00,00000000270,20250104050000,0.116,0.001,0.066,0.0,0.0,0.0,1.0,0.86,56.9,4,0.0,0.0,589376
2025-01-04 06:00:00,00000000270,20250104060000,0.087,0.0,0.059,0.0,0.0,0.0,1.0,0.0,67.82,4,0.0,0.0,589376
2025-01-04 07:00:00,00000000270,20250104070000,0.062,0.001,0.061,0.0,0.0,0.0,1.0,1.61,98.39,4,0.0,0.0,589376
2025-01-04 08:00:00,00000000270,20250104080000,0.055,0.001,0.061,0.0,0.0,0.0,1.0,1.82,110.91,4,0.0,0.0,589376
2025-01-04 09:00:00,00000000270,20250104090000,0.045,0.001,0.064,0.0,0.0,0.0,1.0,2.22,142.22,4,0.0,0.0,589376
2025-01-04 10:00:00,00000000270,20250104100000,0.063,0.001,0.06,0.0,0.0,0.0,1.0,1.59,95.24,4,0.0,0.0,589376
2025-01-04 11:00:00,00000000270,20250104110000,0.061,0.0,0.059,0.0,0.0,0.0,1.0,0.0,96.72,4,0.0,0.0,589376
2025-01-04 12:00:00,00000000270,20250104120000,0.056,0.001,0.061,0.0,0.0,0.0,1.0,1.79,108.93,4,0.0,0.0,589376
2025-01-04 13:00:00,00000000270,20250104130000,0.04,0.001,0.065,0.0,0.0,0.0,1.0,2.5,162.5,4,0.0,0.0,589376
2025-01-04 14:00:00,00000000270,20250104140000,0.057,0.0,0.063,0.0,0.0,0.0,1.0,0.0,110.53,4,0.0,0.0,589376
2025-01-04 15:00:00,00000000270,20250104150000,0.204,0.001,0.074,0.0,0.0,0.0,1.0,0.49,36.27,4,0.0,0.0,589376
2025-01-04 16:00:00,00000000270,20250104160000,0.165,0.001,0.065,0.0,0.0,0.0,1.0,0.61,39.39,4,0.0,0.0,589376
2025-01-04 17:00:00,00000000270,20250104170000,0.135,0.001,0.064,0.0,0.0,0.0,1.0,0.74,47.41,4,0.0,0.0,589376
2025-01-04 18:00:00,00000000270,20250104180000,0.858,0.001,0.024,0.0,0.0,0.0,1.0,0.12,2.8,4,0.0,0.0,589376
2025-01-04 19:00:00,00000000270,20250104190000,0.754,0.004,0.017,0.0,0.0,0.0,1.0,0.53,2.25,4,0.0,0.0,589376
2025-01-04 20:00:00,00000000270,20250104200000,0.753,0.002,0.019,0.0,0.0,0.0,1.0,0.27,2.52,4,0.0,0.0,589376
2025-01-04 21:00:00,00000000270,20250104210000,0.677,0.003,0.019,0.0,0.0,0.0,1.0,0.44,2.81,4,0.0,0.0,589376
2025-01-04 22:00:00,00000000270,20250104220000,0.717,0.001,0.029,0.0,0.0,0.0,1.0,0.14,4.04,4,0.0,0.0,589376
2025-01-04 23:00:00,00000000270,20250104230000,0.737,0.002,0.02,0.0,0.0,0.0,1.0,0.27,2.71,4,0.0,0.0,589376
2025-01-05 00:00:00,00000000270,20250105000000,0.608,0.002,0.026,0.0,0.0,0.0,1.0,0.33,4.28,4,0.0,0.0,589376
2025-01-05 01:00:00,00000000270,20250105010000,0.057,0.001,0.065,0.0,0.0,0.0,1.0,1.75,114.04,4,0.0,0.0,589376
2025-01-05 02:00:00,00000000270,20250105020000,0.043,0.0,0.067,0.0,0.0,0.0,1.0,0.0,155.81,4,0.0,0.0,589376
2025-01-05 03:00:00,00000000270,20250105030000,0.045,0.0,0.065,0.0,0.0,0.0,1.0,0.0,144.44,4,0.0,0.0,589376
2025-01-05 04:00:00,00000000270,20250105040000,0.06,0.001,0.064,0.0,0.0,0.0,1.0,1.67,106.67,4,0.0,0.0,589376
2025-01-05 05:00:00,00000000270,20250105050000,0.06,0.0,0.063,0.0,0.0,0.0,1.0,0.0,105.0,4,0.0,0.0,589376
2025-01-05 06:00:00,00000000270,20250105060000,0.057,0.0,0.063,0.0,0.0,0.0,1.0,0.0,110.53,4,0.0,0.0,589376
2025-01-05 07:00:00,00000000270,20250105070000,0.134,0.001,0.068,0.0,0.0,0.0,1.0,0.75,50.75,4,0.0,0.0,589376
2025-01-05 08:00:00,00000000270,20250105080000,0.062,0.0,0.063,0.0,0.0,0.0,1.0,0.0,101.61,4,0.0,0.0,589376
2025-01-05 09:00:00,00000000270,20250105090000,0.064,0.0,0.063,0.0,0.0,0.0,1.0,0.0,98.44,4,0.0,0.0,589376
2025-01-05 10:00:00,00000000270,20250105100000,0.061,0.001,0.06,0.0,0.0,0.0,1.0,1.64,98.36,4,0.0,0.0,589376
2025-01-05 11:00:00,00000000270,20250105110000,1.635,0.0,0.058,0.0,0.0,0.0,1.0,0.0,3.55,4,0.0,0.0,589376
2025-01-05 12:00:00,00000000270,20250105120000,1.568,0.0,0.047,0.0,0.0,0.0,1.0,0.0,3.0,4,0.0,0.0,589376
2025-01-05 13:00:00,00000000270,20250105130000,0.406,0.002,0.048,0.0,0.0,0.0,1.0,0.49,11.82,4,0.0,0.0,589376
2025-01-05 14:00:00,00000000270,20250105140000,0.058,0.001,0.059,0.0,0.0,0.0,1.0,1.72,101.72,4,0.0,0.0,589376
2025-01-05 15:00:00,00000000270,20250105150000,0.057,0.0,0.059,0.0,0.0,0.0,1.0,0.0,103.51,4,0.0,0.0,589376
2025-01-05 16:00:00,00000000270,20250105160000,0.049,0.0,0.06,0.0,0.0,0.0,1.0,0.0,122.45,4,0.0,0.0,589376
2025-01-05 17:00:00,00000000270,20250105170000,0.498,0.001,0.053,0.0,0.0,0.0,1.0,0.2,10.64,4,0.0,0.0,589376
2025-01-05 18:00:00,00000000270,20250105180000,0.749,0.001,0.021,0.0,0.0,0.0,1.0,0.13,2.8,4,0.0,0.0,589376
2025-01-05 19:00:00,00000000270,20250105190000,0.685,0.002,0.011,0.0,0.0,0.0,1.0,0.29,1.61,4,0.0,0.0,589376
2025-01-05 20:00:00,00000000270,20250105200000,0.161,0.0,0.051,0.0,0.0,0.0,1.0,0.0,31.68,4,0.0,0.0,589376
2025-01-05 21:00:00,00000000270,20250105210000,0.49,0.0,0.048,0.0,0.0,0.0,1.0,0.0,9.8,4,0.0,0.0,589376
2025-01-05 22:00:00,00000000270,20250105220000,0.904,0.002,0.033,0.0,0.0,0.0,1.0,0.22,3.65,4,0.0,0.0,589376
2025-01-05 23:00:00,00000000270,20250105230000,0.884,0.0,0.038,0.0,0.0,0.0,1.0,0.0,4.3,4,0.0,0.0,589376
2025-01-06 00:00:00,00000000270,20250106000000,0.842,0.0,0.037,0.0,0.0,0.0,1.0,0.0,4.39,4,0.0,0.0,589376
2025-01-06 01:00:00,00000000270,20250106010000,0.752,0.001,0.028,0.0,0.0,0.0,1.0,0.13,3.72,4,0.0,0.0,589376
2025-01-06 02:00:00,00000000270,20250106020000,0.621,0.001,0.014,0.0,0.0,0.0,1.0,0.16,2.25,4,0.0,0.0,589376
2025-01-06 03:00:00,00000000270,20250106030000,0.607,0.004,0.01,0.0,0.0,0.0,1.0,0.66,1.65,4,0.0,0.0,589376
2025-01-06 04:00:00,00000000270,20250106040000,0.613,0.001,0.024,0.0,0.0,0.0,1.0,0.16,3.92,4,0.0,0.0,589376
2025-01-06 05:00:00,00000000270,20250106050000,0.601,0.003,0.022,0.0,0.0,0.0,1.0,0.5,3.66,4,0.0,0.0,589376
2025-01-06 06:00:00,00000000270,20250106060000,0.627,0.001,0.027,0.0,0.0,0.0,1.0,0.16,4.31,4,0.0,0.0,589376
2025-01-06 07:00:00,00000000270,20250106070000,0.315,0.0,0.048,0.0,0.0,0.0,1.0,0.0,15.24,4,0.0,0.0,589376
2025-01-06 08:00:00,00000000270,20250106080000,0.097,0.0,0.063,0.0,0.0,0.0,1.0,0.0,64.95,4,0.0,0.0,589376
2025-01-06 09:00:00,00000000270,20250106090000,0.098,0.001,0.054,0.0,0.0,0.0,1.0,1.02,55.1,4,0.0,0.0,589376
2025-01-06 10:00:00,00000000270,20250106100000,0.06,0.0,0.057,0.0,0.0,0.0,1.0,0.0,95.0,4,0.0,0.0,589376
2025-01-06 11:00:00,00000000270,20250106110000,0.036,0.0,0.062,0.0,0.0,0.0,1.0,0.0,172.22,4,0.0,0.0,589376
2025-01-06 12:00:00,00000000270,20250106120000,0.048,0.0,0.059,0.0,0.0,0.0,1.0,0.0,122.92,4,0.0,0.0,589376
2025-01-06 13:00:00,00000000270,20250106130000,0.057,0.001,0.057,0.0,0.0,0.0,1.0,1.75,100.0,4,0.0,0.0,589376
2025-01-06 14:00:00,00000000270,20250106140000,0.057,0.0,0.056,0.0,0.0,0.0,1.0,0.0,98.25,4,0.0,0.0,589376
2025-01-06 15:00:00,00000000270,20250106150000,0.042,0.0,0.064,0.0,0.0,0.0,1.0,0.0,152.38,4,0.0,0.0,589376
2025-01-06 16:00:00,00000000270,20250106160000,0.044,0.001,0.06,0.0,0.0,0.0,1.0,2.27,136.36,4,0.0,0.0,589376
2025-01-06 17:00:00,00000000270,20250106170000,0.056,0.0,0.058,0.0,0.0,0.0,1.0,0.0,103.57,4,0.0,0.0,589376
2025-01-06 18:00:00,00000000270,20250106180000,0.047,0.0,0.062,0.0,0.0,0.0,1.0,0.0,131.91,4,0.0,0.0,589376
2025-01-06 19:00:00,00000000270,20250106190000,0.2,0.001,0.056,0.0,0.0,0.0,1.0,0.5,28.0,4,0.0,0.0,589376
2025-01-06 20:00:00,00000000270,20250106200000,0.055,0.0,0.056,0.0,0.0,0.0,1.0,0.0,101.82,4,0.0,0.0,589376
2025-01-06 21:00:00,00000000270,20250106210000,0.344,0.0,0.051,0.0,0.0,0.0,1.0,0.0,14.83,4,0.0,0.0,589376
2025-01-06 22:00:00,00000000270,20250106220000,1.574,0.004,0.023,0.0,0.0,0.0,1.0,0.25,1.46,4,0.0,0.0,589376
2025-01-06 23:00:00,00000000270,20250106230000,0.665,0.002,0.027,0.0,0.0,0.0,1.0,0.3,4.06,4,0.0,0.0,589376
2025-01-07 00:00:00,00000000270,20250107000000,0.627,0.002,0.019,0.0,0.0,0.0,1.0,0.32,3.03,4,0.0,0.0,589376
2025-01-07 01:00:00,00000000270,20250107010000,0.597,0.002,0.02,0.0,0.0,0.0,1.0,0.34,3.35,4,0.0,0.0,589376
2025-01-07 02:00:00,00000000270,20250107020000,0.598,0.002,0.017,0.0,0.0,0.0,1.0,0.33,2.84,4,0.0,0.0,589376
2025-01-07 03:00:00,00000000270,20250107030000,0.6,0.004,0.008,0.0,0.0,0.0,1.0,0.67,1.33,4,0.0,0.0,589376
2025-01-07 04:00:00,00000000270,20250107040000,0.605,0.006,0.006,0.0,0.0,0.0,1.0,0.99,0.99,4,0.0,0.0,589376
2025-01-07 05:00:00,00000000270,20250107050000,0.607,0.005,0.008,0.0,0.0,0.0,1.0,0.82,1.32,4,0.0,0.0,589376
2025-01-07 06:00:00,00000000270,20250107060000,0.584,0.002,0.022,0.0,0.0,0.0,1.0,0.34,3.77,4,0.0,0.0,589376
2025-01-07 07:00:00,00000000270,20250107070000,0.388,0.001,0.04,0.0,0.0,0.0,1.0,0.26,10.31,4,0.0,0.0,589376
2025-01-07 08:00:00,00000000270,20250107080000,0.06,0.001,0.06,0.0,0.0,0.0,1.0,1.67,100.0,4,0.0,0.0,589376
2025-01-07 09:00:00,00000000270,20250107090000,0.061,0.001,0.059,0.0,0.0,0.0,1.0,1.64,96.72,4,0.0,0.0,589376
2025-01-07 10:00:00,00000000270,20250107100000,0.136,0.001,0.058,0.0,0.0,0.0,1.0,0.74,42.65,4,0.0,0.0,589376
2025-01-07 11:00:00,00000000270,20250107110000,0.057,0.0,0.06,0.0,0.0,0.0,1.0,0.0,105.26,4,0.0,0.0,589376
2025-01-07 12:00:00,00000000270,20250107120000,0.065,0.001,0.06,0.0,0.0,0.0,1.0,1.54,92.31,4,0.0,0.0,589376
2025-01-07 13:00:00,00000000270,20250107130000,0.058,0.001,0.062,0.0,0.0,0.0,1.0,1.72,106.9,4,0.0,0.0,589376
2025-01-07 14:00:00,00000000270,20250107140000,0.031,0.001,0.066,0.0,0.0,0.0,1.0,3.23,212.9,4,0.0,0.0,589376
2025-01-07 15:00:00,00000000270,20250107150000,0.055,0.0,0.062,0.0,0.0,0.0,1.0,0.0,112.73,4,0.0,0.0,589376
2025-01-07 16:00:00,00000000270,20250107160000,0.06,0.001,0.06,0.0,0.0,0.0,1.0,1.67,100.0,4,0.0,0.0,589376
2025-01-07 17:00:00,00000000270,20250107170000,0.257,0.001,0.06,0.0,0.0,0.0,1.0,0.39,23.35,4,0.0,0.0,589376
2025-01-07 18:00:00,00000000270,20250107180000,0.144,0.001,0.061,0.0,0.0,0.0,1.0,0.69,42.36,4,0.0,0.0,589376
2025-01-07 19:00:00,00000000270,20250107190000,0.077,0.0,0.066,0.0,0.0,0.0,1.0,0.0,85.71,4,0.0,0.0,589376
2025-01-07 20:00:00,00000000270,20250107200000,0.501,0.001,0.044,0.0,0.0,0.0,1.0,0.2,8.78,4,0.0,0.0,589376
2025-01-07 21:00:00,00000000270,20250107210000,0.707,0.001,0.032,0.0,0.0,0.0,1.0,0.14,4.53,4,0.0,0.0,589376
2025-01-07 22:00:00,00000000270,20250107220000,0.317,0.001,0.052,0.0,0.0,0.0,1.0,0.32,16.4,4,0.0,0.0,589376
2025-01-07 23:00:00,00000000270,20250107230000,0.061,0.0,0.064,0.0,0.0,0.0,1.0,0.0,104.92,4,0.0,0.0,589376
2025-01-08 00:00:00,00000000270,20250108000000,0.06,0.001,0.063,0.0,0.0,0.0,1.0,1.67,105.0,4,0.0,0.0,589376
2025-01-08 01:00:00,00000000270,20250108010000,0.061,0.0,0.063,0.0,0.0,0.0,1.0,0.0,103.28,4,0.0,0.0,589376
2025-01-08 02:00:00,00000000270,20250108020000,0.053,0.001,0.065,0.0,0.0,0.0,1.0,1.89,122.64,4,0.0,0.0,589376
2025-01-08 03:00:00,00000000270,20250108030000,0.048,0.001,0.066,0.0,0.0,0.0,1.0,2.08,137.5,4,0.0,0.0,589376
2025-01-08 04:00:00,00000000270,20250108040000,0.053,0.001,0.065,0.0,0.0,0.0,1.0,1.89,122.64,4,0.0,0.0,589376
2025-01-08 05:00:00,00000000270,20250108050000,0.06,0.0,0.064,0.0,0.0,0.0,1.0,0.0,106.67,4,0.0,0.0,589376
2025-01-08 06:00:00,00000000270,20250108060000,0.063,0.001,0.064,0.0,0.0,0.0,1.0,1.59,101.59,4,0.0,0.0,589376
2025-01-08 07:00:00,00000000270,20250108070000,0.056,0.001,0.069,0.0,0.0,0.0,1.0,1.79,123.21,4,0.0,0.0,589376
2025-01-08 08:00:00,00000000270,20250108080000,0.037,0.001,0.063,0.0,0.0,0.0,1.0,2.7,170.27,4,0.0,0.0,589376
2025-01-08 09:00:00,00000000270,20250108090000,0.058,0.001,0.061,0.0,0.0,0.0,1.0,1.72,105.17,4,0.0,0.0,589376
2025-01-08 10:00:00,00000000270,20250108100000,0.061,0.0,0.061,0.0,0.0,0.0,1.0,0.0,100.0,4,0.0,0.0,589376
2025-01-08 11:00:00,00000000270,20250108110000,0.058,0.001,0.061,0.0,0.0,0.0,1.0,1.72,105.17,4,0.0,0.0,589376
2025-01-08 12:00:00,00000000270,20250108120000,0.149,0.001,0.06,0.0,0.0,0.0,1.0,0.67,40.27,4,0.0,0.0,589376
2025-01-08 13:00:00,00000000270,20250108130000,0.055,0.001,0.063,0.0,0.0,0.0,1.0,1.82,114.55,4,0.0,0.0,589376
2025-01-08 14:00:00,00000000270,20250108140000,0.063,0.0,0.063,0.0,0.0,0.0,1.0,0.0,100.0,4,0.0,0.0,589376
2025-01-08 15:00:00,00000000270,20250108150000,0.062,0.001,0.063,0.0,0.0,0.0,1.0,1.61,101.61,4,0.0,0.0,589376
2025-01-08 16:00:00,00000000270,20250108160000,0.062,0.001,0.061,0.0,0.0,0.0,1.0,1.61,98.39,4,0.0,0.0,589376
2025-01-08 17:00:00,00000000270,20250108170000,0.275,0.029,0.056,0.0,0.0,0.0,1.0,10.55,20.36,4,0.0,0.0,589376
2025-01-08 18:00:00,00000000270,20250108180000,1.401,0.171,0.011,0.0,0.0,0.0,1.0,12.21,0.79,4,0.0,0.0,589376
2025-01-08 19:00:00,00000000270,20250108190000,0.408,0.0,0.046,0.0,0.0,0.0,1.0,0.0,11.27,4,0.0,0.0,589376
2025-01-08 20:00:00,00000000270,20250108200000,0.063,0.001,0.06,0.0,0.0,0.0,1.0,1.59,95.24,4,0.0,0.0,589376
2025-01-08 21:00:00,00000000270,20250108210000,0.061,0.0,0.061,0.0,0.0,0.0,1.0,0.0,100.0,4,0.0,0.0,589376
2025-01-08 22:00:00,00000000270,20250108220000,0.046,0.001,0.062,0.0,0.0,0.0,1.0,2.17,134.78,4,0.0,0.0,589376
2025-01-08 23:00:00,00000000270,20250108230000,0.053,0.0,0.061,0.0,0.0,0.0,1.0,0.0,115.09,4,0.0,0.0,589376
2025-01-09 00:00:00,00000000270,20250109000000,0.061,0.001,0.059,0.0,0.0,0.0,1.0,1.64,96.72,4,0.0,0.0,589376
2025-01-09 01:00:00,00000000270,20250109010000,0.062,0.001,0.06,0.0,0.0,0.0,1.0,1.61,96.77,4,0.0,0.0,589376
2025-01-09 02:00:00,00000000270,20250109020000,0.593,0.001,0.046,0.0,0.0,0.0,1.0,0.17,7.76,4,0.0,0.0,589376
2025-01-09 03:00:00,00000000270,20250109030000,0.725,0.002,0.032,0.0,0.0,0.0,1.0,0.28,4.41,4,0.0,0.0,589376
2025-01-09 04:00:00,00000000270,20250109040000,0.598,0.001,0.028,0.0,0.0,0.0,1.0,0.17,4.68,4,0.0,0.0,589376
2025-01-09 05:00:00,00000000270,20250109050000,0.547,0.003,0.032,0.0,0.0,0.0,1.0,0.55,5.85,4,0.0,0.0,589376
2025-01-09 06:00:00,00000000270,20250109060000,0.519,0.004,0.027,0.0,0.0,0.0,1.0,0.77,5.2,4,0.0,0.0,589376
2025-01-09 07:00:00,00000000270,20250109070000,0.343,0.002,0.049,0.0,0.0,0.0,1.0,0.58,14.29,4,0.0,0.0,589376
2025-01-09 08:00:00,00000000270,20250109080000,0.053,0.0,0.063,0.0,0.0,0.0,1.0,0.0,118.87,4,0.0,0.0,589376
2025-01-09 09:00:00,00000000270,20250109090000,0.061,0.001,0.061,0.0,0.0,0.0,1.0,1.64,100.0,4,0.0,0.0,589376
2025-01-09 10:00:00,00000000270,20250109100000,0.061,0.001,0.061,0.0,0.0,0.0,1.0,1.64,100.0,4,0.0,0.0,589376
2025-01-09 11:00:00,00000000270,20250109110000,0.058,0.001,0.058,0.0,0.0,0.0,1.0,1.72,100.0,4,0.0,0.0,589376
2025-01-09 12:00:00,00000000270,20250109120000,0.044,0.0,0.06,0.0,0.0,0.0,1.0,0.0,136.36,4,0.0,0.0,589376
2025-01-09 13:00:00,00000000270,20250109130000,0.138,0.001,0.062,0.0,0.0,0.0,1.0,0.72,44.93,4,0.0,0.0,589376
2025-01-09 14:00:00,00000000270,20250109140000,0.089,0.001,0.06,0.0,0.0,0.0,1.0,1.12,67.42,4,0.0,0.0,589376
2025-01-09 15:00:00,00000000270,20250109150000,0.062,0.001,0.062,0.0,0.0,0.0,1.0,1.61,100.0,4,0.0,0.0,589376
2025-01-09 16:00:00,00000000270,20250109160000,0.059,0.001,0.06,0.0,0.0,0.0,1.0,1.69,101.69,4,0.0,0.0,589376
2025-01-09 17:00:00,00000000270,20250109170000,0.06,0.0,0.06,0.0,0.0,0.0,1.0,0.0,100.0,4,0.0,0.0,589376
2025-01-09 18:00:00,00000000270,20250109180000,0.048,0.001,0.061,0.0,0.0,0.0,1.0,2.08,127.08,4,0.0,0.0,589376
2025-01-09 19:00:00,00000000270,20250109190000,0.048,0.001,0.059,0.0,0.0,0.0,1.0,2.08,122.92,4,0.0,0.0,589376
2025-01-09 20:00:00,00000000270,20250109200000,0.06,0.0,0.059,0.0,0.0,0.0,1.0,0.0,98.33,4,0.0,0.0,589376
2025-01-09 21:00:00,00000000270,20250109210000,0.059,0.001,0.059,0.0,0.0,0.0,1.0,1.69,100.0,4,0.0,0.0,589376
2025-01-09 22:00:00,00000000270,20250109220000,0.061,0.001,0.06,0.0,0.0,0.0,1.0,1.64,98.36,4,0.0,0.0,589376
2025-01-09 23:00:00,00000000270,20250109230000,0.045,0.001,0.061,0.0,0.0,0.0,1.0,2.22,135.56,4,0.0,0.0,589376
2025-01-10 00:00:00,00000000270,20250110000000,0.051,0.0,0.061,0.0,0.0,0.0,1.0,0.0,119.61,4,0.0,0.0,589376
2025-01-10 01:00:00,00000000270,20250110010000,0.061,0.001,0.062,0.0,0.0,0.0,1.0,1.64,101.64,4,0.0,0.0,589376
2025-01-10 02:00:00,00000000270,20250110020000,0.061,0.001,0.063,0.0,0.0,0.0,1.0,1.64,103.28,4,0.0,0.0,589376
2025-01-10 03:00:00,00000000270,20250110030000,0.059,0.001,0.063,0.0,0.0,0.0,1.0,1.69,106.78,4,0.0,0.0,589376
2025-01-10 04:00:00,00000000270,20250110040000,0.043,0.0,0.065,0.0,0.0,0.0,1.0,0.0,151.16,4,0.0,0.0,589376
2025-01-10 05:00:00,00000000270,20250110050000,0.058,0.001,0.062,0.0,0.0,0.0,1.0,1.72,106.9,4,0.0,0.0,589376
2025-01-10 06:00:00,00000000270,20250110060000,0.058,0.001,0.063,0.0,0.0,0.0,1.0,1.72,108.62,4,0.0,0.0,589376
2025-01-10 07:00:00,00000000270,20250110070000,0.062,0.001,0.061,0.0,0.0,0.0,1.0,1.61,98.39,4,0.0,0.0,589376
2025-01-10 08:00:00,00000000270,20250110080000,0.055,0.0,0.062,0.0,0.0,0.0,1.0,0.0,112.73,4,0.0,0.0,589376
2025-01-10 09:00:00,00000000270,20250110090000,0.445,0.001,0.06,0.0,0.0,0.0,1.0,0.22,13.48,4,0.0,0.0,589376
2025-01-10 10:00:00,00000000270,20250110100000,0.103,0.001,0.064,0.0,0.0,0.0,1.0,0.97,62.14,4,0.0,0.0,589376
2025-01-10 11:00:00,00000000270,20250110110000,0.173,0.001,0.063,0.0,0.0,0.0,1.0,0.58,36.42,4,0.0,0.0,589376
2025-01-10 12:00:00,00000000270,20250110120000,0.866,0.185,0.02,0.0,0.0,0.0,1.0,21.36,2.31,4,0.0,0.0,589376
2025-01-10 13:00:00,00000000270,20250110130000,0.621,0.121,0.019,0.0,0.0,0.0,1.0,19.48,3.06,4,0.0,0.0,589376
2025-01-10 14:00:00,00000000270,20250110140000,0.489,0.002,0.033,0.0,0.0,0.0,1.0,0.41,6.75,4,0.0,0.0,589376
2025-01-10 15:00:00,00000000270,20250110150000,0.588,0.003,0.031,0.0,0.0,0.0,1.0,0.51,5.27,4,0.0,0.0,589376
2025-01-10 16:00:00,00000000270,20250110160000,0.498,0.005,0.036,0.0,0.0,0.0,1.0,1.0,7.23,4,0.0,0.0,589376
2025-01-10 17:00:00,00000000270,20250110170000,0.49,0.003,0.031,0.0,0.0,0.0,1.0,0.61,6.33,4,0.0,0.0,589376
2025-01-10 18:00:00,00000000270,20250110180000,0.426,0.001,0.042,0.0,0.0,0.0,1.0,0.23,9.86,4,0.0,0.0,589376
2025-01-10 19:00:00,00000000270,20250110190000,0.06,0.001,0.059,0.0,0.0,0.0,1.0,1.67,98.33,4,0.0,0.0,589376
2025-01-10 20:00:00,00000000270,20250110200000,0.059,0.001,0.059,0.0,0.0,0.0,1.0,1.69,100.0,4,0.0,0.0,589376
2025-01-10 21:00:00,00000000270,20250110210000,0.065,0.0,0.06,0.0,0.0,0.0,1.0,0.0,92.31,4,0.0,0.0,589376
2025-01-10 22:00:00,00000000270,20250110220000,0.258,0.001,0.071,0.0,0.0,0.0,1.0,0.39,27.52,4,0.0,0.0,589376
2025-01-10 23:00:00,00000000270,20250110230000,0.289,0.001,0.074,0.0,0.0,0.0,1.0,0.35,25.61,4,0.0,0.0,589376
2025-01-11 00:00:00,00000000270,20250111000000,0.085,0.001,0.071,0.0,0.0,0.0,1.0,1.18,83.53,4,0.0,0.0,589376
2025-01-11 01:00:00,00000000270,20250111010000,0.098,0.0,0.075,0.0,0.0,0.0,1.0,0.0,76.53,4,0.0,0.0,589376
2025-01-11 02:00:00,00000000270,20250111020000,0.649,0.004,0.03,0.0,0.0,0.0,1.0,0.62,4.62,4,0.0,0.0,589376
2025-01-11 03:00:00,00000000270,20250111030000,0.561,0.004,0.028,0.0,0.0,0.0,1.0,0.71,4.99,4,0.0,0.0,589376
2025-01-11 04:00:00,00000000270,20250111040000,0.384,0.002,0.038,0.0,0.0,0.0,1.0,0.52,9.9,4,0.0,0.0,589376
2025-01-11 05:00:00,00000000270,20250111050000,0.402,0.004,0.038,0.0,0.0,0.0,1.0,1.0,9.45,4,0.0,0.0,589376
2025-01-11 06:00:00,00000000270,20250111060000,0.382,0.003,0.04,0.0,0.0,0.0,1.0,0.79,10.47,4,0.0,0.0,589376
2025-01-11 07:00:00,00000000270,20250111070000,0.363,0.002,0.043,0.0,0.0,0.0,1.0,0.55,11.85,4,0.0,0.0,589376
2025-01-11 08:00:00,00000000270,20250111080000,0.536,0.002,0.046,0.0,0.0,0.0,1.0,0.37,8.58,4,0.0,0.0,589376
2025-01-11 09:00:00,00000000270,20250111090000,0.384,0.026,0.019,0.0,0.0,0.0,1.0,6.77,4.95,4,0.0,0.0,589376
2025-01-11 10:00:00,00000000270,20250111100000,0.665,0.057,0.0,0.0,0.0,0.0,1.0,8.57,0.0,4,0.0,0.0,589376
2025-01-11 11:00:00,00000000270,20250111110000,0.318,0.027,0.019,0.0,0.0,0.0,1.0,8.49,5.97,4,0.0,0.0,589376
2025-01-11 12:00:00,00000000270,20250111120000,0.115,0.011,0.045,0.0,0.0,0.0,1.0,9.57,39.13,4,0.0,0.0,589376
2025-01-11 13:00:00,00000000270,20250111130000,0.078,0.001,0.056,0.0,0.0,0.0,1.0,1.28,71.79,4,0.0,0.0,589376
2025-01-11 14:00:00,00000000270,20250111140000,1.022,0.001,0.039,0.0,0.0,0.0,1.0,0.1,3.82,4,0.0,0.0,589376
2025-01-11 15:00:00,00000000270,20250111150000,0.855,0.001,0.032,0.0,0.0,0.0,1.0,0.12,3.74,4,0.0,0.0,589376
2025-01-11 16:00:00,00000000270,20250111160000,0.988,0.002,0.03,0.0,0.0,0.0,1.0,0.2,3.04,4,0.0,0.0,589376
2025-01-11 17:00:00,00000000270,20250111170000,1.661,0.001,0.042,0.0,0.0,0.0,1.0,0.06,2.53,4,0.0,0.0,589376
2025-01-11 18:00:00,00000000270,20250111180000,0.073,0.003,0.042,0.0,0.0,0.0,1.0,4.11,57.53,4,0.0,0.0,589376
2025-01-11 19:00:00,00000000270,20250111190000,0.113,0.025,0.0,0.0,0.0,0.0,1.0,22.12,0.0,4,0.0,0.0,589376
2025-01-11 20:00:00,00000000270,20250111200000,0.115,0.024,0.0,0.0,0.0,0.0,1.0,20.87,0.0,4,0.0,0.0,589376
2025-01-11 21:00:00,00000000270,20250111210000,0.119,0.023,0.0,0.0,0.0,0.0,1.0,19.33,0.0,4,0.0,0.0,589376
2025-01-11 22:00:00,00000000270,20250111220000,0.115,0.024,0.0,0.0,0.0,0.0,1.0,20.87,0.0,4,0.0,0.0,589376
2025-01-11 23:00:00,00000000270,20250111230000,0.076,0.003,0.048,0.0,0.0,0.0,1.0,3.95,63.16,4,0.0,0.0,589376
2025-01-12 00:00:00,00000000270,20250112000000,0.063,0.001,0.059,0.0,0.0,0.0,1.0,1.59,93.65,4,0.0,0.0,589376
2025-01-12 01:00:00,00000000270,20250112010000,0.062,0.001,0.059,0.0,0.0,0.0,1.0,1.61,95.16,4,0.0,0.0,589376
2025-01-12 02:00:00,00000000270,20250112020000,0.114,0.001,0.069,0.0,0.0,0.0,1.0,0.88,60.53,4,0.0,0.0,589376
2025-01-12 03:00:00,00000000270,20250112030000,0.059,0.001,0.061,0.0,0.0,0.0,1.0,1.69,103.39,4,0.0,0.0,589376
2025-01-12 04:00:00,00000000270,20250112040000,0.062,0.0,0.061,0.0,0.0,0.0,1.0,0.0,98.39,4,0.0,0.0,589376
2025-01-12 05:00:00,00000000270,20250112050000,0.07,0.001,0.061,0.0,0.0,0.0,1.0,1.43,87.14,4,0.0,0.0,589376
2025-01-12 06:00:00,00000000270,20250112060000,0.162,0.001,0.058,0.0,0.0,0.0,1.0,0.62,35.8,4,0.0,0.0,589376
2025-01-12 07:00:00,00000000270,20250112070000,0.071,0.001,0.058,0.0,0.0,0.0,1.0,1.41,81.69,4,0.0,0.0,589376
2025-01-12 08:00:00,00000000270,20250112080000,0.088,0.017,0.034,0.0,0.0,0.0,1.0,19.32,38.64,4,0.0,0.0,589376
2025-01-12 09:00:00,00000000270,20250112090000,0.11,0.025,0.002,0.0,0.0,0.0,1.0,22.73,1.82,4,0.0,0.0,589376
2025-01-12 10:00:00,00000000270,20250112100000,0.055,0.0,0.064,0.0,0.0,0.0,1.0,0.0,116.36,4,0.0,0.0,589376
2025-01-12 11:00:00,00000000270,20250112110000,0.07,0.001,0.058,0.0,0.0,0.0,1.0,1.43,82.86,4,0.0,0.0,589376
2025-01-12 12:00:00,00000000270,20250112120000,0.064,0.001,0.057,0.0,0.0,0.0,1.0,1.56,89.06,4,0.0,0.0,589376
2025-01-12 13:00:00,00000000270,20250112130000,0.065,0.001,0.056,0.0,0.0,0.0,1.0,1.54,86.15,4,0.0,0.0,589376
2025-01-12 14:00:00,00000000270,20250112140000,0.057,0.001,0.061,0.0,0.0,0.0,1.0,1.75,107.02,4,0.0,0.0,589376
2025-01-12 15:00:00,00000000270,20250112150000,0.574,0.0,0.053,0.0,0.0,0.0,1.0,0.0,9.23,4,0.0,0.0,589376
2025-01-12 16:00:00,00000000270,20250112160000,1.22,0.001,0.037,0.0,0.0,0.0,1.0,0.08,3.03,4,0.0,0.0,589376
2025-01-12 17:00:00,00000000270,20250112170000,0.481,0.001,0.047,0.0,0.0,0.0,1.0,0.21,9.77,4,0.0,0.0,589376
2025-01-12 18:00:00,00000000270,20250112180000,0.543,0.014,0.028,0.0,0.0,0.0,1.0,2.58,5.16,4,0.0,0.0,589376
2025-01-12 19:00:00,00000000270,20250112190000,0.938,0.051,0.006,0.0,0.0,0.0,1.0,5.44,0.64,4,0.0,0.0,589376
2025-01-12 20:00:00,00000000270,20250112200000,0.918,0.045,0.0,0.0,0.0,0.0,1.0,4.9,0.0,4,0.0,0.0,589376
2025-01-12 21:00:00,00000000270,20250112210000,1.908,0.037,0.0,0.0,0.0,0.0,1.0,1.94,0.0,4,0.0,0.0,589376
2025-01-12 22:00:00,00000000270,20250112220000,0.711,0.053,0.0,0.0,0.0,0.0,1.0,7.45,0.0,4,0.0,0.0,589376
2025-01-12 23:00:00,00000000270,20250112230000,0.75,0.06,0.0,0.0,0.0,0.0,1.0,8.0,0.0,4,0.0,0.0,589376
2025-01-13 00:00:00,00000000270,20250113000000,0.617,0.003,0.018,0.0,0.0,0.0,1.0,0.49,2.92,4,0.0,0.0,589376
2025-01-13 01:00:00,00000000270,20250113010000,0.612,0.002,0.025,0.0,0.0,0.0,1.0,0.33,4.08,4,0.0,0.0,589376
2025-01-13 02:00:00,00000000270,20250113020000,0.611,0.004,0.016,0.0,0.0,0.0,1.0,0.65,2.62,4,0.0,0.0,589376
2025-01-13 03:00:00,00000000270,20250113030000,0.61,0.003,0.018,0.0,0.0,0.0,1.0,0.49,2.95,4,0.0,0.0,589376
2025-01-13 04:00:00,00000000270,20250113040000,0.618,0.003,0.023,0.0,0.0,0.0,1.0,0.49,3.72,4,0.0,0.0,589376
2025-01-13 05:00:00,00000000270,20250113050000,0.607,0.0,0.029,0.0,0.0,0.0,1.0,0.0,4.78,4,0.0,0.0,589376
2025-01-13 06:00:00,00000000270,20250113060000,0.614,0.005,0.016,0.0,0.0,0.0,1.0,0.81,2.61,4,0.0,0.0,589376
2025-01-13 07:00:00,00000000270,20250113070000,0.392,0.001,0.041,0.0,0.0,0.0,1.0,0.26,10.46,4,0.0,0.0,589376
2025-01-13 08:00:00,00000000270,20250113080000,0.04,0.001,0.066,0.0,0.0,0.0,1.0,2.5,165.0,4,0.0,0.0,589376
2025-01-13 09:00:00,00000000270,20250113090000,0.068,0.001,0.058,0.0,0.0,0.0,1.0,1.47,85.29,4,0.0,0.0,589376
2025-01-13 10:00:00,00000000270,20250113100000,0.11,0.0,0.059,0.0,0.0,0.0,1.0,0.0,53.64,4,0.0,0.0,589376
2025-01-13 11:00:00,00000000270,20250113110000,0.104,0.001,0.065,0.0,0.0,0.0,1.0,0.96,62.5,4,0.0,0.0,589376
2025-01-13 12:00:00,00000000270,20250113120000,0.113,0.0,0.059,0.0,0.0,0.0,1.0,0.0,52.21,4,0.0,0.0,589376
2025-01-13 13:00:00,00000000270,20250113130000,0.049,0.0,0.06,0.0,0.0,0.0,1.0,0.0,122.45,4,0.0,0.0,589376
2025-01-13 14:00:00,00000000270,20250113140000,0.062,0.001,0.053,0.0,0.0,0.0,1.0,1.61,85.48,4,0.0,0.0,589376
2025-01-13 15:00:00,00000000270,20250113150000,0.037,0.0,0.061,0.0,0.0,0.0,1.0,0.0,164.86,4,0.0,0.0,589376
2025-01-13 16:00:00,00000000270,20250113160000,0.053,0.0,0.055,0.0,0.0,0.0,1.0,0.0,103.77,4,0.0,0.0,589376
2025-01-13 17:00:00,00000000270,20250113170000,0.103,0.0,0.07,0.0,0.0,0.0,1.0,0.0,67.96,4,0.0,0.0,589376
2025-01-13 18:00:00,00000000270,20250113180000,0.191,0.005,0.033,0.0,0.0,0.0,1.0,2.62,17.28,4,0.0,0.0,589376
2025-01-13 19:00:00,00000000270,20250113190000,0.136,0.017,0.0,0.0,0.0,0.0,1.0,12.5,0.0,4,0.0,0.0,589376
2025-01-13 20:00:00,00000000270,20250113200000,0.114,0.021,0.0,0.0,0.0,0.0,1.0,18.42,0.0,4,0.0,0.0,589376
2025-01-13 21:00:00,00000000270,20250113210000,0.117,0.011,0.0,0.0,0.0,0.0,1.0,9.4,0.0,4,0.0,0.0,589376
2025-01-13 22:00:00,00000000270,20250113220000,0.228,0.022,0.001,0.0,0.0,0.0,1.0,9.65,0.44,4,0.0,0.0,589376
2025-01-13 23:00:00,00000000270,20250113230000,0.905,0.002,0.04,0.0,0.0,0.0,1.0,0.22,4.42,4,0.0,0.0,589376
2025-01-14 00:00:00,00000000270,20250114000000,0.638,0.001,0.025,0.0,0.0,0.0,1.0,0.16,3.92,4,0.0,0.0,589376
2025-01-14 01:00:00,00000000270,20250114010000,0.618,0.004,0.019,0.0,0.0,0.0,1.0,0.65,3.07,4,0.0,0.0,589376
2025-01-14 02:00:00,00000000270,20250114020000,0.61,0.0,0.034,0.0,0.0,0.0,1.0,0.0,5.57,4,0.0,0.0,589376
2025-01-14 03:00:00,00000000270,20250114030000,0.623,0.0,0.033,0.0,0.0,0.0,1.0,0.0,5.3,4,0.0,0.0,589376
2025-01-14 04:00:00,00000000270,20250114040000,0.652,0.002,0.024,0.0,0.0,0.0,1.0,0.31,3.68,4,0.0,0.0,589376
2025-01-14 05:00:00,00000000270,20250114050000,0.632,0.0,0.031,0.0,0.0,0.0,1.0,0.0,4.91,4,0.0,0.0,589376
2025-01-14 06:00:00,00000000270,20250114060000,0.639,0.003,0.027,0.0,0.0,0.0,1.0,0.47,4.23,4,0.0,0.0,589376
2025-01-14 07:00:00,00000000270,20250114070000,0.333,0.003,0.046,0.0,0.0,0.0,1.0,0.9,13.81,4,0.0,0.0,589376
2025-01-14 08:00:00,00000000270,20250114080000,0.049,0.0,0.064,0.0,0.0,0.0,1.0,0.0,130.61,4,0.0,0.0,589376
2025-01-14 09:00:00,00000000270,20250114090000,0.063,0.001,0.054,0.0,0.0,0.0,1.0,1.59,85.71,4,0.0,0.0,589376
2025-01-14 10:00:00,00000000270,20250114100000,0.091,0.0,0.065,0.0,0.0,0.0,1.0,0.0,71.43,4,0.0,0.0,589376
2025-01-14 11:00:00,00000000270,20250114110000,0.078,0.0,0.064,0.0,0.0,0.0,1.0,0.0,82.05,4,0.0,0.0,589376
2025-01-14 12:00:00,00000000270,20250114120000,0.078,0.0,0.054,0.0,0.0,0.0,1.0,0.0,69.23,4,0.0,0.0,589376
2025-01-14 13:00:00,00000000270,20250114130000,0.051,0.001,0.056,0.0,0.0,0.0,1.0,1.96,109.8,4,0.0,0.0,589376
2025-01-14 14:00:00,00000000270,20250114140000,0.092,0.0,0.058,0.0,0.0,0.0,1.0,0.0,63.04,4,0.0,0.0,589376
2025-01-14 15:00:00,00000000270,20250114150000,0.131,0.0,0.046,0.0,0.0,0.0,1.0,0.0,35.11,4,0.0,0.0,589376
2025-01-14 16:00:00,00000000270,20250114160000,0.046,0.0,0.059,0.0,0.0,0.0,1.0,0.0,128.26,4,0.0,0.0,589376
2025-01-14 17:00:00,00000000270,20250114170000,0.035,0.001,0.06,0.0,0.0,0.0,1.0,2.86,171.43,4,0.0,0.0,589376
2025-01-14 18:00:00,00000000270,20250114180000,1.238,0.001,0.039,0.0,0.0,0.0,1.0,0.08,3.15,4,0.0,0.0,589376
2025-01-14 19:00:00,00000000270,20250114190000,1.07,0.035,0.001,0.0,0.0,0.0,1.0,3.27,0.09,4,0.0,0.0,589376
2025-01-14 20:00:00,00000000270,20250114200000,1.794,0.051,0.0,0.0,0.0,0.0,1.0,2.84,0.0,4,0.0,0.0,589376
2025-01-14 21:00:00,00000000270,20250114210000,1.449,0.045,0.002,0.0,0.0,0.0,1.0,3.11,0.14,4,0.0,0.0,589376
2025-01-14 22:00:00,00000000270,20250114220000,0.727,0.002,0.014,0.0,0.0,0.0,1.0,0.28,1.93,4,0.0,0.0,589376
2025-01-14 23:00:00,00000000270,20250114230000,0.619,0.0,0.021,0.0,0.0,0.0,1.0,0.0,3.39,4,0.0,0.0,589376
2025-01-15 00:00:00,00000000270,20250115000000,0.648,0.004,0.016,0.0,0.0,0.0,1.0,0.62,2.47,4,0.0,0.0,589376
2025-01-15 01:00:00,00000000270,20250115010000,0.633,0.001,0.024,0.0,0.0,0.0,1.0,0.16,3.79,4,0.0,0.0,589376
2025-01-15 02:00:00,00000000270,20250115020000,0.65,0.0,0.02,0.0,0.0,0.0,1.0,0.0,3.08,4,0.0,0.0,589376
2025-01-15 03:00:00,00000000270,20250115030000,0.64,0.001,0.032,0.0,0.0,0.0,1.0,0.16,5.0,4,0.0,0.0,589376
2025-01-15 04:00:00,00000000270,20250115040000,0.632,0.0,0.032,0.0,0.0,0.0,1.0,0.0,5.06,4,0.0,0.0,589376
2025-01-15 05:00:00,00000000270,20250115050000,0.661,0.001,0.023,0.0,0.0,0.0,1.0,0.15,3.48,4,0.0,0.0,589376
2025-01-15 06:00:00,00000000270,20250115060000,0.64,0.001,0.031,0.0,0.0,0.0,1.0,0.16,4.84,4,0.0,0.0,589376
2025-01-15 07:00:00,00000000270,20250115070000,0.389,0.0,0.046,0.0,0.0,0.0,1.0,0.0,11.83,4,0.0,0.0,589376
2025-01-15 08:00:00,00000000270,20250115080000,0.199,0.0,0.057,0.0,0.0,0.0,1.0,0.0,28.64,4,0.0,0.0,589376
2025-01-15 09:00:00,00000000270,20250115090000,0.049,0.0,0.062,0.0,0.0,0.0,1.0,0.0,126.53,4,0.0,0.0,589376
2025-01-15 10:00:00,00000000270,20250115100000,0.396,0.001,0.062,0.0,0.0,0.0,1.0,0.25,15.66,4,0.0,0.0,589376
2025-01-15 11:00:00,00000000270,20250115110000,0.074,0.0,0.054,0.0,0.0,0.0,1.0,0.0,72.97,4,0.0,0.0,589376
2025-01-15 12:00:00,00000000270,20250115120000,0.044,0.0,0.064,0.0,0.0,0.0,1.0,0.0,145.45,4,0.0,0.0,589376
2025-01-15 13:00:00,00000000270,20250115130000,0.168,0.001,0.051,0.0,0.0,0.0,1.0,0.6,30.36,4,0.0,0.0,589376
2025-01-15 14:00:00,00000000270,20250115140000,0.117,0.0,0.058,0.0,0.0,0.0,1.0,0.0,49.57,4,0.0,0.0,589376
2025-01-15 15:00:00,00000000270,20250115150000,0.059,0.0,0.057,0.0,0.0,0.0,1.0,0.0,96.61,4,0.0,0.0,589376
2025-01-15 16:00:00,00000000270,20250115160000,0.09,0.001,0.063,0.0,0.0,0.0,1.0,1.11,70.0,4,0.0,0.0,589376
2025-01-15 17:00:00,00000000270,20250115170000,0.115,0.005,0.044,0.0,0.0,0.0,1.0,4.35,38.26,4,0.0,0.0,589376
2025-01-15 18:00:00,00000000270,20250115180000,0.085,0.001,0.065,0.0,0.0,0.0,1.0,1.18,76.47,4,0.0,0.0,589376
2025-01-15 19:00:00,00000000270,20250115190000,0.08,0.0,0.064,0.0,0.0,0.0,1.0,0.0,80.0,4,0.0,0.0,589376
2025-01-15 20:00:00,00000000270,20250115200000,0.101,0.008,0.011,0.0,0.0,0.0,1.0,7.92,10.89,4,0.0,0.0,589376
2025-01-15 21:00:00,00000000270,20250115210000,0.901,0.007,0.023,0.0,0.0,0.0,1.0,0.78,2.55,4,0.0,0.0,589376
2025-01-15 22:00:00,00000000270,20250115220000,1.127,0.0,0.051,0.0,0.0,0.0,1.0,0.0,4.53,4,0.0,0.0,589376
2025-01-15 23:00:00,00000000270,20250115230000,0.96,0.001,0.02,0.0,0.0,0.0,1.0,0.1,2.08,4,0.0,0.0,589376
2025-01-16 00:00:00,00000000270,20250116000000,0.781,0.0,0.028,0.0,0.0,0.0,1.0,0.0,3.59,4,0.0,0.0,589376
2025-01-16 01:00:00,00000000270,20250116010000,0.773,0.001,0.029,0.0,0.0,0.0,1.0,0.13,3.75,4,0.0,0.0,589376
2025-01-16 02:00:00,00000000270,20250116020000,0.772,0.003,0.025,0.0,0.0,0.0,1.0,0.39,3.24,4,0.0,0.0,589376
2025-01-16 03:00:00,00000000270,20250116030000,0.743,0.0,0.032,0.0,0.0,0.0,1.0,0.0,4.31,4,0.0,0.0,589376
2025-01-16 04:00:00,00000000270,20250116040000,0.699,0.001,0.027,0.0,0.0,0.0,1.0,0.14,3.86,4,0.0,0.0,589376
2025-01-16 05:00:00,00000000270,20250116050000,0.646,0.003,0.017,0.0,0.0,0.0,1.0,0.46,2.63,4,0.0,0.0,589376
2025-01-16 06:00:00,00000000270,20250116060000,0.651,0.0,0.026,0.0,0.0,0.0,1.0,0.0,3.99,4,0.0,0.0,589376
2025-01-16 07:00:00,00000000270,20250116070000,0.347,0.001,0.043,0.0,0.0,0.0,1.0,0.29,12.39,4,0.0,0.0,589376
2025-01-16 08:00:00,00000000270,20250116080000,0.064,0.0,0.057,0.0,0.0,0.0,1.0,0.0,89.06,4,0.0,0.0,589376
2025-01-16 09:00:00,00000000270,20250116090000,0.041,0.0,0.061,0.0,0.0,0.0,1.0,0.0,148.78,4,0.0,0.0,589376
2025-01-16 10:00:00,00000000270,20250116100000,0.03,0.0,0.061,0.0,0.0,0.0,1.0,0.0,203.33,4,0.0,0.0,589376
2025-01-16 11:00:00,00000000270,20250116110000,0.145,0.001,0.05,0.0,0.0,0.0,1.0,0.69,34.48,4,0.0,0.0,589376
2025-01-16 12:00:00,00000000270,20250116120000,0.07,0.0,0.056,0.0,0.0,0.0,1.0,0.0,80.0,4,0.0,0.0,589376
2025-01-16 13:00:00,00000000270,20250116130000,0.052,0.0,0.059,0.0,0.0,0.0,1.0,0.0,113.46,4,0.0,0.0,589376
2025-01-16 14:00:00,00000000270,20250116140000,0.065,0.0,0.05,0.0,0.0,0.0,1.0,0.0,76.92,4,0.0,0.0,589376
2025-01-16 15:00:00,00000000270,20250116150000,0.047,0.001,0.06,0.0,0.0,0.0,1.0,2.13,127.66,4,0.0,0.0,589376
2025-01-16 16:00:00,00000000270,20250116160000,0.087,0.001,0.063,0.0,0.0,0.0,1.0,1.15,72.41,4,0.0,0.0,589376
2025-01-16 17:00:00,00000000270,20250116170000,0.104,0.0,0.057,0.0,0.0,0.0,1.0,0.0,54.81,4,0.0,0.0,589376
2025-01-16 18:00:00,00000000270,20250116180000,1.28,0.015,0.021,0.0,0.0,0.0,1.0,1.17,1.64,4,0.0,0.0,589376
2025-01-16 19:00:00,00000000270,20250116190000,1.498,0.051,0.0,0.0,0.0,0.0,1.0,3.4,0.0,4,0.0,0.0,589376
2025-01-16 20:00:00,00000000270,20250116200000,0.884,0.065,0.0,0.0,0.0,0.0,1.0,7.35,0.0,4,0.0,0.0,589376
2025-01-16 21:00:00,00000000270,20250116210000,0.855,0.047,0.0,0.0,0.0,0.0,1.0,5.5,0.0,4,0.0,0.0,589376
2025-01-16 22:00:00,00000000270,20250116220000,0.808,0.069,0.0,0.0,0.0,0.0,1.0,8.54,0.0,4,0.0,0.0,589376
2025-01-16 23:00:00,00000000270,20250116230000,0.725,0.063,0.0,0.0,0.0,0.0,1.0,8.69,0.0,4,0.0,0.0,589376
2025-01-17 00:00:00,00000000270,20250117000000,0.67,0.011,0.009,0.0,0.0,0.0,1.0,1.64,1.34,4,0.0,0.0,589376
2025-01-17 01:00:00,00000000270,20250117010000,0.642,0.001,0.026,0.0,0.0,0.0,1.0,0.16,4.05,4,0.0,0.0,589376
2025-01-17 02:00:00,00000000270,20250117020000,0.649,0.0,0.02,0.0,0.0,0.0,1.0,0.0,3.08,4,0.0,0.0,589376
2025-01-17 03:00:00,00000000270,20250117030000,0.659,0.002,0.017,0.0,0.0,0.0,1.0,0.3,2.58,4,0.0,0.0,589376
2025-01-17 04:00:00,00000000270,20250117040000,0.648,0.001,0.023,0.0,0.0,0.0,1.0,0.15,3.55,4,0.0,0.0,589376
2025-01-17 05:00:00,00000000270,20250117050000,0.635,0.002,0.016,0.0,0.0,0.0,1.0,0.31,2.52,4,0.0,0.0,589376
2025-01-17 06:00:00,00000000270,20250117060000,0.633,0.001,0.025,0.0,0.0,0.0,1.0,0.16,3.95,4,0.0,0.0,589376
2025-01-17 07:00:00,00000000270,20250117070000,0.478,0.003,0.045,0.0,0.0,0.0,1.0,0.63,9.41,4,0.0,0.0,589376
2025-01-17 08:00:00,00000000270,20250117080000,0.088,0.0,0.05,0.0,0.0,0.0,1.0,0.0,56.82,4,0.0,0.0,589376
2025-01-17 09:00:00,00000000270,20250117090000,0.055,0.0,0.062,0.0,0.0,0.0,1.0,0.0,112.73,4,0.0,0.0,589376
2025-01-17 10:00:00,00000000270,20250117100000,0.104,0.0,0.057,0.0,0.0,0.0,1.0,0.0,54.81,4,0.0,0.0,589376
2025-01-17 11:00:00,00000000270,20250117110000,0.067,0.001,0.064,0.0,0.0,0.0,1.0,1.49,95.52,4,0.0,0.0,589376
2025-01-17 12:00:00,00000000270,20250117120000,0.057,0.0,0.053,0.0,0.0,0.0,1.0,0.0,92.98,4,0.0,0.0,589376
2025-01-17 13:00:00,00000000270,20250117130000,0.046,0.0,0.061,0.0,0.0,0.0,1.0,0.0,132.61,4,0.0,0.0,589376
2025-01-17 14:00:00,00000000270,20250117140000,0.05,0.0,0.063,0.0,0.0,0.0,1.0,0.0,126.0,4,0.0,0.0,589376
2025-01-17 15:00:00,00000000270,20250117150000,0.068,0.001,0.054,0.0,0.0,0.0,1.0,1.47,79.41,4,0.0,0.0,589376
2025-01-17 16:00:00,00000000270,20250117160000,0.04,0.0,0.064,0.0,0.0,0.0,1.0,0.0,160.0,4,0.0,0.0,589376
2025-01-17 17:00:00,00000000270,20250117170000,0.07,0.0,0.058,0.0,0.0,0.0,1.0,0.0,82.86,4,0.0,0.0,589376
2025-01-17 18:00:00,00000000270,20250117180000,2.29,0.019,0.024,0.0,0.0,0.0,1.0,0.83,1.05,4,0.0,0.0,589376
2025-01-17 19:00:00,00000000270,20250117190000,0.419,0.011,0.001,0.0,0.0,0.0,1.0,2.63,0.24,4,0.0,0.0,589376
2025-01-17 20:00:00,00000000270,20250117200000,0.119,0.018,0.0,0.0,0.0,0.0,1.0,15.13,0.0,4,0.0,0.0,589376
2025-01-17 21:00:00,00000000270,20250117210000,0.105,0.013,0.0,0.0,0.0,0.0,1.0,12.38,0.0,4,0.0,0.0,589376
2025-01-17 22:00:00,00000000270,20250117220000,0.102,0.019,0.0,0.0,0.0,0.0,1.0,18.63,0.0,4,0.0,0.0,589376
2025-01-17 23:00:00,00000000270,20250117230000,0.074,0.008,0.019,0.0,0.0,0.0,1.0,10.81,25.68,4,0.0,0.0,589376
2025-01-18 00:00:00,00000000270,20250118000000,0.064,0.001,0.057,0.0,0.0,0.0,1.0,1.56,89.06,4,0.0,0.0,589376
2025-01-18 01:00:00,00000000270,20250118010000,0.051,0.0,0.066,0.0,0.0,0.0,1.0,0.0,129.41,4,0.0,0.0,589376
2025-01-18 02:00:00,00000000270,20250118020000,0.059,0.0,0.062,0.0,0.0,0.0,1.0,0.0,105.08,4,0.0,0.0,589376
2025-01-18 03:00:00,00000000270,20250118030000,0.607,0.001,0.034,0.0,0.0,0.0,1.0,0.16,5.6,4,0.0,0.0,589376
2025-01-18 04:00:00,00000000270,20250118040000,0.719,0.0,0.024,0.0,0.0,0.0,1.0,0.0,3.34,4,0.0,0.0,589376
2025-01-18 05:00:00,00000000270,20250118050000,0.644,0.003,0.017,0.0,0.0,0.0,1.0,0.47,2.64,4,0.0,0.0,589376
2025-01-18 06:00:00,00000000270,20250118060000,0.617,0.0,0.024,0.0,0.0,0.0,1.0,0.0,3.89,4,0.0,0.0,589376
2025-01-18 07:00:00,00000000270,20250118070000,0.618,0.001,0.013,0.0,0.0,0.0,1.0,0.16,2.1,4,0.0,0.0,589376
2025-01-18 08:00:00,00000000270,20250118080000,0.636,0.007,0.011,0.0,0.0,0.0,1.0,1.1,1.73,4,0.0,0.0,589376
2025-01-18 09:00:00,00000000270,20250118090000,0.613,0.0,0.024,0.0,0.0,0.0,1.0,0.0,3.92,4,0.0,0.0,589376
2025-01-18 10:00:00,00000000270,20250118100000,0.303,0.0,0.048,0.0,0.0,0.0,1.0,0.0,15.84,4,0.0,0.0,589376
2025-01-18 11:00:00,00000000270,20250118110000,0.078,0.0,0.053,0.0,0.0,0.0,1.0,0.0,67.95,4,0.0,0.0,589376
2025-01-18 12:00:00,00000000270,20250118120000,0.053,0.001,0.062,0.0,0.0,0.0,1.0,1.89,116.98,4,0.0,0.0,589376
2025-01-18 13:00:00,00000000270,20250118130000,0.048,0.0,0.066,0.0,0.0,0.0,1.0,0.0,137.5,4,0.0,0.0,589376
2025-01-18 14:00:00,00000000270,20250118140000,0.135,0.0,0.065,0.0,0.0,0.0,1.0,0.0,48.15,4,0.0,0.0,589376
2025-01-18 15:00:00,00000000270,20250118150000,0.417,0.132,0.034,0.0,0.0,0.0,1.0,31.65,8.15,4,0.0,0.0,589376
2025-01-18 16:00:00,00000000270,20250118160000,0.146,0.001,0.062,0.0,0.0,0.0,1.0,0.68,42.47,4,0.0,0.0,589376
2025-01-18 17:00:00,00000000270,20250118170000,0.353,0.0,0.062,0.0,0.0,0.0,1.0,0.0,17.56,4,0.0,0.0,589376
2025-01-18 18:00:00,00000000270,20250118180000,1.493,0.001,0.019,0.0,0.0,0.0,1.0,0.07,1.27,4,0.0,0.0,589376
2025-01-18 19:00:00,00000000270,20250118190000,2.174,0.0,0.036,0.0,0.0,0.0,1.0,0.0,1.66,4,0.0,0.0,589376
2025-01-18 20:00:00,00000000270,20250118200000,1.81,0.003,0.021,0.0,0.0,0.0,1.0,0.17,1.16,4,0.0,0.0,589376
2025-01-18 21:00:00,00000000270,20250118210000,0.861,0.001,0.028,0.0,0.0,0.0,1.0,0.12,3.25,4,0.0,0.0,589376
2025-01-18 22:00:00,00000000270,20250118220000,0.08,0.0,0.062,0.0,0.0,0.0,1.0,0.0,77.5,4,0.0,0.0,589376
2025-01-18 23:00:00,00000000270,20250118230000,0.045,0.0,0.058,0.0,0.0,0.0,1.0,0.0,128.89,4,0.0,0.0,589376
2025-01-19 00:00:00,00000000270,20250119000000,0.062,0.0,0.057,0.0,0.0,0.0,1.0,0.0,91.94,4,0.0,0.0,589376
2025-01-19 01:00:00,00000000270,20250119010000,0.807,0.001,0.053,0.0,0.0,0.0,1.0,0.12,6.57,4,0.0,0.0,589376
2025-01-19 02:00:00,00000000270,20250119020000,0.925,0.0,0.034,0.0,0.0,0.0,1.0,0.0,3.68,4,0.0,0.0,589376
2025-01-19 03:00:00,00000000270,20250119030000,0.887,0.001,0.024,0.0,0.0,0.0,1.0,0.11,2.71,4,0.0,0.0,589376
2025-01-19 04:00:00,00000000270,20250119040000,0.739,0.0,0.033,0.0,0.0,0.0,1.0,0.0,4.47,4,0.0,0.0,589376
2025-01-19 05:00:00,00000000270,20250119050000,0.721,0.004,0.025,0.0,0.0,0.0,1.0,0.55,3.47,4,0.0,0.0,589376
2025-01-19 06:00:00,00000000270,20250119060000,0.669,0.001,0.022,0.0,0.0,0.0,1.0,0.15,3.29,4,0.0,0.0,589376
2025-01-19 07:00:00,00000000270,20250119070000,0.681,0.001,0.018,0.0,0.0,0.0,1.0,0.15,2.64,4,0.0,0.0,589376
2025-01-19 08:00:00,00000000270,20250119080000,0.657,0.001,0.023,0.0,0.0,0.0,1.0,0.15,3.5,4,0.0,0.0,589376
2025-01-19 09:00:00,00000000270,20250119090000,0.653,0.0,0.024,0.0,0.0,0.0,1.0,0.0,3.68,4,0.0,0.0,589376
2025-01-19 10:00:00,00000000270,20250119100000,0.695,0.0,0.025,0.0,0.0,0.0,1.0,0.0,3.6,4,0.0,0.0,589376
2025-01-19 11:00:00,00000000270,20250119110000,0.654,0.003,0.021,0.0,0.0,0.0,1.0,0.46,3.21,4,0.0,0.0,589376
2025-01-19 12:00:00,00000000270,20250119120000,0.614,0.0,0.026,0.0,0.0,0.0,1.0,0.0,4.23,4,0.0,0.0,589376
2025-01-19 13:00:00,00000000270,20250119130000,0.139,0.001,0.062,0.0,0.0,0.0,1.0,0.72,44.6,4,0.0,0.0,589376
2025-01-19 14:00:00,00000000270,20250119140000,0.037,0.0,0.067,0.0,0.0,0.0,1.0,0.0,181.08,4,0.0,0.0,589376
2025-01-19 15:00:00,00000000270,20250119150000,0.063,0.0,0.06,0.0,0.0,0.0,1.0,0.0,95.24,4,0.0,0.0,589376
2025-01-19 16:00:00,00000000270,20250119160000,0.051,0.001,0.066,0.0,0.0,0.0,1.0,1.96,129.41,4,0.0,0.0,589376
2025-01-19 17:00:00,00000000270,20250119170000,0.061,0.0,0.058,0.0,0.0,0.0,1.0,0.0,95.08,4,0.0,0.0,589376
2025-01-19 18:00:00,00000000270,20250119180000,0.433,0.0,0.058,0.0,0.0,0.0,1.0,0.0,13.39,4,0.0,0.0,589376
2025-01-19 19:00:00,00000000270,20250119190000,1.797,0.0,0.044,0.0,0.0,0.0,1.0,0.0,2.45,4,0.0,0.0,589376
2025-01-19 20:00:00,00000000270,20250119200000,0.966,0.002,0.023,0.0,0.0,0.0,1.0,0.21,2.38,4,0.0,0.0,589376
2025-01-19 21:00:00,00000000270,20250119210000,0.855,0.0,0.027,0.0,0.0,0.0,1.0,0.0,3.16,4,0.0,0.0,589376
2025-01-19 22:00:00,00000000270,20250119220000,0.838,0.001,0.033,0.0,0.0,0.0,1.0,0.12,3.94,4,0.0,0.0,589376
2025-01-19 23:00:00,00000000270,20250119230000,0.809,0.0,0.036,0.0,0.0,0.0,1.0,0.0,4.45,4,0.0,0.0,589376
2025-01-20 00:00:00,00000000270,20250120000000,0.807,0.0,0.036,0.0,0.0,0.0,1.0,0.0,4.46,4,0.0,0.0,589376
2025-01-20 01:00:00,00000000270,20250120010000,0.812,0.004,0.033,0.0,0.0,0.0,1.0,0.49,4.06,4,0.0,0.0,589376
2025-01-20 02:00:00,00000000270,20250120020000,0.836,0.001,0.027,0.0,0.0,0.0,1.0,0.12,3.23,4,0.0,0.0,589376
2025-01-20 03:00:00,00000000270,20250120030000,0.769,0.0,0.025,0.0,0.0,0.0,1.0,0.0,3.25,4,0.0,0.0,589376
2025-01-20 04:00:00,00000000270,20250120040000,0.771,0.0,0.03,0.0,0.0,0.0,1.0,0.0,3.89,4,0.0,0.0,589376
2025-01-20 05:00:00,00000000270,20250120050000,0.795,0.001,0.03,0.0,0.0,0.0,1.0,0.13,3.77,4,0.0,0.0,589376
2025-01-20 06:00:00,00000000270,20250120060000,0.659,0.002,0.018,0.0,0.0,0.0,1.0,0.3,2.73,4,0.0,0.0,589376
2025-01-20 07:00:00,00000000270,20250120070000,0.492,0.0,0.048,0.0,0.0,0.0,1.0,0.0,9.76,4,0.0,0.0,589376
2025-01-20 08:00:00,00000000270,20250120080000,0.154,0.001,0.06,0.0,0.0,0.0,1.0,0.65,38.96,4,0.0,0.0,589376
2025-01-20 09:00:00,00000000270,20250120090000,0.057,0.0,0.054,0.0,0.0,0.0,1.0,0.0,94.74,4,0.0,0.0,589376
2025-01-20 10:00:00,00000000270,20250120100000,0.317,0.0,0.055,0.0,0.0,0.0,1.0,0.0,17.35,4,0.0,0.0,589376
2025-01-20 11:00:00,00000000270,20250120110000,0.099,0.0,0.062,0.0,0.0,0.0,1.0,0.0,62.63,4,0.0,0.0,589376
2025-01-20 12:00:00,00000000270,20250120120000,0.21,0.001,0.06,0.0,0.0,0.0,1.0,0.48,28.57,4,0.0,0.0,589376
2025-01-20 13:00:00,00000000270,20250120130000,0.051,0.0,0.052,0.0,0.0,0.0,1.0,0.0,101.96,4,0.0,0.0,589376
2025-01-20 14:00:00,00000000270,20250120140000,0.06,0.0,0.054,0.0,0.0,0.0,1.0,0.0,90.0,4,0.0,0.0,589376
2025-01-20 15:00:00,00000000270,20250120150000,0.053,0.001,0.054,0.0,0.0,0.0,1.0,1.89,101.89,4,0.0,0.0,589376
2025-01-20 16:00:00,00000000270,20250120160000,0.065,0.0,0.051,0.0,0.0,0.0,1.0,0.0,78.46,4,0.0,0.0,589376
2025-01-20 17:00:00,00000000270,20250120170000,0.147,0.0,0.057,0.0,0.0,0.0,1.0,0.0,38.78,4,0.0,0.0,589376
2025-01-20 18:00:00,00000000270,20250120180000,0.755,0.0,0.058,0.0,0.0,0.0,1.0,0.0,7.68,4,0.0,0.0,589376
2025-01-20 19:00:00,00000000270,20250120190000,1.269,0.001,0.053,0.0,0.0,0.0,1.0,0.08,4.18,4,0.0,0.0,589376
2025-01-20 20:00:00,00000000270,20250120200000,0.689,0.003,0.009,0.0,0.0,0.0,1.0,0.44,1.31,4,0.0,0.0,589376
2025-01-20 21:00:00,00000000270,20250120210000,0.665,0.003,0.011,0.0,0.0,0.0,1.0,0.45,1.65,4,0.0,0.0,589376
2025-01-20 22:00:00,00000000270,20250120220000,0.634,0.0,0.022,0.0,0.0,0.0,1.0,0.0,3.47,4,0.0,0.0,589376
2025-01-20 23:00:00,00000000270,20250120230000,0.662,0.004,0.012,0.0,0.0,0.0,1.0,0.6,1.81,4,0.0,0.0,589376
2025-01-21 00:00:00,00000000270,20250121000000,0.698,0.006,0.014,0.0,0.0,0.0,1.0,0.86,2.01,4,0.0,0.0,589376
2025-01-21 01:00:00,00000000270,20250121010000,0.67,0.001,0.016,0.0,0.0,0.0,1.0,0.15,2.39,4,0.0,0.0,589376
2025-01-21 02:00:00,00000000270,20250121020000,0.63,0.003,0.014,0.0,0.0,0.0,1.0,0.48,2.22,4,0.0,0.0,589376
2025-01-21 03:00:00,00000000270,20250121030000,0.604,0.0,0.01,0.0,0.0,0.0,1.0,0.0,1.66,4,0.0,0.0,589376
2025-01-21 04:00:00,00000000270,20250121040000,0.593,0.008,0.013,0.0,0.0,0.0,1.0,1.35,2.19,4,0.0,0.0,589376
2025-01-21 05:00:00,00000000270,20250121050000,0.586,0.003,0.019,0.0,0.0,0.0,1.0,0.51,3.24,4,0.0,0.0,589376
2025-01-21 06:00:00,00000000270,20250121060000,0.607,0.001,0.02,0.0,0.0,0.0,1.0,0.16,3.29,4,0.0,0.0,589376
2025-01-21 07:00:00,00000000270,20250121070000,0.421,0.003,0.034,0.0,0.0,0.0,1.0,0.71,8.08,4,0.0,0.0,589376
2025-01-21 08:00:00,00000000270,20250121080000,0.293,0.001,0.064,0.0,0.0,0.0,1.0,0.34,21.84,4,0.0,0.0,589376
2025-01-21 09:00:00,00000000270,20250121090000,0.193,0.0,0.053,0.0,0.0,0.0,1.0,0.0,27.46,4,0.0,0.0,589376
2025-01-21 10:00:00,00000000270,20250121100000,0.072,0.001,0.051,0.0,0.0,0.0,1.0,1.39,70.83,4,0.0,0.0,589376
2025-01-21 11:00:00,00000000270,20250121110000,0.043,0.0,0.06,0.0,0.0,0.0,1.0,0.0,139.53,4,0.0,0.0,589376
2025-01-21 12:00:00,00000000270,20250121120000,0.065,0.0,0.053,0.0,0.0,0.0,1.0,0.0,81.54,4,0.0,0.0,589376
2025-01-21 13:00:00,00000000270,20250121130000,0.057,0.0,0.058,0.0,0.0,0.0,1.0,0.0,101.75,4,0.0,0.0,589376
2025-01-21 14:00:00,00000000270,20250121140000,0.07,0.001,0.052,0.0,0.0,0.0,1.0,1.43,74.29,4,0.0,0.0,589376
2025-01-21 15:00:00,00000000270,20250121150000,0.069,0.0,0.052,0.0,0.0,0.0,1.0,0.0,75.36,4,0.0,0.0,589376
2025-01-21 16:00:00,00000000270,20250121160000,1.243,0.369,0.03,0.0,0.0,0.0,1.0,29.69,2.41,4,0.0,0.0,589376
2025-01-21 17:00:00,00000000270,20250121170000,0.348,0.439,0.024,0.0,0.0,0.0,1.0,126.15,6.9,4,0.0,0.0,589376
2025-01-21 18:00:00,00000000270,20250121180000,0.598,0.208,0.014,0.0,0.0,0.0,1.0,34.78,2.34,4,0.0,0.0,589376
2025-01-21 19:00:00,00000000270,20250121190000,1.569,0.058,0.0,0.0,0.0,0.0,1.0,3.7,0.0,4,0.0,0.0,589376
2025-01-21 20:00:00,00000000270,20250121200000,1.43,0.052,0.0,0.0,0.0,0.0,1.0,3.64,0.0,4,0.0,0.0,589376
2025-01-21 21:00:00,00000000270,20250121210000,0.815,0.062,0.0,0.0,0.0,0.0,1.0,7.61,0.0,4,0.0,0.0,589376
2025-01-21 22:00:00,00000000270,20250121220000,0.649,0.002,0.021,0.0,0.0,0.0,1.0,0.31,3.24,4,0.0,0.0,589376
2025-01-21 23:00:00,00000000270,20250121230000,0.55,0.004,0.032,0.0,0.0,0.0,1.0,0.73,5.82,4,0.0,0.0,589376
2025-01-22 00:00:00,00000000270,20250122000000,0.52,0.002,0.028,0.0,0.0,0.0,1.0,0.38,5.38,4,0.0,0.0,589376
2025-01-22 01:00:00,00000000270,20250122010000,0.487,0.004,0.026,0.0,0.0,0.0,1.0,0.82,5.34,4,0.0,0.0,589376
2025-01-22 02:00:00,00000000270,20250122020000,0.473,0.001,0.031,0.0,0.0,0.0,1.0,0.21,6.55,4,0.0,0.0,589376
2025-01-22 03:00:00,00000000270,20250122030000,0.507,0.003,0.031,0.0,0.0,0.0,1.0,0.59,6.11,4,0.0,0.0,589376
2025-01-22 04:00:00,00000000270,20250122040000,0.533,0.002,0.03,0.0,0.0,0.0,1.0,0.38,5.63,4,0.0,0.0,589376
2025-01-22 05:00:00,00000000270,20250122050000,0.518,0.001,0.032,0.0,0.0,0.0,1.0,0.19,6.18,4,0.0,0.0,589376
2025-01-22 06:00:00,00000000270,20250122060000,0.557,0.004,0.019,0.0,0.0,0.0,1.0,0.72,3.41,4,0.0,0.0,589376
2025-01-22 07:00:00,00000000270,20250122070000,0.363,0.0,0.034,0.0,0.0,0.0,1.0,0.0,9.37,4,0.0,0.0,589376
2025-01-22 08:00:00,00000000270,20250122080000,0.058,0.0,0.065,0.0,0.0,0.0,1.0,0.0,112.07,4,0.0,0.0,589376
2025-01-22 09:00:00,00000000270,20250122090000,0.062,0.001,0.057,0.0,0.0,0.0,1.0,1.61,91.94,4,0.0,0.0,589376
2025-01-22 10:00:00,00000000270,20250122100000,0.064,0.0,0.062,0.0,0.0,0.0,1.0,0.0,96.88,4,0.0,0.0,589376
2025-01-22 11:00:00,00000000270,20250122110000,0.081,0.0,0.069,0.0,0.0,0.0,1.0,0.0,85.19,4,0.0,0.0,589376
2025-01-22 12:00:00,00000000270,20250122120000,0.109,0.001,0.065,0.0,0.0,0.0,1.0,0.92,59.63,4,0.0,0.0,589376
2025-01-22 13:00:00,00000000270,20250122130000,0.085,0.0,0.069,0.0,0.0,0.0,1.0,0.0,81.18,4,0.0,0.0,589376
2025-01-22 14:00:00,00000000270,20250122140000,0.061,0.0,0.057,0.0,0.0,0.0,1.0,0.0,93.44,4,0.0,0.0,589376
2025-01-22 15:00:00,00000000270,20250122150000,0.253,0.001,0.061,0.0,0.0,0.0,1.0,0.4,24.11,4,0.0,0.0,589376
2025-01-22 16:00:00,00000000270,20250122160000,0.086,0.0,0.074,0.0,0.0,0.0,1.0,0.0,86.05,4,0.0,0.0,589376
2025-01-22 17:00:00,00000000270,20250122170000,0.737,0.0,0.066,0.0,0.0,0.0,1.0,0.0,8.96,4,0.0,0.0,589376
2025-01-22 18:00:00,00000000270,20250122180000,0.163,0.005,0.066,0.0,0.0,0.0,1.0,3.07,40.49,4,0.0,0.0,589376
2025-01-22 19:00:00,00000000270,20250122190000,0.139,0.019,0.0,0.0,0.0,0.0,1.0,13.67,0.0,4,0.0,0.0,589376
2025-01-22 20:00:00,00000000270,20250122200000,0.171,0.017,0.02,0.0,0.0,0.0,1.0,9.94,11.7,4,0.0,0.0,589376
2025-01-22 21:00:00,00000000270,20250122210000,0.05,0.001,0.062,0.0,0.0,0.0,1.0,2.0,124.0,4,0.0,0.0,589376
2025-01-22 22:00:00,00000000270,20250122220000,0.916,0.001,0.033,0.0,0.0,0.0,1.0,0.11,3.6,4,0.0,0.0,589376
2025-01-22 23:00:00,00000000270,20250122230000,0.588,0.015,0.026,0.0,0.0,0.0,1.0,2.55,4.42,4,0.0,0.0,589376
2025-01-23 00:00:00,00000000270,20250123000000,0.048,0.0,0.064,0.0,0.0,0.0,1.0,0.0,133.33,4,0.0,0.0,589376
2025-01-23 01:00:00,00000000270,20250123010000,0.065,0.001,0.058,0.0,0.0,0.0,1.0,1.54,89.23,4,0.0,0.0,589376
2025-01-23 02:00:00,00000000270,20250123020000,0.064,0.0,0.059,0.0,0.0,0.0,1.0,0.0,92.19,4,0.0,0.0,589376
2025-01-23 03:00:00,00000000270,20250123030000,0.051,0.001,0.066,0.0,0.0,0.0,1.0,1.96,129.41,4,0.0,0.0,589376
2025-01-23 04:00:00,00000000270,20250123040000,0.06,0.001,0.061,0.0,0.0,0.0,1.0,1.67,101.67,4,0.0,0.0,589376
2025-01-23 05:00:00,00000000270,20250123050000,0.036,0.0,0.068,0.0,0.0,0.0,1.0,0.0,188.89,4,0.0,0.0,589376
2025-01-23 06:00:00,00000000270,20250123060000,0.065,0.001,0.059,0.0,0.0,0.0,1.0,1.54,90.77,4,0.0,0.0,589376
2025-01-23 07:00:00,00000000270,20250123070000,0.31,0.001,0.06,0.0,0.0,0.0,1.0,0.32,19.35,4,0.0,0.0,589376
2025-01-23 08:00:00,00000000270,20250123080000,0.066,0.001,0.059,0.0,0.0,0.0,1.0,1.52,89.39,4,0.0,0.0,589376
2025-01-23 09:00:00,00000000270,20250123090000,0.194,0.001,0.067,0.0,0.0,0.0,1.0,0.52,34.54,4,0.0,0.0,589376
2025-01-23 10:00:00,00000000270,20250123100000,0.275,0.0,0.064,0.0,0.0,0.0,1.0,0.0,23.27,4,0.0,0.0,589376
2025-01-23 11:00:00,00000000270,20250123110000,0.089,0.0,0.07,0.0,0.0,0.0,1.0,0.0,78.65,4,0.0,0.0,589376
2025-01-23 12:00:00,00000000270,20250123120000,0.087,0.0,0.058,0.0,0.0,0.0,1.0,0.0,66.67,4,0.0,0.0,589376
2025-01-23 13:00:00,00000000270,20250123130000,0.094,0.001,0.073,0.0,0.0,0.0,1.0,1.06,77.66,4,0.0,0.0,589376
2025-01-23 14:00:00,00000000270,20250123140000,0.507,0.0,0.062,0.0,0.0,0.0,1.0,0.0,12.23,4,0.0,0.0,589376
2025-01-23 15:00:00,00000000270,20250123150000,0.486,0.0,0.072,0.0,0.0,0.0,1.0,0.0,14.81,4,0.0,0.0,589376
2025-01-23 16:00:00,00000000270,20250123160000,0.151,0.001,0.057,0.0,0.0,0.0,1.0,0.66,37.75,4,0.0,0.0,589376
2025-01-23 17:00:00,00000000270,20250123170000,0.083,0.0,0.061,0.0,0.0,0.0,1.0,0.0,73.49,4,0.0,0.0,589376
2025-01-23 18:00:00,00000000270,20250123180000,0.062,0.001,0.057,0.0,0.0,0.0,1.0,1.61,91.94,4,0.0,0.0,589376
2025-01-23 19:00:00,00000000270,20250123190000,0.064,0.0,0.056,0.0,0.0,0.0,1.0,0.0,87.5,4,0.0,0.0,589376
2025-01-23 20:00:00,00000000270,20250123200000,0.036,0.0,0.062,0.0,0.0,0.0,1.0,0.0,172.22,4,0.0,0.0,589376
2025-01-23 21:00:00,00000000270,20250123210000,0.053,0.001,0.057,0.0,0.0,0.0,1.0,1.89,107.55,4,0.0,0.0,589376
2025-01-23 22:00:00,00000000270,20250123220000,0.049,0.0,0.064,0.0,0.0,0.0,1.0,0.0,130.61,4,0.0,0.0,589376
2025-01-23 23:00:00,00000000270,20250123230000,0.065,0.0,0.057,0.0,0.0,0.0,1.0,0.0,87.69,4,0.0,0.0,589376
2025-01-24 00:00:00,00000000270,20250124000000,0.049,0.001,0.064,0.0,0.0,0.0,1.0,2.04,130.61,4,0.0,0.0,589376
2025-01-24 01:00:00,00000000270,20250124010000,0.05,0.0,0.059,0.0,0.0,0.0,1.0,0.0,118.0,4,0.0,0.0,589376
2025-01-24 02:00:00,00000000270,20250124020000,0.047,0.0,0.063,0.0,0.0,0.0,1.0,0.0,134.04,4,0.0,0.0,589376
2025-01-24 03:00:00,00000000270,20250124030000,0.058,0.001,0.063,0.0,0.0,0.0,1.0,1.72,108.62,4,0.0,0.0,589376
2025-01-24 04:00:00,00000000270,20250124040000,0.058,0.001,0.062,0.0,0.0,0.0,1.0,1.72,106.9,4,0.0,0.0,589376
2025-01-24 05:00:00,00000000270,20250124050000,0.055,0.0,0.062,0.0,0.0,0.0,1.0,0.0,112.73,4,0.0,0.0,589376
2025-01-24 06:00:00,00000000270,20250124060000,0.034,0.001,0.066,0.0,0.0,0.0,1.0,2.94,194.12,4,0.0,0.0,589376
2025-01-24 07:00:00,00000000270,20250124070000,0.06,0.001,0.06,0.0,0.0,0.0,1.0,1.67,100.0,4,0.0,0.0,589376
2025-01-24 08:00:00,00000000270,20250124080000,0.052,0.0,0.066,0.0,0.0,0.0,1.0,0.0,126.92,4,0.0,0.0,589376
2025-01-24 09:00:00,00000000270,20250124090000,0.096,0.001,0.061,0.0,0.0,0.0,1.0,1.04,63.54,4,0.0,0.0,589376
2025-01-24 10:00:00,00000000270,20250124100000,0.29,0.001,0.063,0.0,0.0,0.0,1.0,0.34,21.72,4,0.0,0.0,589376
2025-01-24 11:00:00,00000000270,20250124110000,0.82,0.004,0.02,0.0,0.0,0.0,1.0,0.49,2.44,4,0.0,0.0,589376
2025-01-24 12:00:00,00000000270,20250124120000,0.724,0.0,0.021,0.0,0.0,0.0,1.0,0.0,2.9,4,0.0,0.0,589376
2025-01-24 13:00:00,00000000270,20250124130000,0.683,0.004,0.018,0.0,0.0,0.0,1.0,0.59,2.64,4,0.0,0.0,589376
2025-01-24 14:00:00,00000000270,20250124140000,0.686,0.0,0.027,0.0,0.0,0.0,1.0,0.0,3.94,4,0.0,0.0,589376
2025-01-24 15:00:00,00000000270,20250124150000,0.512,0.003,0.029,0.0,0.0,0.0,1.0,0.59,5.66,4,0.0,0.0,589376
2025-01-24 16:00:00,00000000270,20250124160000,0.465,0.0,0.041,0.0,0.0,0.0,1.0,0.0,8.82,4,0.0,0.0,589376
2025-01-24 17:00:00,00000000270,20250124170000,1.117,0.001,0.03,0.0,0.0,0.0,1.0,0.09,2.69,4,0.0,0.0,589376
2025-01-24 18:00:00,00000000270,20250124180000,0.975,0.002,0.035,0.0,0.0,0.0,1.0,0.21,3.59,4,0.0,0.0,589376
2025-01-24 19:00:00,00000000270,20250124190000,0.353,0.001,0.046,0.0,0.0,0.0,1.0,0.28,13.03,4,0.0,0.0,589376
2025-01-24 20:00:00,00000000270,20250124200000,0.055,0.0,0.063,0.0,0.0,0.0,1.0,0.0,114.55,4,0.0,0.0,589376
2025-01-24 21:00:00,00000000270,20250124210000,0.064,0.0,0.058,0.0,0.0,0.0,1.0,0.0,90.62,4,0.0,0.0,589376
2025-01-24 22:00:00,00000000270,20250124220000,0.075,0.001,0.061,0.0,0.0,0.0,1.0,1.33,81.33,4,0.0,0.0,589376
2025-01-24 23:00:00,00000000270,20250124230000,0.062,0.0,0.061,0.0,0.0,0.0,1.0,0.0,98.39,4,0.0,0.0,589376
2025-01-25 00:00:00,00000000270,20250125000000,0.036,0.0,0.063,0.0,0.0,0.0,1.0,0.0,175.0,4,0.0,0.0,589376
2025-01-25 01:00:00,00000000270,20250125010000,0.053,0.001,0.064,0.0,0.0,0.0,1.0,1.89,120.75,4,0.0,0.0,589376
2025-01-25 02:00:00,00000000270,20250125020000,0.188,0.0,0.058,0.0,0.0,0.0,1.0,0.0,30.85,4,0.0,0.0,589376
2025-01-25 03:00:00,00000000270,20250125030000,0.648,0.003,0.035,0.0,0.0,0.0,1.0,0.46,5.4,4,0.0,0.0,589376
2025-01-25 04:00:00,00000000270,20250125040000,0.476,0.001,0.036,0.0,0.0,0.0,1.0,0.21,7.56,4,0.0,0.0,589376
2025-01-25 05:00:00,00000000270,20250125050000,0.455,0.002,0.039,0.0,0.0,0.0,1.0,0.44,8.57,4,0.0,0.0,589376
2025-01-25 06:00:00,00000000270,20250125060000,0.462,0.004,0.036,0.0,0.0,0.0,1.0,0.87,7.79,4,0.0,0.0,589376
2025-01-25 07:00:00,00000000270,20250125070000,0.449,0.001,0.04,0.0,0.0,0.0,1.0,0.22,8.91,4,0.0,0.0,589376
2025-01-25 08:00:00,00000000270,20250125080000,0.433,0.001,0.044,0.0,0.0,0.0,1.0,0.23,10.16,4,0.0,0.0,589376
2025-01-25 09:00:00,00000000270,20250125090000,0.424,0.003,0.041,0.0,0.0,0.0,1.0,0.71,9.67,4,0.0,0.0,589376
2025-01-25 10:00:00,00000000270,20250125100000,0.44,0.002,0.037,0.0,0.0,0.0,1.0,0.45,8.41,4,0.0,0.0,589376
2025-01-25 11:00:00,00000000270,20250125110000,0.438,0.001,0.042,0.0,0.0,0.0,1.0,0.23,9.59,4,0.0,0.0,589376
2025-01-25 12:00:00,00000000270,20250125120000,0.523,0.099,0.03,0.0,0.0,0.0,1.0,18.93,5.74,4,0.0,0.0,589376
2025-01-25 13:00:00,00000000270,20250125130000,0.078,0.049,0.047,0.0,0.0,0.0,1.0,62.82,60.26,4,0.0,0.0,589376
2025-01-25 14:00:00,00000000270,20250125140000,0.049,0.0,0.061,0.0,0.0,0.0,1.0,0.0,124.49,4,0.0,0.0,589376
2025-01-25 15:00:00,00000000270,20250125150000,0.096,0.001,0.066,0.0,0.0,0.0,1.0,1.04,68.75,4,0.0,0.0,589376
2025-01-25 16:00:00,00000000270,20250125160000,0.105,0.001,0.071,0.0,0.0,0.0,1.0,0.95,67.62,4,0.0,0.0,589376
2025-01-25 17:00:00,00000000270,20250125170000,0.093,0.0,0.065,0.0,0.0,0.0,1.0,0.0,69.89,4,0.0,0.0,589376
2025-01-25 18:00:00,00000000270,20250125180000,0.042,0.001,0.059,0.0,0.0,0.0,1.0,2.38,140.48,4,0.0,0.0,589376
2025-01-25 19:00:00,00000000270,20250125190000,0.817,0.0,0.036,0.0,0.0,0.0,1.0,0.0,4.41,4,0.0,0.0,589376
2025-01-25 20:00:00,00000000270,20250125200000,1.306,0.004,0.016,0.0,0.0,0.0,1.0,0.31,1.23,4,0.0,0.0,589376
2025-01-25 21:00:00,00000000270,20250125210000,0.877,0.003,0.017,0.0,0.0,0.0,1.0,0.34,1.94,4,0.0,0.0,589376
2025-01-25 22:00:00,00000000270,20250125220000,0.207,0.001,0.053,0.0,0.0,0.0,1.0,0.48,25.6,4,0.0,0.0,589376
2025-01-25 23:00:00,00000000270,20250125230000,0.479,0.0,0.052,0.0,0.0,0.0,1.0,0.0,10.86,4,0.0,0.0,589376
2025-01-26 00:00:00,00000000270,20250126000000,0.801,0.0,0.037,0.0,0.0,0.0,1.0,0.0,4.62,4,0.0,0.0,589376
2025-01-26 01:00:00,00000000270,20250126010000,0.455,0.002,0.038,0.0,0.0,0.0,1.0,0.44,8.35,4,0.0,0.0,589376
2025-01-26 02:00:00,00000000270,20250126020000,0.51,0.001,0.029,0.0,0.0,0.0,1.0,0.2,5.69,4,0.0,0.0,589376
2025-01-26 03:00:00,00000000270,20250126030000,0.451,0.004,0.03,0.0,0.0,0.0,1.0,0.89,6.65,4,0.0,0.0,589376
2025-01-26 04:00:00,00000000270,20250126040000,0.434,0.004,0.036,0.0,0.0,0.0,1.0,0.92,8.29,4,0.0,0.0,589376
2025-01-26 05:00:00,00000000270,20250126050000,0.503,0.001,0.032,0.0,0.0,0.0,1.0,0.2,6.36,4,0.0,0.0,589376
2025-01-26 06:00:00,00000000270,20250126060000,0.446,0.002,0.036,0.0,0.0,0.0,1.0,0.45,8.07,4,0.0,0.0,589376
2025-01-26 07:00:00,00000000270,20250126070000,0.463,0.001,0.043,0.0,0.0,0.0,1.0,0.22,9.29,4,0.0,0.0,589376
2025-01-26 08:00:00,00000000270,20250126080000,0.32,0.003,0.054,0.0,0.0,0.0,1.0,0.94,16.88,4,0.0,0.0,589376
2025-01-26 09:00:00,00000000270,20250126090000,0.049,0.001,0.062,0.0,0.0,0.0,1.0,2.04,126.53,4,0.0,0.0,589376
2025-01-26 10:00:00,00000000270,20250126100000,0.061,0.001,0.061,0.0,0.0,0.0,1.0,1.64,100.0,4,0.0,0.0,589376
2025-01-26 11:00:00,00000000270,20250126110000,0.062,0.001,0.061,0.0,0.0,0.0,1.0,1.61,98.39,4,0.0,0.0,589376
2025-01-26 12:00:00,00000000270,20250126120000,0.05,0.0,0.068,0.0,0.0,0.0,1.0,0.0,136.0,4,0.0,0.0,589376
2025-01-26 13:00:00,00000000270,20250126130000,0.041,0.001,0.062,0.0,0.0,0.0,1.0,2.44,151.22,4,0.0,0.0,589376
2025-01-26 14:00:00,00000000270,20250126140000,0.058,0.001,0.061,0.0,0.0,0.0,1.0,1.72,105.17,4,0.0,0.0,589376
2025-01-26 15:00:00,00000000270,20250126150000,0.063,0.001,0.062,0.0,0.0,0.0,1.0,1.59,98.41,4,0.0,0.0,589376
2025-01-26 16:00:00,00000000270,20250126160000,0.053,0.0,0.067,0.0,0.0,0.0,1.0,0.0,126.42,4,0.0,0.0,589376
2025-01-26 17:00:00,00000000270,20250126170000,0.05,0.001,0.061,0.0,0.0,0.0,1.0,2.0,122.0,4,0.0,0.0,589376
2025-01-26 18:00:00,00000000270,20250126180000,0.048,0.001,0.058,0.0,0.0,0.0,1.0,2.08,120.83,4,0.0,0.0,589376
2025-01-26 19:00:00,00000000270,20250126190000,0.06,0.0,0.056,0.0,0.0,0.0,1.0,0.0,93.33,4,0.0,0.0,589376
2025-01-26 20:00:00,00000000270,20250126200000,0.048,0.0,0.061,0.0,0.0,0.0,1.0,0.0,127.08,4,0.0,0.0,589376
2025-01-26 21:00:00,00000000270,20250126210000,0.153,0.008,0.053,0.0,0.0,0.0,1.0,5.23,34.64,4,0.0,0.0,589376
2025-01-26 22:00:00,00000000270,20250126220000,0.066,0.0,0.056,0.0,0.0,0.0,1.0,0.0,84.85,4,0.0,0.0,589376
2025-01-26 23:00:00,00000000270,20250126230000,0.052,0.001,0.064,0.0,0.0,0.0,1.0,1.92,123.08,4,0.0,0.0,589376
2025-01-27 00:00:00,00000000270,20250127000000,0.062,0.0,0.058,0.0,0.0,0.0,1.0,0.0,93.55,4,0.0,0.0,589376
2025-01-27 01:00:00,00000000270,20250127010000,0.051,0.001,0.067,0.0,0.0,0.0,1.0,1.96,131.37,4,0.0,0.0,589376
2025-01-27 02:00:00,00000000270,20250127020000,0.045,0.001,0.06,0.0,0.0,0.0,1.0,2.22,133.33,4,0.0,0.0,589376
2025-01-27 03:00:00,00000000270,20250127030000,0.056,0.0,0.061,0.0,0.0,0.0,1.0,0.0,108.93,4,0.0,0.0,589376
2025-01-27 04:00:00,00000000270,20250127040000,0.051,0.001,0.067,0.0,0.0,0.0,1.0,1.96,131.37,4,0.0,0.0,589376
2025-01-27 05:00:00,00000000270,20250127050000,0.063,0.001,0.06,0.0,0.0,0.0,1.0,1.59,95.24,4,0.0,0.0,589376
2025-01-27 06:00:00,00000000270,20250127060000,0.049,0.001,0.068,0.0,0.0,0.0,1.0,2.04,138.78,4,0.0,0.0,589376
2025-01-27 07:00:00,00000000270,20250127070000,0.045,0.0,0.06,0.0,0.0,0.0,1.0,0.0,133.33,4,0.0,0.0,589376
2025-01-27 08:00:00,00000000270,20250127080000,0.047,0.001,0.066,0.0,0.0,0.0,1.0,2.13,140.43,4,0.0,0.0,589376
2025-01-27 09:00:00,00000000270,20250127090000,0.114,0.001,0.057,0.0,0.0,0.0,1.0,0.88,50.0,4,0.0,0.0,589376
2025-01-27 10:00:00,00000000270,20250127100000,0.935,0.0,0.036,0.0,0.0,0.0,1.0,0.0,3.85,4,0.0,0.0,589376
2025-01-27 11:00:00,00000000270,20250127110000,0.8,0.003,0.02,0.0,0.0,0.0,1.0,0.38,2.5,4,0.0,0.0,589376
2025-01-27 12:00:00,00000000270,20250127120000,0.722,0.001,0.019,0.0,0.0,0.0,1.0,0.14,2.63,4,0.0,0.0,589376
2025-01-27 13:00:00,00000000270,20250127130000,0.685,0.003,0.01,0.0,0.0,0.0,1.0,0.44,1.46,4,0.0,0.0,589376
2025-01-27 14:00:00,00000000270,20250127140000,0.692,0.001,0.022,0.0,0.0,0.0,1.0,0.14,3.18,4,0.0,0.0,589376
2025-01-27 15:00:00,00000000270,20250127150000,0.647,0.002,0.02,0.0,0.0,0.0,1.0,0.31,3.09,4,0.0,0.0,589376
2025-01-27 16:00:00,00000000270,20250127160000,0.503,0.0,0.042,0.0,0.0,0.0,1.0,0.0,8.35,4,0.0,0.0,589376
2025-01-27 17:00:00,00000000270,20250127170000,1.462,0.001,0.024,0.0,0.0,0.0,1.0,0.07,1.64,4,0.0,0.0,589376
2025-01-27 18:00:00,00000000270,20250127180000,0.959,0.001,0.016,0.0,0.0,0.0,1.0,0.1,1.67,4,0.0,0.0,589376
2025-01-27 19:00:00,00000000270,20250127190000,0.566,0.003,0.027,0.0,0.0,0.0,1.0,0.53,4.77,4,0.0,0.0,589376
2025-01-27 20:00:00,00000000270,20250127200000,0.859,0.002,0.038,0.0,0.0,0.0,1.0,0.23,4.42,4,0.0,0.0,589376
2025-01-27 21:00:00,00000000270,20250127210000,0.05,0.001,0.059,0.0,0.0,0.0,1.0,2.0,118.0,4,0.0,0.0,589376
2025-01-27 22:00:00,00000000270,20250127220000,0.117,0.0,0.06,0.0,0.0,0.0,1.0,0.0,51.28,4,0.0,0.0,589376
2025-01-27 23:00:00,00000000270,20250127230000,0.111,0.001,0.056,0.0,0.0,0.0,1.0,0.9,50.45,4,0.0,0.0,589376
2025-01-28 00:00:00,00000000270,20250128000000,0.214,0.0,0.057,0.0,0.0,0.0,1.0,0.0,26.64,4,0.0,0.0,589376
2025-01-28 01:00:00,00000000270,20250128010000,0.908,0.001,0.035,0.0,0.0,0.0,1.0,0.11,3.85,4,0.0,0.0,589376
2025-01-28 02:00:00,00000000270,20250128020000,0.861,0.002,0.027,0.0,0.0,0.0,1.0,0.23,3.14,4,0.0,0.0,589376
2025-01-28 03:00:00,00000000270,20250128030000,0.801,0.002,0.031,0.0,0.0,0.0,1.0,0.25,3.87,4,0.0,0.0,589376
2025-01-28 04:00:00,00000000270,20250128040000,0.745,0.001,0.031,0.0,0.0,0.0,1.0,0.13,4.16,4,0.0,0.0,589376
2025-01-28 05:00:00,00000000270,20250128050000,0.715,0.001,0.034,0.0,0.0,0.0,1.0,0.14,4.76,4,0.0,0.0,589376
2025-01-28 06:00:00,00000000270,20250128060000,0.63,0.003,0.033,0.0,0.0,0.0,1.0,0.48,5.24,4,0.0,0.0,589376
2025-01-28 07:00:00,00000000270,20250128070000,0.6,0.002,0.032,0.0,0.0,0.0,1.0,0.33,5.33,4,0.0,0.0,589376
2025-01-28 08:00:00,00000000270,20250128080000,0.661,0.003,0.011,0.0,0.0,0.0,1.0,0.45,1.66,4,0.0,0.0,589376
2025-01-28 09:00:00,00000000270,20250128090000,0.66,0.003,0.017,0.0,0.0,0.0,1.0,0.45,2.58,4,0.0,0.0,589376
2025-01-28 10:00:00,00000000270,20250128100000,0.673,0.004,0.014,0.0,0.0,0.0,1.0,0.59,2.08,4,0.0,0.0,589376
2025-01-28 11:00:00,00000000270,20250128110000,0.658,0.002,0.017,0.0,0.0,0.0,1.0,0.3,2.58,4,0.0,0.0,589376
2025-01-28 12:00:00,00000000270,20250128120000,0.212,0.001,0.059,0.0,0.0,0.0,1.0,0.47,27.83,4,0.0,0.0,589376
2025-01-28 13:00:00,00000000270,20250128130000,0.065,0.0,0.064,0.0,0.0,0.0,1.0,0.0,98.46,4,0.0,0.0,589376
2025-01-28 14:00:00,00000000270,20250128140000,0.057,0.001,0.06,0.0,0.0,0.0,1.0,1.75,105.26,4,0.0,0.0,589376
2025-01-28 15:00:00,00000000270,20250128150000,0.058,0.0,0.062,0.0,0.0,0.0,1.0,0.0,106.9,4,0.0,0.0,589376
2025-01-28 16:00:00,00000000270,20250128160000,0.251,0.001,0.063,0.0,0.0,0.0,1.0,0.4,25.1,4,0.0,0.0,589376
2025-01-28 17:00:00,00000000270,20250128170000,0.081,0.001,0.062,0.0,0.0,0.0,1.0,1.23,76.54,4,0.0,0.0,589376
2025-01-28 18:00:00,00000000270,20250128180000,0.336,0.0,0.06,0.0,0.0,0.0,1.0,0.0,17.86,4,0.0,0.0,589376
2025-01-28 19:00:00,00000000270,20250128190000,0.884,0.001,0.059,0.0,0.0,0.0,1.0,0.11,6.67,4,0.0,0.0,589376
2025-01-28 20:00:00,00000000270,20250128200000,0.992,0.001,0.053,0.0,0.0,0.0,1.0,0.1,5.34,4,0.0,0.0,589376
2025-01-28 21:00:00,00000000270,20250128210000,0.429,0.001,0.058,0.0,0.0,0.0,1.0,0.23,13.52,4,0.0,0.0,589376
2025-01-28 22:00:00,00000000270,20250128220000,0.107,0.0,0.067,0.0,0.0,0.0,1.0,0.0,62.62,4,0.0,0.0,589376
2025-01-28 23:00:00,00000000270,20250128230000,0.085,0.001,0.069,0.0,0.0,0.0,1.0,1.18,81.18,4,0.0,0.0,589376
2025-01-29 00:00:00,00000000270,20250129000000,0.145,0.001,0.065,0.0,0.0,0.0,1.0,0.69,44.83,4,0.0,0.0,589376
2025-01-29 01:00:00,00000000270,20250129010000,0.082,0.0,0.064,0.0,0.0,0.0,1.0,0.0,78.05,4,0.0,0.0,589376
2025-01-29 02:00:00,00000000270,20250129020000,0.063,0.001,0.064,0.0,0.0,0.0,1.0,1.59,101.59,4,0.0,0.0,589376
2025-01-29 03:00:00,00000000270,20250129030000,0.066,0.001,0.063,0.0,0.0,0.0,1.0,1.52,95.45,4,0.0,0.0,589376
2025-01-29 04:00:00,00000000270,20250129040000,0.063,0.001,0.064,0.0,0.0,0.0,1.0,1.59,101.59,4,0.0,0.0,589376
2025-01-29 05:00:00,00000000270,20250129050000,0.05,0.0,0.065,0.0,0.0,0.0,1.0,0.0,130.0,4,0.0,0.0,589376
2025-01-29 06:00:00,00000000270,20250129060000,0.05,0.001,0.063,0.0,0.0,0.0,1.0,2.0,126.0,4,0.0,0.0,589376
2025-01-29 07:00:00,00000000270,20250129070000,0.067,0.001,0.065,0.0,0.0,0.0,1.0,1.49,97.01,4,0.0,0.0,589376
2025-01-29 08:00:00,00000000270,20250129080000,0.061,0.001,0.063,0.0,0.0,0.0,1.0,1.64,103.28,4,0.0,0.0,589376
2025-01-29 09:00:00,00000000270,20250129090000,0.063,0.0,0.061,0.0,0.0,0.0,1.0,0.0,96.83,4,0.0,0.0,589376
2025-01-29 10:00:00,00000000270,20250129100000,0.053,0.001,0.064,0.0,0.0,0.0,1.0,1.89,120.75,4,0.0,0.0,589376
2025-01-29 11:00:00,00000000270,20250129110000,0.045,0.001,0.063,0.0,0.0,0.0,1.0,2.22,140.0,4,0.0,0.0,589376
2025-01-29 12:00:00,00000000270,20250129120000,0.06,0.001,0.063,0.0,0.0,0.0,1.0,1.67,105.0,4,0.0,0.0,589376
2025-01-29 13:00:00,00000000270,20250129130000,0.061,0.001,0.063,0.0,0.0,0.0,1.0,1.64,103.28,4,0.0,0.0,589376
2025-01-29 14:00:00,00000000270,20250129140000,0.064,0.0,0.064,0.0,0.0,0.0,1.0,0.0,100.0,4,0.0,0.0,589376
2025-01-29 15:00:00,00000000270,20250129150000,0.052,0.001,0.064,0.0,0.0,0.0,1.0,1.92,123.08,4,0.0,0.0,589376
2025-01-29 16:00:00,00000000270,20250129160000,0.043,0.001,0.066,0.0,0.0,0.0,1.0,2.33,153.49,4,0.0,0.0,589376
2025-01-29 17:00:00,00000000270,20250129170000,0.062,0.001,0.064,0.0,0.0,0.0,1.0,1.61,103.23,4,0.0,0.0,589376
2025-01-29 18:00:00,00000000270,20250129180000,0.378,0.0,0.062,0.0,0.0,0.0,1.0,0.0,16.4,4,0.0,0.0,589376
2025-01-29 19:00:00,00000000270,20250129190000,1.296,0.001,0.061,0.0,0.0,0.0,1.0,0.08,4.71,4,0.0,0.0,589376
2025-01-29 20:00:00,00000000270,20250129200000,0.435,0.001,0.054,0.0,0.0,0.0,1.0,0.23,12.41,4,0.0,0.0,589376
2025-01-29 21:00:00,00000000270,20250129210000,0.849,0.001,0.029,0.0,0.0,0.0,1.0,0.12,3.42,4,0.0,0.0,589376
2025-01-29 22:00:00,00000000270,20250129220000,0.762,0.003,0.017,0.0,0.0,0.0,1.0,0.39,2.23,4,0.0,0.0,589376
2025-01-29 23:00:00,00000000270,20250129230000,0.715,0.004,0.021,0.0,0.0,0.0,1.0,0.56,2.94,4,0.0,0.0,589376
2025-01-30 00:00:00,00000000270,20250130000000,0.706,0.002,0.02,0.0,0.0,0.0,1.0,0.28,2.83,4,0.0,0.0,589376
2025-01-30 01:00:00,00000000270,20250130010000,0.697,0.003,0.013,0.0,0.0,0.0,1.0,0.43,1.87,4,0.0,0.0,589376
2025-01-30 02:00:00,00000000270,20250130020000,0.776,0.004,0.02,0.0,0.0,0.0,1.0,0.52,2.58,4,0.0,0.0,589376
2025-01-30 03:00:00,00000000270,20250130030000,0.723,0.002,0.028,0.0,0.0,0.0,1.0,0.28,3.87,4,0.0,0.0,589376
2025-01-30 04:00:00,00000000270,20250130040000,0.612,0.002,0.028,0.0,0.0,0.0,1.0,0.33,4.58,4,0.0,0.0,589376
2025-01-30 05:00:00,00000000270,20250130050000,0.508,0.002,0.033,0.0,0.0,0.0,1.0,0.39,6.5,4,0.0,0.0,589376
2025-01-30 06:00:00,00000000270,20250130060000,0.494,0.003,0.032,0.0,0.0,0.0,1.0,0.61,6.48,4,0.0,0.0,589376
2025-01-30 07:00:00,00000000270,20250130070000,0.259,0.001,0.05,0.0,0.0,0.0,1.0,0.39,19.31,4,0.0,0.0,589376
2025-01-30 08:00:00,00000000270,20250130080000,0.05,0.0,0.065,0.0,0.0,0.0,1.0,0.0,130.0,4,0.0,0.0,589376
2025-01-30 09:00:00,00000000270,20250130090000,0.054,0.001,0.059,0.0,0.0,0.0,1.0,1.85,109.26,4,0.0,0.0,589376
2025-01-30 10:00:00,00000000270,20250130100000,0.059,0.001,0.062,0.0,0.0,0.0,1.0,1.69,105.08,4,0.0,0.0,589376
2025-01-30 11:00:00,00000000270,20250130110000,0.061,0.001,0.063,0.0,0.0,0.0,1.0,1.64,103.28,4,0.0,0.0,589376
2025-01-30 12:00:00,00000000270,20250130120000,0.062,0.001,0.064,0.0,0.0,0.0,1.0,1.61,103.23,4,0.0,0.0,589376
2025-01-30 13:00:00,00000000270,20250130130000,0.065,0.0,0.061,0.0,0.0,0.0,1.0,0.0,93.85,4,0.0,0.0,589376
2025-01-30 14:00:00,00000000270,20250130140000,0.05,0.001,0.063,0.0,0.0,0.0,1.0,2.0,126.0,4,0.0,0.0,589376
2025-01-30 15:00:00,00000000270,20250130150000,0.051,0.001,0.065,0.0,0.0,0.0,1.0,1.96,127.45,4,0.0,0.0,589376
2025-01-30 16:00:00,00000000270,20250130160000,0.062,0.001,0.063,0.0,0.0,0.0,1.0,1.61,101.61,4,0.0,0.0,589376
2025-01-30 17:00:00,00000000270,20250130170000,0.073,0.001,0.066,0.0,0.0,0.0,1.0,1.37,90.41,4,0.0,0.0,589376
2025-01-30 18:00:00,00000000270,20250130180000,0.117,0.0,0.061,0.0,0.0,0.0,1.0,0.0,52.14,4,0.0,0.0,589376
2025-01-30 19:00:00,00000000270,20250130190000,0.093,0.001,0.063,0.0,0.0,0.0,1.0,1.08,67.74,4,0.0,0.0,589376
2025-01-30 20:00:00,00000000270,20250130200000,0.045,0.0,0.061,0.0,0.0,0.0,1.0,0.0,135.56,4,0.0,0.0,589376
2025-01-30 21:00:00,00000000270,20250130210000,0.052,0.001,0.061,0.0,0.0,0.0,1.0,1.92,117.31,4,0.0,0.0,589376
2025-01-30 22:00:00,00000000270,20250130220000,0.06,0.001,0.062,0.0,0.0,0.0,1.0,1.67,103.33,4,0.0,0.0,589376
2025-01-30 23:00:00,00000000270,20250130230000,0.061,0.0,0.061,0.0,0.0,0.0,1.0,0.0,100.0,4,0.0,0.0,589376
2025-01-31 00:00:00,00000000270,20250131000000,0.067,0.001,0.061,0.0,0.0,0.0,1.0,1.49,91.04,4,0.0,0.0,589376
2025-01-31 01:00:00,00000000270,20250131010000,0.058,0.001,0.062,0.0,0.0,0.0,1.0,1.72,106.9,4,0.0,0.0,589376
2025-01-31 02:00:00,00000000270,20250131020000,0.047,0.001,0.066,0.0,0.0,0.0,1.0,2.13,140.43,4,0.0,0.0,589376
2025-01-31 03:00:00,00000000270,20250131030000,0.13,0.0,0.064,0.0,0.0,0.0,1.0,0.0,49.23,4,0.0,0.0,589376
2025-01-31 04:00:00,00000000270,20250131040000,0.103,0.001,0.059,0.0,0.0,0.0,1.0,0.97,57.28,4,0.0,0.0,589376
2025-01-31 05:00:00,00000000270,20250131050000,0.062,0.001,0.063,0.0,0.0,0.0,1.0,1.61,101.61,4,0.0,0.0,589376
2025-01-31 06:00:00,00000000270,20250131060000,0.054,0.001,0.063,0.0,0.0,0.0,1.0,1.85,116.67,4,0.0,0.0,589376
2025-01-31 07:00:00,00000000270,20250131070000,0.061,0.001,0.069,0.0,0.0,0.0,1.0,1.64,113.11,4,0.0,0.0,589376
2025-01-31 08:00:00,00000000270,20250131080000,0.057,0.0,0.062,0.0,0.0,0.0,1.0,0.0,108.77,4,0.0,0.0,589376
2025-01-31 09:00:00,00000000270,20250131090000,0.061,0.001,0.061,0.0,0.0,0.0,1.0,1.64,100.0,4,0.0,0.0,589376
2025-01-31 10:00:00,00000000270,20250131100000,0.061,0.001,0.06,0.0,0.0,0.0,1.0,1.64,98.36,4,0.0,0.0,589376
2025-01-31 11:00:00,00000000270,20250131110000,0.059,0.001,0.062,0.0,0.0,0.0,1.0,1.69,105.08,4,0.0,0.0,589376
2025-01-31 12:00:00,00000000270,20250131120000,0.056,0.001,0.061,0.0,0.0,0.0,1.0,1.79,108.93,4,0.0,0.0,589376
2025-01-31 13:00:00,00000000270,20250131130000,0.049,0.0,0.063,0.0,0.0,0.0,1.0,0.0,128.57,4,0.0,0.0,589376
2025-01-31 14:00:00,00000000270,20250131140000,0.055,0.001,0.063,0.0,0.0,0.0,1.0,1.82,114.55,4,0.0,0.0,589376
2025-01-31 15:00:00,00000000270,20250131150000,0.062,0.001,0.062,0.0,0.0,0.0,1.0,1.61,100.0,4,0.0,0.0,589376
2025-01-31 16:00:00,00000000270,20250131160000,0.062,0.001,0.062,0.0,0.0,0.0,1.0,1.61,100.0,4,0.0,0.0,589376
2025-01-31 17:00:00,00000000270,20250131170000,0.062,0.001,0.063,0.0,0.0,0.0,1.0,1.61,101.61,4,0.0,0.0,589376
2025-01-31 18:00:00,00000000270,20250131180000,0.094,0.078,0.048,0.0,0.0,0.0,1.0,82.98,51.06,4,0.0,0.0,589376
2025-01-31 19:00:00,00000000270,20250131190000,0.902,0.035,0.057,0.0,0.0,0.0,1.0,3.88,6.32,4,0.0,0.0,589376
2025-01-31 20:00:00,00000000270,20250131200000,0.213,0.001,0.066,0.0,0.0,0.0,1.0,0.47,30.99,4,0.0,0.0,589376
2025-01-31 21:00:00,00000000270,20250131210000,1.089,0.001,0.051,0.0,0.0,0.0,1.0,0.09,4.68,4,0.0,0.0,589376
2025-01-31 22:00:00,00000000270,20250131220000,0.068,0.0,0.06,0.0,0.0,0.0,1.0,0.0,88.24,4,0.0,0.0,589376
2025-01-31 23:00:00,00000000270,20250131230000,0.061,0.001,0.062,0.0,0.0,0.0,1.0,1.64,101.64,4,0.0,0.0,589376
2025-02-01 00:00:00,00000000270,20250201000000,0.063,0.001,0.063,0.0,0.0,0.0,1.0,1.59,100.0,4,0.0,0.0,589376
2025-02-01 01:00:00,00000000270,20250201010000,0.079,0.001,0.067,0.0,0.0,0.0,1.0,1.27,84.81,4,0.0,0.0,589376
2025-02-01 02:00:00,00000000270,20250201020000,0.065,0.0,0.063,0.0,0.0,0.0,1.0,0.0,96.92,4,0.0,0.0,589376
2025-02-01 03:00:00,00000000270,20250201030000,0.063,0.001,0.064,0.0,0.0,0.0,1.0,1.59,101.59,4,0.0,0.0,589376
2025-02-01 04:00:00,00000000270,20250201040000,0.064,0.001,0.063,0.0,0.0,0.0,1.0,1.56,98.44,4,0.0,0.0,589376
2025-02-01 05:00:00,00000000270,20250201050000,0.142,0.001,0.064,0.0,0.0,0.0,1.0,0.7,45.07,4,0.0,0.0,589376
2025-02-01 06:00:00,00000000270,20250201060000,0.073,0.001,0.064,0.0,0.0,0.0,1.0,1.37,87.67,4,0.0,0.0,589376
2025-02-01 07:00:00,00000000270,20250201070000,0.058,0.0,0.067,0.0,0.0,0.0,1.0,0.0,115.52,4,0.0,0.0,589376
2025-02-01 08:00:00,00000000270,20250201080000,0.061,0.001,0.063,0.0,0.0,0.0,1.0,1.64,103.28,4,0.0,0.0,589376
2025-02-01 09:00:00,00000000270,20250201090000,0.063,0.001,0.062,0.0,0.0,0.0,1.0,1.59,98.41,4,0.0,0.0,589376
2025-02-01 10:00:00,00000000270,20250201100000,0.059,0.001,0.063,0.0,0.0,0.0,1.0,1.69,106.78,4,0.0,0.0,589376
2025-02-01 11:00:00,00000000270,20250201110000,0.048,0.0,0.062,0.0,0.0,0.0,1.0,0.0,129.17,4,0.0,0.0,589376
2025-02-01 12:00:00,00000000270,20250201120000,0.195,0.001,0.072,0.0,0.0,0.0,1.0,0.51,36.92,4,0.0,0.0,589376
2025-02-01 13:00:00,00000000270,20250201130000,0.451,0.001,0.067,0.0,0.0,0.0,1.0,0.22,14.86,4,0.0,0.0,589376
2025-02-01 14:00:00,00000000270,20250201140000,0.156,0.001,0.068,0.0,0.0,0.0,1.0,0.64,43.59,4,0.0,0.0,589376
2025-02-01 15:00:00,00000000270,20250201150000,0.109,0.001,0.067,0.0,0.0,0.0,1.0,0.92,61.47,4,0.0,0.0,589376
2025-02-01 16:00:00,00000000270,20250201160000,0.098,0.0,0.066,0.0,0.0,0.0,1.0,0.0,67.35,4,0.0,0.0,589376
2025-02-01 17:00:00,00000000270,20250201170000,0.088,0.001,0.066,0.0,0.0,0.0,1.0,1.14,75.0,4,0.0,0.0,589376
2025-02-01 18:00:00,00000000270,20250201180000,0.878,0.001,0.064,0.0,0.0,0.0,1.0,0.11,7.29,4,0.0,0.0,589376
2025-02-01 19:00:00,00000000270,20250201190000,0.083,0.0,0.063,0.0,0.0,0.0,1.0,0.0,75.9,4,0.0,0.0,589376
2025-02-01 20:00:00,00000000270,20250201200000,0.074,0.001,0.06,0.0,0.0,0.0,1.0,1.35,81.08,4,0.0,0.0,589376
2025-02-01 21:00:00,00000000270,20250201210000,0.06,0.0,0.059,0.0,0.0,0.0,1.0,0.0,98.33,4,0.0,0.0,589376
2025-02-01 22:00:00,00000000270,20250201220000,0.061,0.001,0.06,0.0,0.0,0.0,1.0,1.64,98.36,4,0.0,0.0,589376
2025-02-01 23:00:00,00000000270,20250201230000,0.072,0.001,0.06,0.0,0.0,0.0,1.0,1.39,83.33,4,0.0,0.0,589376
2025-02-02 00:00:00,00000000270,20250202000000,0.162,0.0,0.058,0.0,0.0,0.0,1.0,0.0,35.8,4,0.0,0.0,589376
2025-02-02 01:00:00,00000000270,20250202010000,0.055,0.001,0.067,0.0,0.0,0.0,1.0,1.82,121.82,4,0.0,0.0,589376
2025-02-02 02:00:00,00000000270,20250202020000,0.072,0.001,0.064,0.0,0.0,0.0,1.0,1.39,88.89,4,0.0,0.0,589376
2025-02-02 03:00:00,00000000270,20250202030000,0.064,0.001,0.065,0.0,0.0,0.0,1.0,1.56,101.56,4,0.0,0.0,589376
2025-02-02 04:00:00,00000000270,20250202040000,0.183,0.0,0.063,0.0,0.0,0.0,1.0,0.0,34.43,4,0.0,0.0,589376
2025-02-02 05:00:00,00000000270,20250202050000,0.838,0.002,0.032,0.0,0.0,0.0,1.0,0.24,3.82,4,0.0,0.0,589376
2025-02-02 06:00:00,00000000270,20250202060000,0.778,0.002,0.02,0.0,0.0,0.0,1.0,0.26,2.57,4,0.0,0.0,589376
2025-02-02 07:00:00,00000000270,20250202070000,0.724,0.002,0.014,0.0,0.0,0.0,1.0,0.28,1.93,4,0.0,0.0,589376
2025-02-02 08:00:00,00000000270,20250202080000,0.695,0.002,0.022,0.0,0.0,0.0,1.0,0.29,3.17,4,0.0,0.0,589376
2025-02-02 09:00:00,00000000270,20250202090000,0.681,0.003,0.026,0.0,0.0,0.0,1.0,0.44,3.82,4,0.0,0.0,589376
2025-02-02 10:00:00,00000000270,20250202100000,0.426,0.001,0.033,0.0,0.0,0.0,1.0,0.23,7.75,4,0.0,0.0,589376
2025-02-02 11:00:00,00000000270,20250202110000,0.054,0.001,0.066,0.0,0.0,0.0,1.0,1.85,122.22,4,0.0,0.0,589376
2025-02-02 12:00:00,00000000270,20250202120000,0.062,0.001,0.062,0.0,0.0,0.0,1.0,1.61,100.0,4,0.0,0.0,589376
2025-02-02 13:00:00,00000000270,20250202130000,0.068,0.001,0.064,0.0,0.0,0.0,1.0,1.47,94.12,4,0.0,0.0,589376
2025-02-02 14:00:00,00000000270,20250202140000,0.051,0.001,0.064,0.0,0.0,0.0,1.0,1.96,125.49,4,0.0,0.0,589376
2025-02-02 15:00:00,00000000270,20250202150000,0.078,0.0,0.069,0.0,0.0,0.0,1.0,0.0,88.46,4,0.0,0.0,589376
2025-02-02 16:00:00,00000000270,20250202160000,0.123,0.001,0.072,0.0,0.0,0.0,1.0,0.81,58.54,4,0.0,0.0,589376
2025-02-02 17:00:00,00000000270,20250202170000,0.103,0.001,0.069,0.0,0.0,0.0,1.0,0.97,66.99,4,0.0,0.0,589376
2025-02-02 18:00:00,00000000270,20250202180000,0.636,0.001,0.061,0.0,0.0,0.0,1.0,0.16,9.59,4,0.0,0.0,589376
2025-02-02 19:00:00,00000000270,20250202190000,0.182,0.001,0.052,0.0,0.0,0.0,1.0,0.55,28.57,4,0.0,0.0,589376
2025-02-02 20:00:00,00000000270,20250202200000,0.465,0.003,0.056,0.0,0.0,0.0,1.0,0.65,12.04,4,0.0,0.0,589376
2025-02-02 21:00:00,00000000270,20250202210000,0.214,0.009,0.005,0.0,0.0,0.0,1.0,4.21,2.34,4,0.0,0.0,589376
2025-02-02 22:00:00,00000000270,20250202220000,0.18,0.018,0.001,0.0,0.0,0.0,1.0,10.0,0.56,4,0.0,0.0,589376
2025-02-02 23:00:00,00000000270,20250202230000,0.138,0.021,0.004,0.0,0.0,0.0,1.0,15.22,2.9,4,0.0,0.0,589376
2025-02-03 00:00:00,00000000270,20250203000000,0.06,0.0,0.063,0.0,0.0,0.0,1.0,0.0,105.0,4,0.0,0.0,589376
2025-02-03 01:00:00,00000000270,20250203010000,0.062,0.001,0.064,0.0,0.0,0.0,1.0,1.61,103.23,4,0.0,0.0,589376
2025-02-03 02:00:00,00000000270,20250203020000,0.06,0.001,0.065,0.0,0.0,0.0,1.0,1.67,108.33,4,0.0,0.0,589376
2025-02-03 03:00:00,00000000270,20250203030000,0.06,0.001,0.066,0.0,0.0,0.0,1.0,1.67,110.0,4,0.0,0.0,589376
2025-02-03 04:00:00,00000000270,20250203040000,0.048,0.001,0.071,0.0,0.0,0.0,1.0,2.08,147.92,4,0.0,0.0,589376
2025-02-03 05:00:00,00000000270,20250203050000,0.068,0.0,0.064,0.0,0.0,0.0,1.0,0.0,94.12,4,0.0,0.0,589376
2025-02-03 06:00:00,00000000270,20250203060000,0.068,0.001,0.064,0.0,0.0,0.0,1.0,1.47,94.12,4,0.0,0.0,589376
2025-02-03 07:00:00,00000000270,20250203070000,0.067,0.001,0.062,0.0,0.0,0.0,1.0,1.49,92.54,4,0.0,0.0,589376
2025-02-03 08:00:00,00000000270,20250203080000,0.054,0.001,0.068,0.0,0.0,0.0,1.0,1.85,125.93,4,0.0,0.0,589376
2025-02-03 09:00:00,00000000270,20250203090000,0.076,0.004,0.046,0.0,0.0,0.0,1.0,5.26,60.53,4,0.0,0.0,589376
2025-02-03 10:00:00,00000000270,20250203100000,0.103,0.001,0.066,0.0,0.0,0.0,1.0,0.97,64.08,4,0.0,0.0,589376
2025-02-03 11:00:00,00000000270,20250203110000,0.096,0.001,0.069,0.0,0.0,0.0,1.0,1.04,71.88,4,0.0,0.0,589376
2025-02-03 12:00:00,00000000270,20250203120000,0.102,0.0,0.063,0.0,0.0,0.0,1.0,0.0,61.76,4,0.0,0.0,589376
2025-02-03 13:00:00,00000000270,20250203130000,0.144,0.001,0.058,0.0,0.0,0.0,1.0,0.69,40.28,4,0.0,0.0,589376
2025-02-03 14:00:00,00000000270,20250203140000,0.086,0.001,0.061,0.0,0.0,0.0,1.0,1.16,70.93,4,0.0,0.0,589376
2025-02-03 15:00:00,00000000270,20250203150000,0.066,0.001,0.058,0.0,0.0,0.0,1.0,1.52,87.88,4,0.0,0.0,589376
2025-02-03 16:00:00,00000000270,20250203160000,0.064,0.0,0.059,0.0,0.0,0.0,1.0,0.0,92.19,4,0.0,0.0,589376
2025-02-03 17:00:00,00000000270,20250203170000,0.278,0.001,0.061,0.0,0.0,0.0,1.0,0.36,21.94,4,0.0,0.0,589376
2025-02-03 18:00:00,00000000270,20250203180000,0.86,0.003,0.051,0.0,0.0,0.0,1.0,0.35,5.93,4,0.0,0.0,589376
2025-02-03 19:00:00,00000000270,20250203190000,1.513,0.053,0.006,0.0,0.0,0.0,1.0,3.5,0.4,4,0.0,0.0,589376
2025-02-03 20:00:00,00000000270,20250203200000,0.805,0.056,0.0,0.0,0.0,0.0,1.0,6.96,0.0,4,0.0,0.0,589376
2025-02-03 21:00:00,00000000270,20250203210000,0.624,0.053,0.0,0.0,0.0,0.0,1.0,8.49,0.0,4,0.0,0.0,589376
2025-02-03 22:00:00,00000000270,20250203220000,0.681,0.049,0.0,0.0,0.0,0.0,1.0,7.2,0.0,4,0.0,0.0,589376
2025-02-03 23:00:00,00000000270,20250203230000,0.586,0.004,0.028,0.0,0.0,0.0,1.0,0.68,4.78,4,0.0,0.0,589376
2025-02-04 00:00:00,00000000270,20250204000000,0.299,0.001,0.046,0.0,0.0,0.0,1.0,0.33,15.38,4,0.0,0.0,589376
2025-02-04 01:00:00,00000000270,20250204010000,0.056,0.0,0.065,0.0,0.0,0.0,1.0,0.0,116.07,4,0.0,0.0,589376
2025-02-04 02:00:00,00000000270,20250204020000,0.066,0.001,0.064,0.0,0.0,0.0,1.0,1.52,96.97,4,0.0,0.0,589376
2025-02-04 03:00:00,00000000270,20250204030000,0.066,0.001,0.063,0.0,0.0,0.0,1.0,1.52,95.45,4,0.0,0.0,589376
2025-02-04 04:00:00,00000000270,20250204040000,0.066,0.001,0.064,0.0,0.0,0.0,1.0,1.52,96.97,4,0.0,0.0,589376
2025-02-04 05:00:00,00000000270,20250204050000,0.052,0.001,0.069,0.0,0.0,0.0,1.0,1.92,132.69,4,0.0,0.0,589376
2025-02-04 06:00:00,00000000270,20250204060000,0.06,0.0,0.062,0.0,0.0,0.0,1.0,0.0,103.33,4,0.0,0.0,589376
2025-02-04 07:00:00,00000000270,20250204070000,0.061,0.001,0.064,0.0,0.0,0.0,1.0,1.64,104.92,4,0.0,0.0,589376
2025-02-04 08:00:00,00000000270,20250204080000,0.153,0.001,0.058,0.0,0.0,0.0,1.0,0.65,37.91,4,0.0,0.0,589376
2025-02-04 09:00:00,00000000270,20250204090000,0.065,0.001,0.064,0.0,0.0,0.0,1.0,1.54,98.46,4,0.0,0.0,589376
2025-02-04 10:00:00,00000000270,20250204100000,0.116,0.0,0.062,0.0,0.0,0.0,1.0,0.0,53.45,4,0.0,0.0,589376
2025-02-04 11:00:00,00000000270,20250204110000,0.113,0.001,0.064,0.0,0.0,0.0,1.0,0.88,56.64,4,0.0,0.0,589376
2025-02-04 12:00:00,00000000270,20250204120000,0.099,0.001,0.07,0.0,0.0,0.0,1.0,1.01,70.71,4,0.0,0.0,589376
2025-02-04 13:00:00,00000000270,20250204130000,0.067,0.001,0.058,0.0,0.0,0.0,1.0,1.49,86.57,4,0.0,0.0,589376
2025-02-04 14:00:00,00000000270,20250204140000,0.073,0.001,0.061,0.0,0.0,0.0,1.0,1.37,83.56,4,0.0,0.0,589376
2025-02-04 15:00:00,00000000270,20250204150000,0.042,0.0,0.064,0.0,0.0,0.0,1.0,0.0,152.38,4,0.0,0.0,589376
2025-02-04 16:00:00,00000000270,20250204160000,0.062,0.001,0.056,0.0,0.0,0.0,1.0,1.61,90.32,4,0.0,0.0,589376
2025-02-04 17:00:00,00000000270,20250204170000,0.192,0.001,0.058,0.0,0.0,0.0,1.0,0.52,30.21,4,0.0,0.0,589376
2025-02-04 18:00:00,00000000270,20250204180000,0.127,0.001,0.073,0.0,0.0,0.0,1.0,0.79,57.48,4,0.0,0.0,589376
2025-02-04 19:00:00,00000000270,20250204190000,0.109,0.019,0.0,0.0,0.0,0.0,1.0,17.43,0.0,4,0.0,0.0,589376
2025-02-04 20:00:00,00000000270,20250204200000,0.09,0.014,0.0,0.0,0.0,0.0,1.0,15.56,0.0,4,0.0,0.0,589376
2025-02-04 21:00:00,00000000270,20250204210000,0.159,0.018,0.0,0.0,0.0,0.0,1.0,11.32,0.0,4,0.0,0.0,589376
2025-02-04 22:00:00,00000000270,20250204220000,0.773,0.046,0.0,0.0,0.0,0.0,1.0,5.95,0.0,4,0.0,0.0,589376
2025-02-04 23:00:00,00000000270,20250204230000,0.67,0.023,0.012,0.0,0.0,0.0,1.0,3.43,1.79,4,0.0,0.0,589376
2025-02-05 00:00:00,00000000270,20250205000000,0.638,0.002,0.011,0.0,0.0,0.0,1.0,0.31,1.72,4,0.0,0.0,589376
2025-02-05 01:00:00,00000000270,20250205010000,0.622,0.001,0.019,0.0,0.0,0.0,1.0,0.16,3.05,4,0.0,0.0,589376
2025-02-05 02:00:00,00000000270,20250205020000,0.632,0.003,0.012,0.0,0.0,0.0,1.0,0.47,1.9,4,0.0,0.0,589376
2025-02-05 03:00:00,00000000270,20250205030000,0.607,0.005,0.006,0.0,0.0,0.0,1.0,0.82,0.99,4,0.0,0.0,589376
2025-02-05 04:00:00,00000000270,20250205040000,0.7,0.006,0.007,0.0,0.0,0.0,1.0,0.86,1.0,4,0.0,0.0,589376
2025-02-05 05:00:00,00000000270,20250205050000,0.636,0.011,0.006,0.0,0.0,0.0,1.0,1.73,0.94,4,0.0,0.0,589376
2025-02-05 06:00:00,00000000270,20250205060000,0.618,0.002,0.018,0.0,0.0,0.0,1.0,0.32,2.91,4,0.0,0.0,589376
2025-02-05 07:00:00,00000000270,20250205070000,0.486,0.001,0.03,0.0,0.0,0.0,1.0,0.21,6.17,4,0.0,0.0,589376
2025-02-05 08:00:00,00000000270,20250205080000,0.06,0.001,0.058,0.0,0.0,0.0,1.0,1.67,96.67,4,0.0,0.0,589376
2025-02-05 09:00:00,00000000270,20250205090000,0.07,0.001,0.06,0.0,0.0,0.0,1.0,1.43,85.71,4,0.0,0.0,589376
2025-02-05 10:00:00,00000000270,20250205100000,0.08,0.0,0.066,0.0,0.0,0.0,1.0,0.0,82.5,4,0.0,0.0,589376
2025-02-05 11:00:00,00000000270,20250205110000,0.051,0.0,0.061,0.0,0.0,0.0,1.0,0.0,119.61,4,0.0,0.0,589376
2025-02-05 12:00:00,00000000270,20250205120000,0.06,0.001,0.056,0.0,0.0,0.0,1.0,1.67,93.33,4,0.0,0.0,589376
2025-02-05 13:00:00,00000000270,20250205130000,0.39,0.0,0.057,0.0,0.0,0.0,1.0,0.0,14.62,4,0.0,0.0,589376
2025-02-05 14:00:00,00000000270,20250205140000,0.702,0.002,0.02,0.0,0.0,0.0,1.0,0.28,2.85,4,0.0,0.0,589376
2025-02-05 15:00:00,00000000270,20250205150000,0.66,0.0,0.03,0.0,0.0,0.0,1.0,0.0,4.55,4,0.0,0.0,589376
2025-02-05 16:00:00,00000000270,20250205160000,0.74,0.007,0.019,0.0,0.0,0.0,1.0,0.95,2.57,4,0.0,0.0,589376
2025-02-05 17:00:00,00000000270,20250205170000,0.736,0.001,0.031,0.0,0.0,0.0,1.0,0.14,4.21,4,0.0,0.0,589376
2025-02-05 18:00:00,00000000270,20250205180000,0.851,0.012,0.015,0.0,0.0,0.0,1.0,1.41,1.76,4,0.0,0.0,589376
2025-02-05 19:00:00,00000000270,20250205190000,1.247,0.069,0.0,0.0,0.0,0.0,1.0,5.53,0.0,4,0.0,0.0,589376
2025-02-05 20:00:00,00000000270,20250205200000,0.475,0.042,0.0,0.0,0.0,0.0,1.0,8.84,0.0,4,0.0,0.0,589376
2025-02-05 21:00:00,00000000270,20250205210000,0.102,0.02,0.0,0.0,0.0,0.0,1.0,19.61,0.0,4,0.0,0.0,589376
2025-02-05 22:00:00,00000000270,20250205220000,0.108,0.013,0.0,0.0,0.0,0.0,1.0,12.04,0.0,4,0.0,0.0,589376
2025-02-05 23:00:00,00000000270,20250205230000,0.113,0.023,0.004,0.0,0.0,0.0,1.0,20.35,3.54,4,0.0,0.0,589376
2025-02-06 00:00:00,00000000270,20250206000000,0.136,0.001,0.06,0.0,0.0,0.0,1.0,0.74,44.12,4,0.0,0.0,589376
2025-02-06 01:00:00,00000000270,20250206010000,0.088,0.0,0.061,0.0,0.0,0.0,1.0,0.0,69.32,4,0.0,0.0,589376
2025-02-06 02:00:00,00000000270,20250206020000,0.69,0.001,0.051,0.0,0.0,0.0,1.0,0.14,7.39,4,0.0,0.0,589376
2025-02-06 03:00:00,00000000270,20250206030000,0.855,0.0,0.027,0.0,0.0,0.0,1.0,0.0,3.16,4,0.0,0.0,589376
2025-02-06 04:00:00,00000000270,20250206040000,0.664,0.005,0.014,0.0,0.0,0.0,1.0,0.75,2.11,4,0.0,0.0,589376
2025-02-06 05:00:00,00000000270,20250206050000,0.641,0.004,0.016,0.0,0.0,0.0,1.0,0.62,2.5,4,0.0,0.0,589376
2025-02-06 06:00:00,00000000270,20250206060000,0.65,0.003,0.018,0.0,0.0,0.0,1.0,0.46,2.77,4,0.0,0.0,589376
2025-02-06 07:00:00,00000000270,20250206070000,0.652,0.001,0.024,0.0,0.0,0.0,1.0,0.15,3.68,4,0.0,0.0,589376
2025-02-06 08:00:00,00000000270,20250206080000,0.649,0.001,0.023,0.0,0.0,0.0,1.0,0.15,3.54,4,0.0,0.0,589376
2025-02-06 09:00:00,00000000270,20250206090000,0.678,0.004,0.02,0.0,0.0,0.0,1.0,0.59,2.95,4,0.0,0.0,589376
2025-02-06 10:00:00,00000000270,20250206100000,0.468,0.002,0.039,0.0,0.0,0.0,1.0,0.43,8.33,4,0.0,0.0,589376
2025-02-06 11:00:00,00000000270,20250206110000,0.549,0.002,0.05,0.0,0.0,0.0,1.0,0.36,9.11,4,0.0,0.0,589376
2025-02-06 12:00:00,00000000270,20250206120000,1.256,0.0,0.028,0.0,0.0,0.0,1.0,0.0,2.23,4,0.0,0.0,589376
2025-02-06 13:00:00,00000000270,20250206130000,2.806,0.002,0.027,0.0,0.0,0.0,1.0,0.07,0.96,4,0.0,0.0,589376
2025-02-06 14:00:00,00000000270,20250206140000,0.396,0.0,0.052,0.0,0.0,0.0,1.0,0.0,13.13,4,0.0,0.0,589376
2025-02-06 15:00:00,00000000270,20250206150000,0.054,0.001,0.058,0.0,0.0,0.0,1.0,1.85,107.41,4,0.0,0.0,589376
2025-02-06 16:00:00,00000000270,20250206160000,0.057,0.0,0.06,0.0,0.0,0.0,1.0,0.0,105.26,4,0.0,0.0,589376
2025-02-06 17:00:00,00000000270,20250206170000,0.083,0.0,0.064,0.0,0.0,0.0,1.0,0.0,77.11,4,0.0,0.0,589376
2025-02-06 18:00:00,00000000270,20250206180000,0.104,0.006,0.046,0.0,0.0,0.0,1.0,5.77,44.23,4,0.0,0.0,589376
2025-02-06 19:00:00,00000000270,20250206190000,0.586,0.032,0.002,0.0,0.0,0.0,1.0,5.46,0.34,4,0.0,0.0,589376
2025-02-06 20:00:00,00000000270,20250206200000,0.949,0.051,0.0,0.0,0.0,0.0,1.0,5.37,0.0,4,0.0,0.0,589376
2025-02-06 21:00:00,00000000270,20250206210000,1.15,0.063,0.0,0.0,0.0,0.0,1.0,5.48,0.0,4,0.0,0.0,589376
2025-02-06 22:00:00,00000000270,20250206220000,0.856,0.066,0.0,0.0,0.0,0.0,1.0,7.71,0.0,4,0.0,0.0,589376
2025-02-06 23:00:00,00000000270,20250206230000,0.756,0.055,0.0,0.0,0.0,0.0,1.0,7.28,0.0,4,0.0,0.0,589376
2025-02-07 00:00:00,00000000270,20250207000000,0.699,0.017,0.009,0.0,0.0,0.0,1.0,2.43,1.29,4,0.0,0.0,589376
2025-02-07 01:00:00,00000000270,20250207010000,0.649,0.002,0.02,0.0,0.0,0.0,1.0,0.31,3.08,4,0.0,0.0,589376
2025-02-07 02:00:00,00000000270,20250207020000,0.634,0.002,0.015,0.0,0.0,0.0,1.0,0.32,2.37,4,0.0,0.0,589376
2025-02-07 03:00:00,00000000270,20250207030000,0.643,0.007,0.012,0.0,0.0,0.0,1.0,1.09,1.87,4,0.0,0.0,589376
2025-02-07 04:00:00,00000000270,20250207040000,0.67,0.001,0.014,0.0,0.0,0.0,1.0,0.15,2.09,4,0.0,0.0,589376
2025-02-07 05:00:00,00000000270,20250207050000,0.685,0.005,0.008,0.0,0.0,0.0,1.0,0.73,1.17,4,0.0,0.0,589376
2025-02-07 06:00:00,00000000270,20250207060000,0.672,0.001,0.024,0.0,0.0,0.0,1.0,0.15,3.57,4,0.0,0.0,589376
2025-02-07 07:00:00,00000000270,20250207070000,0.669,0.001,0.017,0.0,0.0,0.0,1.0,0.15,2.54,4,0.0,0.0,589376
2025-02-07 08:00:00,00000000270,20250207080000,0.644,0.001,0.027,0.0,0.0,0.0,1.0,0.16,4.19,4,0.0,0.0,589376
2025-02-07 09:00:00,00000000270,20250207090000,0.683,0.003,0.015,0.0,0.0,0.0,1.0,0.44,2.2,4,0.0,0.0,589376
2025-02-07 10:00:00,00000000270,20250207100000,0.834,0.001,0.026,0.0,0.0,0.0,1.0,0.12,3.12,4,0.0,0.0,589376
2025-02-07 11:00:00,00000000270,20250207110000,1.397,0.0,0.033,0.0,0.0,0.0,1.0,0.0,2.36,4,0.0,0.0,589376
2025-02-07 12:00:00,00000000270,20250207120000,1.156,0.0,0.042,0.0,0.0,0.0,1.0,0.0,3.63,4,0.0,0.0,589376
2025-02-07 13:00:00,00000000270,20250207130000,0.047,0.0,0.063,0.0,0.0,0.0,1.0,0.0,134.04,4,0.0,0.0,589376
2025-02-07 14:00:00,00000000270,20250207140000,0.052,0.001,0.061,0.0,0.0,0.0,1.0,1.92,117.31,4,0.0,0.0,589376
2025-02-07 15:00:00,00000000270,20250207150000,0.046,0.0,0.063,0.0,0.0,0.0,1.0,0.0,136.96,4,0.0,0.0,589376
2025-02-07 16:00:00,00000000270,20250207160000,0.046,0.0,0.063,0.0,0.0,0.0,1.0,0.0,136.96,4,0.0,0.0,589376
2025-02-07 17:00:00,00000000270,20250207170000,0.085,0.0,0.072,0.0,0.0,0.0,1.0,0.0,84.71,4,0.0,0.0,589376
2025-02-07 18:00:00,00000000270,20250207180000,0.199,0.021,0.053,0.0,0.0,0.0,1.0,10.55,26.63,4,0.0,0.0,589376
2025-02-07 19:00:00,00000000270,20250207190000,0.134,0.012,0.023,0.0,0.0,0.0,1.0,8.96,17.16,4,0.0,0.0,589376
2025-02-07 20:00:00,00000000270,20250207200000,0.094,0.011,0.015,0.0,0.0,0.0,1.0,11.7,15.96,4,0.0,0.0,589376
2025-02-07 21:00:00,00000000270,20250207210000,0.093,0.012,0.018,0.0,0.0,0.0,1.0,12.9,19.35,4,0.0,0.0,589376
2025-02-07 22:00:00,00000000270,20250207220000,0.085,0.009,0.018,0.0,0.0,0.0,1.0,10.59,21.18,4,0.0,0.0,589376
2025-02-07 23:00:00,00000000270,20250207230000,0.037,0.0,0.065,0.0,0.0,0.0,1.0,0.0,175.68,4,0.0,0.0,589376
2025-02-08 00:00:00,00000000270,20250208000000,0.042,0.0,0.063,0.0,0.0,0.0,1.0,0.0,150.0,4,0.0,0.0,589376
2025-02-08 01:00:00,00000000270,20250208010000,0.051,0.001,0.066,0.0,0.0,0.0,1.0,1.96,129.41,4,0.0,0.0,589376
2025-02-08 02:00:00,00000000270,20250208020000,0.051,0.0,0.067,0.0,0.0,0.0,1.0,0.0,131.37,4,0.0,0.0,589376
2025-02-08 03:00:00,00000000270,20250208030000,0.049,0.0,0.067,0.0,0.0,0.0,1.0,0.0,136.73,4,0.0,0.0,589376
2025-02-08 04:00:00,00000000270,20250208040000,0.032,0.001,0.069,0.0,0.0,0.0,1.0,3.12,215.62,4,0.0,0.0,589376
2025-02-08 05:00:00,00000000270,20250208050000,0.044,0.0,0.065,0.0,0.0,0.0,1.0,0.0,147.73,4,0.0,0.0,589376
2025-02-08 06:00:00,00000000270,20250208060000,0.05,0.001,0.068,0.0,0.0,0.0,1.0,2.0,136.0,4,0.0,0.0,589376
2025-02-08 07:00:00,00000000270,20250208070000,0.048,0.0,0.066,0.0,0.0,0.0,1.0,0.0,137.5,4,0.0,0.0,589376
2025-02-08 08:00:00,00000000270,20250208080000,0.056,0.0,0.067,0.0,0.0,0.0,1.0,0.0,119.64,4,0.0,0.0,589376
2025-02-08 09:00:00,00000000270,20250208090000,0.041,0.0,0.066,0.0,0.0,0.0,1.0,0.0,160.98,4,0.0,0.0,589376
2025-02-08 10:00:00,00000000270,20250208100000,0.05,0.001,0.062,0.0,0.0,0.0,1.0,2.0,124.0,4,0.0,0.0,589376
2025-02-08 11:00:00,00000000270,20250208110000,0.046,0.0,0.06,0.0,0.0,0.0,1.0,0.0,130.43,4,0.0,0.0,589376
2025-02-08 12:00:00,00000000270,20250208120000,0.05,0.0,0.062,0.0,0.0,0.0,1.0,0.0,124.0,4,0.0,0.0,589376
2025-02-08 13:00:00,00000000270,20250208130000,1.173,0.355,0.03,0.0,0.0,0.0,1.0,30.26,2.56,4,0.0,0.0,589376
2025-02-08 14:00:00,00000000270,20250208140000,0.163,0.482,0.019,0.0,0.0,0.0,1.0,295.71,11.66,4,0.0,0.0,589376
2025-02-08 15:00:00,00000000270,20250208150000,0.268,0.265,0.017,0.0,0.0,0.0,1.0,98.88,6.34,4,0.0,0.0,589376
2025-02-08 16:00:00,00000000270,20250208160000,0.081,0.003,0.054,0.0,0.0,0.0,1.0,3.7,66.67,4,0.0,0.0,589376
2025-02-08 17:00:00,00000000270,20250208170000,0.154,0.0,0.06,0.0,0.0,0.0,1.0,0.0,38.96,4,0.0,0.0,589376
2025-02-08 18:00:00,00000000270,20250208180000,0.618,0.217,0.036,0.0,0.0,0.0,1.0,35.11,5.83,4,0.0,0.0,589376
2025-02-08 19:00:00,00000000270,20250208190000,0.246,0.357,0.0,0.0,0.0,0.0,1.0,145.12,0.0,4,0.0,0.0,589376
2025-02-08 20:00:00,00000000270,20250208200000,0.089,0.015,0.0,0.0,0.0,0.0,1.0,16.85,0.0,4,0.0,0.0,589376
2025-02-08 21:00:00,00000000270,20250208210000,0.062,0.006,0.031,0.0,0.0,0.0,1.0,9.68,50.0,4,0.0,0.0,589376
2025-02-08 22:00:00,00000000270,20250208220000,0.05,0.0,0.062,0.0,0.0,0.0,1.0,0.0,124.0,4,0.0,0.0,589376
2025-02-08 23:00:00,00000000270,20250208230000,0.046,0.0,0.062,0.0,0.0,0.0,1.0,0.0,134.78,4,0.0,0.0,589376
2025-02-09 00:00:00,00000000270,20250209000000,0.051,0.0,0.062,0.0,0.0,0.0,1.0,0.0,121.57,4,0.0,0.0,589376
2025-02-09 01:00:00,00000000270,20250209010000,0.05,0.001,0.064,0.0,0.0,0.0,1.0,2.0,128.0,4,0.0,0.0,589376
2025-02-09 02:00:00,00000000270,20250209020000,0.034,0.0,0.066,0.0,0.0,0.0,1.0,0.0,194.12,4,0.0,0.0,589376
2025-02-09 03:00:00,00000000270,20250209030000,0.043,0.0,0.067,0.0,0.0,0.0,1.0,0.0,155.81,4,0.0,0.0,589376
2025-02-09 04:00:00,00000000270,20250209040000,0.047,0.0,0.065,0.0,0.0,0.0,1.0,0.0,138.3,4,0.0,0.0,589376
2025-02-09 05:00:00,00000000270,20250209050000,0.05,0.0,0.065,0.0,0.0,0.0,1.0,0.0,130.0,4,0.0,0.0,589376
2025-02-09 06:00:00,00000000270,20250209060000,0.046,0.001,0.066,0.0,0.0,0.0,1.0,2.17,143.48,4,0.0,0.0,589376
2025-02-09 07:00:00,00000000270,20250209070000,0.03,0.0,0.067,0.0,0.0,0.0,1.0,0.0,223.33,4,0.0,0.0,589376
2025-02-09 08:00:00,00000000270,20250209080000,0.051,0.0,0.067,0.0,0.0,0.0,1.0,0.0,131.37,4,0.0,0.0,589376
2025-02-09 09:00:00,00000000270,20250209090000,0.063,0.0,0.067,0.0,0.0,0.0,1.0,0.0,106.35,4,0.0,0.0,589376
2025-02-09 10:00:00,00000000270,20250209100000,0.054,0.001,0.06,0.0,0.0,0.0,1.0,1.85,111.11,4,0.0,0.0,589376
2025-02-09 11:00:00,00000000270,20250209110000,0.053,0.0,0.061,0.0,0.0,0.0,1.0,0.0,115.09,4,0.0,0.0,589376
2025-02-09 12:00:00,00000000270,20250209120000,0.029,0.0,0.062,0.0,0.0,0.0,1.0,0.0,213.79,4,0.0,0.0,589376
2025-02-09 13:00:00,00000000270,20250209130000,0.132,0.001,0.059,0.0,0.0,0.0,1.0,0.76,44.7,4,0.0,0.0,589376
2025-02-09 14:00:00,00000000270,20250209140000,0.068,0.0,0.06,0.0,0.0,0.0,1.0,0.0,88.24,4,0.0,0.0,589376
2025-02-09 15:00:00,00000000270,20250209150000,0.048,0.0,0.06,0.0,0.0,0.0,1.0,0.0,125.0,4,0.0,0.0,589376
2025-02-09 16:00:00,00000000270,20250209160000,0.053,0.0,0.062,0.0,0.0,0.0,1.0,0.0,116.98,4,0.0,0.0,589376
2025-02-09 17:00:00,00000000270,20250209170000,0.04,0.0,0.059,0.0,0.0,0.0,1.0,0.0,147.5,4,0.0,0.0,589376
2025-02-09 18:00:00,00000000270,20250209180000,0.063,0.004,0.044,0.0,0.0,0.0,1.0,6.35,69.84,4,0.0,0.0,589376
2025-02-09 19:00:00,00000000270,20250209190000,0.09,0.01,0.0,0.0,0.0,0.0,1.0,11.11,0.0,4,0.0,0.0,589376
2025-02-09 20:00:00,00000000270,20250209200000,0.099,0.012,0.0,0.0,0.0,0.0,1.0,12.12,0.0,4,0.0,0.0,589376
2025-02-09 21:00:00,00000000270,20250209210000,0.094,0.014,0.0,0.0,0.0,0.0,1.0,14.89,0.0,4,0.0,0.0,589376
2025-02-09 22:00:00,00000000270,20250209220000,0.084,0.011,0.016,0.0,0.0,0.0,1.0,13.1,19.05,4,0.0,0.0,589376
2025-02-09 23:00:00,00000000270,20250209230000,0.051,0.0,0.062,0.0,0.0,0.0,1.0,0.0,121.57,4,0.0,0.0,589376
2025-02-10 00:00:00,00000000270,20250210000000,0.047,0.0,0.061,0.0,0.0,0.0,1.0,0.0,129.79,4,0.0,0.0,589376
2025-02-10 01:00:00,00000000270,20250210010000,0.034,0.0,0.067,0.0,0.0,0.0,1.0,0.0,197.06,4,0.0,0.0,589376
2025-02-10 02:00:00,00000000270,20250210020000,0.04,0.001,0.065,0.0,0.0,0.0,1.0,2.5,162.5,4,0.0,0.0,589376
2025-02-10 03:00:00,00000000270,20250210030000,0.053,0.0,0.066,0.0,0.0,0.0,1.0,0.0,124.53,4,0.0,0.0,589376
2025-02-10 04:00:00,00000000270,20250210040000,0.047,0.0,0.066,0.0,0.0,0.0,1.0,0.0,140.43,4,0.0,0.0,589376
2025-02-10 05:00:00,00000000270,20250210050000,0.039,0.0,0.066,0.0,0.0,0.0,1.0,0.0,169.23,4,0.0,0.0,589376
2025-02-10 06:00:00,00000000270,20250210060000,0.035,0.0,0.067,0.0,0.0,0.0,1.0,0.0,191.43,4,0.0,0.0,589376
2025-02-10 07:00:00,00000000270,20250210070000,0.046,0.001,0.062,0.0,0.0,0.0,1.0,2.17,134.78,4,0.0,0.0,589376
2025-02-10 08:00:00,00000000270,20250210080000,0.055,0.0,0.063,0.0,0.0,0.0,1.0,0.0,114.55,4,0.0,0.0,589376
2025-02-10 09:00:00,00000000270,20250210090000,0.059,0.0,0.062,0.0,0.0,0.0,1.0,0.0,105.08,4,0.0,0.0,589376
2025-02-10 10:00:00,00000000270,20250210100000,0.081,0.0,0.065,0.0,0.0,0.0,1.0,0.0,80.25,4,0.0,0.0,589376
2025-02-10 11:00:00,00000000270,20250210110000,0.158,0.0,0.062,0.0,0.0,0.0,1.0,0.0,39.24,4,0.0,0.0,589376
2025-02-10 12:00:00,00000000270,20250210120000,0.084,0.001,0.055,0.0,0.0,0.0,1.0,1.19,65.48,4,0.0,0.0,589376
2025-02-10 13:00:00,00000000270,20250210130000,0.05,0.0,0.059,0.0,0.0,0.0,1.0,0.0,118.0,4,0.0,0.0,589376
2025-02-10 14:00:00,00000000270,20250210140000,0.051,0.0,0.06,0.0,0.0,0.0,1.0,0.0,117.65,4,0.0,0.0,589376
2025-02-10 15:00:00,00000000270,20250210150000,0.044,0.004,0.05,0.0,0.0,0.0,1.0,9.09,113.64,4,0.0,0.0,589376
2025-02-10 16:00:00,00000000270,20250210160000,0.097,0.014,0.001,0.0,0.0,0.0,1.0,14.43,1.03,4,0.0,0.0,589376
2025-02-10 17:00:00,00000000270,20250210170000,0.601,0.018,0.008,0.0,0.0,0.0,1.0,3.0,1.33,4,0.0,0.0,589376
2025-02-10 18:00:00,00000000270,20250210180000,0.128,0.008,0.015,0.0,0.0,0.0,1.0,6.25,11.72,4,0.0,0.0,589376
2025-02-10 19:00:00,00000000270,20250210190000,0.092,0.011,0.0,0.0,0.0,0.0,1.0,11.96,0.0,4,0.0,0.0,589376
2025-02-10 20:00:00,00000000270,20250210200000,0.326,0.018,0.0,0.0,0.0,0.0,1.0,5.52,0.0,4,0.0,0.0,589376
2025-02-10 21:00:00,00000000270,20250210210000,1.078,0.036,0.002,0.0,0.0,0.0,1.0,3.34,0.19,4,0.0,0.0,589376
2025-02-10 22:00:00,00000000270,20250210220000,1.232,0.0,0.031,0.0,0.0,0.0,1.0,0.0,2.52,4,0.0,0.0,589376
2025-02-10 23:00:00,00000000270,20250210230000,0.905,0.0,0.038,0.0,0.0,0.0,1.0,0.0,4.2,4,0.0,0.0,589376
2025-02-11 00:00:00,00000000270,20250211000000,0.763,0.002,0.016,0.0,0.0,0.0,1.0,0.26,2.1,4,0.0,0.0,589376
2025-02-11 01:00:00,00000000270,20250211010000,0.727,0.0,0.024,0.0,0.0,0.0,1.0,0.0,3.3,4,0.0,0.0,589376
2025-02-11 02:00:00,00000000270,20250211020000,0.718,0.006,0.013,0.0,0.0,0.0,1.0,0.84,1.81,4,0.0,0.0,589376
2025-02-11 03:00:00,00000000270,20250211030000,0.69,0.0,0.028,0.0,0.0,0.0,1.0,0.0,4.06,4,0.0,0.0,589376
2025-02-11 04:00:00,00000000270,20250211040000,0.688,0.002,0.023,0.0,0.0,0.0,1.0,0.29,3.34,4,0.0,0.0,589376
2025-02-11 05:00:00,00000000270,20250211050000,0.633,0.0,0.021,0.0,0.0,0.0,1.0,0.0,3.32,4,0.0,0.0,589376
2025-02-11 06:00:00,00000000270,20250211060000,0.629,0.001,0.027,0.0,0.0,0.0,1.0,0.16,4.29,4,0.0,0.0,589376
2025-02-11 07:00:00,00000000270,20250211070000,0.441,0.0,0.038,0.0,0.0,0.0,1.0,0.0,8.62,4,0.0,0.0,589376
2025-02-11 08:00:00,00000000270,20250211080000,0.046,0.0,0.064,0.0,0.0,0.0,1.0,0.0,139.13,4,0.0,0.0,589376
2025-02-11 09:00:00,00000000270,20250211090000,0.111,0.001,0.054,0.0,0.0,0.0,1.0,0.9,48.65,4,0.0,0.0,589376
2025-02-11 10:00:00,00000000270,20250211100000,0.117,0.0,0.059,0.0,0.0,0.0,1.0,0.0,50.43,4,0.0,0.0,589376
2025-02-11 11:00:00,00000000270,20250211110000,0.062,0.0,0.061,0.0,0.0,0.0,1.0,0.0,98.39,4,0.0,0.0,589376
2025-02-11 12:00:00,00000000270,20250211120000,0.046,0.0,0.052,0.0,0.0,0.0,1.0,0.0,113.04,4,0.0,0.0,589376
2025-02-11 13:00:00,00000000270,20250211130000,0.046,0.001,0.062,0.0,0.0,0.0,1.0,2.17,134.78,4,0.0,0.0,589376
2025-02-11 14:00:00,00000000270,20250211140000,0.05,0.0,0.063,0.0,0.0,0.0,1.0,0.0,126.0,4,0.0,0.0,589376
2025-02-11 15:00:00,00000000270,20250211150000,0.061,0.0,0.053,0.0,0.0,0.0,1.0,0.0,86.89,4,0.0,0.0,589376
2025-02-11 16:00:00,00000000270,20250211160000,0.036,0.0,0.064,0.0,0.0,0.0,1.0,0.0,177.78,4,0.0,0.0,589376
2025-02-11 17:00:00,00000000270,20250211170000,0.075,0.0,0.065,0.0,0.0,0.0,1.0,0.0,86.67,4,0.0,0.0,589376
2025-02-11 18:00:00,00000000270,20250211180000,0.168,0.001,0.06,0.0,0.0,0.0,1.0,0.6,35.71,4,0.0,0.0,589376
2025-02-11 19:00:00,00000000270,20250211190000,0.987,0.006,0.026,0.0,0.0,0.0,1.0,0.61,2.63,4,0.0,0.0,589376
2025-02-11 20:00:00,00000000270,20250211200000,1.198,0.003,0.031,0.0,0.0,0.0,1.0,0.25,2.59,4,0.0,0.0,589376
2025-02-11 21:00:00,00000000270,20250211210000,1.023,0.004,0.035,0.0,0.0,0.0,1.0,0.39,3.42,4,0.0,0.0,589376
2025-02-11 22:00:00,00000000270,20250211220000,1.595,0.0,0.046,0.0,0.0,0.0,1.0,0.0,2.88,4,0.0,0.0,589376
2025-02-11 23:00:00,00000000270,20250211230000,0.75,0.004,0.02,0.0,0.0,0.0,1.0,0.53,2.67,4,0.0,0.0,589376
2025-02-12 00:00:00,00000000270,20250212000000,0.76,0.004,0.013,0.0,0.0,0.0,1.0,0.53,1.71,4,0.0,0.0,589376
2025-02-12 01:00:00,00000000270,20250212010000,0.733,0.005,0.016,0.0,0.0,0.0,1.0,0.68,2.18,4,0.0,0.0,589376
2025-02-12 02:00:00,00000000270,20250212020000,0.722,0.001,0.014,0.0,0.0,0.0,1.0,0.14,1.94,4,0.0,0.0,589376
2025-02-12 03:00:00,00000000270,20250212030000,0.689,0.003,0.013,0.0,0.0,0.0,1.0,0.44,1.89,4,0.0,0.0,589376
2025-02-12 04:00:00,00000000270,20250212040000,0.723,0.002,0.023,0.0,0.0,0.0,1.0,0.28,3.18,4,0.0,0.0,589376
2025-02-12 05:00:00,00000000270,20250212050000,1.613,0.05,0.007,0.0,0.0,0.0,1.0,3.1,0.43,4,0.0,0.0,589376
2025-02-12 06:00:00,00000000270,20250212060000,1.173,0.02,0.014,0.0,0.0,0.0,1.0,1.71,1.19,4,0.0,0.0,589376
2025-02-12 07:00:00,00000000270,20250212070000,0.568,0.001,0.043,0.0,0.0,0.0,1.0,0.18,7.57,4,0.0,0.0,589376
2025-02-12 08:00:00,00000000270,20250212080000,0.143,0.0,0.059,0.0,0.0,0.0,1.0,0.0,41.26,4,0.0,0.0,589376
2025-02-12 09:00:00,00000000270,20250212090000,0.055,0.0,0.061,0.0,0.0,0.0,1.0,0.0,110.91,4,0.0,0.0,589376
2025-02-12 10:00:00,00000000270,20250212100000,0.06,0.0,0.054,0.0,0.0,0.0,1.0,0.0,90.0,4,0.0,0.0,589376
2025-02-12 11:00:00,00000000270,20250212110000,0.057,0.001,0.053,0.0,0.0,0.0,1.0,1.75,92.98,4,0.0,0.0,589376
2025-02-12 12:00:00,00000000270,20250212120000,0.045,0.0,0.061,0.0,0.0,0.0,1.0,0.0,135.56,4,0.0,0.0,589376
2025-02-12 13:00:00,00000000270,20250212130000,0.057,0.0,0.053,0.0,0.0,0.0,1.0,0.0,92.98,4,0.0,0.0,589376
2025-02-12 14:00:00,00000000270,20250212140000,0.038,0.0,0.061,0.0,0.0,0.0,1.0,0.0,160.53,4,0.0,0.0,589376
2025-02-12 15:00:00,00000000270,20250212150000,0.054,0.001,0.056,0.0,0.0,0.0,1.0,1.85,103.7,4,0.0,0.0,589376
2025-02-12 16:00:00,00000000270,20250212160000,0.038,0.0,0.06,0.0,0.0,0.0,1.0,0.0,157.89,4,0.0,0.0,589376
2025-02-12 17:00:00,00000000270,20250212170000,0.231,0.002,0.056,0.0,0.0,0.0,1.0,0.87,24.24,4,0.0,0.0,589376
2025-02-12 18:00:00,00000000270,20250212180000,1.486,0.002,0.017,0.0,0.0,0.0,1.0,0.13,1.14,4,0.0,0.0,589376
2025-02-12 19:00:00,00000000270,20250212190000,1.461,0.008,0.006,0.0,0.0,0.0,1.0,0.55,0.41,4,0.0,0.0,589376
2025-02-12 20:00:00,00000000270,20250212200000,0.721,0.014,0.005,0.0,0.0,0.0,1.0,1.94,0.69,4,0.0,0.0,589376
2025-02-12 21:00:00,00000000270,20250212210000,1.538,0.003,0.011,0.0,0.0,0.0,1.0,0.2,0.72,4,0.0,0.0,589376
2025-02-12 22:00:00,00000000270,20250212220000,1.006,0.0,0.024,0.0,0.0,0.0,1.0,0.0,2.39,4,0.0,0.0,589376
2025-02-12 23:00:00,00000000270,20250212230000,0.726,0.002,0.013,0.0,0.0,0.0,1.0,0.28,1.79,4,0.0,0.0,589376
2025-02-13 00:00:00,00000000270,20250213000000,0.721,0.007,0.009,0.0,0.0,0.0,1.0,0.97,1.25,4,0.0,0.0,589376
2025-02-13 01:00:00,00000000270,20250213010000,0.713,0.002,0.014,0.0,0.0,0.0,1.0,0.28,1.96,4,0.0,0.0,589376
2025-02-13 02:00:00,00000000270,20250213020000,0.73,0.005,0.01,0.0,0.0,0.0,1.0,0.68,1.37,4,0.0,0.0,589376
2025-02-13 03:00:00,00000000270,20250213030000,0.723,0.0,0.026,0.0,0.0,0.0,1.0,0.0,3.6,4,0.0,0.0,589376
2025-02-13 04:00:00,00000000270,20250213040000,0.703,0.002,0.021,0.0,0.0,0.0,1.0,0.28,2.99,4,0.0,0.0,589376
2025-02-13 05:00:00,00000000270,20250213050000,0.685,0.005,0.014,0.0,0.0,0.0,1.0,0.73,2.04,4,0.0,0.0,589376
2025-02-13 06:00:00,00000000270,20250213060000,1.164,0.0,0.017,0.0,0.0,0.0,1.0,0.0,1.46,4,0.0,0.0,589376
2025-02-13 07:00:00,00000000270,20250213070000,0.513,0.001,0.053,0.0,0.0,0.0,1.0,0.19,10.33,4,0.0,0.0,589376
2025-02-13 08:00:00,00000000270,20250213080000,0.057,0.0,0.057,0.0,0.0,0.0,1.0,0.0,100.0,4,0.0,0.0,589376
2025-02-13 09:00:00,00000000270,20250213090000,0.068,0.0,0.059,0.0,0.0,0.0,1.0,0.0,86.76,4,0.0,0.0,589376
2025-02-13 10:00:00,00000000270,20250213100000,0.116,0.0,0.061,0.0,0.0,0.0,1.0,0.0,52.59,4,0.0,0.0,589376
2025-02-13 11:00:00,00000000270,20250213110000,0.051,0.001,0.058,0.0,0.0,0.0,1.0,1.96,113.73,4,0.0,0.0,589376
2025-02-13 12:00:00,00000000270,20250213120000,0.052,0.0,0.056,0.0,0.0,0.0,1.0,0.0,107.69,4,0.0,0.0,589376
2025-02-13 13:00:00,00000000270,20250213130000,0.041,0.0,0.064,0.0,0.0,0.0,1.0,0.0,156.1,4,0.0,0.0,589376
2025-02-13 14:00:00,00000000270,20250213140000,0.059,0.0,0.058,0.0,0.0,0.0,1.0,0.0,98.31,4,0.0,0.0,589376
2025-02-13 15:00:00,00000000270,20250213150000,0.048,0.0,0.063,0.0,0.0,0.0,1.0,0.0,131.25,4,0.0,0.0,589376
2025-02-13 16:00:00,00000000270,20250213160000,0.051,0.001,0.055,0.0,0.0,0.0,1.0,1.96,107.84,4,0.0,0.0,589376
2025-02-13 17:00:00,00000000270,20250213170000,0.026,0.0,0.066,0.0,0.0,0.0,1.0,0.0,253.85,4,0.0,0.0,589376
2025-02-13 18:00:00,00000000270,20250213180000,0.778,0.001,0.034,0.0,0.0,0.0,1.0,0.13,4.37,4,0.0,0.0,589376
2025-02-13 19:00:00,00000000270,20250213190000,0.881,0.004,0.015,0.0,0.0,0.0,1.0,0.45,1.7,4,0.0,0.0,589376
2025-02-13 20:00:00,00000000270,20250213200000,0.772,0.0,0.016,0.0,0.0,0.0,1.0,0.0,2.07,4,0.0,0.0,589376
2025-02-13 21:00:00,00000000270,20250213210000,0.78,0.005,0.012,0.0,0.0,0.0,1.0,0.64,1.54,4,0.0,0.0,589376
2025-02-13 22:00:00,00000000270,20250213220000,0.835,0.002,0.018,0.0,0.0,0.0,1.0,0.24,2.16,4,0.0,0.0,589376
2025-02-13 23:00:00,00000000270,20250213230000,0.755,0.001,0.027,0.0,0.0,0.0,1.0,0.13,3.58,4,0.0,0.0,589376
2025-02-14 00:00:00,00000000270,20250214000000,0.727,0.003,0.017,0.0,0.0,0.0,1.0,0.41,2.34,4,0.0,0.0,589376
2025-02-14 01:00:00,00000000270,20250214010000,0.733,0.003,0.011,0.0,0.0,0.0,1.0,0.41,1.5,4,0.0,0.0,589376
2025-02-14 02:00:00,00000000270,20250214020000,0.756,0.003,0.024,0.0,0.0,0.0,1.0,0.4,3.17,4,0.0,0.0,589376
2025-02-14 03:00:00,00000000270,20250214030000,0.772,0.003,0.014,0.0,0.0,0.0,1.0,0.39,1.81,4,0.0,0.0,589376
2025-02-14 04:00:00,00000000270,20250214040000,0.784,0.005,0.015,0.0,0.0,0.0,1.0,0.64,1.91,4,0.0,0.0,589376
2025-02-14 05:00:00,00000000270,20250214050000,0.767,0.002,0.019,0.0,0.0,0.0,1.0,0.26,2.48,4,0.0,0.0,589376
2025-02-14 06:00:00,00000000270,20250214060000,0.793,0.001,0.024,0.0,0.0,0.0,1.0,0.13,3.03,4,0.0,0.0,589376
2025-02-14 07:00:00,00000000270,20250214070000,0.275,0.0,0.05,0.0,0.0,0.0,1.0,0.0,18.18,4,0.0,0.0,589376
2025-02-14 08:00:00,00000000270,20250214080000,0.056,0.001,0.06,0.0,0.0,0.0,1.0,1.79,107.14,4,0.0,0.0,589376
2025-02-14 09:00:00,00000000270,20250214090000,0.035,0.0,0.061,0.0,0.0,0.0,1.0,0.0,174.29,4,0.0,0.0,589376
2025-02-14 10:00:00,00000000270,20250214100000,0.053,0.0,0.06,0.0,0.0,0.0,1.0,0.0,113.21,4,0.0,0.0,589376
2025-02-14 11:00:00,00000000270,20250214110000,0.121,0.0,0.06,0.0,0.0,0.0,1.0,0.0,49.59,4,0.0,0.0,589376
2025-02-14 12:00:00,00000000270,20250214120000,0.081,0.001,0.056,0.0,0.0,0.0,1.0,1.23,69.14,4,0.0,0.0,589376
2025-02-14 13:00:00,00000000270,20250214130000,0.043,0.0,0.067,0.0,0.0,0.0,1.0,0.0,155.81,4,0.0,0.0,589376
2025-02-14 14:00:00,00000000270,20250214140000,0.059,0.0,0.06,0.0,0.0,0.0,1.0,0.0,101.69,4,0.0,0.0,589376
2025-02-14 15:00:00,00000000270,20250214150000,0.056,0.0,0.059,0.0,0.0,0.0,1.0,0.0,105.36,4,0.0,0.0,589376
2025-02-14 16:00:00,00000000270,20250214160000,0.04,0.001,0.058,0.0,0.0,0.0,1.0,2.5,145.0,4,0.0,0.0,589376
2025-02-14 17:00:00,00000000270,20250214170000,0.039,0.0,0.064,0.0,0.0,0.0,1.0,0.0,164.1,4,0.0,0.0,589376
2025-02-14 18:00:00,00000000270,20250214180000,1.072,0.001,0.033,0.0,0.0,0.0,1.0,0.09,3.08,4,0.0,0.0,589376
2025-02-14 19:00:00,00000000270,20250214190000,0.853,0.007,0.008,0.0,0.0,0.0,1.0,0.82,0.94,4,0.0,0.0,589376
2025-02-14 20:00:00,00000000270,20250214200000,0.812,0.005,0.006,0.0,0.0,0.0,1.0,0.62,0.74,4,0.0,0.0,589376
2025-02-14 21:00:00,00000000270,20250214210000,0.832,0.0,0.03,0.0,0.0,0.0,1.0,0.0,3.61,4,0.0,0.0,589376
2025-02-14 22:00:00,00000000270,20250214220000,0.86,0.0,0.048,0.0,0.0,0.0,1.0,0.0,5.58,4,0.0,0.0,589376
2025-02-14 23:00:00,00000000270,20250214230000,0.755,0.004,0.014,0.0,0.0,0.0,1.0,0.53,1.85,4,0.0,0.0,589376
2025-02-15 00:00:00,00000000270,20250215000000,0.747,0.003,0.018,0.0,0.0,0.0,1.0,0.4,2.41,4,0.0,0.0,589376
2025-02-15 01:00:00,00000000270,20250215010000,0.688,0.002,0.016,0.0,0.0,0.0,1.0,0.29,2.33,4,0.0,0.0,589376
2025-02-15 02:00:00,00000000270,20250215020000,0.713,0.007,0.013,0.0,0.0,0.0,1.0,0.98,1.82,4,0.0,0.0,589376
2025-02-15 03:00:00,00000000270,20250215030000,0.672,0.004,0.014,0.0,0.0,0.0,1.0,0.6,2.08,4,0.0,0.0,589376
2025-02-15 04:00:00,00000000270,20250215040000,0.646,0.007,0.013,0.0,0.0,0.0,1.0,1.08,2.01,4,0.0,0.0,589376
2025-02-15 05:00:00,00000000270,20250215050000,0.58,0.003,0.022,0.0,0.0,0.0,1.0,0.52,3.79,4,0.0,0.0,589376
2025-02-15 06:00:00,00000000270,20250215060000,0.553,0.004,0.02,0.0,0.0,0.0,1.0,0.72,3.62,4,0.0,0.0,589376
2025-02-15 07:00:00,00000000270,20250215070000,0.589,0.004,0.022,0.0,0.0,0.0,1.0,0.68,3.74,4,0.0,0.0,589376
2025-02-15 08:00:00,00000000270,20250215080000,0.558,0.004,0.022,0.0,0.0,0.0,1.0,0.72,3.94,4,0.0,0.0,589376
2025-02-15 09:00:00,00000000270,20250215090000,0.562,0.002,0.025,0.0,0.0,0.0,1.0,0.36,4.45,4,0.0,0.0,589376
2025-02-15 10:00:00,00000000270,20250215100000,0.647,0.001,0.026,0.0,0.0,0.0,1.0,0.15,4.02,4,0.0,0.0,589376
2025-02-15 11:00:00,00000000270,20250215110000,1.529,0.002,0.024,0.0,0.0,0.0,1.0,0.13,1.57,4,0.0,0.0,589376
2025-02-15 12:00:00,00000000270,20250215120000,0.911,0.002,0.03,0.0,0.0,0.0,1.0,0.22,3.29,4,0.0,0.0,589376
2025-02-15 13:00:00,00000000270,20250215130000,0.893,0.001,0.038,0.0,0.0,0.0,1.0,0.11,4.26,4,0.0,0.0,589376
2025-02-15 14:00:00,00000000270,20250215140000,0.812,0.001,0.04,0.0,0.0,0.0,1.0,0.12,4.93,4,0.0,0.0,589376
2025-02-15 15:00:00,00000000270,20250215150000,0.787,0.0,0.047,0.0,0.0,0.0,1.0,0.0,5.97,4,0.0,0.0,589376
2025-02-15 16:00:00,00000000270,20250215160000,0.76,0.001,0.034,0.0,0.0,0.0,1.0,0.13,4.47,4,0.0,0.0,589376
2025-02-15 17:00:00,00000000270,20250215170000,0.756,0.001,0.029,0.0,0.0,0.0,1.0,0.13,3.84,4,0.0,0.0,589376
2025-02-15 18:00:00,00000000270,20250215180000,0.748,0.002,0.022,0.0,0.0,0.0,1.0,0.27,2.94,4,0.0,0.0,589376
2025-02-15 19:00:00,00000000270,20250215190000,1.038,0.003,0.021,0.0,0.0,0.0,1.0,0.29,2.02,4,0.0,0.0,589376
2025-02-15 20:00:00,00000000270,20250215200000,0.8,0.001,0.029,0.0,0.0,0.0,1.0,0.12,3.62,4,0.0,0.0,589376
2025-02-15 21:00:00,00000000270,20250215210000,0.778,0.001,0.032,0.0,0.0,0.0,1.0,0.13,4.11,4,0.0,0.0,589376
2025-02-15 22:00:00,00000000270,20250215220000,0.763,0.0,0.034,0.0,0.0,0.0,1.0,0.0,4.46,4,0.0,0.0,589376
2025-02-15 23:00:00,00000000270,20250215230000,0.72,0.002,0.022,0.0,0.0,0.0,1.0,0.28,3.06,4,0.0,0.0,589376
2025-02-16 00:00:00,00000000270,20250216000000,0.593,0.001,0.024,0.0,0.0,0.0,1.0,0.17,4.05,4,0.0,0.0,589376
2025-02-16 01:00:00,00000000270,20250216010000,0.653,0.007,0.02,0.0,0.0,0.0,1.0,1.07,3.06,4,0.0,0.0,589376
2025-02-16 02:00:00,00000000270,20250216020000,0.652,0.002,0.017,0.0,0.0,0.0,1.0,0.31,2.61,4,0.0,0.0,589376
2025-02-16 03:00:00,00000000270,20250216030000,0.613,0.003,0.016,0.0,0.0,0.0,1.0,0.49,2.61,4,0.0,0.0,589376
2025-02-16 04:00:00,00000000270,20250216040000,0.697,0.009,0.006,0.0,0.0,0.0,1.0,1.29,0.86,4,0.0,0.0,589376
2025-02-16 05:00:00,00000000270,20250216050000,0.647,0.006,0.015,0.0,0.0,0.0,1.0,0.93,2.32,4,0.0,0.0,589376
2025-02-16 06:00:00,00000000270,20250216060000,0.687,0.003,0.008,0.0,0.0,0.0,1.0,0.44,1.16,4,0.0,0.0,589376
2025-02-16 07:00:00,00000000270,20250216070000,0.689,0.005,0.008,0.0,0.0,0.0,1.0,0.73,1.16,4,0.0,0.0,589376
2025-02-16 08:00:00,00000000270,20250216080000,0.687,0.006,0.012,0.0,0.0,0.0,1.0,0.87,1.75,4,0.0,0.0,589376
2025-02-16 09:00:00,00000000270,20250216090000,0.757,0.001,0.033,0.0,0.0,0.0,1.0,0.13,4.36,4,0.0,0.0,589376
2025-02-16 10:00:00,00000000270,20250216100000,0.754,0.001,0.049,0.0,0.0,0.0,1.0,0.13,6.5,4,0.0,0.0,589376
2025-02-16 11:00:00,00000000270,20250216110000,0.724,0.0,0.038,0.0,0.0,0.0,1.0,0.0,5.25,4,0.0,0.0,589376
2025-02-16 12:00:00,00000000270,20250216120000,0.713,0.0,0.032,0.0,0.0,0.0,1.0,0.0,4.49,4,0.0,0.0,589376
2025-02-16 13:00:00,00000000270,20250216130000,0.699,0.002,0.026,0.0,0.0,0.0,1.0,0.29,3.72,4,0.0,0.0,589376
2025-02-16 14:00:00,00000000270,20250216140000,0.786,0.0,0.036,0.0,0.0,0.0,1.0,0.0,4.58,4,0.0,0.0,589376
2025-02-16 15:00:00,00000000270,20250216150000,0.641,0.001,0.048,0.0,0.0,0.0,1.0,0.16,7.49,4,0.0,0.0,589376
2025-02-16 16:00:00,00000000270,20250216160000,0.806,0.0,0.043,0.0,0.0,0.0,1.0,0.0,5.33,4,0.0,0.0,589376
2025-02-16 17:00:00,00000000270,20250216170000,1.696,0.001,0.033,0.0,0.0,0.0,1.0,0.06,1.95,4,0.0,0.0,589376
2025-02-16 18:00:00,00000000270,20250216180000,0.883,0.0,0.036,0.0,0.0,0.0,1.0,0.0,4.08,4,0.0,0.0,589376
2025-02-16 19:00:00,00000000270,20250216190000,0.72,0.004,0.012,0.0,0.0,0.0,1.0,0.56,1.67,4,0.0,0.0,589376
2025-02-16 20:00:00,00000000270,20250216200000,0.722,0.008,0.01,0.0,0.0,0.0,1.0,1.11,1.39,4,0.0,0.0,589376
2025-02-16 21:00:00,00000000270,20250216210000,0.709,0.003,0.013,0.0,0.0,0.0,1.0,0.42,1.83,4,0.0,0.0,589376
2025-02-16 22:00:00,00000000270,20250216220000,0.704,0.001,0.026,0.0,0.0,0.0,1.0,0.14,3.69,4,0.0,0.0,589376
2025-02-16 23:00:00,00000000270,20250216230000,0.704,0.001,0.022,0.0,0.0,0.0,1.0,0.14,3.12,4,0.0,0.0,589376
2025-02-17 00:00:00,00000000270,20250217000000,0.704,0.005,0.015,0.0,0.0,0.0,1.0,0.71,2.13,4,0.0,0.0,589376
2025-02-17 01:00:00,00000000270,20250217010000,0.721,0.001,0.022,0.0,0.0,0.0,1.0,0.14,3.05,4,0.0,0.0,589376
2025-02-17 02:00:00,00000000270,20250217020000,0.691,0.003,0.016,0.0,0.0,0.0,1.0,0.43,2.32,4,0.0,0.0,589376
2025-02-17 03:00:00,00000000270,20250217030000,0.691,0.001,0.023,0.0,0.0,0.0,1.0,0.14,3.33,4,0.0,0.0,589376
2025-02-17 04:00:00,00000000270,20250217040000,0.703,0.004,0.019,0.0,0.0,0.0,1.0,0.57,2.7,4,0.0,0.0,589376
2025-02-17 05:00:00,00000000270,20250217050000,0.704,0.007,0.008,0.0,0.0,0.0,1.0,0.99,1.14,4,0.0,0.0,589376
2025-02-17 06:00:00,00000000270,20250217060000,0.715,0.001,0.019,0.0,0.0,0.0,1.0,0.14,2.66,4,0.0,0.0,589376
2025-02-17 07:00:00,00000000270,20250217070000,0.332,0.001,0.047,0.0,0.0,0.0,1.0,0.3,14.16,4,0.0,0.0,589376
2025-02-17 08:00:00,00000000270,20250217080000,0.059,0.001,0.061,0.0,0.0,0.0,1.0,1.69,103.39,4,0.0,0.0,589376
2025-02-17 09:00:00,00000000270,20250217090000,0.06,0.0,0.056,0.0,0.0,0.0,1.0,0.0,93.33,4,0.0,0.0,589376
2025-02-17 10:00:00,00000000270,20250217100000,0.054,0.0,0.058,0.0,0.0,0.0,1.0,0.0,107.41,4,0.0,0.0,589376
2025-02-17 11:00:00,00000000270,20250217110000,0.036,0.0,0.06,0.0,0.0,0.0,1.0,0.0,166.67,4,0.0,0.0,589376
2025-02-17 12:00:00,00000000270,20250217120000,0.051,0.001,0.057,0.0,0.0,0.0,1.0,1.96,111.76,4,0.0,0.0,589376
2025-02-17 13:00:00,00000000270,20250217130000,0.054,0.0,0.057,0.0,0.0,0.0,1.0,0.0,105.56,4,0.0,0.0,589376
2025-02-17 14:00:00,00000000270,20250217140000,0.054,0.0,0.058,0.0,0.0,0.0,1.0,0.0,107.41,4,0.0,0.0,589376
2025-02-17 15:00:00,00000000270,20250217150000,0.038,0.0,0.06,0.0,0.0,0.0,1.0,0.0,157.89,4,0.0,0.0,589376
2025-02-17 16:00:00,00000000270,20250217160000,0.134,0.001,0.056,0.0,0.0,0.0,1.0,0.75,41.79,4,0.0,0.0,589376
2025-02-17 17:00:00,00000000270,20250217170000,0.17,0.0,0.056,0.0,0.0,0.0,1.0,0.0,32.94,4,0.0,0.0,589376
2025-02-17 18:00:00,00000000270,20250217180000,0.689,0.002,0.02,0.0,0.0,0.0,1.0,0.29,2.9,4,0.0,0.0,589376
2025-02-17 19:00:00,00000000270,20250217190000,0.692,0.002,0.012,0.0,0.0,0.0,1.0,0.29,1.73,4,0.0,0.0,589376
2025-02-17 20:00:00,00000000270,20250217200000,0.678,0.002,0.01,0.0,0.0,0.0,1.0,0.29,1.47,4,0.0,0.0,589376
2025-02-17 21:00:00,00000000270,20250217210000,0.711,0.001,0.027,0.0,0.0,0.0,1.0,0.14,3.8,4,0.0,0.0,589376
2025-02-17 22:00:00,00000000270,20250217220000,1.389,0.003,0.038,0.0,0.0,0.0,1.0,0.22,2.74,4,0.0,0.0,589376
2025-02-17 23:00:00,00000000270,20250217230000,0.67,0.001,0.019,0.0,0.0,0.0,1.0,0.15,2.84,4,0.0,0.0,589376
2025-02-18 00:00:00,00000000270,20250218000000,0.652,0.003,0.018,0.0,0.0,0.0,1.0,0.46,2.76,4,0.0,0.0,589376
2025-02-18 01:00:00,00000000270,20250218010000,0.642,0.001,0.024,0.0,0.0,0.0,1.0,0.16,3.74,4,0.0,0.0,589376
2025-02-18 02:00:00,00000000270,20250218020000,0.663,0.001,0.011,0.0,0.0,0.0,1.0,0.15,1.66,4,0.0,0.0,589376
2025-02-18 03:00:00,00000000270,20250218030000,0.66,0.006,0.009,0.0,0.0,0.0,1.0,0.91,1.36,4,0.0,0.0,589376
2025-02-18 04:00:00,00000000270,20250218040000,0.653,0.003,0.01,0.0,0.0,0.0,1.0,0.46,1.53,4,0.0,0.0,589376
2025-02-18 05:00:00,00000000270,20250218050000,0.652,0.002,0.017,0.0,0.0,0.0,1.0,0.31,2.61,4,0.0,0.0,589376
2025-02-18 06:00:00,00000000270,20250218060000,0.68,0.002,0.027,0.0,0.0,0.0,1.0,0.29,3.97,4,0.0,0.0,589376
2025-02-18 07:00:00,00000000270,20250218070000,0.321,0.0,0.049,0.0,0.0,0.0,1.0,0.0,15.26,4,0.0,0.0,589376
2025-02-18 08:00:00,00000000270,20250218080000,0.05,0.001,0.059,0.0,0.0,0.0,1.0,2.0,118.0,4,0.0,0.0,589376
2025-02-18 09:00:00,00000000270,20250218090000,0.036,0.0,0.06,0.0,0.0,0.0,1.0,0.0,166.67,4,0.0,0.0,589376
2025-02-18 10:00:00,00000000270,20250218100000,0.047,0.0,0.063,0.0,0.0,0.0,1.0,0.0,134.04,4,0.0,0.0,589376
2025-02-18 11:00:00,00000000270,20250218110000,0.055,0.0,0.058,0.0,0.0,0.0,1.0,0.0,105.45,4,0.0,0.0,589376
2025-02-18 12:00:00,00000000270,20250218120000,0.05,0.001,0.057,0.0,0.0,0.0,1.0,2.0,114.0,4,0.0,0.0,589376
2025-02-18 13:00:00,00000000270,20250218130000,0.039,0.0,0.059,0.0,0.0,0.0,1.0,0.0,151.28,4,0.0,0.0,589376
2025-02-18 14:00:00,00000000270,20250218140000,0.041,0.0,0.063,0.0,0.0,0.0,1.0,0.0,153.66,4,0.0,0.0,589376
2025-02-18 15:00:00,00000000270,20250218150000,0.058,0.0,0.057,0.0,0.0,0.0,1.0,0.0,98.28,4,0.0,0.0,589376
2025-02-18 16:00:00,00000000270,20250218160000,0.055,0.001,0.058,0.0,0.0,0.0,1.0,1.82,105.45,4,0.0,0.0,589376
2025-02-18 17:00:00,00000000270,20250218170000,0.129,0.0,0.065,0.0,0.0,0.0,1.0,0.0,50.39,4,0.0,0.0,589376
2025-02-18 18:00:00,00000000270,20250218180000,0.819,0.006,0.007,0.0,0.0,0.0,1.0,0.73,0.85,4,0.0,0.0,589376
2025-02-18 19:00:00,00000000270,20250218190000,1.123,0.005,0.018,0.0,0.0,0.0,1.0,0.45,1.6,4,0.0,0.0,589376
2025-02-18 20:00:00,00000000270,20250218200000,0.777,0.0,0.04,0.0,0.0,0.0,1.0,0.0,5.15,4,0.0,0.0,589376
2025-02-18 21:00:00,00000000270,20250218210000,0.694,0.005,0.021,0.0,0.0,0.0,1.0,0.72,3.03,4,0.0,0.0,589376
2025-02-18 22:00:00,00000000270,20250218220000,0.763,0.0,0.042,0.0,0.0,0.0,1.0,0.0,5.5,4,0.0,0.0,589376
2025-02-18 23:00:00,00000000270,20250218230000,0.662,0.002,0.019,0.0,0.0,0.0,1.0,0.3,2.87,4,0.0,0.0,589376
2025-02-19 00:00:00,00000000270,20250219000000,0.633,0.004,0.018,0.0,0.0,0.0,1.0,0.63,2.84,4,0.0,0.0,589376
2025-02-19 01:00:00,00000000270,20250219010000,0.645,0.001,0.018,0.0,0.0,0.0,1.0,0.16,2.79,4,0.0,0.0,589376
2025-02-19 02:00:00,00000000270,20250219020000,0.639,0.001,0.019,0.0,0.0,0.0,1.0,0.16,2.97,4,0.0,0.0,589376
2025-02-19 03:00:00,00000000270,20250219030000,0.642,0.004,0.006,0.0,0.0,0.0,1.0,0.62,0.93,4,0.0,0.0,589376
2025-02-19 04:00:00,00000000270,20250219040000,0.632,0.005,0.013,0.0,0.0,0.0,1.0,0.79,2.06,4,0.0,0.0,589376
2025-02-19 05:00:00,00000000270,20250219050000,0.646,0.006,0.012,0.0,0.0,0.0,1.0,0.93,1.86,4,0.0,0.0,589376
2025-02-19 06:00:00,00000000270,20250219060000,0.652,0.004,0.015,0.0,0.0,0.0,1.0,0.61,2.3,4,0.0,0.0,589376
2025-02-19 07:00:00,00000000270,20250219070000,0.261,0.0,0.05,0.0,0.0,0.0,1.0,0.0,19.16,4,0.0,0.0,589376
2025-02-19 08:00:00,00000000270,20250219080000,0.036,0.001,0.061,0.0,0.0,0.0,1.0,2.78,169.44,4,0.0,0.0,589376
2025-02-19 09:00:00,00000000270,20250219090000,0.051,0.0,0.059,0.0,0.0,0.0,1.0,0.0,115.69,4,0.0,0.0,589376
2025-02-19 10:00:00,00000000270,20250219100000,0.043,0.0,0.063,0.0,0.0,0.0,1.0,0.0,146.51,4,0.0,0.0,589376
2025-02-19 11:00:00,00000000270,20250219110000,0.052,0.0,0.055,0.0,0.0,0.0,1.0,0.0,105.77,4,0.0,0.0,589376
2025-02-19 12:00:00,00000000270,20250219120000,0.037,0.0,0.057,0.0,0.0,0.0,1.0,0.0,154.05,4,0.0,0.0,589376
2025-02-19 13:00:00,00000000270,20250219130000,0.042,0.001,0.061,0.0,0.0,0.0,1.0,2.38,145.24,4,0.0,0.0,589376
2025-02-19 14:00:00,00000000270,20250219140000,0.054,0.0,0.055,0.0,0.0,0.0,1.0,0.0,101.85,4,0.0,0.0,589376
2025-02-19 15:00:00,00000000270,20250219150000,0.032,0.0,0.062,0.0,0.0,0.0,1.0,0.0,193.75,4,0.0,0.0,589376
2025-02-19 16:00:00,00000000270,20250219160000,0.045,0.0,0.056,0.0,0.0,0.0,1.0,0.0,124.44,4,0.0,0.0,589376
2025-02-19 17:00:00,00000000270,20250219170000,0.045,0.001,0.062,0.0,0.0,0.0,1.0,2.22,137.78,4,0.0,0.0,589376
2025-02-19 18:00:00,00000000270,20250219180000,0.7,0.002,0.025,0.0,0.0,0.0,1.0,0.29,3.57,4,0.0,0.0,589376
2025-02-19 19:00:00,00000000270,20250219190000,1.037,0.001,0.046,0.0,0.0,0.0,1.0,0.1,4.44,4,0.0,0.0,589376
2025-02-19 20:00:00,00000000270,20250219200000,1.224,0.0,0.041,0.0,0.0,0.0,1.0,0.0,3.35,4,0.0,0.0,589376
2025-02-19 21:00:00,00000000270,20250219210000,1.157,0.001,0.057,0.0,0.0,0.0,1.0,0.09,4.93,4,0.0,0.0,589376
2025-02-19 22:00:00,00000000270,20250219220000,1.068,0.0,0.038,0.0,0.0,0.0,1.0,0.0,3.56,4,0.0,0.0,589376
2025-02-19 23:00:00,00000000270,20250219230000,1.076,0.0,0.041,0.0,0.0,0.0,1.0,0.0,3.81,4,0.0,0.0,589376
2025-02-20 00:00:00,00000000270,20250220000000,1.085,0.0,0.049,0.0,0.0,0.0,1.0,0.0,4.52,4,0.0,0.0,589376
2025-02-20 01:00:00,00000000270,20250220010000,1.096,0.001,0.047,0.0,0.0,0.0,1.0,0.09,4.29,4,0.0,0.0,589376
2025-02-20 02:00:00,00000000270,20250220020000,1.086,0.0,0.051,0.0,0.0,0.0,1.0,0.0,4.7,4,0.0,0.0,589376
2025-02-20 03:00:00,00000000270,20250220030000,0.983,0.0,0.051,0.0,0.0,0.0,1.0,0.0,5.19,4,0.0,0.0,589376
2025-02-20 04:00:00,00000000270,20250220040000,1.054,0.001,0.052,0.0,0.0,0.0,1.0,0.09,4.93,4,0.0,0.0,589376
2025-02-20 05:00:00,00000000270,20250220050000,1.024,0.0,0.05,0.0,0.0,0.0,1.0,0.0,4.88,4,0.0,0.0,589376
2025-02-20 06:00:00,00000000270,20250220060000,1.032,0.0,0.05,0.0,0.0,0.0,1.0,0.0,4.84,4,0.0,0.0,589376
2025-02-20 07:00:00,00000000270,20250220070000,0.493,0.0,0.064,0.0,0.0,0.0,1.0,0.0,12.98,4,0.0,0.0,589376
2025-02-20 08:00:00,00000000270,20250220080000,0.052,0.001,0.059,0.0,0.0,0.0,1.0,1.92,113.46,4,0.0,0.0,589376
2025-02-20 09:00:00,00000000270,20250220090000,0.046,0.0,0.058,0.0,0.0,0.0,1.0,0.0,126.09,4,0.0,0.0,589376
2025-02-20 10:00:00,00000000270,20250220100000,0.04,0.0,0.056,0.0,0.0,0.0,1.0,0.0,140.0,4,0.0,0.0,589376
2025-02-20 11:00:00,00000000270,20250220110000,0.051,0.0,0.055,0.0,0.0,0.0,1.0,0.0,107.84,4,0.0,0.0,589376
2025-02-20 12:00:00,00000000270,20250220120000,0.04,0.001,0.061,0.0,0.0,0.0,1.0,2.5,152.5,4,0.0,0.0,589376
2025-02-20 13:00:00,00000000270,20250220130000,0.032,0.0,0.057,0.0,0.0,0.0,1.0,0.0,178.12,4,0.0,0.0,589376
2025-02-20 14:00:00,00000000270,20250220140000,0.052,0.0,0.056,0.0,0.0,0.0,1.0,0.0,107.69,4,0.0,0.0,589376
2025-02-20 15:00:00,00000000270,20250220150000,0.043,0.0,0.065,0.0,0.0,0.0,1.0,0.0,151.16,4,0.0,0.0,589376
2025-02-20 16:00:00,00000000270,20250220160000,0.049,0.0,0.058,0.0,0.0,0.0,1.0,0.0,118.37,4,0.0,0.0,589376
2025-02-20 17:00:00,00000000270,20250220170000,0.041,0.001,0.058,0.0,0.0,0.0,1.0,2.44,141.46,4,0.0,0.0,589376
2025-02-20 18:00:00,00000000270,20250220180000,1.098,0.0,0.056,0.0,0.0,0.0,1.0,0.0,5.1,4,0.0,0.0,589376
2025-02-20 19:00:00,00000000270,20250220190000,1.238,0.001,0.034,0.0,0.0,0.0,1.0,0.08,2.75,4,0.0,0.0,589376
2025-02-20 20:00:00,00000000270,20250220200000,1.271,0.225,0.014,0.0,0.0,0.0,1.0,17.7,1.1,4,0.0,0.0,589376
2025-02-20 21:00:00,00000000270,20250220210000,1.3,0.033,0.042,0.0,0.0,0.0,1.0,2.54,3.23,4,0.0,0.0,589376
2025-02-20 22:00:00,00000000270,20250220220000,1.163,0.0,0.032,0.0,0.0,0.0,1.0,0.0,2.75,4,0.0,0.0,589376
2025-02-20 23:00:00,00000000270,20250220230000,1.159,0.001,0.043,0.0,0.0,0.0,1.0,0.09,3.71,4,0.0,0.0,589376
2025-02-21 00:00:00,00000000270,20250221000000,1.193,0.0,0.046,0.0,0.0,0.0,1.0,0.0,3.86,4,0.0,0.0,589376
2025-02-21 01:00:00,00000000270,20250221010000,1.174,0.0,0.061,0.0,0.0,0.0,1.0,0.0,5.2,4,0.0,0.0,589376
2025-02-21 02:00:00,00000000270,20250221020000,1.166,0.001,0.051,0.0,0.0,0.0,1.0,0.09,4.37,4,0.0,0.0,589376
2025-02-21 03:00:00,00000000270,20250221030000,1.168,0.0,0.05,0.0,0.0,0.0,1.0,0.0,4.28,4,0.0,0.0,589376
2025-02-21 04:00:00,00000000270,20250221040000,1.161,0.0,0.057,0.0,0.0,0.0,1.0,0.0,4.91,4,0.0,0.0,589376
2025-02-21 05:00:00,00000000270,20250221050000,1.157,0.001,0.054,0.0,0.0,0.0,1.0,0.09,4.67,4,0.0,0.0,589376
2025-02-21 06:00:00,00000000270,20250221060000,1.143,0.0,0.057,0.0,0.0,0.0,1.0,0.0,4.99,4,0.0,0.0,589376
2025-02-21 07:00:00,00000000270,20250221070000,0.437,0.0,0.058,0.0,0.0,0.0,1.0,0.0,13.27,4,0.0,0.0,589376
2025-02-21 08:00:00,00000000270,20250221080000,0.052,0.0,0.06,0.0,0.0,0.0,1.0,0.0,115.38,4,0.0,0.0,589376
2025-02-21 09:00:00,00000000270,20250221090000,0.034,0.0,0.061,0.0,0.0,0.0,1.0,0.0,179.41,4,0.0,0.0,589376
2025-02-21 10:00:00,00000000270,20250221100000,0.051,0.001,0.056,0.0,0.0,0.0,1.0,1.96,109.8,4,0.0,0.0,589376
2025-02-21 11:00:00,00000000270,20250221110000,0.05,0.0,0.055,0.0,0.0,0.0,1.0,0.0,110.0,4,0.0,0.0,589376
2025-02-21 12:00:00,00000000270,20250221120000,0.032,0.0,0.054,0.0,0.0,0.0,1.0,0.0,168.75,4,0.0,0.0,589376
2025-02-21 13:00:00,00000000270,20250221130000,0.04,0.0,0.062,0.0,0.0,0.0,1.0,0.0,155.0,4,0.0,0.0,589376
2025-02-21 14:00:00,00000000270,20250221140000,0.053,0.001,0.054,0.0,0.0,0.0,1.0,1.89,101.89,4,0.0,0.0,589376
2025-02-21 15:00:00,00000000270,20250221150000,0.043,0.0,0.055,0.0,0.0,0.0,1.0,0.0,127.91,4,0.0,0.0,589376
2025-02-21 16:00:00,00000000270,20250221160000,0.033,0.0,0.062,0.0,0.0,0.0,1.0,0.0,187.88,4,0.0,0.0,589376
2025-02-21 17:00:00,00000000270,20250221170000,0.05,0.0,0.054,0.0,0.0,0.0,1.0,0.0,108.0,4,0.0,0.0,589376
2025-02-21 18:00:00,00000000270,20250221180000,0.586,0.0,0.062,0.0,0.0,0.0,1.0,0.0,10.58,4,0.0,0.0,589376
2025-02-21 19:00:00,00000000270,20250221190000,1.322,0.001,0.044,0.0,0.0,0.0,1.0,0.08,3.33,4,0.0,0.0,589376
2025-02-21 20:00:00,00000000270,20250221200000,1.29,0.0,0.036,0.0,0.0,0.0,1.0,0.0,2.79,4,0.0,0.0,589376
2025-02-21 21:00:00,00000000270,20250221210000,1.241,0.001,0.035,0.0,0.0,0.0,1.0,0.08,2.82,4,0.0,0.0,589376
2025-02-21 22:00:00,00000000270,20250221220000,1.283,0.0,0.047,0.0,0.0,0.0,1.0,0.0,3.66,4,0.0,0.0,589376
2025-02-21 23:00:00,00000000270,20250221230000,1.237,0.001,0.039,0.0,0.0,0.0,1.0,0.08,3.15,4,0.0,0.0,589376
2025-02-22 00:00:00,00000000270,20250222000000,1.205,0.0,0.045,0.0,0.0,0.0,1.0,0.0,3.73,4,0.0,0.0,589376
2025-02-22 01:00:00,00000000270,20250222010000,1.184,0.0,0.06,0.0,0.0,0.0,1.0,0.0,5.07,4,0.0,0.0,589376
2025-02-22 02:00:00,00000000270,20250222020000,1.221,0.001,0.063,0.0,0.0,0.0,1.0,0.08,5.16,4,0.0,0.0,589376
2025-02-22 03:00:00,00000000270,20250222030000,1.226,0.0,0.056,0.0,0.0,0.0,1.0,0.0,4.57,4,0.0,0.0,589376
2025-02-22 04:00:00,00000000270,20250222040000,1.23,0.0,0.066,0.0,0.0,0.0,1.0,0.0,5.37,4,0.0,0.0,589376
2025-02-22 05:00:00,00000000270,20250222050000,1.229,0.0,0.061,0.0,0.0,0.0,1.0,0.0,4.96,4,0.0,0.0,589376
2025-02-22 06:00:00,00000000270,20250222060000,1.232,0.0,0.058,0.0,0.0,0.0,1.0,0.0,4.71,4,0.0,0.0,589376
2025-02-22 07:00:00,00000000270,20250222070000,1.241,0.001,0.07,0.0,0.0,0.0,1.0,0.08,5.64,4,0.0,0.0,589376
2025-02-22 08:00:00,00000000270,20250222080000,1.214,0.0,0.062,0.0,0.0,0.0,1.0,0.0,5.11,4,0.0,0.0,589376
2025-02-22 09:00:00,00000000270,20250222090000,1.202,0.0,0.056,0.0,0.0,0.0,1.0,0.0,4.66,4,0.0,0.0,589376
2025-02-22 10:00:00,00000000270,20250222100000,0.789,0.001,0.05,0.0,0.0,0.0,1.0,0.13,6.34,4,0.0,0.0,589376
2025-02-22 11:00:00,00000000270,20250222110000,0.042,0.0,0.057,0.0,0.0,0.0,1.0,0.0,135.71,4,0.0,0.0,589376
2025-02-22 12:00:00,00000000270,20250222120000,0.059,0.0,0.059,0.0,0.0,0.0,1.0,0.0,100.0,4,0.0,0.0,589376
2025-02-22 13:00:00,00000000270,20250222130000,0.04,0.0,0.061,0.0,0.0,0.0,1.0,0.0,152.5,4,0.0,0.0,589376
2025-02-22 14:00:00,00000000270,20250222140000,0.038,0.0,0.06,0.0,0.0,0.0,1.0,0.0,157.89,4,0.0,0.0,589376
2025-02-22 15:00:00,00000000270,20250222150000,0.245,0.001,0.059,0.0,0.0,0.0,1.0,0.41,24.08,4,0.0,0.0,589376
2025-02-22 16:00:00,00000000270,20250222160000,1.158,0.0,0.05,0.0,0.0,0.0,1.0,0.0,4.32,4,0.0,0.0,589376
2025-02-22 17:00:00,00000000270,20250222170000,1.137,0.0,0.049,0.0,0.0,0.0,1.0,0.0,4.31,4,0.0,0.0,589376
2025-02-22 18:00:00,00000000270,20250222180000,1.169,0.001,0.047,0.0,0.0,0.0,1.0,0.09,4.02,4,0.0,0.0,589376
2025-02-22 19:00:00,00000000270,20250222190000,1.181,0.0,0.044,0.0,0.0,0.0,1.0,0.0,3.73,4,0.0,0.0,589376
2025-02-22 20:00:00,00000000270,20250222200000,1.144,0.001,0.036,0.0,0.0,0.0,1.0,0.09,3.15,4,0.0,0.0,589376
2025-02-22 21:00:00,00000000270,20250222210000,1.173,0.0,0.035,0.0,0.0,0.0,1.0,0.0,2.98,4,0.0,0.0,589376
2025-02-22 22:00:00,00000000270,20250222220000,1.151,0.001,0.045,0.0,0.0,0.0,1.0,0.09,3.91,4,0.0,0.0,589376
2025-02-22 23:00:00,00000000270,20250222230000,1.098,0.0,0.042,0.0,0.0,0.0,1.0,0.0,3.83,4,0.0,0.0,589376
2025-02-23 00:00:00,00000000270,20250223000000,1.189,0.001,0.027,0.0,0.0,0.0,1.0,0.08,2.27,4,0.0,0.0,589376
2025-02-23 01:00:00,00000000270,20250223010000,1.133,0.0,0.043,0.0,0.0,0.0,1.0,0.0,3.8,4,0.0,0.0,589376
2025-02-23 02:00:00,00000000270,20250223020000,1.11,0.0,0.056,0.0,0.0,0.0,1.0,0.0,5.05,4,0.0,0.0,589376
2025-02-23 03:00:00,00000000270,20250223030000,1.083,0.001,0.047,0.0,0.0,0.0,1.0,0.09,4.34,4,0.0,0.0,589376
2025-02-23 04:00:00,00000000270,20250223040000,1.095,0.0,0.046,0.0,0.0,0.0,1.0,0.0,4.2,4,0.0,0.0,589376
2025-02-23 05:00:00,00000000270,20250223050000,1.118,0.0,0.051,0.0,0.0,0.0,1.0,0.0,4.56,4,0.0,0.0,589376
2025-02-23 06:00:00,00000000270,20250223060000,1.087,0.001,0.051,0.0,0.0,0.0,1.0,0.09,4.69,4,0.0,0.0,589376
2025-02-23 07:00:00,00000000270,20250223070000,1.051,0.0,0.052,0.0,0.0,0.0,1.0,0.0,4.95,4,0.0,0.0,589376
2025-02-23 08:00:00,00000000270,20250223080000,1.106,0.0,0.04,0.0,0.0,0.0,1.0,0.0,3.62,4,0.0,0.0,589376
2025-02-23 09:00:00,00000000270,20250223090000,1.028,0.0,0.039,0.0,0.0,0.0,1.0,0.0,3.79,4,0.0,0.0,589376
2025-02-23 10:00:00,00000000270,20250223100000,1.78,0.001,0.033,0.0,0.0,0.0,1.0,0.06,1.85,4,0.0,0.0,589376
2025-02-23 11:00:00,00000000270,20250223110000,1.02,0.001,0.035,0.0,0.0,0.0,1.0,0.1,3.43,4,0.0,0.0,589376
2025-02-23 12:00:00,00000000270,20250223120000,1.029,0.0,0.033,0.0,0.0,0.0,1.0,0.0,3.21,4,0.0,0.0,589376
2025-02-23 13:00:00,00000000270,20250223130000,1.015,0.001,0.037,0.0,0.0,0.0,1.0,0.1,3.65,4,0.0,0.0,589376
2025-02-23 14:00:00,00000000270,20250223140000,1.043,0.0,0.032,0.0,0.0,0.0,1.0,0.0,3.07,4,0.0,0.0,589376
2025-02-23 15:00:00,00000000270,20250223150000,1.037,0.001,0.044,0.0,0.0,0.0,1.0,0.1,4.24,4,0.0,0.0,589376
2025-02-23 16:00:00,00000000270,20250223160000,1.012,0.0,0.033,0.0,0.0,0.0,1.0,0.0,3.26,4,0.0,0.0,589376
2025-02-23 17:00:00,00000000270,20250223170000,1.019,0.001,0.029,0.0,0.0,0.0,1.0,0.1,2.85,4,0.0,0.0,589376
2025-02-23 18:00:00,00000000270,20250223180000,0.978,0.001,0.021,0.0,0.0,0.0,1.0,0.1,2.15,4,0.0,0.0,589376
2025-02-23 19:00:00,00000000270,20250223190000,0.975,0.001,0.026,0.0,0.0,0.0,1.0,0.1,2.67,4,0.0,0.0,589376
2025-02-23 20:00:00,00000000270,20250223200000,0.983,0.001,0.021,0.0,0.0,0.0,1.0,0.1,2.14,4,0.0,0.0,589376
2025-02-23 21:00:00,00000000270,20250223210000,0.985,0.001,0.025,0.0,0.0,0.0,1.0,0.1,2.54,4,0.0,0.0,589376
2025-02-23 22:00:00,00000000270,20250223220000,0.97,0.001,0.03,0.0,0.0,0.0,1.0,0.1,3.09,4,0.0,0.0,589376
2025-02-23 23:00:00,00000000270,20250223230000,0.966,0.001,0.023,0.0,0.0,0.0,1.0,0.1,2.38,4,0.0,0.0,589376
2025-02-24 00:00:00,00000000270,20250224000000,0.991,0.001,0.03,0.0,0.0,0.0,1.0,0.1,3.03,4,0.0,0.0,589376
2025-02-24 01:00:00,00000000270,20250224010000,0.988,0.0,0.044,0.0,0.0,0.0,1.0,0.0,4.45,4,0.0,0.0,589376
2025-02-24 02:00:00,00000000270,20250224020000,1.085,0.001,0.03,0.0,0.0,0.0,1.0,0.09,2.76,4,0.0,0.0,589376
2025-02-24 03:00:00,00000000270,20250224030000,1.031,0.001,0.034,0.0,0.0,0.0,1.0,0.1,3.3,4,0.0,0.0,589376
2025-02-24 04:00:00,00000000270,20250224040000,1.013,0.0,0.032,0.0,0.0,0.0,1.0,0.0,3.16,4,0.0,0.0,589376
2025-02-24 05:00:00,00000000270,20250224050000,1.022,0.002,0.03,0.0,0.0,0.0,1.0,0.2,2.94,4,0.0,0.0,589376
2025-02-24 06:00:00,00000000270,20250224060000,1.0,0.0,0.038,0.0,0.0,0.0,1.0,0.0,3.8,4,0.0,0.0,589376
2025-02-24 07:00:00,00000000270,20250224070000,0.55,0.001,0.046,0.0,0.0,0.0,1.0,0.18,8.36,4,0.0,0.0,589376
2025-02-24 08:00:00,00000000270,20250224080000,0.052,0.0,0.059,0.0,0.0,0.0,1.0,0.0,113.46,4,0.0,0.0,589376
2025-02-24 09:00:00,00000000270,20250224090000,0.029,0.0,0.057,0.0,0.0,0.0,1.0,0.0,196.55,4,0.0,0.0,589376
2025-02-24 10:00:00,00000000270,20250224100000,0.052,0.0,0.056,0.0,0.0,0.0,1.0,0.0,107.69,4,0.0,0.0,589376
2025-02-24 11:00:00,00000000270,20250224110000,0.05,0.0,0.054,0.0,0.0,0.0,1.0,0.0,108.0,4,0.0,0.0,589376
2025-02-24 12:00:00,00000000270,20250224120000,0.038,0.001,0.057,0.0,0.0,0.0,1.0,2.63,150.0,4,0.0,0.0,589376
2025-02-24 13:00:00,00000000270,20250224130000,0.045,0.0,0.057,0.0,0.0,0.0,1.0,0.0,126.67,4,0.0,0.0,589376
2025-02-24 14:00:00,00000000270,20250224140000,0.04,0.0,0.061,0.0,0.0,0.0,1.0,0.0,152.5,4,0.0,0.0,589376
2025-02-24 15:00:00,00000000270,20250224150000,0.043,0.0,0.056,0.0,0.0,0.0,1.0,0.0,130.23,4,0.0,0.0,589376
2025-02-24 16:00:00,00000000270,20250224160000,0.043,0.0,0.059,0.0,0.0,0.0,1.0,0.0,137.21,4,0.0,0.0,589376
2025-02-24 17:00:00,00000000270,20250224170000,0.228,0.001,0.055,0.0,0.0,0.0,1.0,0.44,24.12,4,0.0,0.0,589376
2025-02-24 18:00:00,00000000270,20250224180000,1.112,0.0,0.042,0.0,0.0,0.0,1.0,0.0,3.78,4,0.0,0.0,589376
2025-02-24 19:00:00,00000000270,20250224190000,1.085,0.001,0.034,0.0,0.0,0.0,1.0,0.09,3.13,4,0.0,0.0,589376
2025-02-24 20:00:00,00000000270,20250224200000,1.108,0.015,0.015,0.0,0.0,0.0,1.0,1.35,1.35,4,0.0,0.0,589376
2025-02-24 21:00:00,00000000270,20250224210000,1.694,0.018,0.019,0.0,0.0,0.0,1.0,1.06,1.12,4,0.0,0.0,589376
2025-02-24 22:00:00,00000000270,20250224220000,1.088,0.001,0.039,0.0,0.0,0.0,1.0,0.09,3.58,4,0.0,0.0,589376
2025-02-24 23:00:00,00000000270,20250224230000,1.126,0.0,0.024,0.0,0.0,0.0,1.0,0.0,2.13,4,0.0,0.0,589376
2025-02-25 00:00:00,00000000270,20250225000000,1.127,0.001,0.046,0.0,0.0,0.0,1.0,0.09,4.08,4,0.0,0.0,589376
2025-02-25 01:00:00,00000000270,20250225010000,1.092,0.0,0.05,0.0,0.0,0.0,1.0,0.0,4.58,4,0.0,0.0,589376
2025-02-25 02:00:00,00000000270,20250225020000,1.128,0.0,0.04,0.0,0.0,0.0,1.0,0.0,3.55,4,0.0,0.0,589376
2025-02-25 03:00:00,00000000270,20250225030000,1.12,0.001,0.042,0.0,0.0,0.0,1.0,0.09,3.75,4,0.0,0.0,589376
2025-02-25 04:00:00,00000000270,20250225040000,1.162,0.001,0.039,0.0,0.0,0.0,1.0,0.09,3.36,4,0.0,0.0,589376
2025-02-25 05:00:00,00000000270,20250225050000,1.087,0.0,0.038,0.0,0.0,0.0,1.0,0.0,3.5,4,0.0,0.0,589376
2025-02-25 06:00:00,00000000270,20250225060000,1.082,0.001,0.046,0.0,0.0,0.0,1.0,0.09,4.25,4,0.0,0.0,589376
2025-02-25 07:00:00,00000000270,20250225070000,0.553,0.0,0.047,0.0,0.0,0.0,1.0,0.0,8.5,4,0.0,0.0,589376
2025-02-25 08:00:00,00000000270,20250225080000,0.053,0.0,0.061,0.0,0.0,0.0,1.0,0.0,115.09,4,0.0,0.0,589376
2025-02-25 09:00:00,00000000270,20250225090000,0.182,0.0,0.059,0.0,0.0,0.0,1.0,0.0,32.42,4,0.0,0.0,589376
2025-02-25 10:00:00,00000000270,20250225100000,0.622,0.001,0.059,0.0,0.0,0.0,1.0,0.16,9.49,4,0.0,0.0,589376
2025-02-25 11:00:00,00000000270,20250225110000,0.705,0.0,0.062,0.0,0.0,0.0,1.0,0.0,8.79,4,0.0,0.0,589376
2025-02-25 12:00:00,00000000270,20250225120000,0.138,0.0,0.062,0.0,0.0,0.0,1.0,0.0,44.93,4,0.0,0.0,589376
2025-02-25 13:00:00,00000000270,20250225130000,0.033,0.0,0.057,0.0,0.0,0.0,1.0,0.0,172.73,4,0.0,0.0,589376
2025-02-25 14:00:00,00000000270,20250225140000,0.085,0.0,0.065,0.0,0.0,0.0,1.0,0.0,76.47,4,0.0,0.0,589376
2025-02-25 15:00:00,00000000270,20250225150000,0.052,0.001,0.06,0.0,0.0,0.0,1.0,1.92,115.38,4,0.0,0.0,589376
2025-02-25 16:00:00,00000000270,20250225160000,0.096,0.01,0.031,0.0,0.0,0.0,1.0,10.42,32.29,4,0.0,0.0,589376
2025-02-25 17:00:00,00000000270,20250225170000,0.297,0.002,0.045,0.0,0.0,0.0,1.0,0.67,15.15,4,0.0,0.0,589376
2025-02-25 18:00:00,00000000270,20250225180000,1.455,0.001,0.037,0.0,0.0,0.0,1.0,0.07,2.54,4,0.0,0.0,589376
2025-02-25 19:00:00,00000000270,20250225190000,1.089,0.021,0.012,0.0,0.0,0.0,1.0,1.93,1.1,4,0.0,0.0,589376
2025-02-25 20:00:00,00000000270,20250225200000,1.111,0.043,0.002,0.0,0.0,0.0,1.0,3.87,0.18,4,0.0,0.0,589376
2025-02-25 21:00:00,00000000270,20250225210000,1.04,0.0,0.036,0.0,0.0,0.0,1.0,0.0,3.46,4,0.0,0.0,589376
2025-02-25 22:00:00,00000000270,20250225220000,2.203,0.002,0.043,0.0,0.0,0.0,1.0,0.09,1.95,4,0.0,0.0,589376
2025-02-25 23:00:00,00000000270,20250225230000,1.054,0.002,0.025,0.0,0.0,0.0,1.0,0.19,2.37,4,0.0,0.0,589376
2025-02-26 00:00:00,00000000270,20250226000000,1.03,0.001,0.034,0.0,0.0,0.0,1.0,0.1,3.3,4,0.0,0.0,589376
2025-02-26 01:00:00,00000000270,20250226010000,1.016,0.0,0.042,0.0,0.0,0.0,1.0,0.0,4.13,4,0.0,0.0,589376
2025-02-26 02:00:00,00000000270,20250226020000,0.975,0.003,0.025,0.0,0.0,0.0,1.0,0.31,2.56,4,0.0,0.0,589376
2025-02-26 03:00:00,00000000270,20250226030000,1.009,0.001,0.031,0.0,0.0,0.0,1.0,0.1,3.07,4,0.0,0.0,589376
2025-02-26 04:00:00,00000000270,20250226040000,1.006,0.001,0.041,0.0,0.0,0.0,1.0,0.1,4.08,4,0.0,0.0,589376
2025-02-26 05:00:00,00000000270,20250226050000,0.969,0.0,0.036,0.0,0.0,0.0,1.0,0.0,3.72,4,0.0,0.0,589376
2025-02-26 06:00:00,00000000270,20250226060000,0.889,0.003,0.021,0.0,0.0,0.0,1.0,0.34,2.36,4,0.0,0.0,589376
2025-02-26 07:00:00,00000000270,20250226070000,0.412,0.0,0.048,0.0,0.0,0.0,1.0,0.0,11.65,4,0.0,0.0,589376
2025-02-26 08:00:00,00000000270,20250226080000,0.064,0.001,0.06,0.0,0.0,0.0,1.0,1.56,93.75,4,0.0,0.0,589376
2025-02-26 09:00:00,00000000270,20250226090000,0.051,0.0,0.058,0.0,0.0,0.0,1.0,0.0,113.73,4,0.0,0.0,589376
2025-02-26 10:00:00,00000000270,20250226100000,0.056,0.0,0.06,0.0,0.0,0.0,1.0,0.0,107.14,4,0.0,0.0,589376
2025-02-26 11:00:00,00000000270,20250226110000,0.069,0.0,0.062,0.0,0.0,0.0,1.0,0.0,89.86,4,0.0,0.0,589376
2025-02-26 12:00:00,00000000270,20250226120000,0.057,0.0,0.06,0.0,0.0,0.0,1.0,0.0,105.26,4,0.0,0.0,589376
2025-02-26 13:00:00,00000000270,20250226130000,0.059,0.001,0.058,0.0,0.0,0.0,1.0,1.69,98.31,4,0.0,0.0,589376
2025-02-26 14:00:00,00000000270,20250226140000,0.057,0.0,0.059,0.0,0.0,0.0,1.0,0.0,103.51,4,0.0,0.0,589376
2025-02-26 15:00:00,00000000270,20250226150000,0.053,0.0,0.059,0.0,0.0,0.0,1.0,0.0,111.32,4,0.0,0.0,589376
2025-02-26 16:00:00,00000000270,20250226160000,0.073,0.0,0.066,0.0,0.0,0.0,1.0,0.0,90.41,4,0.0,0.0,589376
2025-02-26 17:00:00,00000000270,20250226170000,0.084,0.001,0.061,0.0,0.0,0.0,1.0,1.19,72.62,4,0.0,0.0,589376
2025-02-26 18:00:00,00000000270,20250226180000,0.063,0.0,0.056,0.0,0.0,0.0,1.0,0.0,88.89,4,0.0,0.0,589376
2025-02-26 19:00:00,00000000270,20250226190000,0.096,0.018,0.003,0.0,0.0,0.0,1.0,18.75,3.12,4,0.0,0.0,589376
2025-02-26 20:00:00,00000000270,20250226200000,0.082,0.014,0.0,0.0,0.0,0.0,1.0,17.07,0.0,4,0.0,0.0,589376
2025-02-26 21:00:00,00000000270,20250226210000,0.107,0.016,0.0,0.0,0.0,0.0,1.0,14.95,0.0,4,0.0,0.0,589376
2025-02-26 22:00:00,00000000270,20250226220000,0.117,0.019,0.0,0.0,0.0,0.0,1.0,16.24,0.0,4,0.0,0.0,589376
2025-02-26 23:00:00,00000000270,20250226230000,0.189,0.016,0.022,0.0,0.0,0.0,1.0,8.47,11.64,4,0.0,0.0,589376
2025-02-27 00:00:00,00000000270,20250227000000,0.07,0.001,0.057,0.0,0.0,0.0,1.0,1.43,81.43,4,0.0,0.0,589376
2025-02-27 01:00:00,00000000270,20250227010000,0.048,0.0,0.063,0.0,0.0,0.0,1.0,0.0,131.25,4,0.0,0.0,589376
2025-02-27 02:00:00,00000000270,20250227020000,0.046,0.0,0.062,0.0,0.0,0.0,1.0,0.0,134.78,4,0.0,0.0,589376
2025-02-27 03:00:00,00000000270,20250227030000,0.14,0.0,0.059,0.0,0.0,0.0,1.0,0.0,42.14,4,0.0,0.0,589376
2025-02-27 04:00:00,00000000270,20250227040000,0.089,0.001,0.056,0.0,0.0,0.0,1.0,1.12,62.92,4,0.0,0.0,589376
2025-02-27 05:00:00,00000000270,20250227050000,0.053,0.0,0.065,0.0,0.0,0.0,1.0,0.0,122.64,4,0.0,0.0,589376
2025-02-27 06:00:00,00000000270,20250227060000,0.05,0.0,0.06,0.0,0.0,0.0,1.0,0.0,120.0,4,0.0,0.0,589376
2025-02-27 07:00:00,00000000270,20250227070000,0.046,0.0,0.059,0.0,0.0,0.0,1.0,0.0,128.26,4,0.0,0.0,589376
2025-02-27 08:00:00,00000000270,20250227080000,0.053,0.0,0.064,0.0,0.0,0.0,1.0,0.0,120.75,4,0.0,0.0,589376
2025-02-27 09:00:00,00000000270,20250227090000,0.069,0.001,0.056,0.0,0.0,0.0,1.0,1.45,81.16,4,0.0,0.0,589376
2025-02-27 10:00:00,00000000270,20250227100000,0.104,0.0,0.055,0.0,0.0,0.0,1.0,0.0,52.88,4,0.0,0.0,589376
2025-02-27 11:00:00,00000000270,20250227110000,0.051,0.0,0.058,0.0,0.0,0.0,1.0,0.0,113.73,4,0.0,0.0,589376
2025-02-27 12:00:00,00000000270,20250227120000,0.054,0.0,0.051,0.0,0.0,0.0,1.0,0.0,94.44,4,0.0,0.0,589376
2025-02-27 13:00:00,00000000270,20250227130000,0.116,0.034,0.002,0.0,0.0,0.0,1.0,29.31,1.72,4,0.0,0.0,589376
2025-02-27 14:00:00,00000000270,20250227140000,0.072,0.001,0.063,0.0,0.0,0.0,1.0,1.39,87.5,4,0.0,0.0,589376
2025-02-27 15:00:00,00000000270,20250227150000,0.061,0.0,0.059,0.0,0.0,0.0,1.0,0.0,96.72,4,0.0,0.0,589376
2025-02-27 16:00:00,00000000270,20250227160000,0.057,0.0,0.06,0.0,0.0,0.0,1.0,0.0,105.26,4,0.0,0.0,589376
2025-02-27 17:00:00,00000000270,20250227170000,0.202,0.0,0.066,0.0,0.0,0.0,1.0,0.0,32.67,4,0.0,0.0,589376
2025-02-27 18:00:00,00000000270,20250227180000,1.095,0.002,0.037,0.0,0.0,0.0,1.0,0.18,3.38,4,0.0,0.0,589376
2025-02-27 19:00:00,00000000270,20250227190000,1.073,0.007,0.021,0.0,0.0,0.0,1.0,0.65,1.96,4,0.0,0.0,589376
2025-02-27 20:00:00,00000000270,20250227200000,1.072,0.006,0.013,0.0,0.0,0.0,1.0,0.56,1.21,4,0.0,0.0,589376
2025-02-27 21:00:00,00000000270,20250227210000,1.08,0.017,0.018,0.0,0.0,0.0,1.0,1.57,1.67,4,0.0,0.0,589376
2025-02-27 22:00:00,00000000270,20250227220000,1.041,0.004,0.02,0.0,0.0,0.0,1.0,0.38,1.92,4,0.0,0.0,589376
2025-02-27 23:00:00,00000000270,20250227230000,0.986,0.002,0.03,0.0,0.0,0.0,1.0,0.2,3.04,4,0.0,0.0,589376
2025-02-28 00:00:00,00000000270,20250228000000,0.97,0.004,0.019,0.0,0.0,0.0,1.0,0.41,1.96,4,0.0,0.0,589376
2025-02-28 01:00:00,00000000270,20250228010000,0.81,0.005,0.012,0.0,0.0,0.0,1.0,0.62,1.48,4,0.0,0.0,589376
2025-02-28 02:00:00,00000000270,20250228020000,0.81,0.004,0.017,0.0,0.0,0.0,1.0,0.49,2.1,4,0.0,0.0,589376
2025-02-28 03:00:00,00000000270,20250228030000,0.789,0.002,0.009,0.0,0.0,0.0,1.0,0.25,1.14,4,0.0,0.0,589376
2025-02-28 04:00:00,00000000270,20250228040000,0.8,0.009,0.006,0.0,0.0,0.0,1.0,1.12,0.75,4,0.0,0.0,589376
2025-02-28 05:00:00,00000000270,20250228050000,0.787,0.005,0.008,0.0,0.0,0.0,1.0,0.64,1.02,4,0.0,0.0,589376
2025-02-28 06:00:00,00000000270,20250228060000,0.845,0.003,0.015,0.0,0.0,0.0,1.0,0.36,1.78,4,0.0,0.0,589376
2025-02-28 07:00:00,00000000270,20250228070000,0.592,0.002,0.038,0.0,0.0,0.0,1.0,0.34,6.42,4,0.0,0.0,589376
2025-02-28 08:00:00,00000000270,20250228080000,0.049,0.0,0.057,0.0,0.0,0.0,1.0,0.0,116.33,4,0.0,0.0,589376
2025-02-28 09:00:00,00000000270,20250228090000,0.057,0.0,0.056,0.0,0.0,0.0,1.0,0.0,98.25,4,0.0,0.0,589376
2025-02-28 10:00:00,00000000270,20250228100000,0.945,0.001,0.047,0.0,0.0,0.0,1.0,0.11,4.97,4,0.0,0.0,589376
2025-02-28 11:00:00,00000000270,20250228110000,0.521,0.0,0.042,0.0,0.0,0.0,1.0,0.0,8.06,4,0.0,0.0,589376
2025-02-28 12:00:00,00000000270,20250228120000,0.091,0.0,0.063,0.0,0.0,0.0,1.0,0.0,69.23,4,0.0,0.0,589376
2025-02-28 13:00:00,00000000270,20250228130000,0.041,0.0,0.062,0.0,0.0,0.0,1.0,0.0,151.22,4,0.0,0.0,589376
2025-02-28 14:00:00,00000000270,20250228140000,0.056,0.001,0.058,0.0,0.0,0.0,1.0,1.79,103.57,4,0.0,0.0,589376
2025-02-28 15:00:00,00000000270,20250228150000,0.064,0.0,0.061,0.0,0.0,0.0,1.0,0.0,95.31,4,0.0,0.0,589376
2025-02-28 16:00:00,00000000270,20250228160000,0.062,0.0,0.062,0.0,0.0,0.0,1.0,0.0,100.0,4,0.0,0.0,589376
2025-02-28 17:00:00,00000000270,20250228170000,0.056,0.001,0.062,0.0,0.0,0.0,1.0,1.79,110.71,4,0.0,0.0,589376
2025-02-28 18:00:00,00000000270,20250228180000,0.097,0.001,0.062,0.0,0.0,0.0,1.0,1.03,63.92,4,0.0,0.0,589376
2025-02-28 19:00:00,00000000270,20250228190000,0.115,0.017,0.0,0.0,0.0,0.0,1.0,14.78,0.0,4,0.0,0.0,589376
2025-02-28 20:00:00,00000000270,20250228200000,0.157,0.007,0.043,0.0,0.0,0.0,1.0,4.46,27.39,4,0.0,0.0,589376
2025-02-28 21:00:00,00000000270,20250228210000,0.098,0.003,0.041,0.0,0.0,0.0,1.0,3.06,41.84,4,0.0,0.0,589376
2025-02-28 22:00:00,00000000270,20250228220000,0.126,0.013,0.019,0.0,0.0,0.0,1.0,10.32,15.08,4,0.0,0.0,589376
2025-02-28 23:00:00,00000000270,20250228230000,0.064,0.0,0.059,0.0,0.0,0.0,1.0,0.0,92.19,4,0.0,0.0,589376
2025-03-01 00:00:00,00000000270,20250301000000,0.061,0.0,0.058,0.0,0.0,0.0,1.0,0.0,95.08,4,0.0,0.0,589376
2025-03-01 01:00:00,00000000270,20250301010000,0.062,0.001,0.061,0.0,0.0,0.0,1.0,1.61,98.39,4,0.0,0.0,589376
2025-03-01 02:00:00,00000000270,20250301020000,0.057,0.0,0.062,0.0,0.0,0.0,1.0,0.0,108.77,4,0.0,0.0,589376
2025-03-01 03:00:00,00000000270,20250301030000,0.042,0.0,0.063,0.0,0.0,0.0,1.0,0.0,150.0,4,0.0,0.0,589376
2025-03-01 04:00:00,00000000270,20250301040000,0.054,0.0,0.061,0.0,0.0,0.0,1.0,0.0,112.96,4,0.0,0.0,589376
2025-03-01 05:00:00,00000000270,20250301050000,0.085,0.007,0.037,0.0,0.0,0.0,1.0,8.24,43.53,4,0.0,0.0,589376
2025-03-01 06:00:00,00000000270,20250301060000,0.074,0.001,0.058,0.0,0.0,0.0,1.0,1.35,78.38,4,0.0,0.0,589376
2025-03-01 07:00:00,00000000270,20250301070000,0.062,0.0,0.062,0.0,0.0,0.0,1.0,0.0,100.0,4,0.0,0.0,589376
2025-03-01 08:00:00,00000000270,20250301080000,0.043,0.001,0.067,0.0,0.0,0.0,1.0,2.33,155.81,4,0.0,0.0,589376
2025-03-01 09:00:00,00000000270,20250301090000,0.355,0.07,0.048,0.0,0.0,0.0,1.0,19.72,13.52,4,0.0,0.0,589376
2025-03-01 10:00:00,00000000270,20250301100000,1.07,0.152,0.018,0.0,0.0,0.0,1.0,14.21,1.68,4,0.0,0.0,589376
2025-03-01 11:00:00,00000000270,20250301110000,0.867,0.001,0.028,0.0,0.0,0.0,1.0,0.12,3.23,4,0.0,0.0,589376
2025-03-01 12:00:00,00000000270,20250301120000,0.797,0.002,0.021,0.0,0.0,0.0,1.0,0.25,2.63,4,0.0,0.0,589376
2025-03-01 13:00:00,00000000270,20250301130000,0.727,0.007,0.011,0.0,0.0,0.0,1.0,0.96,1.51,4,0.0,0.0,589376
2025-03-01 14:00:00,00000000270,20250301140000,0.643,0.004,0.009,0.0,0.0,0.0,1.0,0.62,1.4,4,0.0,0.0,589376
2025-03-01 15:00:00,00000000270,20250301150000,0.907,0.009,0.007,0.0,0.0,0.0,1.0,0.99,0.77,4,0.0,0.0,589376
2025-03-01 16:00:00,00000000270,20250301160000,1.391,0.198,0.007,0.0,0.0,0.0,1.0,14.23,0.5,4,0.0,0.0,589376
2025-03-01 17:00:00,00000000270,20250301170000,0.804,0.135,0.007,0.0,0.0,0.0,1.0,16.79,0.87,4,0.0,0.0,589376
2025-03-01 18:00:00,00000000270,20250301180000,0.774,0.003,0.016,0.0,0.0,0.0,1.0,0.39,2.07,4,0.0,0.0,589376
2025-03-01 19:00:00,00000000270,20250301190000,0.83,0.058,0.004,0.0,0.0,0.0,1.0,6.99,0.48,4,0.0,0.0,589376
2025-03-01 20:00:00,00000000270,20250301200000,0.806,0.04,0.003,0.0,0.0,0.0,1.0,4.96,0.37,4,0.0,0.0,589376
2025-03-01 21:00:00,00000000270,20250301210000,0.691,0.031,0.003,0.0,0.0,0.0,1.0,4.49,0.43,4,0.0,0.0,589376
2025-03-01 22:00:00,00000000270,20250301220000,0.748,0.07,0.0,0.0,0.0,0.0,1.0,9.36,0.0,4,0.0,0.0,589376
2025-03-01 23:00:00,00000000270,20250301230000,0.894,0.012,0.023,0.0,0.0,0.0,1.0,1.34,2.57,4,0.0,0.0,589376
2025-03-02 00:00:00,00000000270,20250302000000,0.847,0.003,0.021,0.0,0.0,0.0,1.0,0.35,2.48,4,0.0,0.0,589376
2025-03-02 01:00:00,00000000270,20250302010000,0.854,0.006,0.017,0.0,0.0,0.0,1.0,0.7,1.99,4,0.0,0.0,589376
2025-03-02 02:00:00,00000000270,20250302020000,0.847,0.0,0.024,0.0,0.0,0.0,1.0,0.0,2.83,4,0.0,0.0,589376
2025-03-02 03:00:00,00000000270,20250302030000,0.845,0.002,0.017,0.0,0.0,0.0,1.0,0.24,2.01,4,0.0,0.0,589376
2025-03-02 04:00:00,00000000270,20250302040000,0.848,0.003,0.028,0.0,0.0,0.0,1.0,0.35,3.3,4,0.0,0.0,589376
2025-03-02 05:00:00,00000000270,20250302050000,0.876,0.053,0.009,0.0,0.0,0.0,1.0,6.05,1.03,4,0.0,0.0,589376
2025-03-02 06:00:00,00000000270,20250302060000,0.848,0.007,0.014,0.0,0.0,0.0,1.0,0.83,1.65,4,0.0,0.0,589376
2025-03-02 07:00:00,00000000270,20250302070000,0.786,0.004,0.027,0.0,0.0,0.0,1.0,0.51,3.44,4,0.0,0.0,589376
2025-03-02 08:00:00,00000000270,20250302080000,0.179,0.0,0.066,0.0,0.0,0.0,1.0,0.0,36.87,4,0.0,0.0,589376
2025-03-02 09:00:00,00000000270,20250302090000,0.063,0.001,0.059,0.0,0.0,0.0,1.0,1.59,93.65,4,0.0,0.0,589376
2025-03-02 10:00:00,00000000270,20250302100000,0.129,0.0,0.065,0.0,0.0,0.0,1.0,0.0,50.39,4,0.0,0.0,589376
2025-03-02 11:00:00,00000000270,20250302110000,0.121,0.0,0.058,0.0,0.0,0.0,1.0,0.0,47.93,4,0.0,0.0,589376
2025-03-02 12:00:00,00000000270,20250302120000,0.707,0.001,0.047,0.0,0.0,0.0,1.0,0.14,6.65,4,0.0,0.0,589376
2025-03-02 13:00:00,00000000270,20250302130000,0.074,0.0,0.057,0.0,0.0,0.0,1.0,0.0,77.03,4,0.0,0.0,589376
2025-03-02 14:00:00,00000000270,20250302140000,0.058,0.0,0.06,0.0,0.0,0.0,1.0,0.0,103.45,4,0.0,0.0,589376
2025-03-02 15:00:00,00000000270,20250302150000,0.059,0.001,0.063,0.0,0.0,0.0,1.0,1.69,106.78,4,0.0,0.0,589376
2025-03-02 16:00:00,00000000270,20250302160000,0.05,0.0,0.062,0.0,0.0,0.0,1.0,0.0,124.0,4,0.0,0.0,589376
2025-03-02 17:00:00,00000000270,20250302170000,0.05,0.0,0.06,0.0,0.0,0.0,1.0,0.0,120.0,4,0.0,0.0,589376
2025-03-02 18:00:00,00000000270,20250302180000,0.069,0.001,0.059,0.0,0.0,0.0,1.0,1.45,85.51,4,0.0,0.0,589376
2025-03-02 19:00:00,00000000270,20250302190000,0.105,0.016,0.014,0.0,0.0,0.0,1.0,15.24,13.33,4,0.0,0.0,589376
2025-03-02 20:00:00,00000000270,20250302200000,0.112,0.02,0.0,0.0,0.0,0.0,1.0,17.86,0.0,4,0.0,0.0,589376
2025-03-02 21:00:00,00000000270,20250302210000,0.103,0.016,0.019,0.0,0.0,0.0,1.0,15.53,18.45,4,0.0,0.0,589376
2025-03-02 22:00:00,00000000270,20250302220000,0.071,0.0,0.058,0.0,0.0,0.0,1.0,0.0,81.69,4,0.0,0.0,589376
2025-03-02 23:00:00,00000000270,20250302230000,0.065,0.0,0.059,0.0,0.0,0.0,1.0,0.0,90.77,4,0.0,0.0,589376
2025-03-03 00:00:00,00000000270,20250303000000,0.063,0.001,0.06,0.0,0.0,0.0,1.0,1.59,95.24,4,0.0,0.0,589376
2025-03-03 01:00:00,00000000270,20250303010000,0.062,0.0,0.06,0.0,0.0,0.0,1.0,0.0,96.77,4,0.0,0.0,589376
2025-03-03 02:00:00,00000000270,20250303020000,0.072,0.0,0.065,0.0,0.0,0.0,1.0,0.0,90.28,4,0.0,0.0,589376
2025-03-03 03:00:00,00000000270,20250303030000,0.07,0.001,0.063,0.0,0.0,0.0,1.0,1.43,90.0,4,0.0,0.0,589376
2025-03-03 04:00:00,00000000270,20250303040000,0.162,0.0,0.061,0.0,0.0,0.0,1.0,0.0,37.65,4,0.0,0.0,589376
2025-03-03 05:00:00,00000000270,20250303050000,0.13,0.019,0.006,0.0,0.0,0.0,1.0,14.62,4.62,4,0.0,0.0,589376
2025-03-03 06:00:00,00000000270,20250303060000,0.079,0.009,0.051,0.0,0.0,0.0,1.0,11.39,64.56,4,0.0,0.0,589376
2025-03-03 07:00:00,00000000270,20250303070000,0.06,0.001,0.061,0.0,0.0,0.0,1.0,1.67,101.67,4,0.0,0.0,589376
2025-03-03 08:00:00,00000000270,20250303080000,0.427,0.0,0.059,0.0,0.0,0.0,1.0,0.0,13.82,4,0.0,0.0,589376
2025-03-03 09:00:00,00000000270,20250303090000,1.169,0.001,0.074,0.0,0.0,0.0,1.0,0.09,6.33,4,0.0,0.0,589376
2025-03-03 10:00:00,00000000270,20250303100000,1.163,0.0,0.077,0.0,0.0,0.0,1.0,0.0,6.62,4,0.0,0.0,589376
2025-03-03 11:00:00,00000000270,20250303110000,1.159,0.0,0.063,0.0,0.0,0.0,1.0,0.0,5.44,4,0.0,0.0,589376
2025-03-03 12:00:00,00000000270,20250303120000,1.119,0.001,0.047,0.0,0.0,0.0,1.0,0.09,4.2,4,0.0,0.0,589376
2025-03-03 13:00:00,00000000270,20250303130000,1.072,0.0,0.036,0.0,0.0,0.0,1.0,0.0,3.36,4,0.0,0.0,589376
2025-03-03 14:00:00,00000000270,20250303140000,1.137,0.001,0.039,0.0,0.0,0.0,1.0,0.09,3.43,4,0.0,0.0,589376
2025-03-03 15:00:00,00000000270,20250303150000,1.078,0.0,0.042,0.0,0.0,0.0,1.0,0.0,3.9,4,0.0,0.0,589376
2025-03-03 16:00:00,00000000270,20250303160000,1.056,0.001,0.047,0.0,0.0,0.0,1.0,0.09,4.45,4,0.0,0.0,589376
2025-03-03 17:00:00,00000000270,20250303170000,1.299,0.0,0.051,0.0,0.0,0.0,1.0,0.0,3.93,4,0.0,0.0,589376
2025-03-03 18:00:00,00000000270,20250303180000,1.78,0.004,0.027,0.0,0.0,0.0,1.0,0.22,1.52,4,0.0,0.0,589376
2025-03-03 19:00:00,00000000270,20250303190000,1.02,0.027,0.005,0.0,0.0,0.0,1.0,2.65,0.49,4,0.0,0.0,589376
2025-03-03 20:00:00,00000000270,20250303200000,0.946,0.003,0.017,0.0,0.0,0.0,1.0,0.32,1.8,4,0.0,0.0,589376
2025-03-03 21:00:00,00000000270,20250303210000,0.917,0.007,0.014,0.0,0.0,0.0,1.0,0.76,1.53,4,0.0,0.0,589376
2025-03-03 22:00:00,00000000270,20250303220000,0.926,0.014,0.018,0.0,0.0,0.0,1.0,1.51,1.94,4,0.0,0.0,589376
2025-03-03 23:00:00,00000000270,20250303230000,0.997,0.002,0.017,0.0,0.0,0.0,1.0,0.2,1.71,4,0.0,0.0,589376
2025-03-04 00:00:00,00000000270,20250304000000,0.921,0.005,0.016,0.0,0.0,0.0,1.0,0.54,1.74,4,0.0,0.0,589376
2025-03-04 01:00:00,00000000270,20250304010000,0.906,0.0,0.022,0.0,0.0,0.0,1.0,0.0,2.43,4,0.0,0.0,589376
2025-03-04 02:00:00,00000000270,20250304020000,0.906,0.003,0.023,0.0,0.0,0.0,1.0,0.33,2.54,4,0.0,0.0,589376
2025-03-04 03:00:00,00000000270,20250304030000,0.894,0.003,0.028,0.0,0.0,0.0,1.0,0.34,3.13,4,0.0,0.0,589376
2025-03-04 04:00:00,00000000270,20250304040000,0.907,0.002,0.026,0.0,0.0,0.0,1.0,0.22,2.87,4,0.0,0.0,589376
2025-03-04 05:00:00,00000000270,20250304050000,0.921,0.042,0.007,0.0,0.0,0.0,1.0,4.56,0.76,4,0.0,0.0,589376
2025-03-04 06:00:00,00000000270,20250304060000,0.89,0.002,0.029,0.0,0.0,0.0,1.0,0.22,3.26,4,0.0,0.0,589376
2025-03-04 07:00:00,00000000270,20250304070000,0.393,0.001,0.049,0.0,0.0,0.0,1.0,0.25,12.47,4,0.0,0.0,589376
2025-03-04 08:00:00,00000000270,20250304080000,0.061,0.001,0.062,0.0,0.0,0.0,1.0,1.64,101.64,4,0.0,0.0,589376
2025-03-04 09:00:00,00000000270,20250304090000,0.07,0.0,0.057,0.0,0.0,0.0,1.0,0.0,81.43,4,0.0,0.0,589376
2025-03-04 10:00:00,00000000270,20250304100000,0.086,0.0,0.062,0.0,0.0,0.0,1.0,0.0,72.09,4,0.0,0.0,589376
2025-03-04 11:00:00,00000000270,20250304110000,0.067,0.001,0.062,0.0,0.0,0.0,1.0,1.49,92.54,4,0.0,0.0,589376
2025-03-04 12:00:00,00000000270,20250304120000,0.042,0.0,0.061,0.0,0.0,0.0,1.0,0.0,145.24,4,0.0,0.0,589376
2025-03-04 13:00:00,00000000270,20250304130000,0.06,0.0,0.061,0.0,0.0,0.0,1.0,0.0,101.67,4,0.0,0.0,589376
2025-03-04 14:00:00,00000000270,20250304140000,0.057,0.001,0.061,0.0,0.0,0.0,1.0,1.75,107.02,4,0.0,0.0,589376
2025-03-04 15:00:00,00000000270,20250304150000,0.07,0.0,0.062,0.0,0.0,0.0,1.0,0.0,88.57,4,0.0,0.0,589376
2025-03-04 16:00:00,00000000270,20250304160000,0.11,0.0,0.066,0.0,0.0,0.0,1.0,0.0,60.0,4,0.0,0.0,589376
2025-03-04 17:00:00,00000000270,20250304170000,0.099,0.0,0.065,0.0,0.0,0.0,1.0,0.0,65.66,4,0.0,0.0,589376
2025-03-04 18:00:00,00000000270,20250304180000,0.916,0.002,0.038,0.0,0.0,0.0,1.0,0.22,4.15,4,0.0,0.0,589376
2025-03-04 19:00:00,00000000270,20250304190000,2.154,0.029,0.01,0.0,0.0,0.0,1.0,1.35,0.46,4,0.0,0.0,589376
2025-03-04 20:00:00,00000000270,20250304200000,1.102,0.007,0.019,0.0,0.0,0.0,1.0,0.64,1.72,4,0.0,0.0,589376
2025-03-04 21:00:00,00000000270,20250304210000,1.056,0.014,0.021,0.0,0.0,0.0,1.0,1.33,1.99,4,0.0,0.0,589376
2025-03-04 22:00:00,00000000270,20250304220000,1.102,0.054,0.0,0.0,0.0,0.0,1.0,4.9,0.0,4,0.0,0.0,589376
2025-03-04 23:00:00,00000000270,20250304230000,1.079,0.036,0.007,0.0,0.0,0.0,1.0,3.34,0.65,4,0.0,0.0,589376
2025-03-05 00:00:00,00000000270,20250305000000,1.017,0.0,0.034,0.0,0.0,0.0,1.0,0.0,3.34,4,0.0,0.0,589376
2025-03-05 01:00:00,00000000270,20250305010000,0.945,0.002,0.029,0.0,0.0,0.0,1.0,0.21,3.07,4,0.0,0.0,589376
2025-03-05 02:00:00,00000000270,20250305020000,0.873,0.001,0.024,0.0,0.0,0.0,1.0,0.11,2.75,4,0.0,0.0,589376
2025-03-05 03:00:00,00000000270,20250305030000,0.873,0.002,0.022,0.0,0.0,0.0,1.0,0.23,2.52,4,0.0,0.0,589376
2025-03-05 04:00:00,00000000270,20250305040000,0.85,0.001,0.032,0.0,0.0,0.0,1.0,0.12,3.76,4,0.0,0.0,589376
2025-03-05 05:00:00,00000000270,20250305050000,0.936,0.045,0.006,0.0,0.0,0.0,1.0,4.81,0.64,4,0.0,0.0,589376
2025-03-05 06:00:00,00000000270,20250305060000,0.915,0.012,0.021,0.0,0.0,0.0,1.0,1.31,2.3,4,0.0,0.0,589376
2025-03-05 07:00:00,00000000270,20250305070000,0.103,0.001,0.063,0.0,0.0,0.0,1.0,0.97,61.17,4,0.0,0.0,589376
2025-03-05 08:00:00,00000000270,20250305080000,0.06,0.0,0.061,0.0,0.0,0.0,1.0,0.0,101.67,4,0.0,0.0,589376
2025-03-05 09:00:00,00000000270,20250305090000,0.058,0.0,0.06,0.0,0.0,0.0,1.0,0.0,103.45,4,0.0,0.0,589376
2025-03-05 10:00:00,00000000270,20250305100000,0.349,0.062,0.059,0.0,0.0,0.0,1.0,17.77,16.91,4,0.0,0.0,589376
2025-03-05 11:00:00,00000000270,20250305110000,1.008,0.447,0.025,0.0,0.0,0.0,1.0,44.35,2.48,4,0.0,0.0,589376
2025-03-05 12:00:00,00000000270,20250305120000,0.144,0.282,0.029,0.0,0.0,0.0,1.0,195.83,20.14,4,0.0,0.0,589376
2025-03-05 13:00:00,00000000270,20250305130000,0.16,0.163,0.031,0.0,0.0,0.0,1.0,101.88,19.38,4,0.0,0.0,589376
2025-03-05 14:00:00,00000000270,20250305140000,0.084,0.0,0.061,0.0,0.0,0.0,1.0,0.0,72.62,4,0.0,0.0,589376
2025-03-05 15:00:00,00000000270,20250305150000,0.141,0.001,0.058,0.0,0.0,0.0,1.0,0.71,41.13,4,0.0,0.0,589376
2025-03-05 16:00:00,00000000270,20250305160000,0.301,0.0,0.066,0.0,0.0,0.0,1.0,0.0,21.93,4,0.0,0.0,589376
2025-03-05 17:00:00,00000000270,20250305170000,0.108,0.0,0.068,0.0,0.0,0.0,1.0,0.0,62.96,4,0.0,0.0,589376
2025-03-05 18:00:00,00000000270,20250305180000,0.526,0.001,0.053,0.0,0.0,0.0,1.0,0.19,10.08,4,0.0,0.0,589376
2025-03-05 19:00:00,00000000270,20250305190000,1.084,0.039,0.01,0.0,0.0,0.0,1.0,3.6,0.92,4,0.0,0.0,589376
2025-03-05 20:00:00,00000000270,20250305200000,1.049,0.002,0.021,0.0,0.0,0.0,1.0,0.19,2.0,4,0.0,0.0,589376
2025-03-05 21:00:00,00000000270,20250305210000,1.029,0.004,0.016,0.0,0.0,0.0,1.0,0.39,1.55,4,0.0,0.0,589376
2025-03-05 22:00:00,00000000270,20250305220000,1.031,0.002,0.023,0.0,0.0,0.0,1.0,0.19,2.23,4,0.0,0.0,589376
2025-03-05 23:00:00,00000000270,20250305230000,1.029,0.001,0.038,0.0,0.0,0.0,1.0,0.1,3.69,4,0.0,0.0,589376
2025-03-06 00:00:00,00000000270,20250306000000,1.012,0.0,0.029,0.0,0.0,0.0,1.0,0.0,2.87,4,0.0,0.0,589376
2025-03-06 01:00:00,00000000270,20250306010000,0.996,0.003,0.023,0.0,0.0,0.0,1.0,0.3,2.31,4,0.0,0.0,589376
2025-03-06 02:00:00,00000000270,20250306020000,0.926,0.001,0.025,0.0,0.0,0.0,1.0,0.11,2.7,4,0.0,0.0,589376
2025-03-06 03:00:00,00000000270,20250306030000,0.911,0.002,0.022,0.0,0.0,0.0,1.0,0.22,2.41,4,0.0,0.0,589376
2025-03-06 04:00:00,00000000270,20250306040000,0.904,0.001,0.03,0.0,0.0,0.0,1.0,0.11,3.32,4,0.0,0.0,589376
2025-03-06 05:00:00,00000000270,20250306050000,0.928,0.027,0.008,0.0,0.0,0.0,1.0,2.91,0.86,4,0.0,0.0,589376
2025-03-06 06:00:00,00000000270,20250306060000,0.9,0.002,0.015,0.0,0.0,0.0,1.0,0.22,1.67,4,0.0,0.0,589376
2025-03-06 07:00:00,00000000270,20250306070000,0.387,0.002,0.047,0.0,0.0,0.0,1.0,0.52,12.14,4,0.0,0.0,589376
2025-03-06 08:00:00,00000000270,20250306080000,0.059,0.0,0.062,0.0,0.0,0.0,1.0,0.0,105.08,4,0.0,0.0,589376
2025-03-06 09:00:00,00000000270,20250306090000,0.105,0.001,0.06,0.0,0.0,0.0,1.0,0.95,57.14,4,0.0,0.0,589376
2025-03-06 10:00:00,00000000270,20250306100000,0.172,0.0,0.059,0.0,0.0,0.0,1.0,0.0,34.3,4,0.0,0.0,589376
2025-03-06 11:00:00,00000000270,20250306110000,0.064,0.0,0.061,0.0,0.0,0.0,1.0,0.0,95.31,4,0.0,0.0,589376
2025-03-06 12:00:00,00000000270,20250306120000,0.063,0.001,0.062,0.0,0.0,0.0,1.0,1.59,98.41,4,0.0,0.0,589376
2025-03-06 13:00:00,00000000270,20250306130000,0.06,0.0,0.062,0.0,0.0,0.0,1.0,0.0,103.33,4,0.0,0.0,589376
2025-03-06 14:00:00,00000000270,20250306140000,0.063,0.001,0.058,0.0,0.0,0.0,1.0,1.59,92.06,4,0.0,0.0,589376
2025-03-06 15:00:00,00000000270,20250306150000,0.067,0.0,0.061,0.0,0.0,0.0,1.0,0.0,91.04,4,0.0,0.0,589376
2025-03-06 16:00:00,00000000270,20250306160000,0.061,0.001,0.062,0.0,0.0,0.0,1.0,1.64,101.64,4,0.0,0.0,589376
2025-03-06 17:00:00,00000000270,20250306170000,0.097,0.001,0.058,0.0,0.0,0.0,1.0,1.03,59.79,4,0.0,0.0,589376
2025-03-06 18:00:00,00000000270,20250306180000,1.036,0.001,0.036,0.0,0.0,0.0,1.0,0.1,3.47,4,0.0,0.0,589376
2025-03-06 19:00:00,00000000270,20250306190000,1.011,0.027,0.009,0.0,0.0,0.0,1.0,2.67,0.89,4,0.0,0.0,589376
2025-03-06 20:00:00,00000000270,20250306200000,0.956,0.006,0.008,0.0,0.0,0.0,1.0,0.63,0.84,4,0.0,0.0,589376
2025-03-06 21:00:00,00000000270,20250306210000,0.912,0.002,0.014,0.0,0.0,0.0,1.0,0.22,1.54,4,0.0,0.0,589376
2025-03-06 22:00:00,00000000270,20250306220000,0.912,0.004,0.017,0.0,0.0,0.0,1.0,0.44,1.86,4,0.0,0.0,589376
2025-03-06 23:00:00,00000000270,20250306230000,0.847,0.002,0.013,0.0,0.0,0.0,1.0,0.24,1.53,4,0.0,0.0,589376
2025-03-07 00:00:00,00000000270,20250307000000,0.867,0.004,0.017,0.0,0.0,0.0,1.0,0.46,1.96,4,0.0,0.0,589376
2025-03-07 01:00:00,00000000270,20250307010000,0.844,0.007,0.013,0.0,0.0,0.0,1.0,0.83,1.54,4,0.0,0.0,589376
2025-03-07 02:00:00,00000000270,20250307020000,0.831,0.001,0.02,0.0,0.0,0.0,1.0,0.12,2.41,4,0.0,0.0,589376
2025-03-07 03:00:00,00000000270,20250307030000,0.835,0.004,0.011,0.0,0.0,0.0,1.0,0.48,1.32,4,0.0,0.0,589376
2025-03-07 04:00:00,00000000270,20250307040000,0.941,0.005,0.018,0.0,0.0,0.0,1.0,0.53,1.91,4,0.0,0.0,589376
2025-03-07 05:00:00,00000000270,20250307050000,0.857,0.001,0.017,0.0,0.0,0.0,1.0,0.12,1.98,4,0.0,0.0,589376
2025-03-07 06:00:00,00000000270,20250307060000,0.865,0.001,0.03,0.0,0.0,0.0,1.0,0.12,3.47,4,0.0,0.0,589376
2025-03-07 07:00:00,00000000270,20250307070000,0.387,0.004,0.046,0.0,0.0,0.0,1.0,1.03,11.89,4,0.0,0.0,589376
2025-03-07 08:00:00,00000000270,20250307080000,0.069,0.0,0.058,0.0,0.0,0.0,1.0,0.0,84.06,4,0.0,0.0,589376
2025-03-07 09:00:00,00000000270,20250307090000,0.068,0.001,0.063,0.0,0.0,0.0,1.0,1.47,92.65,4,0.0,0.0,589376
2025-03-07 10:00:00,00000000270,20250307100000,0.109,0.001,0.068,0.0,0.0,0.0,1.0,0.92,62.39,4,0.0,0.0,589376
2025-03-07 11:00:00,00000000270,20250307110000,0.111,0.0,0.067,0.0,0.0,0.0,1.0,0.0,60.36,4,0.0,0.0,589376
2025-03-07 12:00:00,00000000270,20250307120000,0.109,0.001,0.068,0.0,0.0,0.0,1.0,0.92,62.39,4,0.0,0.0,589376
2025-03-07 13:00:00,00000000270,20250307130000,0.079,0.001,0.067,0.0,0.0,0.0,1.0,1.27,84.81,4,0.0,0.0,589376
2025-03-07 14:00:00,00000000270,20250307140000,0.052,0.001,0.063,0.0,0.0,0.0,1.0,1.92,121.15,4,0.0,0.0,589376
2025-03-07 15:00:00,00000000270,20250307150000,0.055,0.0,0.064,0.0,0.0,0.0,1.0,0.0,116.36,4,0.0,0.0,589376
2025-03-07 16:00:00,00000000270,20250307160000,0.061,0.001,0.064,0.0,0.0,0.0,1.0,1.64,104.92,4,0.0,0.0,589376
2025-03-07 17:00:00,00000000270,20250307170000,0.101,0.001,0.063,0.0,0.0,0.0,1.0,0.99,62.38,4,0.0,0.0,589376
2025-03-07 18:00:00,00000000270,20250307180000,0.097,0.001,0.064,0.0,0.0,0.0,1.0,1.03,65.98,4,0.0,0.0,589376
2025-03-07 19:00:00,00000000270,20250307190000,0.089,0.016,0.037,0.0,0.0,0.0,1.0,17.98,41.57,4,0.0,0.0,589376
2025-03-07 20:00:00,00000000270,20250307200000,0.08,0.001,0.059,0.0,0.0,0.0,1.0,1.25,73.75,4,0.0,0.0,589376
2025-03-07 21:00:00,00000000270,20250307210000,0.091,0.0,0.06,0.0,0.0,0.0,1.0,0.0,65.93,4,0.0,0.0,589376
2025-03-07 22:00:00,00000000270,20250307220000,0.066,0.0,0.061,0.0,0.0,0.0,1.0,0.0,92.42,4,0.0,0.0,589376
2025-03-07 23:00:00,00000000270,20250307230000,0.151,0.001,0.059,0.0,0.0,0.0,1.0,0.66,39.07,4,0.0,0.0,589376
2025-03-08 00:00:00,00000000270,20250308000000,0.066,0.0,0.06,0.0,0.0,0.0,1.0,0.0,90.91,4,0.0,0.0,589376
2025-03-08 01:00:00,00000000270,20250308010000,0.062,0.001,0.062,0.0,0.0,0.0,1.0,1.61,100.0,4,0.0,0.0,589376
2025-03-08 02:00:00,00000000270,20250308020000,0.062,0.0,0.063,0.0,0.0,0.0,1.0,0.0,101.61,4,0.0,0.0,589376
2025-03-08 03:00:00,00000000270,20250308030000,0.063,0.001,0.063,0.0,0.0,0.0,1.0,1.59,100.0,4,0.0,0.0,589376
2025-03-08 04:00:00,00000000270,20250308040000,0.062,0.001,0.063,0.0,0.0,0.0,1.0,1.61,101.61,4,0.0,0.0,589376
2025-03-08 05:00:00,00000000270,20250308050000,0.08,0.001,0.063,0.0,0.0,0.0,1.0,1.25,78.75,4,0.0,0.0,589376
2025-03-08 06:00:00,00000000270,20250308060000,0.067,0.001,0.064,0.0,0.0,0.0,1.0,1.49,95.52,4,0.0,0.0,589376
2025-03-08 07:00:00,00000000270,20250308070000,0.052,0.0,0.064,0.0,0.0,0.0,1.0,0.0,123.08,4,0.0,0.0,589376
2025-03-08 08:00:00,00000000270,20250308080000,0.049,0.001,0.066,0.0,0.0,0.0,1.0,2.04,134.69,4,0.0,0.0,589376
2025-03-08 09:00:00,00000000270,20250308090000,0.072,0.001,0.065,0.0,0.0,0.0,1.0,1.39,90.28,4,0.0,0.0,589376
2025-03-08 10:00:00,00000000270,20250308100000,0.066,0.001,0.062,0.0,0.0,0.0,1.0,1.52,93.94,4,0.0,0.0,589376
2025-03-08 11:00:00,00000000270,20250308110000,0.065,0.001,0.062,0.0,0.0,0.0,1.0,1.54,95.38,4,0.0,0.0,589376
2025-03-08 12:00:00,00000000270,20250308120000,0.064,0.0,0.068,0.0,0.0,0.0,1.0,0.0,106.25,4,0.0,0.0,589376
2025-03-08 13:00:00,00000000270,20250308130000,0.074,0.001,0.063,0.0,0.0,0.0,1.0,1.35,85.14,4,0.0,0.0,589376
2025-03-08 14:00:00,00000000270,20250308140000,0.067,0.001,0.064,0.0,0.0,0.0,1.0,1.49,95.52,4,0.0,0.0,589376
2025-03-08 15:00:00,00000000270,20250308150000,0.783,0.002,0.038,0.0,0.0,0.0,1.0,0.26,4.85,4,0.0,0.0,589376
2025-03-08 16:00:00,00000000270,20250308160000,0.928,0.002,0.027,0.0,0.0,0.0,1.0,0.22,2.91,4,0.0,0.0,589376
2025-03-08 17:00:00,00000000270,20250308170000,0.925,0.003,0.026,0.0,0.0,0.0,1.0,0.32,2.81,4,0.0,0.0,589376
2025-03-08 18:00:00,00000000270,20250308180000,1.276,0.001,0.036,0.0,0.0,0.0,1.0,0.08,2.82,4,0.0,0.0,589376
2025-03-08 19:00:00,00000000270,20250308190000,1.009,0.03,0.016,0.0,0.0,0.0,1.0,2.97,1.59,4,0.0,0.0,589376
2025-03-08 20:00:00,00000000270,20250308200000,0.951,0.009,0.027,0.0,0.0,0.0,1.0,0.95,2.84,4,0.0,0.0,589376
2025-03-08 21:00:00,00000000270,20250308210000,0.932,0.031,0.01,0.0,0.0,0.0,1.0,3.33,1.07,4,0.0,0.0,589376
2025-03-08 22:00:00,00000000270,20250308220000,0.863,0.003,0.022,0.0,0.0,0.0,1.0,0.35,2.55,4,0.0,0.0,589376
2025-03-08 23:00:00,00000000270,20250308230000,0.826,0.001,0.03,0.0,0.0,0.0,1.0,0.12,3.63,4,0.0,0.0,589376
2025-03-09 00:00:00,00000000270,20250309000000,0.844,0.002,0.029,0.0,0.0,0.0,1.0,0.24,3.44,4,0.0,0.0,589376
2025-03-09 01:00:00,00000000270,20250309010000,0.804,0.006,0.011,0.0,0.0,0.0,1.0,0.75,1.37,4,0.0,0.0,589376
2025-03-09 02:00:00,00000000270,20250309020000,0.808,0.003,0.019,0.0,0.0,0.0,1.0,0.37,2.35,4,0.0,0.0,589376
2025-03-09 03:00:00,00000000270,20250309030000,0.792,0.002,0.026,0.0,0.0,0.0,1.0,0.25,3.28,4,0.0,0.0,589376
2025-03-09 04:00:00,00000000270,20250309040000,0.812,0.005,0.014,0.0,0.0,0.0,1.0,0.62,1.72,4,0.0,0.0,589376
2025-03-09 05:00:00,00000000270,20250309050000,0.827,0.002,0.023,0.0,0.0,0.0,1.0,0.24,2.78,4,0.0,0.0,589376
2025-03-09 06:00:00,00000000270,20250309060000,0.811,0.008,0.009,0.0,0.0,0.0,1.0,0.99,1.11,4,0.0,0.0,589376
2025-03-09 07:00:00,00000000270,20250309070000,0.826,0.002,0.032,0.0,0.0,0.0,1.0,0.24,3.87,4,0.0,0.0,589376
2025-03-09 08:00:00,00000000270,20250309080000,0.806,0.001,0.03,0.0,0.0,0.0,1.0,0.12,3.72,4,0.0,0.0,589376
2025-03-09 09:00:00,00000000270,20250309090000,0.79,0.002,0.03,0.0,0.0,0.0,1.0,0.25,3.8,4,0.0,0.0,589376
2025-03-09 10:00:00,00000000270,20250309100000,0.821,0.001,0.041,0.0,0.0,0.0,1.0,0.12,4.99,4,0.0,0.0,589376
2025-03-09 11:00:00,00000000270,20250309110000,0.907,0.001,0.042,0.0,0.0,0.0,1.0,0.11,4.63,4,0.0,0.0,589376
2025-03-09 12:00:00,00000000270,20250309120000,0.825,0.002,0.046,0.0,0.0,0.0,1.0,0.24,5.58,4,0.0,0.0,589376
2025-03-09 13:00:00,00000000270,20250309130000,0.765,0.001,0.037,0.0,0.0,0.0,1.0,0.13,4.84,4,0.0,0.0,589376
2025-03-09 14:00:00,00000000270,20250309140000,0.698,0.001,0.037,0.0,0.0,0.0,1.0,0.14,5.3,4,0.0,0.0,589376
2025-03-09 15:00:00,00000000270,20250309150000,0.742,0.001,0.039,0.0,0.0,0.0,1.0,0.13,5.26,4,0.0,0.0,589376
2025-03-09 16:00:00,00000000270,20250309160000,1.828,0.002,0.041,0.0,0.0,0.0,1.0,0.11,2.24,4,0.0,0.0,589376
2025-03-09 17:00:00,00000000270,20250309170000,0.777,0.21,0.015,0.0,0.0,0.0,1.0,27.03,1.93,4,0.0,0.0,589376
2025-03-09 18:00:00,00000000270,20250309180000,0.678,0.087,0.02,0.0,0.0,0.0,1.0,12.83,2.95,4,0.0,0.0,589376
2025-03-09 19:00:00,00000000270,20250309190000,0.698,0.044,0.011,0.0,0.0,0.0,1.0,6.3,1.58,4,0.0,0.0,589376
2025-03-09 20:00:00,00000000270,20250309200000,0.703,0.005,0.007,0.0,0.0,0.0,1.0,0.71,1.0,4,0.0,0.0,589376
2025-03-09 21:00:00,00000000270,20250309210000,0.711,0.051,0.002,0.0,0.0,0.0,1.0,7.17,0.28,4,0.0,0.0,589376
2025-03-09 22:00:00,00000000270,20250309220000,0.669,0.007,0.015,0.0,0.0,0.0,1.0,1.05,2.24,4,0.0,0.0,589376
2025-03-09 23:00:00,00000000270,20250309230000,0.564,0.002,0.031,0.0,0.0,0.0,1.0,0.35,5.5,4,0.0,0.0,589376
2025-03-10 00:00:00,00000000270,20250310000000,0.07,0.0,0.055,0.0,0.0,0.0,1.0,0.0,78.57,4,0.0,0.0,589376
2025-03-10 01:00:00,00000000270,20250310010000,0.075,0.001,0.057,0.0,0.0,0.0,1.0,1.33,76.0,4,0.0,0.0,589376
2025-03-10 02:00:00,00000000270,20250310020000,0.079,0.001,0.058,0.0,0.0,0.0,1.0,1.27,73.42,4,0.0,0.0,589376
2025-03-10 03:00:00,00000000270,20250310030000,0.171,0.0,0.057,0.0,0.0,0.0,1.0,0.0,33.33,4,0.0,0.0,589376
2025-03-10 04:00:00,00000000270,20250310040000,0.073,0.001,0.061,0.0,0.0,0.0,1.0,1.37,83.56,4,0.0,0.0,589376
2025-03-10 05:00:00,00000000270,20250310050000,0.083,0.001,0.057,0.0,0.0,0.0,1.0,1.2,68.67,4,0.0,0.0,589376
2025-03-10 06:00:00,00000000270,20250310060000,0.541,0.001,0.051,0.0,0.0,0.0,1.0,0.18,9.43,4,0.0,0.0,589376
2025-03-10 07:00:00,00000000270,20250310070000,0.066,0.001,0.057,0.0,0.0,0.0,1.0,1.52,86.36,4,0.0,0.0,589376
2025-03-10 08:00:00,00000000270,20250310080000,0.061,0.001,0.062,0.0,0.0,0.0,1.0,1.64,101.64,4,0.0,0.0,589376
2025-03-10 09:00:00,00000000270,20250310090000,0.072,0.001,0.057,0.0,0.0,0.0,1.0,1.39,79.17,4,0.0,0.0,589376
2025-03-10 10:00:00,00000000270,20250310100000,0.093,0.0,0.068,0.0,0.0,0.0,1.0,0.0,73.12,4,0.0,0.0,589376
2025-03-10 11:00:00,00000000270,20250310110000,0.092,0.001,0.067,0.0,0.0,0.0,1.0,1.09,72.83,4,0.0,0.0,589376
2025-03-10 12:00:00,00000000270,20250310120000,0.07,0.001,0.057,0.0,0.0,0.0,1.0,1.43,81.43,4,0.0,0.0,589376
2025-03-10 13:00:00,00000000270,20250310130000,0.062,0.001,0.063,0.0,0.0,0.0,1.0,1.61,101.61,4,0.0,0.0,589376
2025-03-10 14:00:00,00000000270,20250310140000,0.063,0.001,0.063,0.0,0.0,0.0,1.0,1.59,100.0,4,0.0,0.0,589376
2025-03-10 15:00:00,00000000270,20250310150000,0.069,0.0,0.06,0.0,0.0,0.0,1.0,0.0,86.96,4,0.0,0.0,589376
2025-03-10 16:00:00,00000000270,20250310160000,0.057,0.001,0.062,0.0,0.0,0.0,1.0,1.75,108.77,4,0.0,0.0,589376
2025-03-10 17:00:00,00000000270,20250310170000,0.055,0.001,0.064,0.0,0.0,0.0,1.0,1.82,116.36,4,0.0,0.0,589376
2025-03-10 18:00:00,00000000270,20250310180000,0.271,0.001,0.063,0.0,0.0,0.0,1.0,0.37,23.25,4,0.0,0.0,589376
2025-03-10 19:00:00,00000000270,20250310190000,0.104,0.016,0.022,0.0,0.0,0.0,1.0,15.38,21.15,4,0.0,0.0,589376
2025-03-10 20:00:00,00000000270,20250310200000,0.169,0.003,0.05,0.0,0.0,0.0,1.0,1.78,29.59,4,0.0,0.0,589376
2025-03-10 21:00:00,00000000270,20250310210000,0.113,0.001,0.058,0.0,0.0,0.0,1.0,0.88,51.33,4,0.0,0.0,589376
2025-03-10 22:00:00,00000000270,20250310220000,0.195,0.0,0.065,0.0,0.0,0.0,1.0,0.0,33.33,4,0.0,0.0,589376
2025-03-10 23:00:00,00000000270,20250310230000,0.925,0.006,0.02,0.0,0.0,0.0,1.0,0.65,2.16,4,0.0,0.0,589376
2025-03-11 00:00:00,00000000270,20250311000000,0.936,0.002,0.024,0.0,0.0,0.0,1.0,0.21,2.56,4,0.0,0.0,589376
2025-03-11 01:00:00,00000000270,20250311010000,0.987,0.003,0.018,0.0,0.0,0.0,1.0,0.3,1.82,4,0.0,0.0,589376
2025-03-11 02:00:00,00000000270,20250311020000,0.885,0.007,0.011,0.0,0.0,0.0,1.0,0.79,1.24,4,0.0,0.0,589376
2025-03-11 03:00:00,00000000270,20250311030000,0.876,0.006,0.027,0.0,0.0,0.0,1.0,0.68,3.08,4,0.0,0.0,589376
2025-03-11 04:00:00,00000000270,20250311040000,0.819,0.001,0.027,0.0,0.0,0.0,1.0,0.12,3.3,4,0.0,0.0,589376
2025-03-11 05:00:00,00000000270,20250311050000,0.815,0.009,0.009,0.0,0.0,0.0,1.0,1.1,1.1,4,0.0,0.0,589376
2025-03-11 06:00:00,00000000270,20250311060000,0.724,0.006,0.02,0.0,0.0,0.0,1.0,0.83,2.76,4,0.0,0.0,589376
2025-03-11 07:00:00,00000000270,20250311070000,0.07,0.001,0.063,0.0,0.0,0.0,1.0,1.43,90.0,4,0.0,0.0,589376
2025-03-11 08:00:00,00000000270,20250311080000,0.075,0.0,0.058,0.0,0.0,0.0,1.0,0.0,77.33,4,0.0,0.0,589376
2025-03-11 09:00:00,00000000270,20250311090000,0.062,0.001,0.063,0.0,0.0,0.0,1.0,1.61,101.61,4,0.0,0.0,589376
2025-03-11 10:00:00,00000000270,20250311100000,0.059,0.001,0.061,0.0,0.0,0.0,1.0,1.69,103.39,4,0.0,0.0,589376
2025-03-11 11:00:00,00000000270,20250311110000,0.063,0.001,0.062,0.0,0.0,0.0,1.0,1.59,98.41,4,0.0,0.0,589376
2025-03-11 12:00:00,00000000270,20250311120000,0.061,0.001,0.065,0.0,0.0,0.0,1.0,1.64,106.56,4,0.0,0.0,589376
2025-03-11 13:00:00,00000000270,20250311130000,0.156,0.001,0.063,0.0,0.0,0.0,1.0,0.64,40.38,4,0.0,0.0,589376
2025-03-11 14:00:00,00000000270,20250311140000,0.087,0.0,0.055,0.0,0.0,0.0,1.0,0.0,63.22,4,0.0,0.0,589376
2025-03-11 15:00:00,00000000270,20250311150000,0.064,0.001,0.064,0.0,0.0,0.0,1.0,1.56,100.0,4,0.0,0.0,589376
2025-03-11 16:00:00,00000000270,20250311160000,0.071,0.001,0.065,0.0,0.0,0.0,1.0,1.41,91.55,4,0.0,0.0,589376
2025-03-11 17:00:00,00000000270,20250311170000,0.212,0.001,0.072,0.0,0.0,0.0,1.0,0.47,33.96,4,0.0,0.0,589376
2025-03-11 18:00:00,00000000270,20250311180000,1.489,0.294,0.044,0.0,0.0,0.0,1.0,19.74,2.96,4,0.0,0.0,589376
2025-03-11 19:00:00,00000000270,20250311190000,1.042,0.439,0.0,0.0,0.0,0.0,1.0,42.13,0.0,4,0.0,0.0,589376
2025-03-11 20:00:00,00000000270,20250311200000,1.077,0.14,0.01,0.0,0.0,0.0,1.0,13.0,0.93,4,0.0,0.0,589376
2025-03-11 21:00:00,00000000270,20250311210000,0.675,0.008,0.012,0.0,0.0,0.0,1.0,1.19,1.78,4,0.0,0.0,589376
2025-03-11 22:00:00,00000000270,20250311220000,0.576,0.008,0.017,0.0,0.0,0.0,1.0,1.39,2.95,4,0.0,0.0,589376
2025-03-11 23:00:00,00000000270,20250311230000,0.688,0.002,0.015,0.0,0.0,0.0,1.0,0.29,2.18,4,0.0,0.0,589376
2025-03-12 00:00:00,00000000270,20250312000000,0.697,0.008,0.007,0.0,0.0,0.0,1.0,1.15,1.0,4,0.0,0.0,589376
2025-03-12 01:00:00,00000000270,20250312010000,0.694,0.013,0.01,0.0,0.0,0.0,1.0,1.87,1.44,4,0.0,0.0,589376
2025-03-12 02:00:00,00000000270,20250312020000,0.695,0.005,0.012,0.0,0.0,0.0,1.0,0.72,1.73,4,0.0,0.0,589376
2025-03-12 03:00:00,00000000270,20250312030000,0.699,0.011,0.011,0.0,0.0,0.0,1.0,1.57,1.57,4,0.0,0.0,589376
2025-03-12 04:00:00,00000000270,20250312040000,0.692,0.007,0.008,0.0,0.0,0.0,1.0,1.01,1.16,4,0.0,0.0,589376
2025-03-12 05:00:00,00000000270,20250312050000,0.626,0.004,0.027,0.0,0.0,0.0,1.0,0.64,4.31,4,0.0,0.0,589376
2025-03-12 06:00:00,00000000270,20250312060000,0.111,0.001,0.06,0.0,0.0,0.0,1.0,0.9,54.05,4,0.0,0.0,589376
2025-03-12 07:00:00,00000000270,20250312070000,0.077,0.001,0.059,0.0,0.0,0.0,1.0,1.3,76.62,4,0.0,0.0,589376
2025-03-12 08:00:00,00000000270,20250312080000,0.071,0.001,0.063,0.0,0.0,0.0,1.0,1.41,88.73,4,0.0,0.0,589376
2025-03-12 09:00:00,00000000270,20250312090000,0.062,0.0,0.063,0.0,0.0,0.0,1.0,0.0,101.61,4,0.0,0.0,589376
2025-03-12 10:00:00,00000000270,20250312100000,0.241,0.001,0.065,0.0,0.0,0.0,1.0,0.41,26.97,4,0.0,0.0,589376
2025-03-12 11:00:00,00000000270,20250312110000,0.163,0.001,0.072,0.0,0.0,0.0,1.0,0.61,44.17,4,0.0,0.0,589376
2025-03-12 12:00:00,00000000270,20250312120000,0.121,0.001,0.068,0.0,0.0,0.0,1.0,0.83,56.2,4,0.0,0.0,589376
2025-03-12 13:00:00,00000000270,20250312130000,0.126,0.0,0.068,0.0,0.0,0.0,1.0,0.0,53.97,4,0.0,0.0,589376
2025-03-12 14:00:00,00000000270,20250312140000,0.116,0.001,0.072,0.0,0.0,0.0,1.0,0.86,62.07,4,0.0,0.0,589376
2025-03-12 15:00:00,00000000270,20250312150000,0.126,0.001,0.066,0.0,0.0,0.0,1.0,0.79,52.38,4,0.0,0.0,589376
2025-03-12 16:00:00,00000000270,20250312160000,0.12,0.0,0.071,0.0,0.0,0.0,1.0,0.0,59.17,4,0.0,0.0,589376
2025-03-12 17:00:00,00000000270,20250312170000,0.861,0.001,0.044,0.0,0.0,0.0,1.0,0.12,5.11,4,0.0,0.0,589376
2025-03-12 18:00:00,00000000270,20250312180000,0.804,0.016,0.021,0.0,0.0,0.0,1.0,1.99,2.61,4,0.0,0.0,589376
2025-03-12 19:00:00,00000000270,20250312190000,0.743,0.068,0.0,0.0,0.0,0.0,1.0,9.15,0.0,4,0.0,0.0,589376
2025-03-12 20:00:00,00000000270,20250312200000,0.761,0.057,0.0,0.0,0.0,0.0,1.0,7.49,0.0,4,0.0,0.0,589376
2025-03-12 21:00:00,00000000270,20250312210000,1.038,0.083,0.0,0.0,0.0,0.0,1.0,8.0,0.0,4,0.0,0.0,589376
2025-03-12 22:00:00,00000000270,20250312220000,0.797,0.066,0.0,0.0,0.0,0.0,1.0,8.28,0.0,4,0.0,0.0,589376
2025-03-12 23:00:00,00000000270,20250312230000,0.791,0.084,0.0,0.0,0.0,0.0,1.0,10.62,0.0,4,0.0,0.0,589376
2025-03-13 00:00:00,00000000270,20250313000000,0.628,0.026,0.004,0.0,0.0,0.0,1.0,4.14,0.64,4,0.0,0.0,589376
2025-03-13 01:00:00,00000000270,20250313010000,0.632,0.009,0.01,0.0,0.0,0.0,1.0,1.42,1.58,4,0.0,0.0,589376
2025-03-13 02:00:00,00000000270,20250313020000,0.633,0.005,0.007,0.0,0.0,0.0,1.0,0.79,1.11,4,0.0,0.0,589376
2025-03-13 03:00:00,00000000270,20250313030000,0.632,0.012,0.007,0.0,0.0,0.0,1.0,1.9,1.11,4,0.0,0.0,589376
2025-03-13 04:00:00,00000000270,20250313040000,0.642,0.013,0.003,0.0,0.0,0.0,1.0,2.02,0.47,4,0.0,0.0,589376
2025-03-13 05:00:00,00000000270,20250313050000,0.619,0.007,0.017,0.0,0.0,0.0,1.0,1.13,2.75,4,0.0,0.0,589376
2025-03-13 06:00:00,00000000270,20250313060000,0.102,0.001,0.057,0.0,0.0,0.0,1.0,0.98,55.88,4,0.0,0.0,589376
2025-03-13 07:00:00,00000000270,20250313070000,0.069,0.0,0.063,0.0,0.0,0.0,1.0,0.0,91.3,4,0.0,0.0,589376
2025-03-13 08:00:00,00000000270,20250313080000,0.077,0.001,0.055,0.0,0.0,0.0,1.0,1.3,71.43,4,0.0,0.0,589376
2025-03-13 09:00:00,00000000270,20250313090000,0.072,0.0,0.062,0.0,0.0,0.0,1.0,0.0,86.11,4,0.0,0.0,589376
2025-03-13 10:00:00,00000000270,20250313100000,0.209,0.001,0.067,0.0,0.0,0.0,1.0,0.48,32.06,4,0.0,0.0,589376
2025-03-13 11:00:00,00000000270,20250313110000,0.155,0.001,0.068,0.0,0.0,0.0,1.0,0.65,43.87,4,0.0,0.0,589376
2025-03-13 12:00:00,00000000270,20250313120000,0.09,0.0,0.071,0.0,0.0,0.0,1.0,0.0,78.89,4,0.0,0.0,589376
2025-03-13 13:00:00,00000000270,20250313130000,0.112,0.001,0.063,0.0,0.0,0.0,1.0,0.89,56.25,4,0.0,0.0,589376
2025-03-13 14:00:00,00000000270,20250313140000,0.07,0.001,0.065,0.0,0.0,0.0,1.0,1.43,92.86,4,0.0,0.0,589376
2025-03-13 15:00:00,00000000270,20250313150000,0.071,0.001,0.064,0.0,0.0,0.0,1.0,1.41,90.14,4,0.0,0.0,589376
2025-03-13 16:00:00,00000000270,20250313160000,0.077,0.0,0.059,0.0,0.0,0.0,1.0,0.0,76.62,4,0.0,0.0,589376
2025-03-13 17:00:00,00000000270,20250313170000,0.567,0.103,0.06,0.0,0.0,0.0,1.0,18.17,10.58,4,0.0,0.0,589376
2025-03-13 18:00:00,00000000270,20250313180000,0.253,0.291,0.029,0.0,0.0,0.0,1.0,115.02,11.46,4,0.0,0.0,589376
2025-03-13 19:00:00,00000000270,20250313190000,0.119,0.001,0.063,0.0,0.0,0.0,1.0,0.84,52.94,4,0.0,0.0,589376
2025-03-13 20:00:00,00000000270,20250313200000,0.112,0.001,0.068,0.0,0.0,0.0,1.0,0.89,60.71,4,0.0,0.0,589376
2025-03-13 21:00:00,00000000270,20250313210000,0.706,0.001,0.037,0.0,0.0,0.0,1.0,0.14,5.24,4,0.0,0.0,589376
2025-03-13 22:00:00,00000000270,20250313220000,0.837,0.008,0.01,0.0,0.0,0.0,1.0,0.96,1.19,4,0.0,0.0,589376
2025-03-13 23:00:00,00000000270,20250313230000,0.77,0.007,0.011,0.0,0.0,0.0,1.0,0.91,1.43,4,0.0,0.0,589376
2025-03-14 00:00:00,00000000270,20250314000000,0.727,0.009,0.01,0.0,0.0,0.0,1.0,1.24,1.38,4,0.0,0.0,589376
2025-03-14 01:00:00,00000000270,20250314010000,0.779,0.006,0.015,0.0,0.0,0.0,1.0,0.77,1.93,4,0.0,0.0,589376
2025-03-14 02:00:00,00000000270,20250314020000,0.693,0.01,0.012,0.0,0.0,0.0,1.0,1.44,1.73,4,0.0,0.0,589376
2025-03-14 03:00:00,00000000270,20250314030000,0.691,0.002,0.025,0.0,0.0,0.0,1.0,0.29,3.62,4,0.0,0.0,589376
2025-03-14 04:00:00,00000000270,20250314040000,0.189,0.002,0.055,0.0,0.0,0.0,1.0,1.06,29.1,4,0.0,0.0,589376
2025-03-14 05:00:00,00000000270,20250314050000,0.097,0.001,0.065,0.0,0.0,0.0,1.0,1.03,67.01,4,0.0,0.0,589376
2025-03-14 06:00:00,00000000270,20250314060000,0.432,0.001,0.038,0.0,0.0,0.0,1.0,0.23,8.8,4,0.0,0.0,589376
2025-03-14 07:00:00,00000000270,20250314070000,0.066,0.001,0.064,0.0,0.0,0.0,1.0,1.52,96.97,4,0.0,0.0,589376
2025-03-14 08:00:00,00000000270,20250314080000,0.075,0.001,0.062,0.0,0.0,0.0,1.0,1.33,82.67,4,0.0,0.0,589376
2025-03-14 09:00:00,00000000270,20250314090000,0.077,0.0,0.056,0.0,0.0,0.0,1.0,0.0,72.73,4,0.0,0.0,589376
2025-03-14 10:00:00,00000000270,20250314100000,0.159,0.001,0.068,0.0,0.0,0.0,1.0,0.63,42.77,4,0.0,0.0,589376
2025-03-14 11:00:00,00000000270,20250314110000,0.098,0.001,0.062,0.0,0.0,0.0,1.0,1.02,63.27,4,0.0,0.0,589376
2025-03-14 12:00:00,00000000270,20250314120000,0.079,0.001,0.061,0.0,0.0,0.0,1.0,1.27,77.22,4,0.0,0.0,589376
2025-03-14 13:00:00,00000000270,20250314130000,0.064,0.0,0.065,0.0,0.0,0.0,1.0,0.0,101.56,4,0.0,0.0,589376
2025-03-14 14:00:00,00000000270,20250314140000,0.072,0.001,0.059,0.0,0.0,0.0,1.0,1.39,81.94,4,0.0,0.0,589376
2025-03-14 15:00:00,00000000270,20250314150000,0.061,0.001,0.065,0.0,0.0,0.0,1.0,1.64,106.56,4,0.0,0.0,589376
2025-03-14 16:00:00,00000000270,20250314160000,0.149,0.001,0.064,0.0,0.0,0.0,1.0,0.67,42.95,4,0.0,0.0,589376
2025-03-14 17:00:00,00000000270,20250314170000,0.119,0.0,0.054,0.0,0.0,0.0,1.0,0.0,45.38,4,0.0,0.0,589376
2025-03-14 18:00:00,00000000270,20250314180000,0.095,0.001,0.075,0.0,0.0,0.0,1.0,1.05,78.95,4,0.0,0.0,589376
2025-03-14 19:00:00,00000000270,20250314190000,0.827,0.006,0.016,0.0,0.0,0.0,1.0,0.73,1.93,4,0.0,0.0,589376
2025-03-14 20:00:00,00000000270,20250314200000,0.74,0.009,0.014,0.0,0.0,0.0,1.0,1.22,1.89,4,0.0,0.0,589376
2025-03-14 21:00:00,00000000270,20250314210000,0.704,0.016,0.009,0.0,0.0,0.0,1.0,2.27,1.28,4,0.0,0.0,589376
2025-03-14 22:00:00,00000000270,20250314220000,0.661,0.004,0.018,0.0,0.0,0.0,1.0,0.61,2.72,4,0.0,0.0,589376
2025-03-14 23:00:00,00000000270,20250314230000,0.673,0.008,0.015,0.0,0.0,0.0,1.0,1.19,2.23,4,0.0,0.0,589376
2025-03-15 00:00:00,00000000270,20250315000000,0.662,0.008,0.01,0.0,0.0,0.0,1.0,1.21,1.51,4,0.0,0.0,589376
2025-03-15 01:00:00,00000000270,20250315010000,0.656,0.012,0.005,0.0,0.0,0.0,1.0,1.83,0.76,4,0.0,0.0,589376
2025-03-15 02:00:00,00000000270,20250315020000,0.645,0.004,0.015,0.0,0.0,0.0,1.0,0.62,2.33,4,0.0,0.0,589376
2025-03-15 03:00:00,00000000270,20250315030000,0.651,0.007,0.017,0.0,0.0,0.0,1.0,1.08,2.61,4,0.0,0.0,589376
2025-03-15 04:00:00,00000000270,20250315040000,0.61,0.007,0.019,0.0,0.0,0.0,1.0,1.15,3.11,4,0.0,0.0,589376
2025-03-15 05:00:00,00000000270,20250315050000,0.595,0.007,0.018,0.0,0.0,0.0,1.0,1.18,3.03,4,0.0,0.0,589376
2025-03-15 06:00:00,00000000270,20250315060000,0.618,0.006,0.022,0.0,0.0,0.0,1.0,0.97,3.56,4,0.0,0.0,589376
2025-03-15 07:00:00,00000000270,20250315070000,0.635,0.005,0.019,0.0,0.0,0.0,1.0,0.79,2.99,4,0.0,0.0,589376
2025-03-15 08:00:00,00000000270,20250315080000,0.584,0.004,0.03,0.0,0.0,0.0,1.0,0.68,5.14,4,0.0,0.0,589376
2025-03-15 09:00:00,00000000270,20250315090000,0.591,0.004,0.033,0.0,0.0,0.0,1.0,0.68,5.58,4,0.0,0.0,589376
2025-03-15 10:00:00,00000000270,20250315100000,0.441,0.003,0.044,0.0,0.0,0.0,1.0,0.68,9.98,4,0.0,0.0,589376
2025-03-15 11:00:00,00000000270,20250315110000,0.388,0.001,0.044,0.0,0.0,0.0,1.0,0.26,11.34,4,0.0,0.0,589376
2025-03-15 12:00:00,00000000270,20250315120000,0.594,0.003,0.028,0.0,0.0,0.0,1.0,0.51,4.71,4,0.0,0.0,589376
2025-03-15 13:00:00,00000000270,20250315130000,0.589,0.155,0.023,0.0,0.0,0.0,1.0,26.32,3.9,4,0.0,0.0,589376
2025-03-15 14:00:00,00000000270,20250315140000,0.203,0.123,0.036,0.0,0.0,0.0,1.0,60.59,17.73,4,0.0,0.0,589376
2025-03-15 15:00:00,00000000270,20250315150000,0.103,0.0,0.076,0.0,0.0,0.0,1.0,0.0,73.79,4,0.0,0.0,589376
2025-03-15 16:00:00,00000000270,20250315160000,1.003,0.001,0.073,0.0,0.0,0.0,1.0,0.1,7.28,4,0.0,0.0,589376
2025-03-15 17:00:00,00000000270,20250315170000,0.345,0.001,0.064,0.0,0.0,0.0,1.0,0.29,18.55,4,0.0,0.0,589376
2025-03-15 18:00:00,00000000270,20250315180000,1.429,0.004,0.03,0.0,0.0,0.0,1.0,0.28,2.1,4,0.0,0.0,589376
2025-03-15 19:00:00,00000000270,20250315190000,1.136,0.013,0.005,0.0,0.0,0.0,1.0,1.14,0.44,4,0.0,0.0,589376
2025-03-15 20:00:00,00000000270,20250315200000,0.56,0.013,0.017,0.0,0.0,0.0,1.0,2.32,3.04,4,0.0,0.0,589376
2025-03-15 21:00:00,00000000270,20250315210000,0.552,0.012,0.017,0.0,0.0,0.0,1.0,2.17,3.08,4,0.0,0.0,589376
2025-03-15 22:00:00,00000000270,20250315220000,0.529,0.008,0.021,0.0,0.0,0.0,1.0,1.51,3.97,4,0.0,0.0,589376
2025-03-15 23:00:00,00000000270,20250315230000,0.543,0.007,0.021,0.0,0.0,0.0,1.0,1.29,3.87,4,0.0,0.0,589376
2025-03-16 00:00:00,00000000270,20250316000000,0.534,0.01,0.021,0.0,0.0,0.0,1.0,1.87,3.93,4,0.0,0.0,589376
2025-03-16 01:00:00,00000000270,20250316010000,0.503,0.008,0.024,0.0,0.0,0.0,1.0,1.59,4.77,4,0.0,0.0,589376
2025-03-16 02:00:00,00000000270,20250316020000,0.499,0.005,0.024,0.0,0.0,0.0,1.0,1.0,4.81,4,0.0,0.0,589376
2025-03-16 03:00:00,00000000270,20250316030000,0.493,0.009,0.021,0.0,0.0,0.0,1.0,1.83,4.26,4,0.0,0.0,589376
2025-03-16 04:00:00,00000000270,20250316040000,0.53,0.007,0.018,0.0,0.0,0.0,1.0,1.32,3.4,4,0.0,0.0,589376
2025-03-16 05:00:00,00000000270,20250316050000,0.548,0.009,0.02,0.0,0.0,0.0,1.0,1.64,3.65,4,0.0,0.0,589376
2025-03-16 06:00:00,00000000270,20250316060000,0.507,0.006,0.022,0.0,0.0,0.0,1.0,1.18,4.34,4,0.0,0.0,589376
2025-03-16 07:00:00,00000000270,20250316070000,0.558,0.014,0.015,0.0,0.0,0.0,1.0,2.51,2.69,4,0.0,0.0,589376
2025-03-16 08:00:00,00000000270,20250316080000,0.222,0.005,0.045,0.0,0.0,0.0,1.0,2.25,20.27,4,0.0,0.0,589376
2025-03-16 09:00:00,00000000270,20250316090000,0.103,0.0,0.079,0.0,0.0,0.0,1.0,0.0,76.7,4,0.0,0.0,589376
2025-03-16 10:00:00,00000000270,20250316100000,0.105,0.001,0.081,0.0,0.0,0.0,1.0,0.95,77.14,4,0.0,0.0,589376
2025-03-16 11:00:00,00000000270,20250316110000,0.092,0.001,0.075,0.0,0.0,0.0,1.0,1.09,81.52,4,0.0,0.0,589376
2025-03-16 12:00:00,00000000270,20250316120000,0.103,0.001,0.07,0.0,0.0,0.0,1.0,0.97,67.96,4,0.0,0.0,589376
2025-03-16 13:00:00,00000000270,20250316130000,0.087,0.0,0.075,0.0,0.0,0.0,1.0,0.0,86.21,4,0.0,0.0,589376
2025-03-16 14:00:00,00000000270,20250316140000,0.098,0.001,0.079,0.0,0.0,0.0,1.0,1.02,80.61,4,0.0,0.0,589376
2025-03-16 15:00:00,00000000270,20250316150000,0.091,0.0,0.076,0.0,0.0,0.0,1.0,0.0,83.52,4,0.0,0.0,589376
2025-03-16 16:00:00,00000000270,20250316160000,0.37,0.001,0.057,0.0,0.0,0.0,1.0,0.27,15.41,4,0.0,0.0,589376
2025-03-16 17:00:00,00000000270,20250316170000,0.527,0.002,0.033,0.0,0.0,0.0,1.0,0.38,6.26,4,0.0,0.0,589376
2025-03-16 18:00:00,00000000270,20250316180000,0.103,0.001,0.072,0.0,0.0,0.0,1.0,0.97,69.9,4,0.0,0.0,589376
2025-03-16 19:00:00,00000000270,20250316190000,0.152,0.0,0.071,0.0,0.0,0.0,1.0,0.0,46.71,4,0.0,0.0,589376
2025-03-16 20:00:00,00000000270,20250316200000,0.172,0.001,0.067,0.0,0.0,0.0,1.0,0.58,38.95,4,0.0,0.0,589376
2025-03-16 21:00:00,00000000270,20250316210000,0.109,0.001,0.067,0.0,0.0,0.0,1.0,0.92,61.47,4,0.0,0.0,589376
2025-03-16 22:00:00,00000000270,20250316220000,0.091,0.0,0.072,0.0,0.0,0.0,1.0,0.0,79.12,4,0.0,0.0,589376
2025-03-16 23:00:00,00000000270,20250316230000,0.097,0.001,0.077,0.0,0.0,0.0,1.0,1.03,79.38,4,0.0,0.0,589376
2025-03-17 00:00:00,00000000270,20250317000000,0.121,0.001,0.074,0.0,0.0,0.0,1.0,0.83,61.16,4,0.0,0.0,589376
2025-03-17 01:00:00,00000000270,20250317010000,0.74,0.003,0.019,0.0,0.0,0.0,1.0,0.41,2.57,4,0.0,0.0,589376
2025-03-17 02:00:00,00000000270,20250317020000,0.689,0.004,0.014,0.0,0.0,0.0,1.0,0.58,2.03,4,0.0,0.0,589376
2025-03-17 03:00:00,00000000270,20250317030000,0.637,0.005,0.013,0.0,0.0,0.0,1.0,0.78,2.04,4,0.0,0.0,589376
2025-03-17 04:00:00,00000000270,20250317040000,0.655,0.01,0.011,0.0,0.0,0.0,1.0,1.53,1.68,4,0.0,0.0,589376
2025-03-17 05:00:00,00000000270,20250317050000,0.633,0.01,0.005,0.0,0.0,0.0,1.0,1.58,0.79,4,0.0,0.0,589376
2025-03-17 06:00:00,00000000270,20250317060000,0.651,0.01,0.012,0.0,0.0,0.0,1.0,1.54,1.84,4,0.0,0.0,589376
2025-03-17 07:00:00,00000000270,20250317070000,0.083,0.001,0.064,0.0,0.0,0.0,1.0,1.2,77.11,4,0.0,0.0,589376
2025-03-17 08:00:00,00000000270,20250317080000,0.077,0.001,0.056,0.0,0.0,0.0,1.0,1.3,72.73,4,0.0,0.0,589376
2025-03-17 09:00:00,00000000270,20250317090000,0.072,0.0,0.057,0.0,0.0,0.0,1.0,0.0,79.17,4,0.0,0.0,589376
2025-03-17 10:00:00,00000000270,20250317100000,0.071,0.001,0.059,0.0,0.0,0.0,1.0,1.41,83.1,4,0.0,0.0,589376
2025-03-17 11:00:00,00000000270,20250317110000,0.069,0.001,0.061,0.0,0.0,0.0,1.0,1.45,88.41,4,0.0,0.0,589376
2025-03-17 12:00:00,00000000270,20250317120000,0.065,0.0,0.06,0.0,0.0,0.0,1.0,0.0,92.31,4,0.0,0.0,589376
2025-03-17 13:00:00,00000000270,20250317130000,0.072,0.001,0.06,0.0,0.0,0.0,1.0,1.39,83.33,4,0.0,0.0,589376
2025-03-17 14:00:00,00000000270,20250317140000,0.066,0.001,0.061,0.0,0.0,0.0,1.0,1.52,92.42,4,0.0,0.0,589376
2025-03-17 15:00:00,00000000270,20250317150000,0.067,0.0,0.061,0.0,0.0,0.0,1.0,0.0,91.04,4,0.0,0.0,589376
2025-03-17 16:00:00,00000000270,20250317160000,0.071,0.001,0.06,0.0,0.0,0.0,1.0,1.41,84.51,4,0.0,0.0,589376
2025-03-17 17:00:00,00000000270,20250317170000,0.067,0.001,0.061,0.0,0.0,0.0,1.0,1.49,91.04,4,0.0,0.0,589376
2025-03-17 18:00:00,00000000270,20250317180000,0.068,0.0,0.057,0.0,0.0,0.0,1.0,0.0,83.82,4,0.0,0.0,589376
2025-03-17 19:00:00,00000000270,20250317190000,0.071,0.001,0.057,0.0,0.0,0.0,1.0,1.41,80.28,4,0.0,0.0,589376
2025-03-17 20:00:00,00000000270,20250317200000,0.066,0.001,0.055,0.0,0.0,0.0,1.0,1.52,83.33,4,0.0,0.0,589376
2025-03-17 21:00:00,00000000270,20250317210000,0.139,0.0,0.057,0.0,0.0,0.0,1.0,0.0,41.01,4,0.0,0.0,589376
2025-03-17 22:00:00,00000000270,20250317220000,0.09,0.001,0.057,0.0,0.0,0.0,1.0,1.11,63.33,4,0.0,0.0,589376
2025-03-17 23:00:00,00000000270,20250317230000,0.062,0.001,0.06,0.0,0.0,0.0,1.0,1.61,96.77,4,0.0,0.0,589376
2025-03-18 00:00:00,00000000270,20250318000000,0.065,0.0,0.061,0.0,0.0,0.0,1.0,0.0,93.85,4,0.0,0.0,589376
2025-03-18 01:00:00,00000000270,20250318010000,0.063,0.001,0.061,0.0,0.0,0.0,1.0,1.59,96.83,4,0.0,0.0,589376
2025-03-18 02:00:00,00000000270,20250318020000,0.068,0.001,0.062,0.0,0.0,0.0,1.0,1.47,91.18,4,0.0,0.0,589376
2025-03-18 03:00:00,00000000270,20250318030000,0.063,0.0,0.063,0.0,0.0,0.0,1.0,0.0,100.0,4,0.0,0.0,589376
2025-03-18 04:00:00,00000000270,20250318040000,0.073,0.001,0.061,0.0,0.0,0.0,1.0,1.37,83.56,4,0.0,0.0,589376
2025-03-18 05:00:00,00000000270,20250318050000,0.06,0.001,0.063,0.0,0.0,0.0,1.0,1.67,105.0,4,0.0,0.0,589376
2025-03-18 06:00:00,00000000270,20250318060000,0.066,0.0,0.062,0.0,0.0,0.0,1.0,0.0,93.94,4,0.0,0.0,589376
2025-03-18 07:00:00,00000000270,20250318070000,0.063,0.001,0.063,0.0,0.0,0.0,1.0,1.59,100.0,4,0.0,0.0,589376
2025-03-18 08:00:00,00000000270,20250318080000,0.067,0.001,0.064,0.0,0.0,0.0,1.0,1.49,95.52,4,0.0,0.0,589376
2025-03-18 09:00:00,00000000270,20250318090000,0.064,0.0,0.062,0.0,0.0,0.0,1.0,0.0,96.88,4,0.0,0.0,589376
2025-03-18 10:00:00,00000000270,20250318100000,0.067,0.001,0.06,0.0,0.0,0.0,1.0,1.49,89.55,4,0.0,0.0,589376
2025-03-18 11:00:00,00000000270,20250318110000,0.063,0.001,0.061,0.0,0.0,0.0,1.0,1.59,96.83,4,0.0,0.0,589376
2025-03-18 12:00:00,00000000270,20250318120000,0.061,0.0,0.061,0.0,0.0,0.0,1.0,0.0,100.0,4,0.0,0.0,589376
2025-03-18 13:00:00,00000000270,20250318130000,0.068,0.001,0.061,0.0,0.0,0.0,1.0,1.47,89.71,4,0.0,0.0,589376
2025-03-18 14:00:00,00000000270,20250318140000,0.068,0.001,0.06,0.0,0.0,0.0,1.0,1.47,88.24,4,0.0,0.0,589376
2025-03-18 15:00:00,00000000270,20250318150000,0.064,0.0,0.06,0.0,0.0,0.0,1.0,0.0,93.75,4,0.0,0.0,589376
2025-03-18 16:00:00,00000000270,20250318160000,0.065,0.001,0.06,0.0,0.0,0.0,1.0,1.54,92.31,4,0.0,0.0,589376
2025-03-18 17:00:00,00000000270,20250318170000,0.286,0.002,0.055,0.0,0.0,0.0,1.0,0.7,19.23,4,0.0,0.0,589376
2025-03-18 18:00:00,00000000270,20250318180000,1.001,0.0,0.049,0.0,0.0,0.0,1.0,0.0,4.9,4,0.0,0.0,589376
2025-03-18 19:00:00,00000000270,20250318190000,1.04,0.001,0.05,0.0,0.0,0.0,1.0,0.1,4.81,4,0.0,0.0,589376
2025-03-18 20:00:00,00000000270,20250318200000,1.458,0.001,0.032,0.0,0.0,0.0,1.0,0.07,2.19,4,0.0,0.0,589376
2025-03-18 21:00:00,00000000270,20250318210000,1.027,0.001,0.037,0.0,0.0,0.0,1.0,0.1,3.6,4,0.0,0.0,589376
2025-03-18 22:00:00,00000000270,20250318220000,1.004,0.0,0.041,0.0,0.0,0.0,1.0,0.0,4.08,4,0.0,0.0,589376
2025-03-18 23:00:00,00000000270,20250318230000,1.081,0.001,0.046,0.0,0.0,0.0,1.0,0.09,4.26,4,0.0,0.0,589376
2025-03-19 00:00:00,00000000270,20250319000000,1.008,0.0,0.04,0.0,0.0,0.0,1.0,0.0,3.97,4,0.0,0.0,589376
2025-03-19 01:00:00,00000000270,20250319010000,0.992,0.004,0.036,0.0,0.0,0.0,1.0,0.4,3.63,4,0.0,0.0,589376
2025-03-19 02:00:00,00000000270,20250319020000,1.517,0.001,0.041,0.0,0.0,0.0,1.0,0.07,2.7,4,0.0,0.0,589376
2025-03-19 03:00:00,00000000270,20250319030000,0.951,0.004,0.018,0.0,0.0,0.0,1.0,0.42,1.89,4,0.0,0.0,589376
2025-03-19 04:00:00,00000000270,20250319040000,0.929,0.004,0.022,0.0,0.0,0.0,1.0,0.43,2.37,4,0.0,0.0,589376
2025-03-19 05:00:00,00000000270,20250319050000,0.917,0.002,0.027,0.0,0.0,0.0,1.0,0.22,2.94,4,0.0,0.0,589376
2025-03-19 06:00:00,00000000270,20250319060000,0.892,0.001,0.033,0.0,0.0,0.0,1.0,0.11,3.7,4,0.0,0.0,589376
2025-03-19 07:00:00,00000000270,20250319070000,0.426,0.001,0.048,0.0,0.0,0.0,1.0,0.23,11.27,4,0.0,0.0,589376
2025-03-19 08:00:00,00000000270,20250319080000,0.063,0.0,0.059,0.0,0.0,0.0,1.0,0.0,93.65,4,0.0,0.0,589376
2025-03-19 09:00:00,00000000270,20250319090000,0.065,0.001,0.06,0.0,0.0,0.0,1.0,1.54,92.31,4,0.0,0.0,589376
2025-03-19 10:00:00,00000000270,20250319100000,0.05,0.001,0.06,0.0,0.0,0.0,1.0,2.0,120.0,4,0.0,0.0,589376
2025-03-19 11:00:00,00000000270,20250319110000,0.054,0.001,0.062,0.0,0.0,0.0,1.0,1.85,114.81,4,0.0,0.0,589376
2025-03-19 12:00:00,00000000270,20250319120000,0.065,0.001,0.061,0.0,0.0,0.0,1.0,1.54,93.85,4,0.0,0.0,589376
2025-03-19 13:00:00,00000000270,20250319130000,0.063,0.0,0.061,0.0,0.0,0.0,1.0,0.0,96.83,4,0.0,0.0,589376
2025-03-19 14:00:00,00000000270,20250319140000,0.063,0.001,0.061,0.0,0.0,0.0,1.0,1.59,96.83,4,0.0,0.0,589376
2025-03-19 15:00:00,00000000270,20250319150000,0.045,0.001,0.064,0.0,0.0,0.0,1.0,2.22,142.22,4,0.0,0.0,589376
2025-03-19 16:00:00,00000000270,20250319160000,0.058,0.001,0.06,0.0,0.0,0.0,1.0,1.72,103.45,4,0.0,0.0,589376
2025-03-19 17:00:00,00000000270,20250319170000,0.22,0.0,0.06,0.0,0.0,0.0,1.0,0.0,27.27,4,0.0,0.0,589376
2025-03-19 18:00:00,00000000270,20250319180000,1.02,0.002,0.047,0.0,0.0,0.0,1.0,0.2,4.61,4,0.0,0.0,589376
2025-03-19 19:00:00,00000000270,20250319190000,1.04,0.0,0.04,0.0,0.0,0.0,1.0,0.0,3.85,4,0.0,0.0,589376
2025-03-19 20:00:00,00000000270,20250319200000,1.135,0.001,0.042,0.0,0.0,0.0,1.0,0.09,3.7,4,0.0,0.0,589376
2025-03-19 21:00:00,00000000270,20250319210000,1.083,0.0,0.052,0.0,0.0,0.0,1.0,0.0,4.8,4,0.0,0.0,589376
2025-03-19 22:00:00,00000000270,20250319220000,1.004,0.001,0.052,0.0,0.0,0.0,1.0,0.1,5.18,4,0.0,0.0,589376
2025-03-19 23:00:00,00000000270,20250319230000,0.954,0.004,0.031,0.0,0.0,0.0,1.0,0.42,3.25,4,0.0,0.0,589376
2025-03-20 00:00:00,00000000270,20250320000000,0.924,0.004,0.017,0.0,0.0,0.0,1.0,0.43,1.84,4,0.0,0.0,589376
2025-03-20 01:00:00,00000000270,20250320010000,0.843,0.005,0.012,0.0,0.0,0.0,1.0,0.59,1.42,4,0.0,0.0,589376
2025-03-20 02:00:00,00000000270,20250320020000,0.835,0.009,0.014,0.0,0.0,0.0,1.0,1.08,1.68,4,0.0,0.0,589376
2025-03-20 03:00:00,00000000270,20250320030000,0.826,0.002,0.018,0.0,0.0,0.0,1.0,0.24,2.18,4,0.0,0.0,589376
2025-03-20 04:00:00,00000000270,20250320040000,0.827,0.003,0.024,0.0,0.0,0.0,1.0,0.36,2.9,4,0.0,0.0,589376
2025-03-20 05:00:00,00000000270,20250320050000,0.836,0.011,0.005,0.0,0.0,0.0,1.0,1.32,0.6,4,0.0,0.0,589376
2025-03-20 06:00:00,00000000270,20250320060000,0.837,0.008,0.004,0.0,0.0,0.0,1.0,0.96,0.48,4,0.0,0.0,589376
2025-03-20 07:00:00,00000000270,20250320070000,0.415,0.002,0.038,0.0,0.0,0.0,1.0,0.48,9.16,4,0.0,0.0,589376
2025-03-20 08:00:00,00000000270,20250320080000,0.047,0.0,0.064,0.0,0.0,0.0,1.0,0.0,136.17,4,0.0,0.0,589376
2025-03-20 09:00:00,00000000270,20250320090000,0.065,0.001,0.061,0.0,0.0,0.0,1.0,1.54,93.85,4,0.0,0.0,589376
2025-03-20 10:00:00,00000000270,20250320100000,0.066,0.001,0.06,0.0,0.0,0.0,1.0,1.52,90.91,4,0.0,0.0,589376
2025-03-20 11:00:00,00000000270,20250320110000,0.059,0.001,0.061,0.0,0.0,0.0,1.0,1.69,103.39,4,0.0,0.0,589376
2025-03-20 12:00:00,00000000270,20250320120000,0.046,0.001,0.063,0.0,0.0,0.0,1.0,2.17,136.96,4,0.0,0.0,589376
2025-03-20 13:00:00,00000000270,20250320130000,0.064,0.0,0.061,0.0,0.0,0.0,1.0,0.0,95.31,4,0.0,0.0,589376
2025-03-20 14:00:00,00000000270,20250320140000,0.067,0.001,0.06,0.0,0.0,0.0,1.0,1.49,89.55,4,0.0,0.0,589376
2025-03-20 15:00:00,00000000270,20250320150000,0.058,0.001,0.061,0.0,0.0,0.0,1.0,1.72,105.17,4,0.0,0.0,589376
2025-03-20 16:00:00,00000000270,20250320160000,0.045,0.001,0.063,0.0,0.0,0.0,1.0,2.22,140.0,4,0.0,0.0,589376
2025-03-20 17:00:00,00000000270,20250320170000,0.079,0.001,0.065,0.0,0.0,0.0,1.0,1.27,82.28,4,0.0,0.0,589376
2025-03-20 18:00:00,00000000270,20250320180000,0.165,0.0,0.086,0.0,0.0,0.0,1.0,0.0,52.12,4,0.0,0.0,589376
2025-03-20 19:00:00,00000000270,20250320190000,0.957,0.001,0.059,0.0,0.0,0.0,1.0,0.1,6.17,4,0.0,0.0,589376
2025-03-20 20:00:00,00000000270,20250320200000,1.009,0.001,0.039,0.0,0.0,0.0,1.0,0.1,3.87,4,0.0,0.0,589376
2025-03-20 21:00:00,00000000270,20250320210000,1.084,0.001,0.032,0.0,0.0,0.0,1.0,0.09,2.95,4,0.0,0.0,589376
2025-03-20 22:00:00,00000000270,20250320220000,0.954,0.001,0.029,0.0,0.0,0.0,1.0,0.1,3.04,4,0.0,0.0,589376
2025-03-20 23:00:00,00000000270,20250320230000,0.897,0.0,0.033,0.0,0.0,0.0,1.0,0.0,3.68,4,0.0,0.0,589376
2025-03-21 00:00:00,00000000270,20250321000000,0.875,0.003,0.029,0.0,0.0,0.0,1.0,0.34,3.31,4,0.0,0.0,589376
2025-03-21 01:00:00,00000000270,20250321010000,1.501,0.001,0.024,0.0,0.0,0.0,1.0,0.07,1.6,4,0.0,0.0,589376
2025-03-21 02:00:00,00000000270,20250321020000,0.78,0.007,0.01,0.0,0.0,0.0,1.0,0.9,1.28,4,0.0,0.0,589376
2025-03-21 03:00:00,00000000270,20250321030000,0.828,0.012,0.011,0.0,0.0,0.0,1.0,1.45,1.33,4,0.0,0.0,589376
2025-03-21 04:00:00,00000000270,20250321040000,1.004,0.009,0.005,0.0,0.0,0.0,1.0,0.9,0.5,4,0.0,0.0,589376
2025-03-21 05:00:00,00000000270,20250321050000,0.803,0.006,0.012,0.0,0.0,0.0,1.0,0.75,1.49,4,0.0,0.0,589376
2025-03-21 06:00:00,00000000270,20250321060000,0.786,0.006,0.011,0.0,0.0,0.0,1.0,0.76,1.4,4,0.0,0.0,589376
2025-03-21 07:00:00,00000000270,20250321070000,0.453,0.001,0.046,0.0,0.0,0.0,1.0,0.22,10.15,4,0.0,0.0,589376
2025-03-21 08:00:00,00000000270,20250321080000,0.065,0.001,0.06,0.0,0.0,0.0,1.0,1.54,92.31,4,0.0,0.0,589376
2025-03-21 09:00:00,00000000270,20250321090000,0.049,0.0,0.061,0.0,0.0,0.0,1.0,0.0,124.49,4,0.0,0.0,589376
2025-03-21 10:00:00,00000000270,20250321100000,0.06,0.001,0.061,0.0,0.0,0.0,1.0,1.67,101.67,4,0.0,0.0,589376
2025-03-21 11:00:00,00000000270,20250321110000,0.068,0.001,0.058,0.0,0.0,0.0,1.0,1.47,85.29,4,0.0,0.0,589376
2025-03-21 12:00:00,00000000270,20250321120000,0.069,0.001,0.058,0.0,0.0,0.0,1.0,1.45,84.06,4,0.0,0.0,589376
2025-03-21 13:00:00,00000000270,20250321130000,0.057,0.001,0.063,0.0,0.0,0.0,1.0,1.75,110.53,4,0.0,0.0,589376
2025-03-21 14:00:00,00000000270,20250321140000,0.107,0.0,0.07,0.0,0.0,0.0,1.0,0.0,65.42,4,0.0,0.0,589376
2025-03-21 15:00:00,00000000270,20250321150000,0.084,0.001,0.061,0.0,0.0,0.0,1.0,1.19,72.62,4,0.0,0.0,589376
2025-03-21 16:00:00,00000000270,20250321160000,0.268,0.001,0.066,0.0,0.0,0.0,1.0,0.37,24.63,4,0.0,0.0,589376
2025-03-21 17:00:00,00000000270,20250321170000,0.125,0.001,0.07,0.0,0.0,0.0,1.0,0.8,56.0,4,0.0,0.0,589376
2025-03-21 18:00:00,00000000270,20250321180000,0.553,0.001,0.055,0.0,0.0,0.0,1.0,0.18,9.95,4,0.0,0.0,589376
2025-03-21 19:00:00,00000000270,20250321190000,1.064,0.014,0.027,0.0,0.0,0.0,1.0,1.32,2.54,4,0.0,0.0,589376
2025-03-21 20:00:00,00000000270,20250321200000,1.038,0.002,0.031,0.0,0.0,0.0,1.0,0.19,2.99,4,0.0,0.0,589376
2025-03-21 21:00:00,00000000270,20250321210000,1.031,0.001,0.041,0.0,0.0,0.0,1.0,0.1,3.98,4,0.0,0.0,589376
2025-03-21 22:00:00,00000000270,20250321220000,0.879,0.0,0.046,0.0,0.0,0.0,1.0,0.0,5.23,4,0.0,0.0,589376
2025-03-21 23:00:00,00000000270,20250321230000,0.894,0.001,0.041,0.0,0.0,0.0,1.0,0.11,4.59,4,0.0,0.0,589376
2025-03-22 00:00:00,00000000270,20250322000000,0.808,0.003,0.028,0.0,0.0,0.0,1.0,0.37,3.47,4,0.0,0.0,589376
2025-03-22 01:00:00,00000000270,20250322010000,0.771,0.002,0.014,0.0,0.0,0.0,1.0,0.26,1.82,4,0.0,0.0,589376
2025-03-22 02:00:00,00000000270,20250322020000,0.791,0.006,0.011,0.0,0.0,0.0,1.0,0.76,1.39,4,0.0,0.0,589376
2025-03-22 03:00:00,00000000270,20250322030000,0.785,0.009,0.013,0.0,0.0,0.0,1.0,1.15,1.66,4,0.0,0.0,589376
2025-03-22 04:00:00,00000000270,20250322040000,0.796,0.006,0.013,0.0,0.0,0.0,1.0,0.75,1.63,4,0.0,0.0,589376
2025-03-22 05:00:00,00000000270,20250322050000,0.785,0.007,0.012,0.0,0.0,0.0,1.0,0.89,1.53,4,0.0,0.0,589376
2025-03-22 06:00:00,00000000270,20250322060000,0.777,0.004,0.023,0.0,0.0,0.0,1.0,0.51,2.96,4,0.0,0.0,589376
2025-03-22 07:00:00,00000000270,20250322070000,0.773,0.002,0.028,0.0,0.0,0.0,1.0,0.26,3.62,4,0.0,0.0,589376
2025-03-22 08:00:00,00000000270,20250322080000,0.79,0.001,0.033,0.0,0.0,0.0,1.0,0.13,4.18,4,0.0,0.0,589376
2025-03-22 09:00:00,00000000270,20250322090000,0.845,0.006,0.017,0.0,0.0,0.0,1.0,0.71,2.01,4,0.0,0.0,589376
2025-03-22 10:00:00,00000000270,20250322100000,0.993,0.001,0.036,0.0,0.0,0.0,1.0,0.1,3.63,4,0.0,0.0,589376
2025-03-22 11:00:00,00000000270,20250322110000,1.056,0.001,0.056,0.0,0.0,0.0,1.0,0.09,5.3,4,0.0,0.0,589376
2025-03-22 12:00:00,00000000270,20250322120000,1.004,0.001,0.056,0.0,0.0,0.0,1.0,0.1,5.58,4,0.0,0.0,589376
2025-03-22 13:00:00,00000000270,20250322130000,0.996,0.001,0.048,0.0,0.0,0.0,1.0,0.1,4.82,4,0.0,0.0,589376
2025-03-22 14:00:00,00000000270,20250322140000,0.941,0.0,0.054,0.0,0.0,0.0,1.0,0.0,5.74,4,0.0,0.0,589376
2025-03-22 15:00:00,00000000270,20250322150000,0.913,0.001,0.038,0.0,0.0,0.0,1.0,0.11,4.16,4,0.0,0.0,589376
2025-03-22 16:00:00,00000000270,20250322160000,0.833,0.003,0.034,0.0,0.0,0.0,1.0,0.36,4.08,4,0.0,0.0,589376
2025-03-22 17:00:00,00000000270,20250322170000,0.659,0.002,0.041,0.0,0.0,0.0,1.0,0.3,6.22,4,0.0,0.0,589376
2025-03-22 18:00:00,00000000270,20250322180000,0.096,0.0,0.066,0.0,0.0,0.0,1.0,0.0,68.75,4,0.0,0.0,589376
2025-03-22 19:00:00,00000000270,20250322190000,0.823,0.002,0.039,0.0,0.0,0.0,1.0,0.24,4.74,4,0.0,0.0,589376
2025-03-22 20:00:00,00000000270,20250322200000,0.147,0.002,0.055,0.0,0.0,0.0,1.0,1.36,37.41,4,0.0,0.0,589376
2025-03-22 21:00:00,00000000270,20250322210000,0.103,0.0,0.066,0.0,0.0,0.0,1.0,0.0,64.08,4,0.0,0.0,589376
2025-03-22 22:00:00,00000000270,20250322220000,0.2,0.001,0.067,0.0,0.0,0.0,1.0,0.5,33.5,4,0.0,0.0,589376
2025-03-22 23:00:00,00000000270,20250322230000,1.009,0.001,0.036,0.0,0.0,0.0,1.0,0.1,3.57,4,0.0,0.0,589376
2025-03-23 00:00:00,00000000270,20250323000000,0.77,0.002,0.018,0.0,0.0,0.0,1.0,0.26,2.34,4,0.0,0.0,589376
2025-03-23 01:00:00,00000000270,20250323010000,0.736,0.009,0.014,0.0,0.0,0.0,1.0,1.22,1.9,4,0.0,0.0,589376
2025-03-23 02:00:00,00000000270,20250323020000,0.767,0.003,0.014,0.0,0.0,0.0,1.0,0.39,1.83,4,0.0,0.0,589376
2025-03-23 03:00:00,00000000270,20250323030000,0.78,0.002,0.023,0.0,0.0,0.0,1.0,0.26,2.95,4,0.0,0.0,589376
2025-03-23 04:00:00,00000000270,20250323040000,0.792,0.004,0.024,0.0,0.0,0.0,1.0,0.51,3.03,4,0.0,0.0,589376
2025-03-23 05:00:00,00000000270,20250323050000,0.763,0.002,0.02,0.0,0.0,0.0,1.0,0.26,2.62,4,0.0,0.0,589376
2025-03-23 06:00:00,00000000270,20250323060000,0.747,0.004,0.022,0.0,0.0,0.0,1.0,0.54,2.95,4,0.0,0.0,589376
2025-03-23 07:00:00,00000000270,20250323070000,0.917,0.001,0.05,0.0,0.0,0.0,1.0,0.11,5.45,4,0.0,0.0,589376
2025-03-23 08:00:00,00000000270,20250323080000,0.867,0.001,0.042,0.0,0.0,0.0,1.0,0.12,4.84,4,0.0,0.0,589376
2025-03-23 09:00:00,00000000270,20250323090000,0.682,0.0,0.044,0.0,0.0,0.0,1.0,0.0,6.45,4,0.0,0.0,589376
2025-03-23 10:00:00,00000000270,20250323100000,0.085,0.001,0.065,0.0,0.0,0.0,1.0,1.18,76.47,4,0.0,0.0,589376
2025-03-23 11:00:00,00000000270,20250323110000,0.195,0.001,0.075,0.0,0.0,0.0,1.0,0.51,38.46,4,0.0,0.0,589376
2025-03-23 12:00:00,00000000270,20250323120000,0.885,0.001,0.052,0.0,0.0,0.0,1.0,0.11,5.88,4,0.0,0.0,589376
2025-03-23 13:00:00,00000000270,20250323130000,0.836,0.001,0.039,0.0,0.0,0.0,1.0,0.12,4.67,4,0.0,0.0,589376
2025-03-23 14:00:00,00000000270,20250323140000,0.833,0.001,0.042,0.0,0.0,0.0,1.0,0.12,5.04,4,0.0,0.0,589376
2025-03-23 15:00:00,00000000270,20250323150000,0.811,0.003,0.04,0.0,0.0,0.0,1.0,0.37,4.93,4,0.0,0.0,589376
2025-03-23 16:00:00,00000000270,20250323160000,0.468,0.002,0.055,0.0,0.0,0.0,1.0,0.43,11.75,4,0.0,0.0,589376
2025-03-23 17:00:00,00000000270,20250323170000,0.11,0.0,0.076,0.0,0.0,0.0,1.0,0.0,69.09,4,0.0,0.0,589376
2025-03-23 18:00:00,00000000270,20250323180000,0.5,0.001,0.07,0.0,0.0,0.0,1.0,0.2,14.0,4,0.0,0.0,589376
2025-03-23 19:00:00,00000000270,20250323190000,0.609,0.001,0.075,0.0,0.0,0.0,1.0,0.16,12.32,4,0.0,0.0,589376
2025-03-23 20:00:00,00000000270,20250323200000,0.857,0.001,0.039,0.0,0.0,0.0,1.0,0.12,4.55,4,0.0,0.0,589376
2025-03-23 21:00:00,00000000270,20250323210000,0.836,0.001,0.029,0.0,0.0,0.0,1.0,0.12,3.47,4,0.0,0.0,589376
2025-03-23 22:00:00,00000000270,20250323220000,0.553,0.002,0.036,0.0,0.0,0.0,1.0,0.36,6.51,4,0.0,0.0,589376
2025-03-23 23:00:00,00000000270,20250323230000,0.119,0.0,0.083,0.0,0.0,0.0,1.0,0.0,69.75,4,0.0,0.0,589376
2025-03-24 00:00:00,00000000270,20250324000000,0.115,0.001,0.087,0.0,0.0,0.0,1.0,0.87,75.65,4,0.0,0.0,589376
2025-03-24 01:00:00,00000000270,20250324010000,0.973,0.001,0.069,0.0,0.0,0.0,1.0,0.1,7.09,4,0.0,0.0,589376
2025-03-24 02:00:00,00000000270,20250324020000,0.804,0.006,0.025,0.0,0.0,0.0,1.0,0.75,3.11,4,0.0,0.0,589376
2025-03-24 03:00:00,00000000270,20250324030000,0.754,0.004,0.016,0.0,0.0,0.0,1.0,0.53,2.12,4,0.0,0.0,589376
2025-03-24 04:00:00,00000000270,20250324040000,0.727,0.004,0.017,0.0,0.0,0.0,1.0,0.55,2.34,4,0.0,0.0,589376
2025-03-24 05:00:00,00000000270,20250324050000,0.763,0.007,0.012,0.0,0.0,0.0,1.0,0.92,1.57,4,0.0,0.0,589376
2025-03-24 06:00:00,00000000270,20250324060000,0.829,0.009,0.007,0.0,0.0,0.0,1.0,1.09,0.84,4,0.0,0.0,589376
2025-03-24 07:00:00,00000000270,20250324070000,0.151,0.001,0.061,0.0,0.0,0.0,1.0,0.66,40.4,4,0.0,0.0,589376
2025-03-24 08:00:00,00000000270,20250324080000,0.073,0.001,0.063,0.0,0.0,0.0,1.0,1.37,86.3,4,0.0,0.0,589376
2025-03-24 09:00:00,00000000270,20250324090000,0.078,0.0,0.065,0.0,0.0,0.0,1.0,0.0,83.33,4,0.0,0.0,589376
2025-03-24 10:00:00,00000000270,20250324100000,0.096,0.001,0.067,0.0,0.0,0.0,1.0,1.04,69.79,4,0.0,0.0,589376
2025-03-24 11:00:00,00000000270,20250324110000,0.065,0.001,0.062,0.0,0.0,0.0,1.0,1.54,95.38,4,0.0,0.0,589376
2025-03-24 12:00:00,00000000270,20250324120000,0.112,0.0,0.071,0.0,0.0,0.0,1.0,0.0,63.39,4,0.0,0.0,589376
2025-03-24 13:00:00,00000000270,20250324130000,0.101,0.001,0.068,0.0,0.0,0.0,1.0,0.99,67.33,4,0.0,0.0,589376
2025-03-24 14:00:00,00000000270,20250324140000,0.072,0.001,0.064,0.0,0.0,0.0,1.0,1.39,88.89,4,0.0,0.0,589376
2025-03-24 15:00:00,00000000270,20250324150000,0.092,0.001,0.067,0.0,0.0,0.0,1.0,1.09,72.83,4,0.0,0.0,589376
2025-03-24 16:00:00,00000000270,20250324160000,0.095,0.0,0.067,0.0,0.0,0.0,1.0,0.0,70.53,4,0.0,0.0,589376
2025-03-24 17:00:00,00000000270,20250324170000,0.071,0.001,0.063,0.0,0.0,0.0,1.0,1.41,88.73,4,0.0,0.0,589376
2025-03-24 18:00:00,00000000270,20250324180000,0.353,0.001,0.055,0.0,0.0,0.0,1.0,0.28,15.58,4,0.0,0.0,589376
2025-03-24 19:00:00,00000000270,20250324190000,0.145,0.009,0.039,0.0,0.0,0.0,1.0,6.21,26.9,4,0.0,0.0,589376
2025-03-24 20:00:00,00000000270,20250324200000,0.258,0.006,0.041,0.0,0.0,0.0,1.0,2.33,15.89,4,0.0,0.0,589376
2025-03-24 21:00:00,00000000270,20250324210000,0.75,0.052,0.004,0.0,0.0,0.0,1.0,6.93,0.53,4,0.0,0.0,589376
2025-03-24 22:00:00,00000000270,20250324220000,0.205,0.009,0.039,0.0,0.0,0.0,1.0,4.39,19.02,4,0.0,0.0,589376
2025-03-24 23:00:00,00000000270,20250324230000,0.951,0.001,0.051,0.0,0.0,0.0,1.0,0.11,5.36,4,0.0,0.0,589376
2025-03-25 00:00:00,00000000270,20250325000000,0.871,0.003,0.015,0.0,0.0,0.0,1.0,0.34,1.72,4,0.0,0.0,589376
2025-03-25 01:00:00,00000000270,20250325010000,0.809,0.006,0.016,0.0,0.0,0.0,1.0,0.74,1.98,4,0.0,0.0,589376
2025-03-25 02:00:00,00000000270,20250325020000,0.801,0.005,0.014,0.0,0.0,0.0,1.0,0.62,1.75,4,0.0,0.0,589376
2025-03-25 03:00:00,00000000270,20250325030000,0.733,0.003,0.019,0.0,0.0,0.0,1.0,0.41,2.59,4,0.0,0.0,589376
2025-03-25 04:00:00,00000000270,20250325040000,0.71,0.006,0.02,0.0,0.0,0.0,1.0,0.85,2.82,4,0.0,0.0,589376
2025-03-25 05:00:00,00000000270,20250325050000,0.737,0.003,0.011,0.0,0.0,0.0,1.0,0.41,1.49,4,0.0,0.0,589376
2025-03-25 06:00:00,00000000270,20250325060000,0.385,0.002,0.05,0.0,0.0,0.0,1.0,0.52,12.99,4,0.0,0.0,589376
2025-03-25 07:00:00,00000000270,20250325070000,0.093,0.001,0.068,0.0,0.0,0.0,1.0,1.08,73.12,4,0.0,0.0,589376
2025-03-25 08:00:00,00000000270,20250325080000,0.077,0.0,0.064,0.0,0.0,0.0,1.0,0.0,83.12,4,0.0,0.0,589376
2025-03-25 09:00:00,00000000270,20250325090000,0.077,0.001,0.063,0.0,0.0,0.0,1.0,1.3,81.82,4,0.0,0.0,589376
2025-03-25 10:00:00,00000000270,20250325100000,0.081,0.001,0.063,0.0,0.0,0.0,1.0,1.23,77.78,4,0.0,0.0,589376
2025-03-25 11:00:00,00000000270,20250325110000,0.082,0.001,0.065,0.0,0.0,0.0,1.0,1.22,79.27,4,0.0,0.0,589376
2025-03-25 12:00:00,00000000270,20250325120000,0.072,0.0,0.064,0.0,0.0,0.0,1.0,0.0,88.89,4,0.0,0.0,589376
2025-03-25 13:00:00,00000000270,20250325130000,0.076,0.001,0.065,0.0,0.0,0.0,1.0,1.32,85.53,4,0.0,0.0,589376
2025-03-25 14:00:00,00000000270,20250325140000,0.085,0.001,0.065,0.0,0.0,0.0,1.0,1.18,76.47,4,0.0,0.0,589376
2025-03-25 15:00:00,00000000270,20250325150000,0.11,0.001,0.063,0.0,0.0,0.0,1.0,0.91,57.27,4,0.0,0.0,589376
2025-03-25 16:00:00,00000000270,20250325160000,0.154,0.0,0.059,0.0,0.0,0.0,1.0,0.0,38.31,4,0.0,0.0,589376
2025-03-25 17:00:00,00000000270,20250325170000,0.081,0.001,0.062,0.0,0.0,0.0,1.0,1.23,76.54,4,0.0,0.0,589376
2025-03-25 18:00:00,00000000270,20250325180000,0.218,0.001,0.093,0.0,0.0,0.0,1.0,0.46,42.66,4,0.0,0.0,589376
2025-03-25 19:00:00,00000000270,20250325190000,0.174,0.012,0.052,0.0,0.0,0.0,1.0,6.9,29.89,4,0.0,0.0,589376
2025-03-25 20:00:00,00000000270,20250325200000,0.327,0.002,0.04,0.0,0.0,0.0,1.0,0.61,12.23,4,0.0,0.0,589376
2025-03-25 21:00:00,00000000270,20250325210000,0.992,0.036,0.013,0.0,0.0,0.0,1.0,3.63,1.31,4,0.0,0.0,589376
2025-03-25 22:00:00,00000000270,20250325220000,0.946,0.02,0.02,0.0,0.0,0.0,1.0,2.11,2.11,4,0.0,0.0,589376
2025-03-25 23:00:00,00000000270,20250325230000,0.811,0.002,0.022,0.0,0.0,0.0,1.0,0.25,2.71,4,0.0,0.0,589376
2025-03-26 00:00:00,00000000270,20250326000000,0.76,0.005,0.015,0.0,0.0,0.0,1.0,0.66,1.97,4,0.0,0.0,589376
2025-03-26 01:00:00,00000000270,20250326010000,1.574,0.004,0.014,0.0,0.0,0.0,1.0,0.25,0.89,4,0.0,0.0,589376
2025-03-26 02:00:00,00000000270,20250326020000,0.107,0.001,0.063,0.0,0.0,0.0,1.0,0.93,58.88,4,0.0,0.0,589376
2025-03-26 03:00:00,00000000270,20250326030000,0.085,0.001,0.065,0.0,0.0,0.0,1.0,1.18,76.47,4,0.0,0.0,589376
2025-03-26 04:00:00,00000000270,20250326040000,0.095,0.001,0.064,0.0,0.0,0.0,1.0,1.05,67.37,4,0.0,0.0,589376
2025-03-26 05:00:00,00000000270,20250326050000,0.103,0.0,0.068,0.0,0.0,0.0,1.0,0.0,66.02,4,0.0,0.0,589376
2025-03-26 06:00:00,00000000270,20250326060000,0.109,0.001,0.077,0.0,0.0,0.0,1.0,0.92,70.64,4,0.0,0.0,589376
2025-03-26 07:00:00,00000000270,20250326070000,0.091,0.001,0.074,0.0,0.0,0.0,1.0,1.1,81.32,4,0.0,0.0,589376
2025-03-26 08:00:00,00000000270,20250326080000,0.073,0.0,0.064,0.0,0.0,0.0,1.0,0.0,87.67,4,0.0,0.0,589376
2025-03-26 09:00:00,00000000270,20250326090000,0.173,0.001,0.062,0.0,0.0,0.0,1.0,0.58,35.84,4,0.0,0.0,589376
2025-03-26 10:00:00,00000000270,20250326100000,0.107,0.001,0.062,0.0,0.0,0.0,1.0,0.93,57.94,4,0.0,0.0,589376
2025-03-26 11:00:00,00000000270,20250326110000,0.107,0.001,0.066,0.0,0.0,0.0,1.0,0.93,61.68,4,0.0,0.0,589376
2025-03-26 12:00:00,00000000270,20250326120000,0.111,0.0,0.069,0.0,0.0,0.0,1.0,0.0,62.16,4,0.0,0.0,589376
2025-03-26 13:00:00,00000000270,20250326130000,0.086,0.001,0.061,0.0,0.0,0.0,1.0,1.16,70.93,4,0.0,0.0,589376
2025-03-26 14:00:00,00000000270,20250326140000,0.162,0.006,0.063,0.0,0.0,0.0,1.0,3.7,38.89,4,0.0,0.0,589376
2025-03-26 15:00:00,00000000270,20250326150000,0.246,0.014,0.06,0.0,0.0,0.0,1.0,5.69,24.39,4,0.0,0.0,589376
2025-03-26 16:00:00,00000000270,20250326160000,0.447,0.026,0.051,0.0,0.0,0.0,1.0,5.82,11.41,4,0.0,0.0,589376
2025-03-26 17:00:00,00000000270,20250326170000,0.151,0.001,0.076,0.0,0.0,0.0,1.0,0.66,50.33,4,0.0,0.0,589376
2025-03-26 18:00:00,00000000270,20250326180000,0.202,0.0,0.094,0.0,0.0,0.0,1.0,0.0,46.53,4,0.0,0.0,589376
2025-03-26 19:00:00,00000000270,20250326190000,0.116,0.001,0.073,0.0,0.0,0.0,1.0,0.86,62.93,4,0.0,0.0,589376
2025-03-26 20:00:00,00000000270,20250326200000,0.126,0.001,0.075,0.0,0.0,0.0,1.0,0.79,59.52,4,0.0,0.0,589376
2025-03-26 21:00:00,00000000270,20250326210000,0.119,0.0,0.076,0.0,0.0,0.0,1.0,0.0,63.87,4,0.0,0.0,589376
2025-03-26 22:00:00,00000000270,20250326220000,0.114,0.001,0.076,0.0,0.0,0.0,1.0,0.88,66.67,4,0.0,0.0,589376
2025-03-26 23:00:00,00000000270,20250326230000,0.656,0.001,0.056,0.0,0.0,0.0,1.0,0.15,8.54,4,0.0,0.0,589376
2025-03-27 00:00:00,00000000270,20250327000000,0.971,0.005,0.036,0.0,0.0,0.0,1.0,0.51,3.71,4,0.0,0.0,589376
2025-03-27 01:00:00,00000000270,20250327010000,0.875,0.003,0.016,0.0,0.0,0.0,1.0,0.34,1.83,4,0.0,0.0,589376
2025-03-27 02:00:00,00000000270,20250327020000,0.906,0.002,0.021,0.0,0.0,0.0,1.0,0.22,2.32,4,0.0,0.0,589376
2025-03-27 03:00:00,00000000270,20250327030000,0.788,0.002,0.018,0.0,0.0,0.0,1.0,0.25,2.28,4,0.0,0.0,589376
2025-03-27 04:00:00,00000000270,20250327040000,0.778,0.002,0.023,0.0,0.0,0.0,1.0,0.26,2.96,4,0.0,0.0,589376
2025-03-27 05:00:00,00000000270,20250327050000,0.79,0.008,0.016,0.0,0.0,0.0,1.0,1.01,2.03,4,0.0,0.0,589376
2025-03-27 06:00:00,00000000270,20250327060000,0.384,0.002,0.058,0.0,0.0,0.0,1.0,0.52,15.1,4,0.0,0.0,589376
2025-03-27 07:00:00,00000000270,20250327070000,0.096,0.0,0.072,0.0,0.0,0.0,1.0,0.0,75.0,4,0.0,0.0,589376
2025-03-27 08:00:00,00000000270,20250327080000,0.079,0.001,0.062,0.0,0.0,0.0,1.0,1.27,78.48,4,0.0,0.0,589376
2025-03-27 09:00:00,00000000270,20250327090000,0.08,0.001,0.064,0.0,0.0,0.0,1.0,1.25,80.0,4,0.0,0.0,589376
2025-03-27 10:00:00,00000000270,20250327100000,0.072,0.001,0.063,0.0,0.0,0.0,1.0,1.39,87.5,4,0.0,0.0,589376
2025-03-27 11:00:00,00000000270,20250327110000,0.077,0.0,0.063,0.0,0.0,0.0,1.0,0.0,81.82,4,0.0,0.0,589376
2025-03-27 12:00:00,00000000270,20250327120000,0.071,0.001,0.063,0.0,0.0,0.0,1.0,1.41,88.73,4,0.0,0.0,589376
2025-03-27 13:00:00,00000000270,20250327130000,0.075,0.001,0.063,0.0,0.0,0.0,1.0,1.33,84.0,4,0.0,0.0,589376
2025-03-27 14:00:00,00000000270,20250327140000,0.079,0.0,0.065,0.0,0.0,0.0,1.0,0.0,82.28,4,0.0,0.0,589376
2025-03-27 15:00:00,00000000270,20250327150000,0.074,0.001,0.063,0.0,0.0,0.0,1.0,1.35,85.14,4,0.0,0.0,589376
2025-03-27 16:00:00,00000000270,20250327160000,0.077,0.001,0.062,0.0,0.0,0.0,1.0,1.3,80.52,4,0.0,0.0,589376
2025-03-27 17:00:00,00000000270,20250327170000,0.091,0.001,0.066,0.0,0.0,0.0,1.0,1.1,72.53,4,0.0,0.0,589376
2025-03-27 18:00:00,00000000270,20250327180000,0.139,0.0,0.077,0.0,0.0,0.0,1.0,0.0,55.4,4,0.0,0.0,589376
2025-03-27 19:00:00,00000000270,20250327190000,0.114,0.001,0.06,0.0,0.0,0.0,1.0,0.88,52.63,4,0.0,0.0,589376
2025-03-27 20:00:00,00000000270,20250327200000,0.174,0.001,0.056,0.0,0.0,0.0,1.0,0.57,32.18,4,0.0,0.0,589376
2025-03-27 21:00:00,00000000270,20250327210000,0.089,0.0,0.059,0.0,0.0,0.0,1.0,0.0,66.29,4,0.0,0.0,589376
2025-03-27 22:00:00,00000000270,20250327220000,0.091,0.001,0.065,0.0,0.0,0.0,1.0,1.1,71.43,4,0.0,0.0,589376
2025-03-27 23:00:00,00000000270,20250327230000,0.135,0.001,0.088,0.0,0.0,0.0,1.0,0.74,65.19,4,0.0,0.0,589376
2025-03-28 00:00:00,00000000270,20250328000000,0.12,0.0,0.086,0.0,0.0,0.0,1.0,0.0,71.67,4,0.0,0.0,589376
2025-03-28 01:00:00,00000000270,20250328010000,0.226,0.005,0.054,0.0,0.0,0.0,1.0,2.21,23.89,4,0.0,0.0,589376
2025-03-28 02:00:00,00000000270,20250328020000,0.798,0.008,0.01,0.0,0.0,0.0,1.0,1.0,1.25,4,0.0,0.0,589376
2025-03-28 03:00:00,00000000270,20250328030000,0.777,0.007,0.017,0.0,0.0,0.0,1.0,0.9,2.19,4,0.0,0.0,589376
2025-03-28 04:00:00,00000000270,20250328040000,0.747,0.006,0.015,0.0,0.0,0.0,1.0,0.8,2.01,4,0.0,0.0,589376
2025-03-28 05:00:00,00000000270,20250328050000,0.751,0.01,0.006,0.0,0.0,0.0,1.0,1.33,0.8,4,0.0,0.0,589376
2025-03-28 06:00:00,00000000270,20250328060000,0.654,0.006,0.01,0.0,0.0,0.0,1.0,0.92,1.53,4,0.0,0.0,589376
2025-03-28 07:00:00,00000000270,20250328070000,0.3,0.002,0.041,0.0,0.0,0.0,1.0,0.67,13.67,4,0.0,0.0,589376
2025-03-28 08:00:00,00000000270,20250328080000,0.074,0.001,0.059,0.0,0.0,0.0,1.0,1.35,79.73,4,0.0,0.0,589376
2025-03-28 09:00:00,00000000270,20250328090000,0.074,0.001,0.059,0.0,0.0,0.0,1.0,1.35,79.73,4,0.0,0.0,589376
2025-03-28 10:00:00,00000000270,20250328100000,0.092,0.0,0.058,0.0,0.0,0.0,1.0,0.0,63.04,4,0.0,0.0,589376
2025-03-28 11:00:00,00000000270,20250328110000,0.151,0.001,0.055,0.0,0.0,0.0,1.0,0.66,36.42,4,0.0,0.0,589376
2025-03-28 12:00:00,00000000270,20250328120000,0.125,0.0,0.052,0.0,0.0,0.0,1.0,0.0,41.6,4,0.0,0.0,589376
2025-03-28 13:00:00,00000000270,20250328130000,0.088,0.0,0.059,0.0,0.0,0.0,1.0,0.0,67.05,4,0.0,0.0,589376
2025-03-28 14:00:00,00000000270,20250328140000,0.144,0.195,0.028,0.0,0.0,0.0,1.0,135.42,19.44,4,0.0,0.0,589376
2025-03-28 15:00:00,00000000270,20250328150000,0.113,0.068,0.041,0.0,0.0,0.0,1.0,60.18,36.28,4,0.0,0.0,589376
2025-03-28 16:00:00,00000000270,20250328160000,0.125,0.001,0.065,0.0,0.0,0.0,1.0,0.8,52.0,4,0.0,0.0,589376
2025-03-28 17:00:00,00000000270,20250328170000,0.121,0.0,0.063,0.0,0.0,0.0,1.0,0.0,52.07,4,0.0,0.0,589376
2025-03-28 18:00:00,00000000270,20250328180000,0.171,0.144,0.039,0.0,0.0,0.0,1.0,84.21,22.81,4,0.0,0.0,589376
2025-03-28 19:00:00,00000000270,20250328190000,0.122,0.057,0.034,0.0,0.0,0.0,1.0,46.72,27.87,4,0.0,0.0,589376
2025-03-28 20:00:00,00000000270,20250328200000,1.072,0.052,0.0,0.0,0.0,0.0,1.0,4.85,0.0,4,0.0,0.0,589376
2025-03-28 21:00:00,00000000270,20250328210000,1.473,0.042,0.0,0.0,0.0,0.0,1.0,2.85,0.0,4,0.0,0.0,589376
2025-03-28 22:00:00,00000000270,20250328220000,0.787,0.021,0.004,0.0,0.0,0.0,1.0,2.67,0.51,4,0.0,0.0,589376
2025-03-28 23:00:00,00000000270,20250328230000,0.737,0.011,0.005,0.0,0.0,0.0,1.0,1.49,0.68,4,0.0,0.0,589376
2025-03-29 00:00:00,00000000270,20250329000000,0.731,0.007,0.003,0.0,0.0,0.0,1.0,0.96,0.41,4,0.0,0.0,589376
2025-03-29 01:00:00,00000000270,20250329010000,0.157,0.0,0.051,0.0,0.0,0.0,1.0,0.0,32.48,4,0.0,0.0,589376
2025-03-29 02:00:00,00000000270,20250329020000,0.073,0.001,0.057,0.0,0.0,0.0,1.0,1.37,78.08,4,0.0,0.0,589376
2025-03-29 03:00:00,00000000270,20250329030000,0.177,0.0,0.055,0.0,0.0,0.0,1.0,0.0,31.07,4,0.0,0.0,589376
2025-03-29 04:00:00,00000000270,20250329040000,0.107,0.001,0.057,0.0,0.0,0.0,1.0,0.93,53.27,4,0.0,0.0,589376
2025-03-29 05:00:00,00000000270,20250329050000,0.084,0.0,0.057,0.0,0.0,0.0,1.0,0.0,67.86,4,0.0,0.0,589376
2025-03-29 06:00:00,00000000270,20250329060000,0.07,0.0,0.059,0.0,0.0,0.0,1.0,0.0,84.29,4,0.0,0.0,589376
2025-03-29 07:00:00,00000000270,20250329070000,0.069,0.001,0.062,0.0,0.0,0.0,1.0,1.45,89.86,4,0.0,0.0,589376
2025-03-29 08:00:00,00000000270,20250329080000,0.075,0.001,0.064,0.0,0.0,0.0,1.0,1.33,85.33,4,0.0,0.0,589376
2025-03-29 09:00:00,00000000270,20250329090000,0.148,0.0,0.081,0.0,0.0,0.0,1.0,0.0,54.73,4,0.0,0.0,589376
2025-03-29 10:00:00,00000000270,20250329100000,0.168,0.001,0.087,0.0,0.0,0.0,1.0,0.6,51.79,4,0.0,0.0,589376
2025-03-29 11:00:00,00000000270,20250329110000,0.819,0.0,0.047,0.0,0.0,0.0,1.0,0.0,5.74,4,0.0,0.0,589376
2025-03-29 12:00:00,00000000270,20250329120000,0.729,0.001,0.052,0.0,0.0,0.0,1.0,0.14,7.13,4,0.0,0.0,589376
2025-03-29 13:00:00,00000000270,20250329130000,0.103,0.0,0.074,0.0,0.0,0.0,1.0,0.0,71.84,4,0.0,0.0,589376
2025-03-29 14:00:00,00000000270,20250329140000,0.1,0.001,0.074,0.0,0.0,0.0,1.0,1.0,74.0,4,0.0,0.0,589376
2025-03-29 15:00:00,00000000270,20250329150000,0.098,0.0,0.074,0.0,0.0,0.0,1.0,0.0,75.51,4,0.0,0.0,589376
2025-03-29 16:00:00,00000000270,20250329160000,0.108,0.0,0.077,0.0,0.0,0.0,1.0,0.0,71.3,4,0.0,0.0,589376
2025-03-29 17:00:00,00000000270,20250329170000,0.106,0.001,0.076,0.0,0.0,0.0,1.0,0.94,71.7,4,0.0,0.0,589376
2025-03-29 18:00:00,00000000270,20250329180000,0.116,0.0,0.073,0.0,0.0,0.0,1.0,0.0,62.93,4,0.0,0.0,589376
2025-03-29 19:00:00,00000000270,20250329190000,0.626,0.016,0.036,0.0,0.0,0.0,1.0,2.56,5.75,4,0.0,0.0,589376
2025-03-29 20:00:00,00000000270,20250329200000,0.839,0.053,0.005,0.0,0.0,0.0,1.0,6.32,0.6,4,0.0,0.0,589376
2025-03-29 21:00:00,00000000270,20250329210000,0.152,0.011,0.067,0.0,0.0,0.0,1.0,7.24,44.08,4,0.0,0.0,589376
2025-03-29 22:00:00,00000000270,20250329220000,0.82,0.434,0.027,0.0,0.0,0.0,1.0,52.93,3.29,4,0.0,0.0,589376
2025-03-29 23:00:00,00000000270,20250329230000,0.217,0.336,0.027,0.0,0.0,0.0,1.0,154.84,12.44,4,0.0,0.0,589376
2025-03-30 00:00:00,00000000270,20250330000000,0.114,0.001,0.076,0.0,0.0,0.0,1.0,0.88,66.67,4,0.0,0.0,589376
2025-03-30 01:00:00,00000000270,20250330010000,0.507,0.0,0.042,0.0,0.0,0.0,1.0,0.0,8.28,4,0.0,0.0,589376
2025-03-30 02:00:00,00000000270,20250330020000,0.801,0.002,0.016,0.0,0.0,0.0,1.0,0.25,2.0,4,0.0,0.0,589376
2025-03-30 03:00:00,00000000270,20250330030000,0.606,0.004,0.01,0.0,0.0,0.0,1.0,0.66,1.65,3,0.0,0.0,589376
2025-03-30 04:00:00,00000000270,20250330040000,0.978,0.001,0.03,0.0,0.0,0.0,1.0,0.1,3.07,6,0.0,0.0,589376
2025-03-30 05:00:00,00000000270,20250330050000,0.974,0.002,0.022,0.0,0.0,0.0,1.0,0.21,2.26,4,0.0,0.0,589376
2025-03-30 06:00:00,00000000270,20250330060000,0.837,0.0,0.049,0.0,0.0,0.0,1.0,0.0,5.85,4,0.0,0.0,589376
2025-03-30 07:00:00,00000000270,20250330070000,0.077,0.001,0.06,0.0,0.0,0.0,1.0,1.3,77.92,4,0.0,0.0,589376
2025-03-30 08:00:00,00000000270,20250330080000,0.589,0.0,0.054,0.0,0.0,0.0,1.0,0.0,9.17,4,0.0,0.0,589376
2025-03-30 09:00:00,00000000270,20250330090000,0.085,0.0,0.061,0.0,0.0,0.0,1.0,0.0,71.76,4,0.0,0.0,589376
2025-03-30 10:00:00,00000000270,20250330100000,0.109,0.001,0.058,0.0,0.0,0.0,1.0,0.92,53.21,4,0.0,0.0,589376
2025-03-30 11:00:00,00000000270,20250330110000,0.19,0.0,0.064,0.0,0.0,0.0,1.0,0.0,33.68,4,0.0,0.0,589376
2025-03-30 12:00:00,00000000270,20250330120000,0.123,0.001,0.071,0.0,0.0,0.0,1.0,0.81,57.72,4,0.0,0.0,589376
2025-03-30 13:00:00,00000000270,20250330130000,0.258,0.0,0.074,0.0,0.0,0.0,1.0,0.0,28.68,4,0.0,0.0,589376
2025-03-30 14:00:00,00000000270,20250330140000,0.099,0.0,0.074,0.0,0.0,0.0,1.0,0.0,74.75,4,0.0,0.0,589376
2025-03-30 15:00:00,00000000270,20250330150000,0.418,0.001,0.072,0.0,0.0,0.0,1.0,0.24,17.22,4,0.0,0.0,589376
2025-03-30 16:00:00,00000000270,20250330160000,0.599,0.0,0.05,0.0,0.0,0.0,1.0,0.0,8.35,4,0.0,0.0,589376
2025-03-30 17:00:00,00000000270,20250330170000,0.145,0.001,0.069,0.0,0.0,0.0,1.0,0.69,47.59,4,0.0,0.0,589376
2025-03-30 18:00:00,00000000270,20250330180000,0.7,0.0,0.071,0.0,0.0,0.0,1.0,0.0,10.14,4,0.0,0.0,589376
2025-03-30 19:00:00,00000000270,20250330190000,0.207,0.003,0.051,0.0,0.0,0.0,1.0,1.45,24.64,4,0.0,0.0,589376
2025-03-30 20:00:00,00000000270,20250330200000,0.17,0.005,0.009,0.0,0.0,0.0,1.0,2.94,5.29,4,0.0,0.0,589376
2025-03-30 21:00:00,00000000270,20250330210000,0.237,0.006,0.011,0.0,0.0,0.0,1.0,2.53,4.64,4,0.0,0.0,589376
2025-03-30 22:00:00,00000000270,20250330220000,0.25,0.001,0.054,0.0,0.0,0.0,1.0,0.4,21.6,4,0.0,0.0,589376
2025-03-30 23:00:00,00000000270,20250330230000,0.807,0.001,0.017,0.0,0.0,0.0,1.0,0.12,2.11,4,0.0,0.0,589376
2025-03-31 00:00:00,00000000270,20250331000000,0.789,0.003,0.015,0.0,0.0,0.0,1.0,0.38,1.9,4,0.0,0.0,589376
2025-03-31 01:00:00,00000000270,20250331010000,0.783,0.004,0.009,0.0,0.0,0.0,1.0,0.51,1.15,4,0.0,0.0,589376
2025-03-31 02:00:00,00000000270,20250331020000,0.724,0.002,0.024,0.0,0.0,0.0,1.0,0.28,3.31,4,0.0,0.0,589376
2025-03-31 03:00:00,00000000270,20250331030000,0.707,0.001,0.018,0.0,0.0,0.0,1.0,0.14,2.55,4,0.0,0.0,589376
2025-03-31 04:00:00,00000000270,20250331040000,0.366,0.004,0.04,0.0,0.0,0.0,1.0,1.09,10.93,4,0.0,0.0,589376
2025-03-31 05:00:00,00000000270,20250331050000,0.093,0.0,0.061,0.0,0.0,0.0,1.0,0.0,65.59,4,0.0,0.0,589376
2025-03-31 06:00:00,00000000270,20250331060000,0.095,0.0,0.062,0.0,0.0,0.0,1.0,0.0,65.26,4,0.0,0.0,589376
2025-03-31 07:00:00,00000000270,20250331070000,0.128,0.002,0.042,0.0,0.0,0.0,1.0,1.56,32.81,4,0.0,0.0,589376
2025-03-31 08:00:00,00000000270,20250331080000,0.176,0.01,0.023,0.0,0.0,0.0,1.0,5.68,13.07,4,0.0,0.0,589376
2025-03-31 09:00:00,00000000270,20250331090000,0.172,0.001,0.054,0.0,0.0,0.0,1.0,0.58,31.4,4,0.0,0.0,589376
2025-03-31 10:00:00,00000000270,20250331100000,0.081,0.001,0.057,0.0,0.0,0.0,1.0,1.23,70.37,4,0.0,0.0,589376
2025-03-31 11:00:00,00000000270,20250331110000,0.084,0.0,0.058,0.0,0.0,0.0,1.0,0.0,69.05,4,0.0,0.0,589376
2025-03-31 12:00:00,00000000270,20250331120000,0.065,0.001,0.058,0.0,0.0,0.0,1.0,1.54,89.23,4,0.0,0.0,589376
2025-03-31 13:00:00,00000000270,20250331130000,0.066,0.0,0.058,0.0,0.0,0.0,1.0,0.0,87.88,4,0.0,0.0,589376
2025-03-31 14:00:00,00000000270,20250331140000,0.071,0.001,0.059,0.0,0.0,0.0,1.0,1.41,83.1,4,0.0,0.0,589376
2025-03-31 15:00:00,00000000270,20250331150000,0.168,0.0,0.06,0.0,0.0,0.0,1.0,0.0,35.71,4,0.0,0.0,589376
2025-03-31 16:00:00,00000000270,20250331160000,0.126,0.001,0.054,0.0,0.0,0.0,1.0,0.79,42.86,4,0.0,0.0,589376
2025-03-31 17:00:00,00000000270,20250331170000,0.066,0.001,0.06,0.0,0.0,0.0,1.0,1.52,90.91,4,0.0,0.0,589376
2025-03-31 18:00:00,00000000270,20250331180000,0.087,0.0,0.056,0.0,0.0,0.0,1.0,0.0,64.37,4,0.0,0.0,589376
2025-03-31 19:00:00,00000000270,20250331190000,0.267,0.027,0.013,0.0,0.0,0.0,1.0,10.11,4.87,4,0.0,0.0,589376
2025-03-31 20:00:00,00000000270,20250331200000,0.148,0.016,0.001,0.0,0.0,0.0,1.0,10.81,0.68,4,0.0,0.0,589376
2025-03-31 21:00:00,00000000270,20250331210000,0.121,0.005,0.032,0.0,0.0,0.0,1.0,4.13,26.45,4,0.0,0.0,589376
2025-03-31 22:00:00,00000000270,20250331220000,0.115,0.0,0.059,0.0,0.0,0.0,1.0,0.0,51.3,4,0.0,0.0,589376
2025-03-31 23:00:00,00000000270,20250331230000,0.095,0.0,0.056,0.0,0.0,0.0,1.0,0.0,58.95,4,0.0,0.0,589376
2025-04-01 00:00:00,00000000270,20250401000000,0.099,0.001,0.057,0.0,0.0,0.0,1.0,1.01,57.58,4,0.0,0.0,589376
2025-04-01 01:00:00,00000000270,20250401010000,0.081,0.0,0.059,0.0,0.0,0.0,1.0,0.0,72.84,4,0.0,0.0,589376
2025-04-01 02:00:00,00000000270,20250401020000,0.092,0.001,0.059,0.0,0.0,0.0,1.0,1.09,64.13,4,0.0,0.0,589376
2025-04-01 03:00:00,00000000270,20250401030000,0.085,0.0,0.062,0.0,0.0,0.0,1.0,0.0,72.94,4,0.0,0.0,589376
2025-04-01 04:00:00,00000000270,20250401040000,0.086,0.001,0.061,0.0,0.0,0.0,1.0,1.16,70.93,4,0.0,0.0,589376
2025-04-01 05:00:00,00000000270,20250401050000,0.173,0.0,0.062,0.0,0.0,0.0,1.0,0.0,35.84,4,0.0,0.0,589376
2025-04-01 06:00:00,00000000270,20250401060000,0.132,0.001,0.061,0.0,0.0,0.0,1.0,0.76,46.21,4,0.0,0.0,589376
2025-04-01 07:00:00,00000000270,20250401070000,0.07,0.001,0.068,0.0,0.0,0.0,1.0,1.43,97.14,4,0.0,0.0,589376
2025-04-01 08:00:00,00000000270,20250401080000,0.107,0.0,0.066,0.0,0.0,0.0,1.0,0.0,61.68,4,0.0,0.0,589376
2025-04-01 09:00:00,00000000270,20250401090000,0.252,0.001,0.061,0.0,0.0,0.0,1.0,0.4,24.21,4,0.0,0.0,589376
2025-04-01 10:00:00,00000000270,20250401100000,1.576,0.357,0.009,0.0,0.0,0.0,1.0,22.65,0.57,4,0.0,0.0,589376
2025-04-01 11:00:00,00000000270,20250401110000,0.939,0.016,0.038,0.0,0.0,0.0,1.0,1.7,4.05,4,0.0,0.0,589376
2025-04-01 12:00:00,00000000270,20250401120000,0.56,0.0,0.05,0.0,0.0,0.0,1.0,0.0,8.93,4,0.0,0.0,589376
2025-04-01 13:00:00,00000000270,20250401130000,0.121,0.001,0.065,0.0,0.0,0.0,1.0,0.83,53.72,4,0.0,0.0,589376
2025-04-01 14:00:00,00000000270,20250401140000,0.316,0.0,0.063,0.0,0.0,0.0,1.0,0.0,19.94,4,0.0,0.0,589376
2025-04-01 15:00:00,00000000270,20250401150000,0.453,0.001,0.054,0.0,0.0,0.0,1.0,0.22,11.92,4,0.0,0.0,589376
2025-04-01 16:00:00,00000000270,20250401160000,1.661,0.005,0.031,0.0,0.0,0.0,1.0,0.3,1.87,4,0.0,0.0,589376
2025-04-01 17:00:00,00000000270,20250401170000,0.14,0.0,0.066,0.0,0.0,0.0,1.0,0.0,47.14,4,0.0,0.0,589376
2025-04-01 18:00:00,00000000270,20250401180000,0.2,0.0,0.08,0.0,0.0,0.0,1.0,0.0,40.0,4,0.0,0.0,589376
2025-04-01 19:00:00,00000000270,20250401190000,0.751,0.034,0.006,0.0,0.0,0.0,1.0,4.53,0.8,4,0.0,0.0,589376
2025-04-01 20:00:00,00000000270,20250401200000,0.962,0.027,0.005,0.0,0.0,0.0,1.0,2.81,0.52,4,0.0,0.0,589376
2025-04-01 21:00:00,00000000270,20250401210000,0.881,0.004,0.027,0.0,0.0,0.0,1.0,0.45,3.06,4,0.0,0.0,589376
2025-04-01 22:00:00,00000000270,20250401220000,0.826,0.007,0.014,0.0,0.0,0.0,1.0,0.85,1.69,4,0.0,0.0,589376
2025-04-01 23:00:00,00000000270,20250401230000,0.791,0.005,0.012,0.0,0.0,0.0,1.0,0.63,1.52,4,0.0,0.0,589376
2025-04-02 00:00:00,00000000270,20250402000000,0.753,0.002,0.014,0.0,0.0,0.0,1.0,0.27,1.86,4,0.0,0.0,589376
2025-04-02 01:00:00,00000000270,20250402010000,0.752,0.007,0.014,0.0,0.0,0.0,1.0,0.93,1.86,4,0.0,0.0,589376
2025-04-02 02:00:00,00000000270,20250402020000,0.746,0.001,0.014,0.0,0.0,0.0,1.0,0.13,1.88,4,0.0,0.0,589376
2025-04-02 03:00:00,00000000270,20250402030000,0.731,0.005,0.017,0.0,0.0,0.0,1.0,0.68,2.33,4,0.0,0.0,589376
2025-04-02 04:00:00,00000000270,20250402040000,0.749,0.002,0.012,0.0,0.0,0.0,1.0,0.27,1.6,4,0.0,0.0,589376
2025-04-02 05:00:00,00000000270,20250402050000,0.697,0.005,0.012,0.0,0.0,0.0,1.0,0.72,1.72,4,0.0,0.0,589376
2025-04-02 06:00:00,00000000270,20250402060000,0.297,0.001,0.039,0.0,0.0,0.0,1.0,0.34,13.13,4,0.0,0.0,589376
2025-04-02 07:00:00,00000000270,20250402070000,0.172,0.001,0.074,0.0,0.0,0.0,1.0,0.58,43.02,4,0.0,0.0,589376
2025-04-02 08:00:00,00000000270,20250402080000,0.691,0.258,0.031,0.0,0.0,0.0,1.0,37.34,4.49,4,0.0,0.0,589376
2025-04-02 09:00:00,00000000270,20250402090000,0.388,0.13,0.001,0.0,0.0,0.0,1.0,33.51,0.26,4,0.0,0.0,589376
2025-04-02 10:00:00,00000000270,20250402100000,0.17,0.101,0.056,0.0,0.0,0.0,1.0,59.41,32.94,4,0.0,0.0,589376
2025-04-02 11:00:00,00000000270,20250402110000,0.3,0.107,0.037,0.0,0.0,0.0,1.0,35.67,12.33,4,0.0,0.0,589376
2025-04-02 12:00:00,00000000270,20250402120000,0.176,0.007,0.048,0.0,0.0,0.0,1.0,3.98,27.27,4,0.0,0.0,589376
2025-04-02 13:00:00,00000000270,20250402130000,0.383,0.009,0.008,0.0,0.0,0.0,1.0,2.35,2.09,4,0.0,0.0,589376
2025-04-02 14:00:00,00000000270,20250402140000,0.977,0.011,0.021,0.0,0.0,0.0,1.0,1.13,2.15,4,0.0,0.0,589376
2025-04-02 15:00:00,00000000270,20250402150000,0.917,0.001,0.039,0.0,0.0,0.0,1.0,0.11,4.25,4,0.0,0.0,589376
2025-04-02 16:00:00,00000000270,20250402160000,0.838,0.001,0.035,0.0,0.0,0.0,1.0,0.12,4.18,4,0.0,0.0,589376
2025-04-02 17:00:00,00000000270,20250402170000,0.183,0.006,0.029,0.0,0.0,0.0,1.0,3.28,15.85,4,0.0,0.0,589376
2025-04-02 18:00:00,00000000270,20250402180000,0.222,0.004,0.009,0.0,0.0,0.0,1.0,1.8,4.05,4,0.0,0.0,589376
2025-04-02 19:00:00,00000000270,20250402190000,0.284,0.038,0.001,0.0,0.0,0.0,1.0,13.38,0.35,4,0.0,0.0,589376
2025-04-02 20:00:00,00000000270,20250402200000,0.567,0.057,0.0,0.0,0.0,0.0,1.0,10.05,0.0,4,0.0,0.0,589376
2025-04-02 21:00:00,00000000270,20250402210000,0.485,0.062,0.0,0.0,0.0,0.0,1.0,12.78,0.0,4,0.0,0.0,589376
2025-04-02 22:00:00,00000000270,20250402220000,0.493,0.014,0.035,0.0,0.0,0.0,1.0,2.84,7.1,4,0.0,0.0,589376
2025-04-02 23:00:00,00000000270,20250402230000,0.942,0.002,0.025,0.0,0.0,0.0,1.0,0.21,2.65,4,0.0,0.0,589376
2025-04-03 00:00:00,00000000270,20250403000000,0.375,0.004,0.045,0.0,0.0,0.0,1.0,1.07,12.0,4,0.0,0.0,589376
2025-04-03 01:00:00,00000000270,20250403010000,0.086,0.0,0.056,0.0,0.0,0.0,1.0,0.0,65.12,4,0.0,0.0,589376
2025-04-03 02:00:00,00000000270,20250403020000,0.083,0.0,0.057,0.0,0.0,0.0,1.0,0.0,68.67,4,0.0,0.0,589376
2025-04-03 03:00:00,00000000270,20250403030000,0.074,0.001,0.058,0.0,0.0,0.0,1.0,1.35,78.38,4,0.0,0.0,589376
2025-04-03 04:00:00,00000000270,20250403040000,0.074,0.0,0.058,0.0,0.0,0.0,1.0,0.0,78.38,4,0.0,0.0,589376
2025-04-03 05:00:00,00000000270,20250403050000,0.191,0.001,0.057,0.0,0.0,0.0,1.0,0.52,29.84,4,0.0,0.0,589376
2025-04-03 06:00:00,00000000270,20250403060000,0.914,0.005,0.023,0.0,0.0,0.0,1.0,0.55,2.52,4,0.0,0.0,589376
2025-04-03 07:00:00,00000000270,20250403070000,0.762,0.001,0.044,0.0,0.0,0.0,1.0,0.13,5.77,4,0.0,0.0,589376
2025-04-03 08:00:00,00000000270,20250403080000,0.74,0.001,0.065,0.0,0.0,0.0,1.0,0.14,8.78,4,0.0,0.0,589376
2025-04-03 09:00:00,00000000270,20250403090000,0.606,0.002,0.046,0.0,0.0,0.0,1.0,0.33,7.59,4,0.0,0.0,589376
2025-04-03 10:00:00,00000000270,20250403100000,0.316,0.007,0.049,0.0,0.0,0.0,1.0,2.22,15.51,4,0.0,0.0,589376
2025-04-03 11:00:00,00000000270,20250403110000,0.114,0.001,0.054,0.0,0.0,0.0,1.0,0.88,47.37,4,0.0,0.0,589376
2025-04-03 12:00:00,00000000270,20250403120000,0.233,0.001,0.058,0.0,0.0,0.0,1.0,0.43,24.89,4,0.0,0.0,589376
2025-04-03 13:00:00,00000000270,20250403130000,0.081,0.0,0.062,0.0,0.0,0.0,1.0,0.0,76.54,4,0.0,0.0,589376
2025-04-03 14:00:00,00000000270,20250403140000,0.08,0.001,0.058,0.0,0.0,0.0,1.0,1.25,72.5,4,0.0,0.0,589376
2025-04-03 15:00:00,00000000270,20250403150000,0.32,0.054,0.013,0.0,0.0,0.0,1.0,16.88,4.06,4,0.0,0.0,589376
2025-04-03 16:00:00,00000000270,20250403160000,0.093,0.008,0.052,0.0,0.0,0.0,1.0,8.6,55.91,4,0.0,0.0,589376
2025-04-03 17:00:00,00000000270,20250403170000,0.086,0.001,0.057,0.0,0.0,0.0,1.0,1.16,66.28,4,0.0,0.0,589376
2025-04-03 18:00:00,00000000270,20250403180000,0.113,0.0,0.057,0.0,0.0,0.0,1.0,0.0,50.44,4,0.0,0.0,589376
2025-04-03 19:00:00,00000000270,20250403190000,0.355,0.105,0.03,0.0,0.0,0.0,1.0,29.58,8.45,4,0.0,0.0,589376
2025-04-03 20:00:00,00000000270,20250403200000,0.313,0.012,0.001,0.0,0.0,0.0,1.0,3.83,0.32,4,0.0,0.0,589376
2025-04-03 21:00:00,00000000270,20250403210000,0.14,0.007,0.019,0.0,0.0,0.0,1.0,5.0,13.57,4,0.0,0.0,589376
2025-04-03 22:00:00,00000000270,20250403220000,0.204,0.001,0.064,0.0,0.0,0.0,1.0,0.49,31.37,4,0.0,0.0,589376
2025-04-03 23:00:00,00000000270,20250403230000,0.132,0.0,0.051,0.0,0.0,0.0,1.0,0.0,38.64,4,0.0,0.0,589376
2025-04-04 00:00:00,00000000270,20250404000000,0.091,0.0,0.056,0.0,0.0,0.0,1.0,0.0,61.54,4,0.0,0.0,589376
2025-04-04 01:00:00,00000000270,20250404010000,0.082,0.001,0.059,0.0,0.0,0.0,1.0,1.22,71.95,4,0.0,0.0,589376
2025-04-04 02:00:00,00000000270,20250404020000,0.081,0.0,0.061,0.0,0.0,0.0,1.0,0.0,75.31,4,0.0,0.0,589376
2025-04-04 03:00:00,00000000270,20250404030000,0.081,0.0,0.061,0.0,0.0,0.0,1.0,0.0,75.31,4,0.0,0.0,589376
2025-04-04 04:00:00,00000000270,20250404040000,0.085,0.001,0.06,0.0,0.0,0.0,1.0,1.18,70.59,4,0.0,0.0,589376
2025-04-04 05:00:00,00000000270,20250404050000,0.086,0.0,0.059,0.0,0.0,0.0,1.0,0.0,68.6,4,0.0,0.0,589376
2025-04-04 06:00:00,00000000270,20250404060000,0.086,0.001,0.059,0.0,0.0,0.0,1.0,1.16,68.6,4,0.0,0.0,589376
2025-04-04 07:00:00,00000000270,20250404070000,0.078,0.001,0.059,0.0,0.0,0.0,1.0,1.28,75.64,4,0.0,0.0,589376
2025-04-04 08:00:00,00000000270,20250404080000,0.494,0.118,0.044,0.0,0.0,0.0,1.0,23.89,8.91,4,0.0,0.0,589376
2025-04-04 09:00:00,00000000270,20250404090000,0.293,0.319,0.019,0.0,0.0,0.0,1.0,108.87,6.48,4,0.0,0.0,589376
2025-04-04 10:00:00,00000000270,20250404100000,0.115,0.003,0.074,0.0,0.0,0.0,1.0,2.61,64.35,4,0.0,0.0,589376
2025-04-04 11:00:00,00000000270,20250404110000,0.127,0.0,0.07,0.0,0.0,0.0,1.0,0.0,55.12,4,0.0,0.0,589376
2025-04-04 12:00:00,00000000270,20250404120000,0.959,0.001,0.037,0.0,0.0,0.0,1.0,0.1,3.86,4,0.0,0.0,589376
2025-04-04 13:00:00,00000000270,20250404130000,1.123,0.001,0.055,0.0,0.0,0.0,1.0,0.09,4.9,4,0.0,0.0,589376
2025-04-04 14:00:00,00000000270,20250404140000,0.135,0.0,0.073,0.0,0.0,0.0,1.0,0.0,54.07,4,0.0,0.0,589376
2025-04-04 15:00:00,00000000270,20250404150000,0.259,0.001,0.074,0.0,0.0,0.0,1.0,0.39,28.57,4,0.0,0.0,589376
2025-04-04 16:00:00,00000000270,20250404160000,0.1,0.0,0.078,0.0,0.0,0.0,1.0,0.0,78.0,4,0.0,0.0,589376
2025-04-04 17:00:00,00000000270,20250404170000,0.512,0.001,0.05,0.0,0.0,0.0,1.0,0.2,9.77,4,0.0,0.0,589376
2025-04-04 18:00:00,00000000270,20250404180000,0.4,0.001,0.07,0.0,0.0,0.0,1.0,0.25,17.5,4,0.0,0.0,589376
2025-04-04 19:00:00,00000000270,20250404190000,0.192,0.013,0.041,0.0,0.0,0.0,1.0,6.77,21.35,4,0.0,0.0,589376
2025-04-04 20:00:00,00000000270,20250404200000,0.741,0.091,0.0,0.0,0.0,0.0,1.0,12.28,0.0,4,0.0,0.0,589376
2025-04-04 21:00:00,00000000270,20250404210000,0.222,0.025,0.028,0.0,0.0,0.0,1.0,11.26,12.61,4,0.0,0.0,589376
2025-04-04 22:00:00,00000000270,20250404220000,0.181,0.008,0.033,0.0,0.0,0.0,1.0,4.42,18.23,4,0.0,0.0,589376
2025-04-04 23:00:00,00000000270,20250404230000,0.103,0.001,0.068,0.0,0.0,0.0,1.0,0.97,66.02,4,0.0,0.0,589376
2025-04-05 00:00:00,00000000270,20250405000000,0.099,0.0,0.053,0.0,0.0,0.0,1.0,0.0,53.54,4,0.0,0.0,589376
2025-04-05 01:00:00,00000000270,20250405010000,0.135,0.001,0.033,0.0,0.0,0.0,1.0,0.74,24.44,4,0.0,0.0,589376
2025-04-05 02:00:00,00000000270,20250405020000,0.136,0.0,0.039,0.0,0.0,0.0,1.0,0.0,28.68,4,0.0,0.0,589376
2025-04-05 03:00:00,00000000270,20250405030000,0.177,0.001,0.067,0.0,0.0,0.0,1.0,0.56,37.85,4,0.0,0.0,589376
2025-04-05 04:00:00,00000000270,20250405040000,0.098,0.0,0.065,0.0,0.0,0.0,1.0,0.0,66.33,4,0.0,0.0,589376
2025-04-05 05:00:00,00000000270,20250405050000,0.131,0.001,0.043,0.0,0.0,0.0,1.0,0.76,32.82,4,0.0,0.0,589376
2025-04-05 06:00:00,00000000270,20250405060000,0.916,0.006,0.009,0.0,0.0,0.0,1.0,0.66,0.98,4,0.0,0.0,589376
2025-04-05 07:00:00,00000000270,20250405070000,0.672,0.002,0.034,0.0,0.0,0.0,1.0,0.3,5.06,4,0.0,0.0,589376
2025-04-05 08:00:00,00000000270,20250405080000,0.094,0.0,0.083,0.0,0.0,0.0,1.0,0.0,88.3,4,0.0,0.0,589376
2025-04-05 09:00:00,00000000270,20250405090000,0.26,0.001,0.086,0.0,0.0,0.0,1.0,0.38,33.08,4,0.0,0.0,589376
2025-04-05 10:00:00,00000000270,20250405100000,0.166,0.0,0.063,0.0,0.0,0.0,1.0,0.0,37.95,4,0.0,0.0,589376
2025-04-05 11:00:00,00000000270,20250405110000,0.42,0.008,0.03,0.0,0.0,0.0,1.0,1.9,7.14,4,0.0,0.0,589376
2025-04-05 12:00:00,00000000270,20250405120000,0.523,0.015,0.067,0.0,0.0,0.0,1.0,2.87,12.81,4,0.0,0.0,589376
2025-04-05 13:00:00,00000000270,20250405130000,1.291,0.239,0.023,0.0,0.0,0.0,1.0,18.51,1.78,4,0.0,0.0,589376
2025-04-05 14:00:00,00000000270,20250405140000,0.093,0.001,0.078,0.0,0.0,0.0,1.0,1.08,83.87,4,0.0,0.0,589376
2025-04-05 15:00:00,00000000270,20250405150000,0.131,0.0,0.049,0.0,0.0,0.0,1.0,0.0,37.4,4,0.0,0.0,589376
2025-04-05 16:00:00,00000000270,20250405160000,0.139,0.001,0.052,0.0,0.0,0.0,1.0,0.72,37.41,4,0.0,0.0,589376
2025-04-05 17:00:00,00000000270,20250405170000,0.134,0.001,0.068,0.0,0.0,0.0,1.0,0.75,50.75,4,0.0,0.0,589376
2025-04-05 18:00:00,00000000270,20250405180000,0.248,0.0,0.078,0.0,0.0,0.0,1.0,0.0,31.45,4,0.0,0.0,589376
2025-04-05 19:00:00,00000000270,20250405190000,0.151,0.001,0.062,0.0,0.0,0.0,1.0,0.66,41.06,4,0.0,0.0,589376
2025-04-05 20:00:00,00000000270,20250405200000,0.339,0.029,0.008,0.0,0.0,0.0,1.0,8.55,2.36,4,0.0,0.0,589376
2025-04-05 21:00:00,00000000270,20250405210000,1.193,0.362,0.007,0.0,0.0,0.0,1.0,30.34,0.59,4,0.0,0.0,589376
2025-04-05 22:00:00,00000000270,20250405220000,0.099,0.0,0.073,0.0,0.0,0.0,1.0,0.0,73.74,4,0.0,0.0,589376
2025-04-05 23:00:00,00000000270,20250405230000,0.104,0.0,0.083,0.0,0.0,0.0,1.0,0.0,79.81,4,0.0,0.0,589376
2025-04-06 00:00:00,00000000270,20250406000000,0.83,0.003,0.026,0.0,0.0,0.0,1.0,0.36,3.13,4,0.0,0.0,589376
2025-04-06 01:00:00,00000000270,20250406010000,0.951,0.0,0.013,0.0,0.0,0.0,1.0,0.0,1.37,4,0.0,0.0,589376
2025-04-06 02:00:00,00000000270,20250406020000,0.871,0.007,0.005,0.0,0.0,0.0,1.0,0.8,0.57,4,0.0,0.0,589376
2025-04-06 03:00:00,00000000270,20250406030000,0.113,0.0,0.044,0.0,0.0,0.0,1.0,0.0,38.94,4,0.0,0.0,589376
2025-04-06 04:00:00,00000000270,20250406040000,0.077,0.001,0.068,0.0,0.0,0.0,1.0,1.3,88.31,4,0.0,0.0,589376
2025-04-06 05:00:00,00000000270,20250406050000,0.077,0.0,0.068,0.0,0.0,0.0,1.0,0.0,88.31,4,0.0,0.0,589376
2025-04-06 06:00:00,00000000270,20250406060000,0.1,0.0,0.056,0.0,0.0,0.0,1.0,0.0,56.0,4,0.0,0.0,589376
2025-04-06 07:00:00,00000000270,20250406070000,0.134,0.001,0.036,0.0,0.0,0.0,1.0,0.75,26.87,4,0.0,0.0,589376
2025-04-06 08:00:00,00000000270,20250406080000,0.472,0.001,0.051,0.0,0.0,0.0,1.0,0.21,10.81,4,0.0,0.0,589376
2025-04-06 09:00:00,00000000270,20250406090000,0.231,0.0,0.089,0.0,0.0,0.0,1.0,0.0,38.53,4,0.0,0.0,589376
2025-04-06 10:00:00,00000000270,20250406100000,0.268,0.001,0.073,0.0,0.0,0.0,1.0,0.37,27.24,4,0.0,0.0,589376
2025-04-06 11:00:00,00000000270,20250406110000,0.795,0.0,0.062,0.0,0.0,0.0,1.0,0.0,7.8,4,0.0,0.0,589376
2025-04-06 12:00:00,00000000270,20250406120000,0.549,0.001,0.053,0.0,0.0,0.0,1.0,0.18,9.65,4,0.0,0.0,589376
2025-04-06 13:00:00,00000000270,20250406130000,0.6,0.0,0.069,0.0,0.0,0.0,1.0,0.0,11.5,4,0.0,0.0,589376
2025-04-06 14:00:00,00000000270,20250406140000,0.114,0.005,0.076,0.0,0.0,0.0,1.0,4.39,66.67,4,0.0,0.0,589376
2025-04-06 15:00:00,00000000270,20250406150000,0.107,0.001,0.083,0.0,0.0,0.0,1.0,0.93,77.57,4,0.0,0.0,589376
2025-04-06 16:00:00,00000000270,20250406160000,0.176,0.0,0.056,0.0,0.0,0.0,1.0,0.0,31.82,4,0.0,0.0,589376
2025-04-06 17:00:00,00000000270,20250406170000,0.213,0.001,0.051,0.0,0.0,0.0,1.0,0.47,23.94,4,0.0,0.0,589376
2025-04-06 18:00:00,00000000270,20250406180000,0.275,0.0,0.058,0.0,0.0,0.0,1.0,0.0,21.09,4,0.0,0.0,589376
2025-04-06 19:00:00,00000000270,20250406190000,0.16,0.0,0.066,0.0,0.0,0.0,1.0,0.0,41.25,4,0.0,0.0,589376
2025-04-06 20:00:00,00000000270,20250406200000,0.181,0.001,0.011,0.0,0.0,0.0,1.0,0.55,6.08,4,0.0,0.0,589376
2025-04-06 21:00:00,00000000270,20250406210000,0.219,0.015,0.003,0.0,0.0,0.0,1.0,6.85,1.37,4,0.0,0.0,589376
2025-04-06 22:00:00,00000000270,20250406220000,0.29,0.005,0.049,0.0,0.0,0.0,1.0,1.72,16.9,4,0.0,0.0,589376
2025-04-06 23:00:00,00000000270,20250406230000,0.444,0.0,0.055,0.0,0.0,0.0,1.0,0.0,12.39,4,0.0,0.0,589376
2025-04-07 00:00:00,00000000270,20250407000000,0.955,0.0,0.031,0.0,0.0,0.0,1.0,0.0,3.25,4,0.0,0.0,589376
2025-04-07 01:00:00,00000000270,20250407010000,0.392,0.001,0.045,0.0,0.0,0.0,1.0,0.26,11.48,4,0.0,0.0,589376
2025-04-07 02:00:00,00000000270,20250407020000,0.134,0.0,0.042,0.0,0.0,0.0,1.0,0.0,31.34,4,0.0,0.0,589376
2025-04-07 03:00:00,00000000270,20250407030000,0.104,0.001,0.05,0.0,0.0,0.0,1.0,0.96,48.08,4,0.0,0.0,589376
2025-04-07 04:00:00,00000000270,20250407040000,0.059,0.0,0.075,0.0,0.0,0.0,1.0,0.0,127.12,4,0.0,0.0,589376
2025-04-07 05:00:00,00000000270,20250407050000,0.07,0.0,0.077,0.0,0.0,0.0,1.0,0.0,110.0,4,0.0,0.0,589376
2025-04-07 06:00:00,00000000270,20250407060000,0.965,0.001,0.037,0.0,0.0,0.0,1.0,0.1,3.83,4,0.0,0.0,589376
2025-04-07 07:00:00,00000000270,20250407070000,0.276,0.0,0.051,0.0,0.0,0.0,1.0,0.0,18.48,4,0.0,0.0,589376
2025-04-07 08:00:00,00000000270,20250407080000,0.105,0.0,0.052,0.0,0.0,0.0,1.0,0.0,49.52,4,0.0,0.0,589376
2025-04-07 09:00:00,00000000270,20250407090000,0.071,0.001,0.063,0.0,0.0,0.0,1.0,1.41,88.73,4,0.0,0.0,589376
2025-04-07 10:00:00,00000000270,20250407100000,0.197,0.016,0.03,0.0,0.0,0.0,1.0,8.12,15.23,4,0.0,0.0,589376
2025-04-07 11:00:00,00000000270,20250407110000,0.151,0.009,0.019,0.0,0.0,0.0,1.0,5.96,12.58,4,0.0,0.0,589376
2025-04-07 12:00:00,00000000270,20250407120000,0.192,0.0,0.033,0.0,0.0,0.0,1.0,0.0,17.19,4,0.0,0.0,589376
2025-04-07 13:00:00,00000000270,20250407130000,0.102,0.0,0.055,0.0,0.0,0.0,1.0,0.0,53.92,4,0.0,0.0,589376
2025-04-07 14:00:00,00000000270,20250407140000,0.055,0.001,0.061,0.0,0.0,0.0,1.0,1.82,110.91,4,0.0,0.0,589376
2025-04-07 15:00:00,00000000270,20250407150000,0.057,0.0,0.061,0.0,0.0,0.0,1.0,0.0,107.02,4,0.0,0.0,589376
2025-04-07 16:00:00,00000000270,20250407160000,0.068,0.0,0.055,0.0,0.0,0.0,1.0,0.0,80.88,4,0.0,0.0,589376
2025-04-07 17:00:00,00000000270,20250407170000,0.702,0.295,0.016,0.0,0.0,0.0,1.0,42.02,2.28,4,0.0,0.0,589376
2025-04-07 18:00:00,00000000270,20250407180000,0.918,0.056,0.043,0.0,0.0,0.0,1.0,6.1,4.68,4,0.0,0.0,589376
2025-04-07 19:00:00,00000000270,20250407190000,1.585,0.276,0.013,0.0,0.0,0.0,1.0,17.41,0.82,4,0.0,0.0,589376
2025-04-07 20:00:00,00000000270,20250407200000,1.116,0.05,0.007,0.0,0.0,0.0,1.0,4.48,0.63,4,0.0,0.0,589376
2025-04-07 21:00:00,00000000270,20250407210000,1.063,0.003,0.026,0.0,0.0,0.0,1.0,0.28,2.45,4,0.0,0.0,589376
2025-04-07 22:00:00,00000000270,20250407220000,1.058,0.001,0.038,0.0,0.0,0.0,1.0,0.09,3.59,4,0.0,0.0,589376
2025-04-07 23:00:00,00000000270,20250407230000,1.053,0.0,0.043,0.0,0.0,0.0,1.0,0.0,4.08,4,0.0,0.0,589376
2025-04-08 00:00:00,00000000270,20250408000000,1.037,0.011,0.004,0.0,0.0,0.0,1.0,1.06,0.39,4,0.0,0.0,589376
2025-04-08 01:00:00,00000000270,20250408010000,1.028,0.005,0.006,0.0,0.0,0.0,1.0,0.49,0.58,4,0.0,0.0,589376
2025-04-08 02:00:00,00000000270,20250408020000,0.952,0.001,0.02,0.0,0.0,0.0,1.0,0.11,2.1,4,0.0,0.0,589376
2025-04-08 03:00:00,00000000270,20250408030000,0.962,0.0,0.032,0.0,0.0,0.0,1.0,0.0,3.33,4,0.0,0.0,589376
2025-04-08 04:00:00,00000000270,20250408040000,0.958,0.002,0.019,0.0,0.0,0.0,1.0,0.21,1.98,4,0.0,0.0,589376
2025-04-08 05:00:00,00000000270,20250408050000,1.005,0.004,0.005,0.0,0.0,0.0,1.0,0.4,0.5,4,0.0,0.0,589376
2025-04-08 06:00:00,00000000270,20250408060000,0.894,0.007,0.01,0.0,0.0,0.0,1.0,0.78,1.12,4,0.0,0.0,589376
2025-04-08 07:00:00,00000000270,20250408070000,0.213,0.001,0.059,0.0,0.0,0.0,1.0,0.47,27.7,4,0.0,0.0,589376
2025-04-08 08:00:00,00000000270,20250408080000,0.055,0.0,0.062,0.0,0.0,0.0,1.0,0.0,112.73,4,0.0,0.0,589376
2025-04-08 09:00:00,00000000270,20250408090000,0.061,0.0,0.062,0.0,0.0,0.0,1.0,0.0,101.64,4,0.0,0.0,589376
2025-04-08 10:00:00,00000000270,20250408100000,0.131,0.001,0.046,0.0,0.0,0.0,1.0,0.76,35.11,4,0.0,0.0,589376
2025-04-08 11:00:00,00000000270,20250408110000,0.125,0.0,0.052,0.0,0.0,0.0,1.0,0.0,41.6,4,0.0,0.0,589376
2025-04-08 12:00:00,00000000270,20250408120000,0.069,0.001,0.064,0.0,0.0,0.0,1.0,1.45,92.75,4,0.0,0.0,589376
2025-04-08 13:00:00,00000000270,20250408130000,0.06,0.0,0.063,0.0,0.0,0.0,1.0,0.0,105.0,4,0.0,0.0,589376
2025-04-08 14:00:00,00000000270,20250408140000,0.06,0.0,0.064,0.0,0.0,0.0,1.0,0.0,106.67,4,0.0,0.0,589376
2025-04-08 15:00:00,00000000270,20250408150000,0.111,0.001,0.036,0.0,0.0,0.0,1.0,0.9,32.43,4,0.0,0.0,589376
2025-04-08 16:00:00,00000000270,20250408160000,0.116,0.001,0.052,0.0,0.0,0.0,1.0,0.86,44.83,4,0.0,0.0,589376
2025-04-08 17:00:00,00000000270,20250408170000,0.109,0.0,0.071,0.0,0.0,0.0,1.0,0.0,65.14,4,0.0,0.0,589376
2025-04-08 18:00:00,00000000270,20250408180000,0.125,0.001,0.085,0.0,0.0,0.0,1.0,0.8,68.0,4,0.0,0.0,589376
2025-04-08 19:00:00,00000000270,20250408190000,0.411,0.003,0.051,0.0,0.0,0.0,1.0,0.73,12.41,4,0.0,0.0,589376
2025-04-08 20:00:00,00000000270,20250408200000,1.07,0.014,0.004,0.0,0.0,0.0,1.0,1.31,0.37,4,0.0,0.0,589376
2025-04-08 21:00:00,00000000270,20250408210000,1.079,0.01,0.006,0.0,0.0,0.0,1.0,0.93,0.56,4,0.0,0.0,589376
2025-04-08 22:00:00,00000000270,20250408220000,1.086,0.002,0.026,0.0,0.0,0.0,1.0,0.18,2.39,4,0.0,0.0,589376
2025-04-08 23:00:00,00000000270,20250408230000,1.147,0.0,0.057,0.0,0.0,0.0,1.0,0.0,4.97,4,0.0,0.0,589376
2025-04-09 00:00:00,00000000270,20250409000000,1.873,0.191,0.019,0.0,0.0,0.0,1.0,10.2,1.01,4,0.0,0.0,589376
2025-04-09 01:00:00,00000000270,20250409010000,1.066,0.035,0.014,0.0,0.0,0.0,1.0,3.28,1.31,4,0.0,0.0,589376
2025-04-09 02:00:00,00000000270,20250409020000,0.981,0.003,0.007,0.0,0.0,0.0,1.0,0.31,0.71,4,0.0,0.0,589376
2025-04-09 03:00:00,00000000270,20250409030000,0.905,0.006,0.002,0.0,0.0,0.0,1.0,0.66,0.22,4,0.0,0.0,589376
2025-04-09 04:00:00,00000000270,20250409040000,0.856,0.006,0.011,0.0,0.0,0.0,1.0,0.7,1.29,4,0.0,0.0,589376
2025-04-09 05:00:00,00000000270,20250409050000,0.837,0.0,0.024,0.0,0.0,0.0,1.0,0.0,2.87,4,0.0,0.0,589376
2025-04-09 06:00:00,00000000270,20250409060000,0.851,0.001,0.023,0.0,0.0,0.0,1.0,0.12,2.7,4,0.0,0.0,589376
2025-04-09 07:00:00,00000000270,20250409070000,0.181,0.0,0.038,0.0,0.0,0.0,1.0,0.0,20.99,4,0.0,0.0,589376
2025-04-09 08:00:00,00000000270,20250409080000,0.105,0.001,0.042,0.0,0.0,0.0,1.0,0.95,40.0,4,0.0,0.0,589376
2025-04-09 09:00:00,00000000270,20250409090000,0.083,0.0,0.068,0.0,0.0,0.0,1.0,0.0,81.93,4,0.0,0.0,589376
2025-04-09 10:00:00,00000000270,20250409100000,0.099,0.0,0.067,0.0,0.0,0.0,1.0,0.0,67.68,4,0.0,0.0,589376
2025-04-09 11:00:00,00000000270,20250409110000,0.077,0.001,0.062,0.0,0.0,0.0,1.0,1.3,80.52,4,0.0,0.0,589376
2025-04-09 12:00:00,00000000270,20250409120000,0.109,0.0,0.038,0.0,0.0,0.0,1.0,0.0,34.86,4,0.0,0.0,589376
2025-04-09 13:00:00,00000000270,20250409130000,0.116,0.0,0.05,0.0,0.0,0.0,1.0,0.0,43.1,4,0.0,0.0,589376
2025-04-09 14:00:00,00000000270,20250409140000,0.086,0.001,0.07,0.0,0.0,0.0,1.0,1.16,81.4,4,0.0,0.0,589376
2025-04-09 15:00:00,00000000270,20250409150000,0.098,0.0,0.069,0.0,0.0,0.0,1.0,0.0,70.41,4,0.0,0.0,589376
2025-04-09 16:00:00,00000000270,20250409160000,0.117,0.0,0.061,0.0,0.0,0.0,1.0,0.0,52.14,4,0.0,0.0,589376
2025-04-09 17:00:00,00000000270,20250409170000,0.156,0.001,0.04,0.0,0.0,0.0,1.0,0.64,25.64,4,0.0,0.0,589376
2025-04-09 18:00:00,00000000270,20250409180000,0.218,0.0,0.069,0.0,0.0,0.0,1.0,0.0,31.65,4,0.0,0.0,589376
2025-04-09 19:00:00,00000000270,20250409190000,0.726,0.001,0.053,0.0,0.0,0.0,1.0,0.14,7.3,4,0.0,0.0,589376
2025-04-09 20:00:00,00000000270,20250409200000,1.109,0.048,0.002,0.0,0.0,0.0,1.0,4.33,0.18,4,0.0,0.0,589376
2025-04-09 21:00:00,00000000270,20250409210000,1.038,0.03,0.002,0.0,0.0,0.0,1.0,2.89,0.19,4,0.0,0.0,589376
2025-04-09 22:00:00,00000000270,20250409220000,0.915,0.0,0.03,0.0,0.0,0.0,1.0,0.0,3.28,4,0.0,0.0,589376
2025-04-09 23:00:00,00000000270,20250409230000,0.87,0.001,0.024,0.0,0.0,0.0,1.0,0.11,2.76,4,0.0,0.0,589376
2025-04-10 00:00:00,00000000270,20250410000000,0.554,0.004,0.023,0.0,0.0,0.0,1.0,0.72,4.15,4,0.0,0.0,589376
2025-04-10 01:00:00,00000000270,20250410010000,0.099,0.0,0.036,0.0,0.0,0.0,1.0,0.0,36.36,4,0.0,0.0,589376
2025-04-10 02:00:00,00000000270,20250410020000,0.047,0.001,0.066,0.0,0.0,0.0,1.0,2.13,140.43,4,0.0,0.0,589376
2025-04-10 03:00:00,00000000270,20250410030000,0.054,0.0,0.066,0.0,0.0,0.0,1.0,0.0,122.22,4,0.0,0.0,589376
2025-04-10 04:00:00,00000000270,20250410040000,0.068,0.0,0.06,0.0,0.0,0.0,1.0,0.0,88.24,4,0.0,0.0,589376
2025-04-10 05:00:00,00000000270,20250410050000,0.108,0.001,0.036,0.0,0.0,0.0,1.0,0.93,33.33,4,0.0,0.0,589376
2025-04-10 06:00:00,00000000270,20250410060000,0.059,0.0,0.066,0.0,0.0,0.0,1.0,0.0,111.86,4,0.0,0.0,589376
2025-04-10 07:00:00,00000000270,20250410070000,0.075,0.001,0.068,0.0,0.0,0.0,1.0,1.33,90.67,4,0.0,0.0,589376
2025-04-10 08:00:00,00000000270,20250410080000,0.054,0.0,0.066,0.0,0.0,0.0,1.0,0.0,122.22,4,0.0,0.0,589376
2025-04-10 09:00:00,00000000270,20250410090000,0.097,0.0,0.037,0.0,0.0,0.0,1.0,0.0,38.14,4,0.0,0.0,589376
2025-04-10 10:00:00,00000000270,20250410100000,0.106,0.001,0.067,0.0,0.0,0.0,1.0,0.94,63.21,4,0.0,0.0,589376
2025-04-10 11:00:00,00000000270,20250410110000,0.104,0.0,0.072,0.0,0.0,0.0,1.0,0.0,69.23,4,0.0,0.0,589376
2025-04-10 12:00:00,00000000270,20250410120000,0.169,0.0,0.069,0.0,0.0,0.0,1.0,0.0,40.83,4,0.0,0.0,589376
2025-04-10 13:00:00,00000000270,20250410130000,0.134,0.001,0.038,0.0,0.0,0.0,1.0,0.75,28.36,4,0.0,0.0,589376
2025-04-10 14:00:00,00000000270,20250410140000,0.105,0.0,0.055,0.0,0.0,0.0,1.0,0.0,52.38,4,0.0,0.0,589376
2025-04-10 15:00:00,00000000270,20250410150000,0.06,0.001,0.065,0.0,0.0,0.0,1.0,1.67,108.33,4,0.0,0.0,589376
2025-04-10 16:00:00,00000000270,20250410160000,0.054,0.0,0.065,0.0,0.0,0.0,1.0,0.0,120.37,4,0.0,0.0,589376
2025-04-10 17:00:00,00000000270,20250410170000,0.353,0.0,0.048,0.0,0.0,0.0,1.0,0.0,13.6,4,0.0,0.0,589376
2025-04-10 18:00:00,00000000270,20250410180000,0.194,0.001,0.05,0.0,0.0,0.0,1.0,0.52,25.77,4,0.0,0.0,589376
2025-04-10 19:00:00,00000000270,20250410190000,1.187,0.0,0.032,0.0,0.0,0.0,1.0,0.0,2.7,4,0.0,0.0,589376
2025-04-10 20:00:00,00000000270,20250410200000,0.979,0.003,0.015,0.0,0.0,0.0,1.0,0.31,1.53,4,0.0,0.0,589376
2025-04-10 21:00:00,00000000270,20250410210000,0.968,0.007,0.01,0.0,0.0,0.0,1.0,0.72,1.03,4,0.0,0.0,589376
2025-04-10 22:00:00,00000000270,20250410220000,0.941,0.008,0.006,0.0,0.0,0.0,1.0,0.85,0.64,4,0.0,0.0,589376
2025-04-10 23:00:00,00000000270,20250410230000,1.59,0.008,0.009,0.0,0.0,0.0,1.0,0.5,0.57,4,0.0,0.0,589376
2025-04-11 00:00:00,00000000270,20250411000000,0.796,0.002,0.011,0.0,0.0,0.0,1.0,0.25,1.38,4,0.0,0.0,589376
2025-04-11 01:00:00,00000000270,20250411010000,0.825,0.004,0.008,0.0,0.0,0.0,1.0,0.48,0.97,4,0.0,0.0,589376
2025-04-11 02:00:00,00000000270,20250411020000,0.866,0.014,0.0,0.0,0.0,0.0,1.0,1.62,0.0,4,0.0,0.0,589376
2025-04-11 03:00:00,00000000270,20250411030000,0.85,0.016,0.001,0.0,0.0,0.0,1.0,1.88,0.12,4,0.0,0.0,589376
2025-04-11 04:00:00,00000000270,20250411040000,0.781,0.001,0.013,0.0,0.0,0.0,1.0,0.13,1.66,4,0.0,0.0,589376
2025-04-11 05:00:00,00000000270,20250411050000,0.836,0.0,0.02,0.0,0.0,0.0,1.0,0.0,2.39,4,0.0,0.0,589376
2025-04-11 06:00:00,00000000270,20250411060000,0.851,0.009,0.008,0.0,0.0,0.0,1.0,1.06,0.94,4,0.0,0.0,589376
2025-04-11 07:00:00,00000000270,20250411070000,0.288,0.001,0.034,0.0,0.0,0.0,1.0,0.35,11.81,4,0.0,0.0,589376
2025-04-11 08:00:00,00000000270,20250411080000,0.079,0.0,0.06,0.0,0.0,0.0,1.0,0.0,75.95,4,0.0,0.0,589376
2025-04-11 09:00:00,00000000270,20250411090000,0.085,0.0,0.065,0.0,0.0,0.0,1.0,0.0,76.47,4,0.0,0.0,589376
2025-04-11 10:00:00,00000000270,20250411100000,0.103,0.001,0.069,0.0,0.0,0.0,1.0,0.97,66.99,4,0.0,0.0,589376
2025-04-11 11:00:00,00000000270,20250411110000,0.109,0.0,0.034,0.0,0.0,0.0,1.0,0.0,31.19,4,0.0,0.0,589376
2025-04-11 12:00:00,00000000270,20250411120000,0.099,0.0,0.058,0.0,0.0,0.0,1.0,0.0,58.59,4,0.0,0.0,589376
2025-04-11 13:00:00,00000000270,20250411130000,0.046,0.001,0.066,0.0,0.0,0.0,1.0,2.17,143.48,4,0.0,0.0,589376
2025-04-11 14:00:00,00000000270,20250411140000,0.064,0.0,0.059,0.0,0.0,0.0,1.0,0.0,92.19,4,0.0,0.0,589376
2025-04-11 15:00:00,00000000270,20250411150000,0.116,0.0,0.033,0.0,0.0,0.0,1.0,0.0,28.45,4,0.0,0.0,589376
2025-04-11 16:00:00,00000000270,20250411160000,0.232,0.001,0.062,0.0,0.0,0.0,1.0,0.43,26.72,4,0.0,0.0,589376
2025-04-11 17:00:00,00000000270,20250411170000,0.128,0.071,0.058,0.0,0.0,0.0,1.0,55.47,45.31,4,0.0,0.0,589376
2025-04-11 18:00:00,00000000270,20250411180000,0.202,0.153,0.02,0.0,0.0,0.0,1.0,75.74,9.9,4,0.0,0.0,589376
2025-04-11 19:00:00,00000000270,20250411190000,1.349,0.002,0.025,0.0,0.0,0.0,1.0,0.15,1.85,4,0.0,0.0,589376
2025-04-11 20:00:00,00000000270,20250411200000,1.031,0.001,0.028,0.0,0.0,0.0,1.0,0.1,2.72,4,0.0,0.0,589376
2025-04-11 21:00:00,00000000270,20250411210000,0.972,0.007,0.007,0.0,0.0,0.0,1.0,0.72,0.72,4,0.0,0.0,589376
2025-04-11 22:00:00,00000000270,20250411220000,0.947,0.009,0.003,0.0,0.0,0.0,1.0,0.95,0.32,4,0.0,0.0,589376
2025-04-11 23:00:00,00000000270,20250411230000,0.902,0.007,0.003,0.0,0.0,0.0,1.0,0.78,0.33,4,0.0,0.0,589376
2025-04-12 00:00:00,00000000270,20250412000000,0.844,0.003,0.015,0.0,0.0,0.0,1.0,0.36,1.78,4,0.0,0.0,589376
2025-04-12 01:00:00,00000000270,20250412010000,0.84,0.0,0.02,0.0,0.0,0.0,1.0,0.0,2.38,4,0.0,0.0,589376
2025-04-12 02:00:00,00000000270,20250412020000,0.842,0.004,0.006,0.0,0.0,0.0,1.0,0.48,0.71,4,0.0,0.0,589376
2025-04-12 03:00:00,00000000270,20250412030000,0.898,0.009,0.001,0.0,0.0,0.0,1.0,1.0,0.11,4,0.0,0.0,589376
2025-04-12 04:00:00,00000000270,20250412040000,0.856,0.021,0.002,0.0,0.0,0.0,1.0,2.45,0.23,4,0.0,0.0,589376
2025-04-12 05:00:00,00000000270,20250412050000,0.769,0.001,0.01,0.0,0.0,0.0,1.0,0.13,1.3,4,0.0,0.0,589376
2025-04-12 06:00:00,00000000270,20250412060000,0.755,0.001,0.012,0.0,0.0,0.0,1.0,0.13,1.59,4,0.0,0.0,589376
2025-04-12 07:00:00,00000000270,20250412070000,0.277,0.004,0.042,0.0,0.0,0.0,1.0,1.44,15.16,4,0.0,0.0,589376
2025-04-12 08:00:00,00000000270,20250412080000,0.144,0.0,0.053,0.0,0.0,0.0,1.0,0.0,36.81,4,0.0,0.0,589376
2025-04-12 09:00:00,00000000270,20250412090000,0.147,0.0,0.051,0.0,0.0,0.0,1.0,0.0,34.69,4,0.0,0.0,589376
2025-04-12 10:00:00,00000000270,20250412100000,0.115,0.034,0.065,0.0,0.0,0.0,1.0,29.57,56.52,4,0.0,0.0,589376
2025-04-12 11:00:00,00000000270,20250412110000,0.295,0.169,0.031,0.0,0.0,0.0,1.0,57.29,10.51,4,0.0,0.0,589376
2025-04-12 12:00:00,00000000270,20250412120000,0.871,0.002,0.009,0.0,0.0,0.0,1.0,0.23,1.03,4,0.0,0.0,589376
2025-04-12 13:00:00,00000000270,20250412130000,0.279,0.001,0.042,0.0,0.0,0.0,1.0,0.36,15.05,4,0.0,0.0,589376
2025-04-12 14:00:00,00000000270,20250412140000,0.11,0.0,0.07,0.0,0.0,0.0,1.0,0.0,63.64,4,0.0,0.0,589376
2025-04-12 15:00:00,00000000270,20250412150000,0.089,0.0,0.075,0.0,0.0,0.0,1.0,0.0,84.27,4,0.0,0.0,589376
2025-04-12 16:00:00,00000000270,20250412160000,0.082,0.001,0.074,0.0,0.0,0.0,1.0,1.22,90.24,4,0.0,0.0,589376
2025-04-12 17:00:00,00000000270,20250412170000,0.127,0.0,0.047,0.0,0.0,0.0,1.0,0.0,37.01,4,0.0,0.0,589376
2025-04-12 18:00:00,00000000270,20250412180000,0.342,0.004,0.035,0.0,0.0,0.0,1.0,1.17,10.23,4,0.0,0.0,589376
2025-04-12 19:00:00,00000000270,20250412190000,0.916,0.001,0.023,0.0,0.0,0.0,1.0,0.11,2.51,4,0.0,0.0,589376
2025-04-12 20:00:00,00000000270,20250412200000,1.673,0.005,0.004,0.0,0.0,0.0,1.0,0.3,0.24,4,0.0,0.0,589376
2025-04-12 21:00:00,00000000270,20250412210000,0.881,0.005,0.004,0.0,0.0,0.0,1.0,0.57,0.45,4,0.0,0.0,589376
2025-04-12 22:00:00,00000000270,20250412220000,0.482,0.002,0.034,0.0,0.0,0.0,1.0,0.41,7.05,4,0.0,0.0,589376
2025-04-12 23:00:00,00000000270,20250412230000,0.097,0.0,0.056,0.0,0.0,0.0,1.0,0.0,57.73,4,0.0,0.0,589376
2025-04-13 00:00:00,00000000270,20250413000000,0.065,0.001,0.059,0.0,0.0,0.0,1.0,1.54,90.77,4,0.0,0.0,589376
2025-04-13 01:00:00,00000000270,20250413010000,0.107,0.0,0.032,0.0,0.0,0.0,1.0,0.0,29.91,4,0.0,0.0,589376
2025-04-13 02:00:00,00000000270,20250413020000,0.086,0.0,0.046,0.0,0.0,0.0,1.0,0.0,53.49,4,0.0,0.0,589376
2025-04-13 03:00:00,00000000270,20250413030000,0.058,0.001,0.063,0.0,0.0,0.0,1.0,1.72,108.62,4,0.0,0.0,589376
2025-04-13 04:00:00,00000000270,20250413040000,0.047,0.0,0.065,0.0,0.0,0.0,1.0,0.0,138.3,4,0.0,0.0,589376
2025-04-13 05:00:00,00000000270,20250413050000,0.08,0.0,0.047,0.0,0.0,0.0,1.0,0.0,58.75,4,0.0,0.0,589376
2025-04-13 06:00:00,00000000270,20250413060000,0.091,0.001,0.045,0.0,0.0,0.0,1.0,1.1,49.45,4,0.0,0.0,589376
2025-04-13 07:00:00,00000000270,20250413070000,0.056,0.0,0.066,0.0,0.0,0.0,1.0,0.0,117.86,4,0.0,0.0,589376
2025-04-13 08:00:00,00000000270,20250413080000,0.09,0.0,0.062,0.0,0.0,0.0,1.0,0.0,68.89,4,0.0,0.0,589376
2025-04-13 09:00:00,00000000270,20250413090000,1.031,0.001,0.035,0.0,0.0,0.0,1.0,0.1,3.39,4,0.0,0.0,589376
2025-04-13 10:00:00,00000000270,20250413100000,0.103,0.002,0.036,0.0,0.0,0.0,1.0,1.94,34.95,4,0.0,0.0,589376
2025-04-13 11:00:00,00000000270,20250413110000,0.061,0.0,0.056,0.0,0.0,0.0,1.0,0.0,91.8,4,0.0,0.0,589376
2025-04-13 12:00:00,00000000270,20250413120000,0.081,0.003,0.049,0.0,0.0,0.0,1.0,3.7,60.49,4,0.0,0.0,589376
2025-04-13 13:00:00,00000000270,20250413130000,0.124,0.0,0.038,0.0,0.0,0.0,1.0,0.0,30.65,4,0.0,0.0,589376
2025-04-13 14:00:00,00000000270,20250413140000,0.087,0.001,0.058,0.0,0.0,0.0,1.0,1.15,66.67,4,0.0,0.0,589376
2025-04-13 15:00:00,00000000270,20250413150000,0.07,0.0,0.068,0.0,0.0,0.0,1.0,0.0,97.14,4,0.0,0.0,589376
2025-04-13 16:00:00,00000000270,20250413160000,0.074,0.0,0.066,0.0,0.0,0.0,1.0,0.0,89.19,4,0.0,0.0,589376
2025-04-13 17:00:00,00000000270,20250413170000,0.319,0.001,0.037,0.0,0.0,0.0,1.0,0.31,11.6,4,0.0,0.0,589376
2025-04-13 18:00:00,00000000270,20250413180000,0.475,0.0,0.047,0.0,0.0,0.0,1.0,0.0,9.89,4,0.0,0.0,589376
2025-04-13 19:00:00,00000000270,20250413190000,0.111,0.0,0.072,0.0,0.0,0.0,1.0,0.0,64.86,4,0.0,0.0,589376
2025-04-13 20:00:00,00000000270,20250413200000,0.165,0.0,0.043,0.0,0.0,0.0,1.0,0.0,26.06,4,0.0,0.0,589376
2025-04-13 21:00:00,00000000270,20250413210000,0.126,0.001,0.036,0.0,0.0,0.0,1.0,0.79,28.57,4,0.0,0.0,589376
2025-04-13 22:00:00,00000000270,20250413220000,0.094,0.0,0.043,0.0,0.0,0.0,1.0,0.0,45.74,4,0.0,0.0,589376
2025-04-13 23:00:00,00000000270,20250413230000,0.245,0.001,0.057,0.0,0.0,0.0,1.0,0.41,23.27,4,0.0,0.0,589376
2025-04-14 00:00:00,00000000270,20250414000000,1.007,0.001,0.024,0.0,0.0,0.0,1.0,0.1,2.38,4,0.0,0.0,589376
2025-04-14 01:00:00,00000000270,20250414010000,0.391,0.0,0.029,0.0,0.0,0.0,1.0,0.0,7.42,4,0.0,0.0,589376
2025-04-14 02:00:00,00000000270,20250414020000,0.091,0.001,0.036,0.0,0.0,0.0,1.0,1.1,39.56,4,0.0,0.0,589376
2025-04-14 03:00:00,00000000270,20250414030000,0.066,0.0,0.055,0.0,0.0,0.0,1.0,0.0,83.33,4,0.0,0.0,589376
2025-04-14 04:00:00,00000000270,20250414040000,0.068,0.008,0.063,0.0,0.0,0.0,1.0,11.76,92.65,4,0.0,0.0,589376
2025-04-14 05:00:00,00000000270,20250414050000,0.323,0.0,0.058,0.0,0.0,0.0,1.0,0.0,17.96,4,0.0,0.0,589376
2025-04-14 06:00:00,00000000270,20250414060000,1.06,0.001,0.03,0.0,0.0,0.0,1.0,0.09,2.83,4,0.0,0.0,589376
2025-04-14 07:00:00,00000000270,20250414070000,0.321,0.0,0.034,0.0,0.0,0.0,1.0,0.0,10.59,4,0.0,0.0,589376
2025-04-14 08:00:00,00000000270,20250414080000,0.066,0.0,0.064,0.0,0.0,0.0,1.0,0.0,96.97,4,0.0,0.0,589376
2025-04-14 09:00:00,00000000270,20250414090000,0.087,0.001,0.066,0.0,0.0,0.0,1.0,1.15,75.86,4,0.0,0.0,589376
2025-04-14 10:00:00,00000000270,20250414100000,0.068,0.0,0.063,0.0,0.0,0.0,1.0,0.0,92.65,4,0.0,0.0,589376
2025-04-14 11:00:00,00000000270,20250414110000,0.116,0.0,0.044,0.0,0.0,0.0,1.0,0.0,37.93,4,0.0,0.0,589376
2025-04-14 12:00:00,00000000270,20250414120000,0.107,0.001,0.046,0.0,0.0,0.0,1.0,0.93,42.99,4,0.0,0.0,589376
2025-04-14 13:00:00,00000000270,20250414130000,0.045,0.0,0.065,0.0,0.0,0.0,1.0,0.0,144.44,4,0.0,0.0,589376
2025-04-14 14:00:00,00000000270,20250414140000,0.143,0.0,0.063,0.0,0.0,0.0,1.0,0.0,44.06,4,0.0,0.0,589376
2025-04-14 15:00:00,00000000270,20250414150000,0.097,0.001,0.049,0.0,0.0,0.0,1.0,1.03,50.52,4,0.0,0.0,589376
2025-04-14 16:00:00,00000000270,20250414160000,0.111,0.0,0.033,0.0,0.0,0.0,1.0,0.0,29.73,4,0.0,0.0,589376
2025-04-14 17:00:00,00000000270,20250414170000,0.059,0.001,0.063,0.0,0.0,0.0,1.0,1.69,106.78,4,0.0,0.0,589376
2025-04-14 18:00:00,00000000270,20250414180000,0.058,0.0,0.064,0.0,0.0,0.0,1.0,0.0,110.34,4,0.0,0.0,589376
2025-04-14 19:00:00,00000000270,20250414190000,0.55,0.003,0.039,0.0,0.0,0.0,1.0,0.55,7.09,4,0.0,0.0,589376
2025-04-14 20:00:00,00000000270,20250414200000,1.026,0.073,0.0,0.0,0.0,0.0,1.0,7.12,0.0,4,0.0,0.0,589376
2025-04-14 21:00:00,00000000270,20250414210000,0.958,0.046,0.0,0.0,0.0,0.0,1.0,4.8,0.0,4,0.0,0.0,589376
2025-04-14 22:00:00,00000000270,20250414220000,0.124,0.0,0.072,0.0,0.0,0.0,1.0,0.0,58.06,4,0.0,0.0,589376
2025-04-14 23:00:00,00000000270,20250414230000,0.077,0.0,0.075,0.0,0.0,0.0,1.0,0.0,97.4,4,0.0,0.0,589376
2025-04-15 00:00:00,00000000270,20250415000000,0.09,0.001,0.046,0.0,0.0,0.0,1.0,1.11,51.11,4,0.0,0.0,589376
2025-04-15 01:00:00,00000000270,20250415010000,0.106,0.0,0.034,0.0,0.0,0.0,1.0,0.0,32.08,4,0.0,0.0,589376
2025-04-15 02:00:00,00000000270,20250415020000,0.061,0.0,0.064,0.0,0.0,0.0,1.0,0.0,104.92,4,0.0,0.0,589376
2025-04-15 03:00:00,00000000270,20250415030000,0.054,0.001,0.066,0.0,0.0,0.0,1.0,1.85,122.22,4,0.0,0.0,589376
2025-04-15 04:00:00,00000000270,20250415040000,0.072,0.0,0.056,0.0,0.0,0.0,1.0,0.0,77.78,4,0.0,0.0,589376
2025-04-15 05:00:00,00000000270,20250415050000,0.387,0.003,0.026,0.0,0.0,0.0,1.0,0.78,6.72,4,0.0,0.0,589376
2025-04-15 06:00:00,00000000270,20250415060000,0.808,0.006,0.026,0.0,0.0,0.0,1.0,0.74,3.22,4,0.0,0.0,589376
2025-04-15 07:00:00,00000000270,20250415070000,0.066,0.0,0.068,0.0,0.0,0.0,1.0,0.0,103.03,4,0.0,0.0,589376
2025-04-15 08:00:00,00000000270,20250415080000,0.058,0.001,0.062,0.0,0.0,0.0,1.0,1.72,106.9,4,0.0,0.0,589376
2025-04-15 09:00:00,00000000270,20250415090000,0.196,0.0,0.032,0.0,0.0,0.0,1.0,0.0,16.33,4,0.0,0.0,589376
2025-04-15 10:00:00,00000000270,20250415100000,0.074,0.001,0.055,0.0,0.0,0.0,1.0,1.35,74.32,4,0.0,0.0,589376
2025-04-15 11:00:00,00000000270,20250415110000,0.059,0.0,0.06,0.0,0.0,0.0,1.0,0.0,101.69,4,0.0,0.0,589376
2025-04-15 12:00:00,00000000270,20250415120000,0.096,0.0,0.067,0.0,0.0,0.0,1.0,0.0,69.79,4,0.0,0.0,589376
2025-04-15 13:00:00,00000000270,20250415130000,0.146,0.001,0.038,0.0,0.0,0.0,1.0,0.68,26.03,4,0.0,0.0,589376
2025-04-15 14:00:00,00000000270,20250415140000,0.103,0.0,0.052,0.0,0.0,0.0,1.0,0.0,50.49,4,0.0,0.0,589376
2025-04-15 15:00:00,00000000270,20250415150000,0.103,0.0,0.07,0.0,0.0,0.0,1.0,0.0,67.96,4,0.0,0.0,589376
2025-04-15 16:00:00,00000000270,20250415160000,0.387,0.001,0.069,0.0,0.0,0.0,1.0,0.26,17.83,4,0.0,0.0,589376
2025-04-15 17:00:00,00000000270,20250415170000,0.612,0.0,0.046,0.0,0.0,0.0,1.0,0.0,7.52,4,0.0,0.0,589376
2025-04-15 18:00:00,00000000270,20250415180000,0.262,0.0,0.072,0.0,0.0,0.0,1.0,0.0,27.48,4,0.0,0.0,589376
2025-04-15 19:00:00,00000000270,20250415190000,0.102,0.001,0.078,0.0,0.0,0.0,1.0,0.98,76.47,4,0.0,0.0,589376
2025-04-15 20:00:00,00000000270,20250415200000,0.912,0.009,0.028,0.0,0.0,0.0,1.0,0.99,3.07,4,0.0,0.0,589376
2025-04-15 21:00:00,00000000270,20250415210000,1.691,0.012,0.003,0.0,0.0,0.0,1.0,0.71,0.18,4,0.0,0.0,589376
2025-04-15 22:00:00,00000000270,20250415220000,0.954,0.008,0.001,0.0,0.0,0.0,1.0,0.84,0.1,4,0.0,0.0,589376
2025-04-15 23:00:00,00000000270,20250415230000,0.926,0.004,0.012,0.0,0.0,0.0,1.0,0.43,1.3,4,0.0,0.0,589376
2025-04-16 00:00:00,00000000270,20250416000000,0.131,0.0,0.063,0.0,0.0,0.0,1.0,0.0,48.09,4,0.0,0.0,589376
2025-04-16 01:00:00,00000000270,20250416010000,0.065,0.001,0.064,0.0,0.0,0.0,1.0,1.54,98.46,4,0.0,0.0,589376
2025-04-16 02:00:00,00000000270,20250416020000,0.096,0.0,0.05,0.0,0.0,0.0,1.0,0.0,52.08,4,0.0,0.0,589376
2025-04-16 03:00:00,00000000270,20250416030000,0.167,0.0,0.034,0.0,0.0,0.0,1.0,0.0,20.36,4,0.0,0.0,589376
2025-04-16 04:00:00,00000000270,20250416040000,0.131,0.001,0.06,0.0,0.0,0.0,1.0,0.76,45.8,4,0.0,0.0,589376
2025-04-16 05:00:00,00000000270,20250416050000,0.08,0.0,0.068,0.0,0.0,0.0,1.0,0.0,85.0,4,0.0,0.0,589376
2025-04-16 06:00:00,00000000270,20250416060000,0.103,0.001,0.062,0.0,0.0,0.0,1.0,0.97,60.19,4,0.0,0.0,589376
2025-04-16 07:00:00,00000000270,20250416070000,0.118,0.0,0.036,0.0,0.0,0.0,1.0,0.0,30.51,4,0.0,0.0,589376
2025-04-16 08:00:00,00000000270,20250416080000,0.137,0.0,0.062,0.0,0.0,0.0,1.0,0.0,45.26,4,0.0,0.0,589376
2025-04-16 09:00:00,00000000270,20250416090000,0.091,0.001,0.07,0.0,0.0,0.0,1.0,1.1,76.92,4,0.0,0.0,589376
2025-04-16 10:00:00,00000000270,20250416100000,0.101,0.0,0.065,0.0,0.0,0.0,1.0,0.0,64.36,4,0.0,0.0,589376
2025-04-16 11:00:00,00000000270,20250416110000,0.163,0.001,0.043,0.0,0.0,0.0,1.0,0.61,26.38,4,0.0,0.0,589376
2025-04-16 12:00:00,00000000270,20250416120000,0.068,0.0,0.066,0.0,0.0,0.0,1.0,0.0,97.06,4,0.0,0.0,589376
2025-04-16 13:00:00,00000000270,20250416130000,0.06,0.0,0.066,0.0,0.0,0.0,1.0,0.0,110.0,4,0.0,0.0,589376
2025-04-16 14:00:00,00000000270,20250416140000,0.08,0.001,0.054,0.0,0.0,0.0,1.0,1.25,67.5,4,0.0,0.0,589376
2025-04-16 15:00:00,00000000270,20250416150000,0.11,0.0,0.035,0.0,0.0,0.0,1.0,0.0,31.82,4,0.0,0.0,589376
2025-04-16 16:00:00,00000000270,20250416160000,0.064,0.001,0.062,0.0,0.0,0.0,1.0,1.56,96.88,4,0.0,0.0,589376
2025-04-16 17:00:00,00000000270,20250416170000,0.054,0.0,0.068,0.0,0.0,0.0,1.0,0.0,125.93,4,0.0,0.0,589376
2025-04-16 18:00:00,00000000270,20250416180000,0.123,0.001,0.043,0.0,0.0,0.0,1.0,0.81,34.96,4,0.0,0.0,589376
2025-04-16 19:00:00,00000000270,20250416190000,0.16,0.0,0.052,0.0,0.0,0.0,1.0,0.0,32.5,4,0.0,0.0,589376
2025-04-16 20:00:00,00000000270,20250416200000,0.849,0.034,0.012,0.0,0.0,0.0,1.0,4.0,1.41,4,0.0,0.0,589376
2025-04-16 21:00:00,00000000270,20250416210000,0.935,0.056,0.001,0.0,0.0,0.0,1.0,5.99,0.11,4,0.0,0.0,589376
2025-04-16 22:00:00,00000000270,20250416220000,0.861,0.003,0.015,0.0,0.0,0.0,1.0,0.35,1.74,4,0.0,0.0,589376
2025-04-16 23:00:00,00000000270,20250416230000,0.858,0.004,0.01,0.0,0.0,0.0,1.0,0.47,1.17,4,0.0,0.0,589376
2025-04-17 00:00:00,00000000270,20250417000000,0.825,0.007,0.003,0.0,0.0,0.0,1.0,0.85,0.36,4,0.0,0.0,589376
2025-04-17 01:00:00,00000000270,20250417010000,0.702,0.012,0.011,0.0,0.0,0.0,1.0,1.71,1.57,4,0.0,0.0,589376
2025-04-17 02:00:00,00000000270,20250417020000,0.124,0.0,0.059,0.0,0.0,0.0,1.0,0.0,47.58,4,0.0,0.0,589376
2025-04-17 03:00:00,00000000270,20250417030000,0.089,0.001,0.085,0.0,0.0,0.0,1.0,1.12,95.51,4,0.0,0.0,589376
2025-04-17 04:00:00,00000000270,20250417040000,0.076,0.0,0.082,0.0,0.0,0.0,1.0,0.0,107.89,4,0.0,0.0,589376
2025-04-17 05:00:00,00000000270,20250417050000,0.134,0.001,0.046,0.0,0.0,0.0,1.0,0.75,34.33,4,0.0,0.0,589376
2025-04-17 06:00:00,00000000270,20250417060000,0.079,0.0,0.045,0.0,0.0,0.0,1.0,0.0,56.96,4,0.0,0.0,589376
2025-04-17 07:00:00,00000000270,20250417070000,0.052,0.001,0.064,0.0,0.0,0.0,1.0,1.92,123.08,4,0.0,0.0,589376
2025-04-17 08:00:00,00000000270,20250417080000,0.056,0.001,0.061,0.0,0.0,0.0,1.0,1.79,108.93,4,0.0,0.0,589376
2025-04-17 09:00:00,00000000270,20250417090000,0.112,0.0,0.031,0.0,0.0,0.0,1.0,0.0,27.68,4,0.0,0.0,589376
2025-04-17 10:00:00,00000000270,20250417100000,0.117,0.001,0.057,0.0,0.0,0.0,1.0,0.85,48.72,4,0.0,0.0,589376
2025-04-17 11:00:00,00000000270,20250417110000,0.102,0.001,0.07,0.0,0.0,0.0,1.0,0.98,68.63,4,0.0,0.0,589376
2025-04-17 12:00:00,00000000270,20250417120000,0.084,0.0,0.056,0.0,0.0,0.0,1.0,0.0,66.67,4,0.0,0.0,589376
2025-04-17 13:00:00,00000000270,20250417130000,0.113,0.001,0.03,0.0,0.0,0.0,1.0,0.88,26.55,4,0.0,0.0,589376
2025-04-17 14:00:00,00000000270,20250417140000,0.109,0.0,0.064,0.0,0.0,0.0,1.0,0.0,58.72,4,0.0,0.0,589376
2025-04-17 15:00:00,00000000270,20250417150000,0.082,0.001,0.067,0.0,0.0,0.0,1.0,1.22,81.71,4,0.0,0.0,589376
2025-04-17 16:00:00,00000000270,20250417160000,0.171,0.0,0.045,0.0,0.0,0.0,1.0,0.0,26.32,4,0.0,0.0,589376
2025-04-17 17:00:00,00000000270,20250417170000,0.119,0.001,0.03,0.0,0.0,0.0,1.0,0.84,25.21,4,0.0,0.0,589376
2025-04-17 18:00:00,00000000270,20250417180000,0.068,0.0,0.054,0.0,0.0,0.0,1.0,0.0,79.41,4,0.0,0.0,589376
2025-04-17 19:00:00,00000000270,20250417190000,0.053,0.0,0.061,0.0,0.0,0.0,1.0,0.0,115.09,4,0.0,0.0,589376
2025-04-17 20:00:00,00000000270,20250417200000,0.09,0.001,0.045,0.0,0.0,0.0,1.0,1.11,50.0,4,0.0,0.0,589376
2025-04-17 21:00:00,00000000270,20250417210000,0.118,0.0,0.031,0.0,0.0,0.0,1.0,0.0,26.27,4,0.0,0.0,589376
2025-04-17 22:00:00,00000000270,20250417220000,0.074,0.0,0.057,0.0,0.0,0.0,1.0,0.0,77.03,4,0.0,0.0,589376
2025-04-17 23:00:00,00000000270,20250417230000,0.064,0.001,0.062,0.0,0.0,0.0,1.0,1.56,96.88,4,0.0,0.0,589376
2025-04-18 00:00:00,00000000270,20250418000000,0.093,0.0,0.044,0.0,0.0,0.0,1.0,0.0,47.31,4,0.0,0.0,589376
2025-04-18 01:00:00,00000000270,20250418010000,0.106,0.001,0.035,0.0,0.0,0.0,1.0,0.94,33.02,4,0.0,0.0,589376
2025-04-18 02:00:00,00000000270,20250418020000,0.061,0.0,0.064,0.0,0.0,0.0,1.0,0.0,104.92,4,0.0,0.0,589376
2025-04-18 03:00:00,00000000270,20250418030000,0.059,0.001,0.064,0.0,0.0,0.0,1.0,1.69,108.47,4,0.0,0.0,589376
2025-04-18 04:00:00,00000000270,20250418040000,0.105,0.001,0.039,0.0,0.0,0.0,1.0,0.95,37.14,4,0.0,0.0,589376
2025-04-18 05:00:00,00000000270,20250418050000,0.082,0.0,0.044,0.0,0.0,0.0,1.0,0.0,53.66,4,0.0,0.0,589376
2025-04-18 06:00:00,00000000270,20250418060000,0.053,0.001,0.064,0.0,0.0,0.0,1.0,1.89,120.75,4,0.0,0.0,589376
2025-04-18 07:00:00,00000000270,20250418070000,0.055,0.001,0.063,0.0,0.0,0.0,1.0,1.82,114.55,4,0.0,0.0,589376
2025-04-18 08:00:00,00000000270,20250418080000,0.85,0.189,0.022,0.0,0.0,0.0,1.0,22.24,2.59,4,0.0,0.0,589376
2025-04-18 09:00:00,00000000270,20250418090000,0.307,0.491,0.016,0.0,0.0,0.0,1.0,159.93,5.21,4,0.0,0.0,589376
2025-04-18 10:00:00,00000000270,20250418100000,0.286,0.26,0.023,0.0,0.0,0.0,1.0,90.91,8.04,4,0.0,0.0,589376
2025-04-18 11:00:00,00000000270,20250418110000,0.114,0.001,0.053,0.0,0.0,0.0,1.0,0.88,46.49,4,0.0,0.0,589376
2025-04-18 12:00:00,00000000270,20250418120000,0.109,0.001,0.029,0.0,0.0,0.0,1.0,0.92,26.61,4,0.0,0.0,589376
2025-04-18 13:00:00,00000000270,20250418130000,0.062,0.001,0.059,0.0,0.0,0.0,1.0,1.61,95.16,4,0.0,0.0,589376
2025-04-18 14:00:00,00000000270,20250418140000,0.051,0.0,0.063,0.0,0.0,0.0,1.0,0.0,123.53,4,0.0,0.0,589376
2025-04-18 15:00:00,00000000270,20250418150000,0.083,0.001,0.045,0.0,0.0,0.0,1.0,1.2,54.22,4,0.0,0.0,589376
2025-04-18 16:00:00,00000000270,20250418160000,0.105,0.001,0.032,0.0,0.0,0.0,1.0,0.95,30.48,4,0.0,0.0,589376
2025-04-18 17:00:00,00000000270,20250418170000,0.062,0.0,0.057,0.0,0.0,0.0,1.0,0.0,91.94,4,0.0,0.0,589376
2025-04-18 18:00:00,00000000270,20250418180000,0.083,0.001,0.068,0.0,0.0,0.0,1.0,1.2,81.93,4,0.0,0.0,589376
2025-04-18 19:00:00,00000000270,20250418190000,0.263,0.001,0.04,0.0,0.0,0.0,1.0,0.38,15.21,4,0.0,0.0,589376
2025-04-18 20:00:00,00000000270,20250418200000,0.151,0.014,0.026,0.0,0.0,0.0,1.0,9.27,17.22,4,0.0,0.0,589376
2025-04-18 21:00:00,00000000270,20250418210000,0.151,0.012,0.0,0.0,0.0,0.0,1.0,7.95,0.0,4,0.0,0.0,589376
2025-04-18 22:00:00,00000000270,20250418220000,0.149,0.009,0.0,0.0,0.0,0.0,1.0,6.04,0.0,4,0.0,0.0,589376
2025-04-18 23:00:00,00000000270,20250418230000,0.145,0.003,0.033,0.0,0.0,0.0,1.0,2.07,22.76,4,0.0,0.0,589376
2025-04-19 00:00:00,00000000270,20250419000000,0.119,0.0,0.042,0.0,0.0,0.0,1.0,0.0,35.29,4,0.0,0.0,589376
2025-04-19 01:00:00,00000000270,20250419010000,0.062,0.001,0.071,0.0,0.0,0.0,1.0,1.61,114.52,4,0.0,0.0,589376
2025-04-19 02:00:00,00000000270,20250419020000,0.143,0.0,0.07,0.0,0.0,0.0,1.0,0.0,48.95,4,0.0,0.0,589376
2025-04-19 03:00:00,00000000270,20250419030000,0.142,0.001,0.038,0.0,0.0,0.0,1.0,0.7,26.76,4,0.0,0.0,589376
2025-04-19 04:00:00,00000000270,20250419040000,0.078,0.001,0.056,0.0,0.0,0.0,1.0,1.28,71.79,4,0.0,0.0,589376
2025-04-19 05:00:00,00000000270,20250419050000,0.054,0.0,0.071,0.0,0.0,0.0,1.0,0.0,131.48,4,0.0,0.0,589376
2025-04-19 06:00:00,00000000270,20250419060000,0.07,0.001,0.063,0.0,0.0,0.0,1.0,1.43,90.0,4,0.0,0.0,589376
2025-04-19 07:00:00,00000000270,20250419070000,0.109,0.0,0.03,0.0,0.0,0.0,1.0,0.0,27.52,4,0.0,0.0,589376
2025-04-19 08:00:00,00000000270,20250419080000,0.063,0.001,0.061,0.0,0.0,0.0,1.0,1.59,96.83,4,0.0,0.0,589376
2025-04-19 09:00:00,00000000270,20250419090000,0.063,0.001,0.062,0.0,0.0,0.0,1.0,1.59,98.41,4,0.0,0.0,589376
2025-04-19 10:00:00,00000000270,20250419100000,0.091,0.0,0.041,0.0,0.0,0.0,1.0,0.0,45.05,4,0.0,0.0,589376
2025-04-19 11:00:00,00000000270,20250419110000,0.081,0.001,0.045,0.0,0.0,0.0,1.0,1.23,55.56,4,0.0,0.0,589376
2025-04-19 12:00:00,00000000270,20250419120000,0.052,0.001,0.064,0.0,0.0,0.0,1.0,1.92,123.08,4,0.0,0.0,589376
2025-04-19 13:00:00,00000000270,20250419130000,0.068,0.0,0.057,0.0,0.0,0.0,1.0,0.0,83.82,4,0.0,0.0,589376
2025-04-19 14:00:00,00000000270,20250419140000,0.113,0.001,0.031,0.0,0.0,0.0,1.0,0.88,27.43,4,0.0,0.0,589376
2025-04-19 15:00:00,00000000270,20250419150000,0.067,0.0,0.057,0.0,0.0,0.0,1.0,0.0,85.07,4,0.0,0.0,589376
2025-04-19 16:00:00,00000000270,20250419160000,0.052,0.001,0.064,0.0,0.0,0.0,1.0,1.92,123.08,4,0.0,0.0,589376
2025-04-19 17:00:00,00000000270,20250419170000,0.137,0.0,0.04,0.0,0.0,0.0,1.0,0.0,29.2,4,0.0,0.0,589376
2025-04-19 18:00:00,00000000270,20250419180000,0.168,0.001,0.029,0.0,0.0,0.0,1.0,0.6,17.26,4,0.0,0.0,589376
2025-04-19 19:00:00,00000000270,20250419190000,0.059,0.0,0.06,0.0,0.0,0.0,1.0,0.0,101.69,4,0.0,0.0,589376
2025-04-19 20:00:00,00000000270,20250419200000,0.086,0.003,0.041,0.0,0.0,0.0,1.0,3.49,47.67,4,0.0,0.0,589376
2025-04-19 21:00:00,00000000270,20250419210000,0.155,0.018,0.017,0.0,0.0,0.0,1.0,11.61,10.97,4,0.0,0.0,589376
2025-04-19 22:00:00,00000000270,20250419220000,0.088,0.001,0.049,0.0,0.0,0.0,1.0,1.14,55.68,4,0.0,0.0,589376
2025-04-19 23:00:00,00000000270,20250419230000,0.052,0.0,0.061,0.0,0.0,0.0,1.0,0.0,117.31,4,0.0,0.0,589376
2025-04-20 00:00:00,00000000270,20250420000000,0.075,0.001,0.05,0.0,0.0,0.0,1.0,1.33,66.67,4,0.0,0.0,589376
2025-04-20 01:00:00,00000000270,20250420010000,0.096,0.0,0.035,0.0,0.0,0.0,1.0,0.0,36.46,4,0.0,0.0,589376
2025-04-20 02:00:00,00000000270,20250420020000,0.055,0.001,0.064,0.0,0.0,0.0,1.0,1.82,116.36,4,0.0,0.0,589376
2025-04-20 03:00:00,00000000270,20250420030000,0.053,0.0,0.063,0.0,0.0,0.0,1.0,0.0,118.87,4,0.0,0.0,589376
2025-04-20 04:00:00,00000000270,20250420040000,0.106,0.001,0.031,0.0,0.0,0.0,1.0,0.94,29.25,4,0.0,0.0,589376
2025-04-20 05:00:00,00000000270,20250420050000,0.066,0.001,0.058,0.0,0.0,0.0,1.0,1.52,87.88,4,0.0,0.0,589376
2025-04-20 06:00:00,00000000270,20250420060000,0.051,0.0,0.065,0.0,0.0,0.0,1.0,0.0,127.45,4,0.0,0.0,589376
2025-04-20 07:00:00,00000000270,20250420070000,0.089,0.001,0.045,0.0,0.0,0.0,1.0,1.12,50.56,4,0.0,0.0,589376
2025-04-20 08:00:00,00000000270,20250420080000,0.08,0.001,0.049,0.0,0.0,0.0,1.0,1.25,61.25,4,0.0,0.0,589376
2025-04-20 09:00:00,00000000270,20250420090000,0.136,0.0,0.065,0.0,0.0,0.0,1.0,0.0,47.79,4,0.0,0.0,589376
2025-04-20 10:00:00,00000000270,20250420100000,0.113,0.001,0.052,0.0,0.0,0.0,1.0,0.88,46.02,4,0.0,0.0,589376
2025-04-20 11:00:00,00000000270,20250420110000,0.091,0.001,0.037,0.0,0.0,0.0,1.0,1.1,40.66,4,0.0,0.0,589376
2025-04-20 12:00:00,00000000270,20250420120000,0.052,0.0,0.064,0.0,0.0,0.0,1.0,0.0,123.08,4,0.0,0.0,589376
2025-04-20 13:00:00,00000000270,20250420130000,0.052,0.001,0.064,0.0,0.0,0.0,1.0,1.92,123.08,4,0.0,0.0,589376
2025-04-20 14:00:00,00000000270,20250420140000,0.11,0.001,0.031,0.0,0.0,0.0,1.0,0.91,28.18,4,0.0,0.0,589376
2025-04-20 15:00:00,00000000270,20250420150000,0.069,0.0,0.055,0.0,0.0,0.0,1.0,0.0,79.71,4,0.0,0.0,589376
2025-04-20 16:00:00,00000000270,20250420160000,0.063,0.001,0.067,0.0,0.0,0.0,1.0,1.59,106.35,4,0.0,0.0,589376
2025-04-20 17:00:00,00000000270,20250420170000,0.097,0.001,0.046,0.0,0.0,0.0,1.0,1.03,47.42,4,0.0,0.0,589376
2025-04-20 18:00:00,00000000270,20250420180000,0.301,0.0,0.032,0.0,0.0,0.0,1.0,0.0,10.63,4,0.0,0.0,589376
2025-04-20 19:00:00,00000000270,20250420190000,0.06,0.001,0.06,0.0,0.0,0.0,1.0,1.67,100.0,4,0.0,0.0,589376
2025-04-20 20:00:00,00000000270,20250420200000,0.083,0.009,0.016,0.0,0.0,0.0,1.0,10.84,19.28,4,0.0,0.0,589376
2025-04-20 21:00:00,00000000270,20250420210000,0.108,0.001,0.031,0.0,0.0,0.0,1.0,0.93,28.7,4,0.0,0.0,589376
2025-04-20 22:00:00,00000000270,20250420220000,0.086,0.0,0.046,0.0,0.0,0.0,1.0,0.0,53.49,4,0.0,0.0,589376
2025-04-20 23:00:00,00000000270,20250420230000,0.054,0.0,0.06,0.0,0.0,0.0,1.0,0.0,111.11,4,0.0,0.0,589376
2025-04-21 00:00:00,00000000270,20250421000000,0.075,0.001,0.049,0.0,0.0,0.0,1.0,1.33,65.33,4,0.0,0.0,589376
2025-04-21 01:00:00,00000000270,20250421010000,0.186,0.0,0.035,0.0,0.0,0.0,1.0,0.0,18.82,4,0.0,0.0,589376
2025-04-21 02:00:00,00000000270,20250421020000,0.067,0.001,0.062,0.0,0.0,0.0,1.0,1.49,92.54,4,0.0,0.0,589376
2025-04-21 03:00:00,00000000270,20250421030000,0.058,0.001,0.064,0.0,0.0,0.0,1.0,1.72,110.34,4,0.0,0.0,589376
2025-04-21 04:00:00,00000000270,20250421040000,0.102,0.0,0.033,0.0,0.0,0.0,1.0,0.0,32.35,4,0.0,0.0,589376
2025-04-21 05:00:00,00000000270,20250421050000,0.066,0.001,0.056,0.0,0.0,0.0,1.0,1.52,84.85,4,0.0,0.0,589376
2025-04-21 06:00:00,00000000270,20250421060000,0.052,0.0,0.065,0.0,0.0,0.0,1.0,0.0,125.0,4,0.0,0.0,589376
2025-04-21 07:00:00,00000000270,20250421070000,0.081,0.001,0.049,0.0,0.0,0.0,1.0,1.23,60.49,4,0.0,0.0,589376
2025-04-21 08:00:00,00000000270,20250421080000,0.082,0.001,0.045,0.0,0.0,0.0,1.0,1.22,54.88,4,0.0,0.0,589376
2025-04-21 09:00:00,00000000270,20250421090000,0.055,0.0,0.063,0.0,0.0,0.0,1.0,0.0,114.55,4,0.0,0.0,589376
2025-04-21 10:00:00,00000000270,20250421100000,0.088,0.001,0.059,0.0,0.0,0.0,1.0,1.14,67.05,4,0.0,0.0,589376
2025-04-21 11:00:00,00000000270,20250421110000,0.131,0.001,0.038,0.0,0.0,0.0,1.0,0.76,29.01,4,0.0,0.0,589376
2025-04-21 12:00:00,00000000270,20250421120000,0.057,0.0,0.063,0.0,0.0,0.0,1.0,0.0,110.53,4,0.0,0.0,589376
2025-04-21 13:00:00,00000000270,20250421130000,0.054,0.001,0.065,0.0,0.0,0.0,1.0,1.85,120.37,4,0.0,0.0,589376
2025-04-21 14:00:00,00000000270,20250421140000,0.106,0.001,0.033,0.0,0.0,0.0,1.0,0.94,31.13,4,0.0,0.0,589376
2025-04-21 15:00:00,00000000270,20250421150000,0.075,0.0,0.048,0.0,0.0,0.0,1.0,0.0,64.0,4,0.0,0.0,589376
2025-04-21 16:00:00,00000000270,20250421160000,0.053,0.001,0.062,0.0,0.0,0.0,1.0,1.89,116.98,4,0.0,0.0,589376
2025-04-21 17:00:00,00000000270,20250421170000,0.186,0.001,0.048,0.0,0.0,0.0,1.0,0.54,25.81,4,0.0,0.0,589376
2025-04-21 18:00:00,00000000270,20250421180000,0.161,0.0,0.036,0.0,0.0,0.0,1.0,0.0,22.36,4,0.0,0.0,589376
2025-04-21 19:00:00,00000000270,20250421190000,0.062,0.001,0.06,0.0,0.0,0.0,1.0,1.61,96.77,4,0.0,0.0,589376
2025-04-21 20:00:00,00000000270,20250421200000,0.056,0.0,0.058,0.0,0.0,0.0,1.0,0.0,103.57,4,0.0,0.0,589376
2025-04-21 21:00:00,00000000270,20250421210000,0.106,0.0,0.031,0.0,0.0,0.0,1.0,0.0,29.25,4,0.0,0.0,589376
2025-04-21 22:00:00,00000000270,20250421220000,0.077,0.001,0.047,0.0,0.0,0.0,1.0,1.3,61.04,4,0.0,0.0,589376
2025-04-21 23:00:00,00000000270,20250421230000,0.069,0.0,0.062,0.0,0.0,0.0,1.0,0.0,89.86,4,0.0,0.0,589376
2025-04-22 00:00:00,00000000270,20250422000000,0.095,0.001,0.049,0.0,0.0,0.0,1.0,1.05,51.58,4,0.0,0.0,589376
2025-04-22 01:00:00,00000000270,20250422010000,0.094,0.0,0.036,0.0,0.0,0.0,1.0,0.0,38.3,4,0.0,0.0,589376
2025-04-22 02:00:00,00000000270,20250422020000,0.052,0.001,0.064,0.0,0.0,0.0,1.0,1.92,123.08,4,0.0,0.0,589376
2025-04-22 03:00:00,00000000270,20250422030000,0.052,0.001,0.064,0.0,0.0,0.0,1.0,1.92,123.08,4,0.0,0.0,589376
2025-04-22 04:00:00,00000000270,20250422040000,0.107,0.0,0.032,0.0,0.0,0.0,1.0,0.0,29.91,4,0.0,0.0,589376
2025-04-22 05:00:00,00000000270,20250422050000,0.064,0.001,0.058,0.0,0.0,0.0,1.0,1.56,90.62,4,0.0,0.0,589376
2025-04-22 06:00:00,00000000270,20250422060000,0.055,0.001,0.066,0.0,0.0,0.0,1.0,1.82,120.0,4,0.0,0.0,589376
2025-04-22 07:00:00,00000000270,20250422070000,0.085,0.0,0.045,0.0,0.0,0.0,1.0,0.0,52.94,4,0.0,0.0,589376
2025-04-22 08:00:00,00000000270,20250422080000,0.112,0.001,0.043,0.0,0.0,0.0,1.0,0.89,38.39,4,0.0,0.0,589376
2025-04-22 09:00:00,00000000270,20250422090000,0.132,0.0,0.061,0.0,0.0,0.0,1.0,0.0,46.21,4,0.0,0.0,589376
2025-04-22 10:00:00,00000000270,20250422100000,0.094,0.001,0.061,0.0,0.0,0.0,1.0,1.06,64.89,4,0.0,0.0,589376
2025-04-22 11:00:00,00000000270,20250422110000,0.133,0.001,0.035,0.0,0.0,0.0,1.0,0.75,26.32,4,0.0,0.0,589376
2025-04-22 12:00:00,00000000270,20250422120000,0.054,0.001,0.062,0.0,0.0,0.0,1.0,1.85,114.81,4,0.0,0.0,589376
2025-04-22 13:00:00,00000000270,20250422130000,0.051,0.0,0.065,0.0,0.0,0.0,1.0,0.0,127.45,4,0.0,0.0,589376
2025-04-22 14:00:00,00000000270,20250422140000,0.095,0.001,0.039,0.0,0.0,0.0,1.0,1.05,41.05,4,0.0,0.0,589376
2025-04-22 15:00:00,00000000270,20250422150000,0.091,0.0,0.039,0.0,0.0,0.0,1.0,0.0,42.86,4,0.0,0.0,589376
2025-04-22 16:00:00,00000000270,20250422160000,0.049,0.001,0.064,0.0,0.0,0.0,1.0,2.04,130.61,4,0.0,0.0,589376
2025-04-22 17:00:00,00000000270,20250422170000,0.057,0.001,0.061,0.0,0.0,0.0,1.0,1.75,107.02,4,0.0,0.0,589376
2025-04-22 18:00:00,00000000270,20250422180000,0.104,0.0,0.031,0.0,0.0,0.0,1.0,0.0,29.81,4,0.0,0.0,589376
2025-04-22 19:00:00,00000000270,20250422190000,0.125,0.001,0.046,0.0,0.0,0.0,1.0,0.8,36.8,4,0.0,0.0,589376
2025-04-22 20:00:00,00000000270,20250422200000,0.058,0.0,0.061,0.0,0.0,0.0,1.0,0.0,105.17,4,0.0,0.0,589376
2025-04-22 21:00:00,00000000270,20250422210000,0.075,0.001,0.054,0.0,0.0,0.0,1.0,1.33,72.0,4,0.0,0.0,589376
2025-04-22 22:00:00,00000000270,20250422220000,0.108,0.0,0.031,0.0,0.0,0.0,1.0,0.0,28.7,4,0.0,0.0,589376
2025-04-22 23:00:00,00000000270,20250422230000,0.068,0.001,0.051,0.0,0.0,0.0,1.0,1.47,75.0,4,0.0,0.0,589376
2025-04-23 00:00:00,00000000270,20250423000000,0.099,0.0,0.062,0.0,0.0,0.0,1.0,0.0,62.63,4,0.0,0.0,589376
2025-04-23 01:00:00,00000000270,20250423010000,0.144,0.001,0.045,0.0,0.0,0.0,1.0,0.69,31.25,4,0.0,0.0,589376
2025-04-23 02:00:00,00000000270,20250423020000,0.104,0.001,0.031,0.0,0.0,0.0,1.0,0.96,29.81,4,0.0,0.0,589376
2025-04-23 03:00:00,00000000270,20250423030000,0.051,0.0,0.065,0.0,0.0,0.0,1.0,0.0,127.45,4,0.0,0.0,589376
2025-04-23 04:00:00,00000000270,20250423040000,0.051,0.001,0.065,0.0,0.0,0.0,1.0,1.96,127.45,4,0.0,0.0,589376
2025-04-23 05:00:00,00000000270,20250423050000,0.098,0.001,0.038,0.0,0.0,0.0,1.0,1.02,38.78,4,0.0,0.0,589376
2025-04-23 06:00:00,00000000270,20250423060000,0.079,0.0,0.049,0.0,0.0,0.0,1.0,0.0,62.03,4,0.0,0.0,589376
2025-04-23 07:00:00,00000000270,20250423070000,0.058,0.001,0.066,0.0,0.0,0.0,1.0,1.72,113.79,4,0.0,0.0,589376
2025-04-23 08:00:00,00000000270,20250423080000,0.073,0.0,0.055,0.0,0.0,0.0,1.0,0.0,75.34,4,0.0,0.0,589376
2025-04-23 09:00:00,00000000270,20250423090000,0.136,0.001,0.038,0.0,0.0,0.0,1.0,0.74,27.94,4,0.0,0.0,589376
2025-04-23 10:00:00,00000000270,20250423100000,0.101,0.001,0.073,0.0,0.0,0.0,1.0,0.99,72.28,4,0.0,0.0,589376
2025-04-23 11:00:00,00000000270,20250423110000,0.102,0.0,0.072,0.0,0.0,0.0,1.0,0.0,70.59,4,0.0,0.0,589376
2025-04-23 12:00:00,00000000270,20250423120000,0.122,0.001,0.041,0.0,0.0,0.0,1.0,0.82,33.61,4,0.0,0.0,589376
2025-04-23 13:00:00,00000000270,20250423130000,0.083,0.001,0.046,0.0,0.0,0.0,1.0,1.2,55.42,4,0.0,0.0,589376
2025-04-23 14:00:00,00000000270,20250423140000,0.052,0.0,0.064,0.0,0.0,0.0,1.0,0.0,123.08,4,0.0,0.0,589376
2025-04-23 15:00:00,00000000270,20250423150000,0.07,0.001,0.054,0.0,0.0,0.0,1.0,1.43,77.14,4,0.0,0.0,589376
2025-04-23 16:00:00,00000000270,20250423160000,0.134,0.001,0.031,0.0,0.0,0.0,1.0,0.75,23.13,4,0.0,0.0,589376
2025-04-23 17:00:00,00000000270,20250423170000,0.147,0.0,0.049,0.0,0.0,0.0,1.0,0.0,33.33,4,0.0,0.0,589376
2025-04-23 18:00:00,00000000270,20250423180000,0.076,0.001,0.066,0.0,0.0,0.0,1.0,1.32,86.84,4,0.0,0.0,589376
2025-04-23 19:00:00,00000000270,20250423190000,0.092,0.0,0.048,0.0,0.0,0.0,1.0,0.0,52.17,4,0.0,0.0,589376
2025-04-23 20:00:00,00000000270,20250423200000,0.097,0.001,0.031,0.0,0.0,0.0,1.0,1.03,31.96,4,0.0,0.0,589376
2025-04-23 21:00:00,00000000270,20250423210000,0.065,0.0,0.059,0.0,0.0,0.0,1.0,0.0,90.77,4,0.0,0.0,589376
2025-04-23 22:00:00,00000000270,20250423220000,0.051,0.0,0.06,0.0,0.0,0.0,1.0,0.0,117.65,4,0.0,0.0,589376
2025-04-23 23:00:00,00000000270,20250423230000,0.098,0.001,0.035,0.0,0.0,0.0,1.0,1.02,35.71,4,0.0,0.0,589376
2025-04-24 00:00:00,00000000270,20250424000000,0.074,0.0,0.046,0.0,0.0,0.0,1.0,0.0,62.16,4,0.0,0.0,589376
2025-04-24 01:00:00,00000000270,20250424010000,0.052,0.001,0.064,0.0,0.0,0.0,1.0,1.92,123.08,4,0.0,0.0,589376
2025-04-24 02:00:00,00000000270,20250424020000,0.075,0.0,0.05,0.0,0.0,0.0,1.0,0.0,66.67,4,0.0,0.0,589376
2025-04-24 03:00:00,00000000270,20250424030000,0.096,0.001,0.037,0.0,0.0,0.0,1.0,1.04,38.54,4,0.0,0.0,589376
2025-04-24 04:00:00,00000000270,20250424040000,0.054,0.001,0.065,0.0,0.0,0.0,1.0,1.85,120.37,4,0.0,0.0,589376
2025-04-24 05:00:00,00000000270,20250424050000,0.063,0.0,0.065,0.0,0.0,0.0,1.0,0.0,103.17,4,0.0,0.0,589376
2025-04-24 06:00:00,00000000270,20250424060000,0.104,0.001,0.031,0.0,0.0,0.0,1.0,0.96,29.81,4,0.0,0.0,589376
2025-04-24 07:00:00,00000000270,20250424070000,0.06,0.001,0.06,0.0,0.0,0.0,1.0,1.67,100.0,4,0.0,0.0,589376
2025-04-24 08:00:00,00000000270,20250424080000,0.054,0.0,0.064,0.0,0.0,0.0,1.0,0.0,118.52,4,0.0,0.0,589376
2025-04-24 09:00:00,00000000270,20250424090000,0.172,0.001,0.042,0.0,0.0,0.0,1.0,0.58,24.42,4,0.0,0.0,589376
2025-04-24 10:00:00,00000000270,20250424100000,0.151,0.001,0.05,0.0,0.0,0.0,1.0,0.66,33.11,4,0.0,0.0,589376
2025-04-24 11:00:00,00000000270,20250424110000,0.051,0.0,0.063,0.0,0.0,0.0,1.0,0.0,123.53,4,0.0,0.0,589376
2025-04-24 12:00:00,00000000270,20250424120000,0.08,0.003,0.048,0.0,0.0,0.0,1.0,3.75,60.0,4,0.0,0.0,589376
2025-04-24 13:00:00,00000000270,20250424130000,0.094,0.0,0.037,0.0,0.0,0.0,1.0,0.0,39.36,4,0.0,0.0,589376
2025-04-24 14:00:00,00000000270,20250424140000,0.052,0.001,0.064,0.0,0.0,0.0,1.0,1.92,123.08,4,0.0,0.0,589376
2025-04-24 15:00:00,00000000270,20250424150000,0.072,0.0,0.059,0.0,0.0,0.0,1.0,0.0,81.94,4,0.0,0.0,589376
2025-04-24 16:00:00,00000000270,20250424160000,0.106,0.001,0.031,0.0,0.0,0.0,1.0,0.94,29.25,4,0.0,0.0,589376
2025-04-24 17:00:00,00000000270,20250424170000,0.068,0.001,0.052,0.0,0.0,0.0,1.0,1.47,76.47,4,0.0,0.0,589376
2025-04-24 18:00:00,00000000270,20250424180000,0.076,0.0,0.066,0.0,0.0,0.0,1.0,0.0,86.84,4,0.0,0.0,589376
2025-04-24 19:00:00,00000000270,20250424190000,0.119,0.001,0.049,0.0,0.0,0.0,1.0,0.84,41.18,4,0.0,0.0,589376
2025-04-24 20:00:00,00000000270,20250424200000,0.114,0.003,0.026,0.0,0.0,0.0,1.0,2.63,22.81,4,0.0,0.0,589376
2025-04-24 21:00:00,00000000270,20250424210000,0.32,0.013,0.0,0.0,0.0,0.0,1.0,4.06,0.0,4,0.0,0.0,589376
2025-04-24 22:00:00,00000000270,20250424220000,0.152,0.011,0.0,0.0,0.0,0.0,1.0,7.24,0.0,4,0.0,0.0,589376
2025-04-24 23:00:00,00000000270,20250424230000,0.206,0.041,0.0,0.0,0.0,0.0,1.0,19.9,0.0,4,0.0,0.0,589376
2025-04-25 00:00:00,00000000270,20250425000000,0.204,0.027,0.021,0.0,0.0,0.0,1.0,13.24,10.29,4,0.0,0.0,589376
2025-04-25 01:00:00,00000000270,20250425010000,0.097,0.001,0.06,0.0,0.0,0.0,1.0,1.03,61.86,4,0.0,0.0,589376
2025-04-25 02:00:00,00000000270,20250425020000,0.091,0.001,0.041,0.0,0.0,0.0,1.0,1.1,45.05,4,0.0,0.0,589376
2025-04-25 03:00:00,00000000270,20250425030000,0.081,0.0,0.044,0.0,0.0,0.0,1.0,0.0,54.32,4,0.0,0.0,589376
2025-04-25 04:00:00,00000000270,20250425040000,0.052,0.001,0.065,0.0,0.0,0.0,1.0,1.92,125.0,4,0.0,0.0,589376
2025-04-25 05:00:00,00000000270,20250425050000,0.07,0.0,0.059,0.0,0.0,0.0,1.0,0.0,84.29,4,0.0,0.0,589376
2025-04-25 06:00:00,00000000270,20250425060000,0.105,0.001,0.032,0.0,0.0,0.0,1.0,0.95,30.48,4,0.0,0.0,589376
2025-04-25 07:00:00,00000000270,20250425070000,0.054,0.001,0.064,0.0,0.0,0.0,1.0,1.85,118.52,4,0.0,0.0,589376
2025-04-25 08:00:00,00000000270,20250425080000,0.054,0.0,0.064,0.0,0.0,0.0,1.0,0.0,118.52,4,0.0,0.0,589376
2025-04-25 09:00:00,00000000270,20250425090000,0.095,0.001,0.04,0.0,0.0,0.0,1.0,1.05,42.11,4,0.0,0.0,589376
2025-04-25 10:00:00,00000000270,20250425100000,0.104,0.001,0.055,0.0,0.0,0.0,1.0,0.96,52.88,4,0.0,0.0,589376
2025-04-25 11:00:00,00000000270,20250425110000,0.099,0.0,0.068,0.0,0.0,0.0,1.0,0.0,68.69,4,0.0,0.0,589376
2025-04-25 12:00:00,00000000270,20250425120000,0.134,0.001,0.051,0.0,0.0,0.0,1.0,0.75,38.06,4,0.0,0.0,589376
2025-04-25 13:00:00,00000000270,20250425130000,0.089,0.001,0.039,0.0,0.0,0.0,1.0,1.12,43.82,4,0.0,0.0,589376
2025-04-25 14:00:00,00000000270,20250425140000,0.052,0.0,0.062,0.0,0.0,0.0,1.0,0.0,119.23,4,0.0,0.0,589376
2025-04-25 15:00:00,00000000270,20250425150000,0.146,0.001,0.057,0.0,0.0,0.0,1.0,0.68,39.04,4,0.0,0.0,589376
2025-04-25 16:00:00,00000000270,20250425160000,0.151,0.001,0.027,0.0,0.0,0.0,1.0,0.66,17.88,4,0.0,0.0,589376
2025-04-25 17:00:00,00000000270,20250425170000,0.072,0.0,0.05,0.0,0.0,0.0,1.0,0.0,69.44,4,0.0,0.0,589376
2025-04-25 18:00:00,00000000270,20250425180000,0.05,0.001,0.063,0.0,0.0,0.0,1.0,2.0,126.0,4,0.0,0.0,589376
2025-04-25 19:00:00,00000000270,20250425190000,0.104,0.001,0.046,0.0,0.0,0.0,1.0,0.96,44.23,4,0.0,0.0,589376
2025-04-25 20:00:00,00000000270,20250425200000,1.008,0.277,0.026,0.0,0.0,0.0,1.0,27.48,2.58,4,0.0,0.0,589376
2025-04-25 21:00:00,00000000270,20250425210000,0.551,0.64,0.016,0.0,0.0,0.0,1.0,116.15,2.9,4,0.0,0.0,589376
2025-04-25 22:00:00,00000000270,20250425220000,0.208,0.152,0.057,0.0,0.0,0.0,1.0,73.08,27.4,4,0.0,0.0,589376
2025-04-25 23:00:00,00000000270,20250425230000,0.131,0.001,0.038,0.0,0.0,0.0,1.0,0.76,29.01,4,0.0,0.0,589376
2025-04-26 00:00:00,00000000270,20250426000000,0.081,0.001,0.051,0.0,0.0,0.0,1.0,1.23,62.96,4,0.0,0.0,589376
2025-04-26 01:00:00,00000000270,20250426010000,0.058,0.0,0.066,0.0,0.0,0.0,1.0,0.0,113.79,4,0.0,0.0,589376
2025-04-26 02:00:00,00000000270,20250426020000,0.094,0.001,0.051,0.0,0.0,0.0,1.0,1.06,54.26,4,0.0,0.0,589376
2025-04-26 03:00:00,00000000270,20250426030000,0.105,0.001,0.04,0.0,0.0,0.0,1.0,0.95,38.1,4,0.0,0.0,589376
2025-04-26 04:00:00,00000000270,20250426040000,0.063,0.0,0.069,0.0,0.0,0.0,1.0,0.0,109.52,4,0.0,0.0,589376
2025-04-26 05:00:00,00000000270,20250426050000,0.061,0.001,0.07,0.0,0.0,0.0,1.0,1.64,114.75,4,0.0,0.0,589376
2025-04-26 06:00:00,00000000270,20250426060000,0.201,0.001,0.034,0.0,0.0,0.0,1.0,0.5,16.92,4,0.0,0.0,589376
2025-04-26 07:00:00,00000000270,20250426070000,0.618,0.308,0.029,0.0,0.0,0.0,1.0,49.84,4.69,4,0.0,0.0,589376
2025-04-26 08:00:00,00000000270,20250426080000,0.103,0.098,0.053,0.0,0.0,0.0,1.0,95.15,51.46,4,0.0,0.0,589376
2025-04-26 09:00:00,00000000270,20250426090000,0.141,0.09,0.043,0.0,0.0,0.0,1.0,63.83,30.5,4,0.0,0.0,589376
2025-04-26 10:00:00,00000000270,20250426100000,0.185,0.15,0.036,0.0,0.0,0.0,1.0,81.08,19.46,4,0.0,0.0,589376
2025-04-26 11:00:00,00000000270,20250426110000,0.083,0.0,0.078,0.0,0.0,0.0,1.0,0.0,93.98,4,0.0,0.0,589376
2025-04-26 12:00:00,00000000270,20250426120000,0.136,0.001,0.068,0.0,0.0,0.0,1.0,0.74,50.0,4,0.0,0.0,589376
2025-04-26 13:00:00,00000000270,20250426130000,0.185,0.001,0.057,0.0,0.0,0.0,1.0,0.54,30.81,4,0.0,0.0,589376
2025-04-26 14:00:00,00000000270,20250426140000,0.165,0.0,0.083,0.0,0.0,0.0,1.0,0.0,50.3,4,0.0,0.0,589376
2025-04-26 15:00:00,00000000270,20250426150000,0.15,0.001,0.09,0.0,0.0,0.0,1.0,0.67,60.0,4,0.0,0.0,589376
2025-04-26 16:00:00,00000000270,20250426160000,0.199,0.001,0.066,0.0,0.0,0.0,1.0,0.5,33.17,4,0.0,0.0,589376
2025-04-26 17:00:00,00000000270,20250426170000,0.176,0.0,0.05,0.0,0.0,0.0,1.0,0.0,28.41,4,0.0,0.0,589376
2025-04-26 18:00:00,00000000270,20250426180000,0.066,0.001,0.075,0.0,0.0,0.0,1.0,1.52,113.64,4,0.0,0.0,589376
2025-04-26 19:00:00,00000000270,20250426190000,0.07,0.0,0.073,0.0,0.0,0.0,1.0,0.0,104.29,4,0.0,0.0,589376
2025-04-26 20:00:00,00000000270,20250426200000,0.193,0.001,0.05,0.0,0.0,0.0,1.0,0.52,25.91,4,0.0,0.0,589376
2025-04-26 21:00:00,00000000270,20250426210000,1.301,0.0,0.05,0.0,0.0,0.0,1.0,0.0,3.84,4,0.0,0.0,589376
2025-04-26 22:00:00,00000000270,20250426220000,0.084,0.0,0.077,0.0,0.0,0.0,1.0,0.0,91.67,4,0.0,0.0,589376
2025-04-26 23:00:00,00000000270,20250426230000,0.078,0.001,0.079,0.0,0.0,0.0,1.0,1.28,101.28,4,0.0,0.0,589376
2025-04-27 00:00:00,00000000270,20250427000000,0.139,0.001,0.05,0.0,0.0,0.0,1.0,0.72,35.97,4,0.0,0.0,589376
2025-04-27 01:00:00,00000000270,20250427010000,0.089,0.0,0.046,0.0,0.0,0.0,1.0,0.0,51.69,4,0.0,0.0,589376
2025-04-27 02:00:00,00000000270,20250427020000,0.054,0.001,0.068,0.0,0.0,0.0,1.0,1.85,125.93,4,0.0,0.0,589376
2025-04-27 03:00:00,00000000270,20250427030000,0.079,0.0,0.056,0.0,0.0,0.0,1.0,0.0,70.89,4,0.0,0.0,589376
2025-04-27 04:00:00,00000000270,20250427040000,0.107,0.001,0.036,0.0,0.0,0.0,1.0,0.93,33.64,4,0.0,0.0,589376
2025-04-27 05:00:00,00000000270,20250427050000,0.062,0.0,0.066,0.0,0.0,0.0,1.0,0.0,106.45,4,0.0,0.0,589376
2025-04-27 06:00:00,00000000270,20250427060000,0.058,0.001,0.07,0.0,0.0,0.0,1.0,1.72,120.69,4,0.0,0.0,589376
2025-04-27 07:00:00,00000000270,20250427070000,0.114,0.001,0.038,0.0,0.0,0.0,1.0,0.88,33.33,4,0.0,0.0,589376
2025-04-27 08:00:00,00000000270,20250427080000,0.081,0.0,0.055,0.0,0.0,0.0,1.0,0.0,67.9,4,0.0,0.0,589376
2025-04-27 09:00:00,00000000270,20250427090000,0.058,0.001,0.069,0.0,0.0,0.0,1.0,1.72,118.97,4,0.0,0.0,589376
2025-04-27 10:00:00,00000000270,20250427100000,0.099,0.001,0.051,0.0,0.0,0.0,1.0,1.01,51.52,4,0.0,0.0,589376
2025-04-27 11:00:00,00000000270,20250427110000,0.529,0.245,0.022,0.0,0.0,0.0,1.0,46.31,4.16,4,0.0,0.0,589376
2025-04-27 12:00:00,00000000270,20250427120000,0.21,0.002,0.09,0.0,0.0,0.0,1.0,0.95,42.86,4,0.0,0.0,589376
2025-04-27 13:00:00,00000000270,20250427130000,0.136,0.0,0.05,0.0,0.0,0.0,1.0,0.0,36.76,4,0.0,0.0,589376
2025-04-27 14:00:00,00000000270,20250427140000,0.126,0.001,0.08,0.0,0.0,0.0,1.0,0.79,63.49,4,0.0,0.0,589376
2025-04-27 15:00:00,00000000270,20250427150000,0.142,0.0,0.094,0.0,0.0,0.0,1.0,0.0,66.2,4,0.0,0.0,589376
2025-04-27 16:00:00,00000000270,20250427160000,0.179,0.001,0.07,0.0,0.0,0.0,1.0,0.56,39.11,4,0.0,0.0,589376
2025-04-27 17:00:00,00000000270,20250427170000,0.193,0.001,0.063,0.0,0.0,0.0,1.0,0.52,32.64,4,0.0,0.0,589376
2025-04-27 18:00:00,00000000270,20250427180000,0.108,0.0,0.086,0.0,0.0,0.0,1.0,0.0,79.63,4,0.0,0.0,589376
2025-04-27 19:00:00,00000000270,20250427190000,0.098,0.001,0.074,0.0,0.0,0.0,1.0,1.02,75.51,4,0.0,0.0,589376
2025-04-27 20:00:00,00000000270,20250427200000,0.402,0.002,0.034,0.0,0.0,0.0,1.0,0.5,8.46,4,0.0,0.0,589376
2025-04-27 21:00:00,00000000270,20250427210000,0.864,0.009,0.014,0.0,0.0,0.0,1.0,1.04,1.62,4,0.0,0.0,589376
2025-04-27 22:00:00,00000000270,20250427220000,0.397,0.0,0.06,0.0,0.0,0.0,1.0,0.0,15.11,4,0.0,0.0,589376
2025-04-27 23:00:00,00000000270,20250427230000,0.159,0.0,0.055,0.0,0.0,0.0,1.0,0.0,34.59,4,0.0,0.0,589376
2025-04-28 00:00:00,00000000270,20250428000000,0.093,0.001,0.046,0.0,0.0,0.0,1.0,1.08,49.46,4,0.0,0.0,589376
2025-04-28 01:00:00,00000000270,20250428010000,0.057,0.0,0.067,0.0,0.0,0.0,1.0,0.0,117.54,4,0.0,0.0,589376
2025-04-28 02:00:00,00000000270,20250428020000,0.079,0.001,0.056,0.0,0.0,0.0,1.0,1.27,70.89,4,0.0,0.0,589376
2025-04-28 03:00:00,00000000270,20250428030000,0.106,0.001,0.041,0.0,0.0,0.0,1.0,0.94,38.68,4,0.0,0.0,589376
2025-04-28 04:00:00,00000000270,20250428040000,0.063,0.0,0.068,0.0,0.0,0.0,1.0,0.0,107.94,4,0.0,0.0,589376
2025-04-28 05:00:00,00000000270,20250428050000,0.076,0.001,0.06,0.0,0.0,0.0,1.0,1.32,78.95,4,0.0,0.0,589376
2025-04-28 06:00:00,00000000270,20250428060000,0.104,0.001,0.04,0.0,0.0,0.0,1.0,0.96,38.46,4,0.0,0.0,589376
2025-04-28 07:00:00,00000000270,20250428070000,0.061,0.0,0.068,0.0,0.0,0.0,1.0,0.0,111.48,4,0.0,0.0,589376
2025-04-28 08:00:00,00000000270,20250428080000,0.074,0.001,0.062,0.0,0.0,0.0,1.0,1.35,83.78,4,0.0,0.0,589376
2025-04-28 09:00:00,00000000270,20250428090000,0.101,0.001,0.04,0.0,0.0,0.0,1.0,0.99,39.6,4,0.0,0.0,589376
2025-04-28 10:00:00,00000000270,20250428100000,0.072,0.0,0.069,0.0,0.0,0.0,1.0,0.0,95.83,4,0.0,0.0,589376
2025-04-28 11:00:00,00000000270,20250428110000,0.176,0.001,0.085,0.0,0.0,0.0,1.0,0.57,48.3,4,0.0,0.0,589376
2025-04-28 12:00:00,00000000270,20250428120000,0.145,0.001,0.064,0.0,0.0,0.0,1.0,0.69,44.14,4,0.0,0.0,589376
2025-04-28 13:00:00,00000000270,20250428130000,0.093,0.0,0.087,0.0,0.0,0.0,1.0,0.0,93.55,4,0.0,0.0,589376
2025-04-28 14:00:00,00000000270,20250428140000,0.098,0.001,0.069,0.0,0.0,0.0,1.0,1.02,70.41,4,0.0,0.0,589376
2025-04-28 15:00:00,00000000270,20250428150000,0.136,0.001,0.051,0.0,0.0,0.0,1.0,0.74,37.5,4,0.0,0.0,589376
2025-04-28 16:00:00,00000000270,20250428160000,0.102,0.0,0.065,0.0,0.0,0.0,1.0,0.0,63.73,4,0.0,0.0,589376
2025-04-28 17:00:00,00000000270,20250428170000,0.097,0.001,0.072,0.0,0.0,0.0,1.0,1.03,74.23,4,0.0,0.0,589376
2025-04-28 18:00:00,00000000270,20250428180000,0.13,0.0,0.048,0.0,0.0,0.0,1.0,0.0,36.92,4,0.0,0.0,589376
2025-04-28 19:00:00,00000000270,20250428190000,0.132,0.001,0.05,0.0,0.0,0.0,1.0,0.76,37.88,4,0.0,0.0,589376
2025-04-28 20:00:00,00000000270,20250428200000,0.137,0.0,0.05,0.0,0.0,0.0,1.0,0.0,36.5,4,0.0,0.0,589376
2025-04-28 21:00:00,00000000270,20250428210000,0.749,0.009,0.017,0.0,0.0,0.0,1.0,1.2,2.27,4,0.0,0.0,589376
2025-04-28 22:00:00,00000000270,20250428220000,0.784,0.005,0.019,0.0,0.0,0.0,1.0,0.64,2.42,4,0.0,0.0,589376
2025-04-28 23:00:00,00000000270,20250428230000,0.153,0.0,0.051,0.0,0.0,0.0,1.0,0.0,33.33,4,0.0,0.0,589376
2025-04-29 00:00:00,00000000270,20250429000000,0.234,0.001,0.051,0.0,0.0,0.0,1.0,0.43,21.79,4,0.0,0.0,589376
2025-04-29 01:00:00,00000000270,20250429010000,0.115,0.0,0.052,0.0,0.0,0.0,1.0,0.0,45.22,4,0.0,0.0,589376
2025-04-29 02:00:00,00000000270,20250429020000,0.06,0.001,0.073,0.0,0.0,0.0,1.0,1.67,121.67,4,0.0,0.0,589376
2025-04-29 03:00:00,00000000270,20250429030000,0.587,0.0,0.049,0.0,0.0,0.0,1.0,0.0,8.35,4,0.0,0.0,589376
2025-04-29 04:00:00,00000000270,20250429040000,1.015,0.004,0.021,0.0,0.0,0.0,1.0,0.39,2.07,4,0.0,0.0,589376
2025-04-29 05:00:00,00000000270,20250429050000,0.963,0.009,0.005,0.0,0.0,0.0,1.0,0.93,0.52,4,0.0,0.0,589376
2025-04-29 06:00:00,00000000270,20250429060000,0.934,0.01,0.003,0.0,0.0,0.0,1.0,1.07,0.32,4,0.0,0.0,589376
2025-04-29 07:00:00,00000000270,20250429070000,0.744,0.003,0.016,0.0,0.0,0.0,1.0,0.4,2.15,4,0.0,0.0,589376
2025-04-29 08:00:00,00000000270,20250429080000,0.097,0.0,0.058,0.0,0.0,0.0,1.0,0.0,59.79,4,0.0,0.0,589376
2025-04-29 09:00:00,00000000270,20250429090000,0.063,0.001,0.072,0.0,0.0,0.0,1.0,1.59,114.29,4,0.0,0.0,589376
2025-04-29 10:00:00,00000000270,20250429100000,0.06,0.001,0.071,0.0,0.0,0.0,1.0,1.67,118.33,4,0.0,0.0,589376
2025-04-29 11:00:00,00000000270,20250429110000,0.087,0.001,0.059,0.0,0.0,0.0,1.0,1.15,67.82,4,0.0,0.0,589376
2025-04-29 12:00:00,00000000270,20250429120000,0.515,0.007,0.026,0.0,0.0,0.0,1.0,1.36,5.05,4,0.0,0.0,589376
2025-04-29 13:00:00,00000000270,20250429130000,0.835,0.011,0.005,0.0,0.0,0.0,1.0,1.32,0.6,4,0.0,0.0,589376
2025-04-29 14:00:00,00000000270,20250429140000,1.019,0.001,0.065,0.0,0.0,0.0,1.0,0.1,6.38,4,0.0,0.0,589376
2025-04-29 15:00:00,00000000270,20250429150000,0.142,0.0,0.054,0.0,0.0,0.0,1.0,0.0,38.03,4,0.0,0.0,589376
2025-04-29 16:00:00,00000000270,20250429160000,0.111,0.001,0.063,0.0,0.0,0.0,1.0,0.9,56.76,4,0.0,0.0,589376
2025-04-29 17:00:00,00000000270,20250429170000,0.075,0.001,0.082,0.0,0.0,0.0,1.0,1.33,109.33,4,0.0,0.0,589376
2025-04-29 18:00:00,00000000270,20250429180000,0.081,0.0,0.081,0.0,0.0,0.0,1.0,0.0,100.0,4,0.0,0.0,589376
2025-04-29 19:00:00,00000000270,20250429190000,0.141,0.001,0.05,0.0,0.0,0.0,1.0,0.71,35.46,4,0.0,0.0,589376
2025-04-29 20:00:00,00000000270,20250429200000,0.136,0.0,0.051,0.0,0.0,0.0,1.0,0.0,37.5,4,0.0,0.0,589376
2025-04-29 21:00:00,00000000270,20250429210000,0.087,0.0,0.078,0.0,0.0,0.0,1.0,0.0,89.66,4,0.0,0.0,589376
2025-04-29 22:00:00,00000000270,20250429220000,0.095,0.001,0.082,0.0,0.0,0.0,1.0,1.05,86.32,4,0.0,0.0,589376
2025-04-29 23:00:00,00000000270,20250429230000,0.797,0.006,0.037,0.0,0.0,0.0,1.0,0.75,4.64,4,0.0,0.0,589376
2025-04-30 00:00:00,00000000270,20250430000000,0.248,0.001,0.039,0.0,0.0,0.0,1.0,0.4,15.73,4,0.0,0.0,589376
2025-04-30 01:00:00,00000000270,20250430010000,0.139,0.0,0.051,0.0,0.0,0.0,1.0,0.0,36.69,4,0.0,0.0,589376
2025-04-30 02:00:00,00000000270,20250430020000,0.098,0.001,0.063,0.0,0.0,0.0,1.0,1.02,64.29,4,0.0,0.0,589376
2025-04-30 03:00:00,00000000270,20250430030000,0.056,0.0,0.067,0.0,0.0,0.0,1.0,0.0,119.64,4,0.0,0.0,589376
2025-04-30 04:00:00,00000000270,20250430040000,0.102,0.001,0.042,0.0,0.0,0.0,1.0,0.98,41.18,4,0.0,0.0,589376
2025-04-30 05:00:00,00000000270,20250430050000,0.089,0.001,0.048,0.0,0.0,0.0,1.0,1.12,53.93,4,0.0,0.0,589376
2025-04-30 06:00:00,00000000270,20250430060000,0.058,0.0,0.068,0.0,0.0,0.0,1.0,0.0,117.24,4,0.0,0.0,589376
2025-04-30 07:00:00,00000000270,20250430070000,0.057,0.001,0.069,0.0,0.0,0.0,1.0,1.75,121.05,4,0.0,0.0,589376
2025-04-30 08:00:00,00000000270,20250430080000,0.094,0.001,0.045,0.0,0.0,0.0,1.0,1.06,47.87,4,0.0,0.0,589376
2025-04-30 09:00:00,00000000270,20250430090000,0.078,0.001,0.048,0.0,0.0,0.0,1.0,1.28,61.54,4,0.0,0.0,589376
2025-04-30 10:00:00,00000000270,20250430100000,0.046,0.0,0.066,0.0,0.0,0.0,1.0,0.0,143.48,4,0.0,0.0,589376
2025-04-30 11:00:00,00000000270,20250430110000,0.128,0.001,0.05,0.0,0.0,0.0,1.0,0.78,39.06,4,0.0,0.0,589376
2025-04-30 12:00:00,00000000270,20250430120000,0.167,0.001,0.058,0.0,0.0,0.0,1.0,0.6,34.73,4,0.0,0.0,589376
2025-04-30 13:00:00,00000000270,20250430130000,0.057,0.0,0.041,0.0,0.0,0.0,1.0,0.0,71.93,4,0.0,0.0,589376
2025-04-30 14:00:00,00000000270,20250430140000,0.068,0.001,0.069,0.0,0.0,0.0,1.0,1.47,101.47,4,0.0,0.0,589376
2025-04-30 15:00:00,00000000270,20250430150000,0.171,0.0,0.058,0.0,0.0,0.0,1.0,0.0,33.92,4,0.0,0.0,589376
2025-04-30 16:00:00,00000000270,20250430160000,0.187,0.001,0.067,0.0,0.0,0.0,1.0,0.53,35.83,4,0.0,0.0,589376
2025-04-30 17:00:00,00000000270,20250430170000,0.22,0.001,0.082,0.0,0.0,0.0,1.0,0.45,37.27,4,0.0,0.0,589376
2025-04-30 18:00:00,00000000270,20250430180000,0.457,0.0,0.046,0.0,0.0,0.0,1.0,0.0,10.07,4,0.0,0.0,589376
2025-04-30 19:00:00,00000000270,20250430190000,0.137,0.0,0.049,0.0,0.0,0.0,1.0,0.0,35.77,4,0.0,0.0,589376
2025-04-30 20:00:00,00000000270,20250430200000,0.11,0.001,0.061,0.0,0.0,0.0,1.0,0.91,55.45,4,0.0,0.0,589376
2025-04-30 21:00:00,00000000270,20250430210000,0.207,0.001,0.073,0.0,0.0,0.0,1.0,0.48,35.27,4,0.0,0.0,589376
2025-04-30 22:00:00,00000000270,20250430220000,0.93,0.005,0.017,0.0,0.0,0.0,1.0,0.54,1.83,4,0.0,0.0,589376
2025-04-30 23:00:00,00000000270,20250430230000,0.969,0.012,0.004,0.0,0.0,0.0,1.0,1.24,0.41,4,0.0,0.0,589376
2025-05-01 00:00:00,00000000270,20250501000000,1.227,0.004,0.028,0.0,0.0,0.0,1.0,0.33,2.28,4,0.0,0.0,589376
2025-05-01 01:00:00,00000000270,20250501010000,0.058,0.0,0.062,0.0,0.0,0.0,1.0,0.0,106.9,4,0.0,0.0,589376
2025-05-01 02:00:00,00000000270,20250501020000,0.046,0.001,0.068,0.0,0.0,0.0,1.0,2.17,147.83,4,0.0,0.0,589376
2025-05-01 03:00:00,00000000270,20250501030000,0.157,0.001,0.056,0.0,0.0,0.0,1.0,0.64,35.67,4,0.0,0.0,589376
2025-05-01 04:00:00,00000000270,20250501040000,0.141,0.001,0.03,0.0,0.0,0.0,1.0,0.71,21.28,4,0.0,0.0,589376
2025-05-01 05:00:00,00000000270,20250501050000,0.07,0.0,0.063,0.0,0.0,0.0,1.0,0.0,90.0,4,0.0,0.0,589376
2025-05-01 06:00:00,00000000270,20250501060000,0.057,0.001,0.068,0.0,0.0,0.0,1.0,1.75,119.3,4,0.0,0.0,589376
2025-05-01 07:00:00,00000000270,20250501070000,0.092,0.001,0.064,0.0,0.0,0.0,1.0,1.09,69.57,4,0.0,0.0,589376
2025-05-01 08:00:00,00000000270,20250501080000,0.124,0.001,0.045,0.0,0.0,0.0,1.0,0.81,36.29,4,0.0,0.0,589376
2025-05-01 09:00:00,00000000270,20250501090000,0.045,0.0,0.066,0.0,0.0,0.0,1.0,0.0,146.67,4,0.0,0.0,589376
2025-05-01 10:00:00,00000000270,20250501100000,0.052,0.001,0.066,0.0,0.0,0.0,1.0,1.92,126.92,4,0.0,0.0,589376
2025-05-01 11:00:00,00000000270,20250501110000,0.084,0.0,0.049,0.0,0.0,0.0,1.0,0.0,58.33,4,0.0,0.0,589376
2025-05-01 12:00:00,00000000270,20250501120000,0.092,0.0,0.044,0.0,0.0,0.0,1.0,0.0,47.83,4,0.0,0.0,589376
2025-05-01 13:00:00,00000000270,20250501130000,0.056,0.001,0.065,0.0,0.0,0.0,1.0,1.79,116.07,4,0.0,0.0,589376
2025-05-01 14:00:00,00000000270,20250501140000,0.061,0.0,0.066,0.0,0.0,0.0,1.0,0.0,108.2,4,0.0,0.0,589376
2025-05-01 15:00:00,00000000270,20250501150000,0.103,0.001,0.037,0.0,0.0,0.0,1.0,0.97,35.92,4,0.0,0.0,589376
2025-05-01 16:00:00,00000000270,20250501160000,0.09,0.0,0.047,0.0,0.0,0.0,1.0,0.0,52.22,4,0.0,0.0,589376
2025-05-01 17:00:00,00000000270,20250501170000,0.057,0.001,0.067,0.0,0.0,0.0,1.0,1.75,117.54,4,0.0,0.0,589376
2025-05-01 18:00:00,00000000270,20250501180000,0.061,0.0,0.062,0.0,0.0,0.0,1.0,0.0,101.64,4,0.0,0.0,589376
2025-05-01 19:00:00,00000000270,20250501190000,0.107,0.0,0.034,0.0,0.0,0.0,1.0,0.0,31.78,4,0.0,0.0,589376
2025-05-01 20:00:00,00000000270,20250501200000,0.064,0.001,0.05,0.0,0.0,0.0,1.0,1.56,78.12,4,0.0,0.0,589376
2025-05-01 21:00:00,00000000270,20250501210000,0.052,0.0,0.062,0.0,0.0,0.0,1.0,0.0,119.23,4,0.0,0.0,589376
2025-05-01 22:00:00,00000000270,20250501220000,0.068,0.0,0.055,0.0,0.0,0.0,1.0,0.0,80.88,4,0.0,0.0,589376
2025-05-01 23:00:00,00000000270,20250501230000,0.109,0.001,0.034,0.0,0.0,0.0,1.0,0.92,31.19,4,0.0,0.0,589376
2025-05-02 00:00:00,00000000270,20250502000000,0.06,0.0,0.061,0.0,0.0,0.0,1.0,0.0,101.67,4,0.0,0.0,589376
2025-05-02 01:00:00,00000000270,20250502010000,0.059,0.0,0.065,0.0,0.0,0.0,1.0,0.0,110.17,4,0.0,0.0,589376
2025-05-02 02:00:00,00000000270,20250502020000,0.085,0.001,0.048,0.0,0.0,0.0,1.0,1.18,56.47,4,0.0,0.0,589376
2025-05-02 03:00:00,00000000270,20250502030000,0.093,0.001,0.046,0.0,0.0,0.0,1.0,1.08,49.46,4,0.0,0.0,589376
2025-05-02 04:00:00,00000000270,20250502040000,0.058,0.0,0.066,0.0,0.0,0.0,1.0,0.0,113.79,4,0.0,0.0,589376
2025-05-02 05:00:00,00000000270,20250502050000,0.145,0.0,0.064,0.0,0.0,0.0,1.0,0.0,44.14,4,0.0,0.0,589376
2025-05-02 06:00:00,00000000270,20250502060000,0.112,0.001,0.036,0.0,0.0,0.0,1.0,0.89,32.14,4,0.0,0.0,589376
2025-05-02 07:00:00,00000000270,20250502070000,0.07,0.0,0.057,0.0,0.0,0.0,1.0,0.0,81.43,4,0.0,0.0,589376
2025-05-02 08:00:00,00000000270,20250502080000,0.247,0.001,0.069,0.0,0.0,0.0,1.0,0.4,27.94,4,0.0,0.0,589376
2025-05-02 09:00:00,00000000270,20250502090000,0.117,0.0,0.063,0.0,0.0,0.0,1.0,0.0,53.85,4,0.0,0.0,589376
2025-05-02 10:00:00,00000000270,20250502100000,0.135,0.001,0.057,0.0,0.0,0.0,1.0,0.74,42.22,4,0.0,0.0,589376
2025-05-02 11:00:00,00000000270,20250502110000,0.124,0.0,0.087,0.0,0.0,0.0,1.0,0.0,70.16,4,0.0,0.0,589376
2025-05-02 12:00:00,00000000270,20250502120000,0.52,0.001,0.048,0.0,0.0,0.0,1.0,0.19,9.23,4,0.0,0.0,589376
2025-05-02 13:00:00,00000000270,20250502130000,0.154,0.001,0.068,0.0,0.0,0.0,1.0,0.65,44.16,4,0.0,0.0,589376
2025-05-02 14:00:00,00000000270,20250502140000,0.137,0.0,0.087,0.0,0.0,0.0,1.0,0.0,63.5,4,0.0,0.0,589376
2025-05-02 15:00:00,00000000270,20250502150000,0.185,0.001,0.059,0.0,0.0,0.0,1.0,0.54,31.89,4,0.0,0.0,589376
2025-05-02 16:00:00,00000000270,20250502160000,0.153,0.001,0.066,0.0,0.0,0.0,1.0,0.65,43.14,4,0.0,0.0,589376
2025-05-02 17:00:00,00000000270,20250502170000,0.122,0.0,0.091,0.0,0.0,0.0,1.0,0.0,74.59,4,0.0,0.0,589376
2025-05-02 18:00:00,00000000270,20250502180000,0.128,0.001,0.088,0.0,0.0,0.0,1.0,0.78,68.75,4,0.0,0.0,589376
2025-05-02 19:00:00,00000000270,20250502190000,0.146,0.0,0.049,0.0,0.0,0.0,1.0,0.0,33.56,4,0.0,0.0,589376
2025-05-02 20:00:00,00000000270,20250502200000,0.134,0.001,0.057,0.0,0.0,0.0,1.0,0.75,42.54,4,0.0,0.0,589376
2025-05-02 21:00:00,00000000270,20250502210000,0.107,0.0,0.084,0.0,0.0,0.0,1.0,0.0,78.5,4,0.0,0.0,589376
2025-05-02 22:00:00,00000000270,20250502220000,0.277,0.0,0.074,0.0,0.0,0.0,1.0,0.0,26.71,4,0.0,0.0,589376
2025-05-02 23:00:00,00000000270,20250502230000,0.537,0.017,0.002,0.0,0.0,0.0,1.0,3.17,0.37,4,0.0,0.0,589376
2025-05-03 00:00:00,00000000270,20250503000000,0.732,0.008,0.006,0.0,0.0,0.0,1.0,1.09,0.82,4,0.0,0.0,589376
2025-05-03 01:00:00,00000000270,20250503010000,1.55,0.008,0.011,0.0,0.0,0.0,1.0,0.52,0.71,4,0.0,0.0,589376
2025-05-03 02:00:00,00000000270,20250503020000,0.059,0.001,0.066,0.0,0.0,0.0,1.0,1.69,111.86,4,0.0,0.0,589376
2025-05-03 03:00:00,00000000270,20250503030000,0.066,0.0,0.061,0.0,0.0,0.0,1.0,0.0,92.42,4,0.0,0.0,589376
2025-05-03 04:00:00,00000000270,20250503040000,0.106,0.001,0.035,0.0,0.0,0.0,1.0,0.94,33.02,4,0.0,0.0,589376
2025-05-03 05:00:00,00000000270,20250503050000,0.073,0.0,0.054,0.0,0.0,0.0,1.0,0.0,73.97,4,0.0,0.0,589376
2025-05-03 06:00:00,00000000270,20250503060000,0.052,0.001,0.069,0.0,0.0,0.0,1.0,1.92,132.69,4,0.0,0.0,589376
2025-05-03 07:00:00,00000000270,20250503070000,0.075,0.001,0.057,0.0,0.0,0.0,1.0,1.33,76.0,4,0.0,0.0,589376
2025-05-03 08:00:00,00000000270,20250503080000,0.112,0.0,0.035,0.0,0.0,0.0,1.0,0.0,31.25,4,0.0,0.0,589376
2025-05-03 09:00:00,00000000270,20250503090000,0.059,0.001,0.062,0.0,0.0,0.0,1.0,1.69,105.08,4,0.0,0.0,589376
2025-05-03 10:00:00,00000000270,20250503100000,0.06,0.0,0.065,0.0,0.0,0.0,1.0,0.0,108.33,4,0.0,0.0,589376
2025-05-03 11:00:00,00000000270,20250503110000,0.123,0.001,0.047,0.0,0.0,0.0,1.0,0.81,38.21,4,0.0,0.0,589376
2025-05-03 12:00:00,00000000270,20250503120000,0.13,0.0,0.052,0.0,0.0,0.0,1.0,0.0,40.0,4,0.0,0.0,589376
2025-05-03 13:00:00,00000000270,20250503130000,0.083,0.001,0.081,0.0,0.0,0.0,1.0,1.2,97.59,4,0.0,0.0,589376
2025-05-03 14:00:00,00000000270,20250503140000,0.085,0.0,0.08,0.0,0.0,0.0,1.0,0.0,94.12,4,0.0,0.0,589376
2025-05-03 15:00:00,00000000270,20250503150000,0.14,0.0,0.05,0.0,0.0,0.0,1.0,0.0,35.71,4,0.0,0.0,589376
2025-05-03 16:00:00,00000000270,20250503160000,0.124,0.001,0.058,0.0,0.0,0.0,1.0,0.81,46.77,4,0.0,0.0,589376
2025-05-03 17:00:00,00000000270,20250503170000,0.172,0.0,0.079,0.0,0.0,0.0,1.0,0.0,45.93,4,0.0,0.0,589376
2025-05-03 18:00:00,00000000270,20250503180000,0.091,0.001,0.079,0.0,0.0,0.0,1.0,1.1,86.81,4,0.0,0.0,589376
2025-05-03 19:00:00,00000000270,20250503190000,0.162,0.0,0.053,0.0,0.0,0.0,1.0,0.0,32.72,4,0.0,0.0,589376
2025-05-03 20:00:00,00000000270,20250503200000,0.185,0.0,0.057,0.0,0.0,0.0,1.0,0.0,30.81,4,0.0,0.0,589376
2025-05-03 21:00:00,00000000270,20250503210000,0.119,0.001,0.069,0.0,0.0,0.0,1.0,0.84,57.98,4,0.0,0.0,589376
2025-05-03 22:00:00,00000000270,20250503220000,0.073,0.0,0.072,0.0,0.0,0.0,1.0,0.0,98.63,4,0.0,0.0,589376
2025-05-03 23:00:00,00000000270,20250503230000,0.094,0.0,0.06,0.0,0.0,0.0,1.0,0.0,63.83,4,0.0,0.0,589376
2025-05-04 00:00:00,00000000270,20250504000000,0.117,0.001,0.04,0.0,0.0,0.0,1.0,0.85,34.19,4,0.0,0.0,589376
2025-05-04 01:00:00,00000000270,20250504010000,0.067,0.0,0.061,0.0,0.0,0.0,1.0,0.0,91.04,4,0.0,0.0,589376
2025-05-04 02:00:00,00000000270,20250504020000,0.056,0.001,0.066,0.0,0.0,0.0,1.0,1.79,117.86,4,0.0,0.0,589376
2025-05-04 03:00:00,00000000270,20250504030000,0.097,0.0,0.046,0.0,0.0,0.0,1.0,0.0,47.42,4,0.0,0.0,589376
2025-05-04 04:00:00,00000000270,20250504040000,0.101,0.001,0.04,0.0,0.0,0.0,1.0,0.99,39.6,4,0.0,0.0,589376
2025-05-04 05:00:00,00000000270,20250504050000,0.053,0.001,0.067,0.0,0.0,0.0,1.0,1.89,126.42,4,0.0,0.0,589376
2025-05-04 06:00:00,00000000270,20250504060000,0.059,0.001,0.07,0.0,0.0,0.0,1.0,1.69,118.64,4,0.0,0.0,589376
2025-05-04 07:00:00,00000000270,20250504070000,0.612,0.382,0.015,0.0,0.0,0.0,1.0,62.42,2.45,4,0.0,0.0,589376
2025-05-04 08:00:00,00000000270,20250504080000,0.103,0.024,0.05,0.0,0.0,0.0,1.0,23.3,48.54,4,0.0,0.0,589376
2025-05-04 09:00:00,00000000270,20250504090000,0.064,0.001,0.07,0.0,0.0,0.0,1.0,1.56,109.38,4,0.0,0.0,589376
2025-05-04 10:00:00,00000000270,20250504100000,0.226,0.001,0.07,0.0,0.0,0.0,1.0,0.44,30.97,4,0.0,0.0,589376
2025-05-04 11:00:00,00000000270,20250504110000,0.19,0.001,0.049,0.0,0.0,0.0,1.0,0.53,25.79,4,0.0,0.0,589376
2025-05-04 12:00:00,00000000270,20250504120000,0.113,0.0,0.065,0.0,0.0,0.0,1.0,0.0,57.52,4,0.0,0.0,589376
2025-05-04 13:00:00,00000000270,20250504130000,0.059,0.001,0.074,0.0,0.0,0.0,1.0,1.69,125.42,4,0.0,0.0,589376
2025-05-04 14:00:00,00000000270,20250504140000,0.11,0.001,0.044,0.0,0.0,0.0,1.0,0.91,40.0,4,0.0,0.0,589376
2025-05-04 15:00:00,00000000270,20250504150000,0.113,0.0,0.042,0.0,0.0,0.0,1.0,0.0,37.17,4,0.0,0.0,589376
2025-05-04 16:00:00,00000000270,20250504160000,0.07,0.001,0.067,0.0,0.0,0.0,1.0,1.43,95.71,4,0.0,0.0,589376
2025-05-04 17:00:00,00000000270,20250504170000,0.081,0.001,0.082,0.0,0.0,0.0,1.0,1.23,101.23,4,0.0,0.0,589376
2025-05-04 18:00:00,00000000270,20250504180000,0.128,0.0,0.059,0.0,0.0,0.0,1.0,0.0,46.09,4,0.0,0.0,589376
2025-05-04 19:00:00,00000000270,20250504190000,0.134,0.001,0.051,0.0,0.0,0.0,1.0,0.75,38.06,4,0.0,0.0,589376
2025-05-04 20:00:00,00000000270,20250504200000,0.126,0.001,0.064,0.0,0.0,0.0,1.0,0.79,50.79,4,0.0,0.0,589376
2025-05-04 21:00:00,00000000270,20250504210000,0.34,0.0,0.074,0.0,0.0,0.0,1.0,0.0,21.76,4,0.0,0.0,589376
2025-05-04 22:00:00,00000000270,20250504220000,0.791,0.001,0.028,0.0,0.0,0.0,1.0,0.13,3.54,4,0.0,0.0,589376
2025-05-04 23:00:00,00000000270,20250504230000,1.199,0.003,0.023,0.0,0.0,0.0,1.0,0.25,1.92,4,0.0,0.0,589376
2025-05-05 00:00:00,00000000270,20250505000000,0.176,0.001,0.064,0.0,0.0,0.0,1.0,0.57,36.36,4,0.0,0.0,589376
2025-05-05 01:00:00,00000000270,20250505010000,0.142,0.001,0.075,0.0,0.0,0.0,1.0,0.7,52.82,4,0.0,0.0,589376
2025-05-05 02:00:00,00000000270,20250505020000,0.204,0.0,0.089,0.0,0.0,0.0,1.0,0.0,43.63,4,0.0,0.0,589376
2025-05-05 03:00:00,00000000270,20250505030000,0.176,0.001,0.073,0.0,0.0,0.0,1.0,0.57,41.48,4,0.0,0.0,589376
2025-05-05 04:00:00,00000000270,20250505040000,0.17,0.001,0.058,0.0,0.0,0.0,1.0,0.59,34.12,4,0.0,0.0,589376
2025-05-05 05:00:00,00000000270,20250505050000,0.15,0.0,0.07,0.0,0.0,0.0,1.0,0.0,46.67,4,0.0,0.0,589376
2025-05-05 06:00:00,00000000270,20250505060000,0.118,0.001,0.091,0.0,0.0,0.0,1.0,0.85,77.12,4,0.0,0.0,589376
2025-05-05 07:00:00,00000000270,20250505070000,0.121,0.0,0.081,0.0,0.0,0.0,1.0,0.0,66.94,4,0.0,0.0,589376
2025-05-05 08:00:00,00000000270,20250505080000,0.135,0.001,0.049,0.0,0.0,0.0,1.0,0.74,36.3,4,0.0,0.0,589376
2025-05-05 09:00:00,00000000270,20250505090000,0.11,0.001,0.063,0.0,0.0,0.0,1.0,0.91,57.27,4,0.0,0.0,589376
2025-05-05 10:00:00,00000000270,20250505100000,0.124,0.0,0.085,0.0,0.0,0.0,1.0,0.0,68.55,4,0.0,0.0,589376
2025-05-05 11:00:00,00000000270,20250505110000,0.144,0.001,0.076,0.0,0.0,0.0,1.0,0.69,52.78,4,0.0,0.0,589376
2025-05-05 12:00:00,00000000270,20250505120000,0.142,0.001,0.048,0.0,0.0,0.0,1.0,0.7,33.8,4,0.0,0.0,589376
2025-05-05 13:00:00,00000000270,20250505130000,0.112,0.0,0.06,0.0,0.0,0.0,1.0,0.0,53.57,4,0.0,0.0,589376
2025-05-05 14:00:00,00000000270,20250505140000,0.081,0.001,0.079,0.0,0.0,0.0,1.0,1.23,97.53,4,0.0,0.0,589376
2025-05-05 15:00:00,00000000270,20250505150000,0.099,0.001,0.07,0.0,0.0,0.0,1.0,1.01,70.71,4,0.0,0.0,589376
2025-05-05 16:00:00,00000000270,20250505160000,0.165,0.0,0.051,0.0,0.0,0.0,1.0,0.0,30.91,4,0.0,0.0,589376
2025-05-05 17:00:00,00000000270,20250505170000,0.164,0.001,0.062,0.0,0.0,0.0,1.0,0.61,37.8,4,0.0,0.0,589376
2025-05-05 18:00:00,00000000270,20250505180000,0.223,0.001,0.084,0.0,0.0,0.0,1.0,0.45,37.67,4,0.0,0.0,589376
2025-05-05 19:00:00,00000000270,20250505190000,0.411,0.0,0.043,0.0,0.0,0.0,1.0,0.0,10.46,4,0.0,0.0,589376
2025-05-05 20:00:00,00000000270,20250505200000,0.215,0.001,0.053,0.0,0.0,0.0,1.0,0.47,24.65,4,0.0,0.0,589376
2025-05-05 21:00:00,00000000270,20250505210000,0.12,0.001,0.079,0.0,0.0,0.0,1.0,0.83,65.83,4,0.0,0.0,589376
2025-05-05 22:00:00,00000000270,20250505220000,0.091,0.0,0.061,0.0,0.0,0.0,1.0,0.0,67.03,4,0.0,0.0,589376
2025-05-05 23:00:00,00000000270,20250505230000,0.11,0.001,0.045,0.0,0.0,0.0,1.0,0.91,40.91,4,0.0,0.0,589376
2025-05-06 00:00:00,00000000270,20250506000000,0.12,0.001,0.045,0.0,0.0,0.0,1.0,0.83,37.5,4,0.0,0.0,589376
2025-05-06 01:00:00,00000000270,20250506010000,0.072,0.0,0.075,0.0,0.0,0.0,1.0,0.0,104.17,4,0.0,0.0,589376
2025-05-06 02:00:00,00000000270,20250506020000,0.069,0.001,0.077,0.0,0.0,0.0,1.0,1.45,111.59,4,0.0,0.0,589376
2025-05-06 03:00:00,00000000270,20250506030000,0.097,0.001,0.055,0.0,0.0,0.0,1.0,1.03,56.7,4,0.0,0.0,589376
2025-05-06 04:00:00,00000000270,20250506040000,0.115,0.0,0.044,0.0,0.0,0.0,1.0,0.0,38.26,4,0.0,0.0,589376
2025-05-06 05:00:00,00000000270,20250506050000,0.072,0.001,0.071,0.0,0.0,0.0,1.0,1.39,98.61,4,0.0,0.0,589376
2025-05-06 06:00:00,00000000270,20250506060000,0.068,0.0,0.08,0.0,0.0,0.0,1.0,0.0,117.65,4,0.0,0.0,589376
2025-05-06 07:00:00,00000000270,20250506070000,0.099,0.001,0.058,0.0,0.0,0.0,1.0,1.01,58.59,4,0.0,0.0,589376
2025-05-06 08:00:00,00000000270,20250506080000,0.124,0.001,0.038,0.0,0.0,0.0,1.0,0.81,30.65,4,0.0,0.0,589376
2025-05-06 09:00:00,00000000270,20250506090000,0.064,0.0,0.064,0.0,0.0,0.0,1.0,0.0,100.0,4,0.0,0.0,589376
2025-05-06 10:00:00,00000000270,20250506100000,0.463,0.001,0.067,0.0,0.0,0.0,1.0,0.22,14.47,4,0.0,0.0,589376
2025-05-06 11:00:00,00000000270,20250506110000,0.508,0.001,0.035,0.0,0.0,0.0,1.0,0.2,6.89,4,0.0,0.0,589376
2025-05-06 12:00:00,00000000270,20250506120000,0.163,0.001,0.041,0.0,0.0,0.0,1.0,0.61,25.15,4,0.0,0.0,589376
2025-05-06 13:00:00,00000000270,20250506130000,0.069,0.001,0.068,0.0,0.0,0.0,1.0,1.45,98.55,4,0.0,0.0,589376
2025-05-06 14:00:00,00000000270,20250506140000,0.065,0.0,0.067,0.0,0.0,0.0,1.0,0.0,103.08,4,0.0,0.0,589376
2025-05-06 15:00:00,00000000270,20250506150000,0.112,0.001,0.037,0.0,0.0,0.0,1.0,0.89,33.04,4,0.0,0.0,589376
2025-05-06 16:00:00,00000000270,20250506160000,0.108,0.0,0.035,0.0,0.0,0.0,1.0,0.0,32.41,4,0.0,0.0,589376
2025-05-06 17:00:00,00000000270,20250506170000,0.085,0.001,0.049,0.0,0.0,0.0,1.0,1.18,57.65,4,0.0,0.0,589376
2025-05-06 18:00:00,00000000270,20250506180000,0.097,0.001,0.072,0.0,0.0,0.0,1.0,1.03,74.23,4,0.0,0.0,589376
2025-05-06 19:00:00,00000000270,20250506190000,0.124,0.0,0.062,0.0,0.0,0.0,1.0,0.0,50.0,4,0.0,0.0,589376
2025-05-06 20:00:00,00000000270,20250506200000,0.121,0.001,0.034,0.0,0.0,0.0,1.0,0.83,28.1,4,0.0,0.0,589376
2025-05-06 21:00:00,00000000270,20250506210000,0.11,0.001,0.036,0.0,0.0,0.0,1.0,0.91,32.73,4,0.0,0.0,589376
2025-05-06 22:00:00,00000000270,20250506220000,0.055,0.0,0.066,0.0,0.0,0.0,1.0,0.0,120.0,4,0.0,0.0,589376
2025-05-06 23:00:00,00000000270,20250506230000,0.056,0.001,0.068,0.0,0.0,0.0,1.0,1.79,121.43,4,0.0,0.0,589376
2025-05-07 00:00:00,00000000270,20250507000000,0.104,0.0,0.039,0.0,0.0,0.0,1.0,0.0,37.5,4,0.0,0.0,589376
2025-05-07 01:00:00,00000000270,20250507010000,0.153,0.001,0.035,0.0,0.0,0.0,1.0,0.65,22.88,4,0.0,0.0,589376
2025-05-07 02:00:00,00000000270,20250507020000,0.178,0.0,0.062,0.0,0.0,0.0,1.0,0.0,34.83,4,0.0,0.0,589376
2025-05-07 03:00:00,00000000270,20250507030000,0.071,0.001,0.068,0.0,0.0,0.0,1.0,1.41,95.77,4,0.0,0.0,589376
2025-05-07 04:00:00,00000000270,20250507040000,0.096,0.001,0.047,0.0,0.0,0.0,1.0,1.04,48.96,4,0.0,0.0,589376
2025-05-07 05:00:00,00000000270,20250507050000,0.122,0.0,0.036,0.0,0.0,0.0,1.0,0.0,29.51,4,0.0,0.0,589376
2025-05-07 06:00:00,00000000270,20250507060000,0.193,0.001,0.062,0.0,0.0,0.0,1.0,0.52,32.12,4,0.0,0.0,589376
2025-05-07 07:00:00,00000000270,20250507070000,0.057,0.001,0.069,0.0,0.0,0.0,1.0,1.75,121.05,4,0.0,0.0,589376
2025-05-07 08:00:00,00000000270,20250507080000,0.089,0.0,0.048,0.0,0.0,0.0,1.0,0.0,53.93,4,0.0,0.0,589376
2025-05-07 09:00:00,00000000270,20250507090000,0.107,0.001,0.035,0.0,0.0,0.0,1.0,0.93,32.71,4,0.0,0.0,589376
2025-05-07 10:00:00,00000000270,20250507100000,0.066,0.001,0.062,0.0,0.0,0.0,1.0,1.52,93.94,4,0.0,0.0,589376
2025-05-07 11:00:00,00000000270,20250507110000,0.071,0.0,0.069,0.0,0.0,0.0,1.0,0.0,97.18,4,0.0,0.0,589376
2025-05-07 12:00:00,00000000270,20250507120000,0.132,0.001,0.048,0.0,0.0,0.0,1.0,0.76,36.36,4,0.0,0.0,589376
2025-05-07 13:00:00,00000000270,20250507130000,0.114,0.0,0.034,0.0,0.0,0.0,1.0,0.0,29.82,4,0.0,0.0,589376
2025-05-07 14:00:00,00000000270,20250507140000,0.082,0.001,0.051,0.0,0.0,0.0,1.0,1.22,62.2,4,0.0,0.0,589376
2025-05-07 15:00:00,00000000270,20250507150000,0.099,0.001,0.071,0.0,0.0,0.0,1.0,1.01,71.72,4,0.0,0.0,589376
2025-05-07 16:00:00,00000000270,20250507160000,0.137,0.0,0.057,0.0,0.0,0.0,1.0,0.0,41.61,4,0.0,0.0,589376
2025-05-07 17:00:00,00000000270,20250507170000,0.203,0.001,0.034,0.0,0.0,0.0,1.0,0.49,16.75,4,0.0,0.0,589376
2025-05-07 18:00:00,00000000270,20250507180000,0.129,0.0,0.034,0.0,0.0,0.0,1.0,0.0,26.36,4,0.0,0.0,589376
2025-05-07 19:00:00,00000000270,20250507190000,0.16,0.001,0.048,0.0,0.0,0.0,1.0,0.62,30.0,4,0.0,0.0,589376
2025-05-07 20:00:00,00000000270,20250507200000,0.1,0.0,0.085,0.0,0.0,0.0,1.0,0.0,85.0,4,0.0,0.0,589376
2025-05-07 21:00:00,00000000270,20250507210000,1.055,0.001,0.061,0.0,0.0,0.0,1.0,0.09,5.78,4,0.0,0.0,589376
2025-05-07 22:00:00,00000000270,20250507220000,0.152,0.0,0.052,0.0,0.0,0.0,1.0,0.0,34.21,4,0.0,0.0,589376
2025-05-07 23:00:00,00000000270,20250507230000,0.152,0.001,0.052,0.0,0.0,0.0,1.0,0.66,34.21,4,0.0,0.0,589376
2025-05-08 00:00:00,00000000270,20250508000000,0.133,0.001,0.073,0.0,0.0,0.0,1.0,0.75,54.89,4,0.0,0.0,589376
2025-05-08 01:00:00,00000000270,20250508010000,0.072,0.0,0.072,0.0,0.0,0.0,1.0,0.0,100.0,4,0.0,0.0,589376
2025-05-08 02:00:00,00000000270,20250508020000,0.081,0.001,0.06,0.0,0.0,0.0,1.0,1.23,74.07,4,0.0,0.0,589376
2025-05-08 03:00:00,00000000270,20250508030000,0.125,0.0,0.037,0.0,0.0,0.0,1.0,0.0,29.6,4,0.0,0.0,589376
2025-05-08 04:00:00,00000000270,20250508040000,0.121,0.001,0.037,0.0,0.0,0.0,1.0,0.83,30.58,4,0.0,0.0,589376
2025-05-08 05:00:00,00000000270,20250508050000,0.076,0.001,0.069,0.0,0.0,0.0,1.0,1.32,90.79,4,0.0,0.0,589376
2025-05-08 06:00:00,00000000270,20250508060000,0.072,0.0,0.07,0.0,0.0,0.0,1.0,0.0,97.22,4,0.0,0.0,589376
2025-05-08 07:00:00,00000000270,20250508070000,0.112,0.001,0.035,0.0,0.0,0.0,1.0,0.89,31.25,4,0.0,0.0,589376
2025-05-08 08:00:00,00000000270,20250508080000,0.197,0.001,0.038,0.0,0.0,0.0,1.0,0.51,19.29,4,0.0,0.0,589376
2025-05-08 09:00:00,00000000270,20250508090000,0.069,0.0,0.065,0.0,0.0,0.0,1.0,0.0,94.2,4,0.0,0.0,589376
2025-05-08 10:00:00,00000000270,20250508100000,0.109,0.001,0.071,0.0,0.0,0.0,1.0,0.92,65.14,4,0.0,0.0,589376
2025-05-08 11:00:00,00000000270,20250508110000,0.144,0.0,0.039,0.0,0.0,0.0,1.0,0.0,27.08,4,0.0,0.0,589376
2025-05-08 12:00:00,00000000270,20250508120000,0.116,0.001,0.034,0.0,0.0,0.0,1.0,0.86,29.31,4,0.0,0.0,589376
2025-05-08 13:00:00,00000000270,20250508130000,0.058,0.0,0.065,0.0,0.0,0.0,1.0,0.0,112.07,4,0.0,0.0,589376
2025-05-08 14:00:00,00000000270,20250508140000,0.083,0.001,0.069,0.0,0.0,0.0,1.0,1.2,83.13,4,0.0,0.0,589376
2025-05-08 15:00:00,00000000270,20250508150000,0.158,0.0,0.044,0.0,0.0,0.0,1.0,0.0,27.85,4,0.0,0.0,589376
2025-05-08 16:00:00,00000000270,20250508160000,0.142,0.001,0.039,0.0,0.0,0.0,1.0,0.7,27.46,4,0.0,0.0,589376
2025-05-08 17:00:00,00000000270,20250508170000,0.107,0.001,0.034,0.0,0.0,0.0,1.0,0.93,31.78,4,0.0,0.0,589376
2025-05-08 18:00:00,00000000270,20250508180000,0.069,0.0,0.06,0.0,0.0,0.0,1.0,0.0,86.96,4,0.0,0.0,589376
2025-05-08 19:00:00,00000000270,20250508190000,0.11,0.001,0.077,0.0,0.0,0.0,1.0,0.91,70.0,4,0.0,0.0,589376
2025-05-08 20:00:00,00000000270,20250508200000,0.151,0.0,0.052,0.0,0.0,0.0,1.0,0.0,34.44,4,0.0,0.0,589376
2025-05-08 21:00:00,00000000270,20250508210000,0.586,0.001,0.048,0.0,0.0,0.0,1.0,0.17,8.19,4,0.0,0.0,589376
2025-05-08 22:00:00,00000000270,20250508220000,0.173,0.0,0.057,0.0,0.0,0.0,1.0,0.0,32.95,4,0.0,0.0,589376
2025-05-08 23:00:00,00000000270,20250508230000,0.171,0.001,0.077,0.0,0.0,0.0,1.0,0.58,45.03,4,0.0,0.0,589376
2025-05-09 00:00:00,00000000270,20250509000000,0.096,0.0,0.058,0.0,0.0,0.0,1.0,0.0,60.42,4,0.0,0.0,589376
2025-05-09 01:00:00,00000000270,20250509010000,0.129,0.001,0.034,0.0,0.0,0.0,1.0,0.78,26.36,4,0.0,0.0,589376
2025-05-09 02:00:00,00000000270,20250509020000,0.102,0.001,0.037,0.0,0.0,0.0,1.0,0.98,36.27,4,0.0,0.0,589376
2025-05-09 03:00:00,00000000270,20250509030000,0.081,0.0,0.059,0.0,0.0,0.0,1.0,0.0,72.84,4,0.0,0.0,589376
2025-05-09 04:00:00,00000000270,20250509040000,0.073,0.001,0.07,0.0,0.0,0.0,1.0,1.37,95.89,4,0.0,0.0,589376
2025-05-09 05:00:00,00000000270,20250509050000,0.096,0.0,0.056,0.0,0.0,0.0,1.0,0.0,58.33,4,0.0,0.0,589376
2025-05-09 06:00:00,00000000270,20250509060000,0.113,0.001,0.035,0.0,0.0,0.0,1.0,0.88,30.97,4,0.0,0.0,589376
2025-05-09 07:00:00,00000000270,20250509070000,0.527,0.239,0.022,0.0,0.0,0.0,1.0,45.35,4.17,4,0.0,0.0,589376
2025-05-09 08:00:00,00000000270,20250509080000,0.108,0.1,0.048,0.0,0.0,0.0,1.0,92.59,44.44,4,0.0,0.0,589376
2025-05-09 09:00:00,00000000270,20250509090000,0.183,0.0,0.066,0.0,0.0,0.0,1.0,0.0,36.07,4,0.0,0.0,589376
2025-05-09 10:00:00,00000000270,20250509100000,0.139,0.001,0.036,0.0,0.0,0.0,1.0,0.72,25.9,4,0.0,0.0,589376
2025-05-09 11:00:00,00000000270,20250509110000,0.133,0.001,0.036,0.0,0.0,0.0,1.0,0.75,27.07,4,0.0,0.0,589376
2025-05-09 12:00:00,00000000270,20250509120000,0.108,0.0,0.068,0.0,0.0,0.0,1.0,0.0,62.96,4,0.0,0.0,589376
2025-05-09 13:00:00,00000000270,20250509130000,0.153,0.001,0.067,0.0,0.0,0.0,1.0,0.65,43.79,4,0.0,0.0,589376
2025-05-09 14:00:00,00000000270,20250509140000,0.157,0.0,0.033,0.0,0.0,0.0,1.0,0.0,21.02,4,0.0,0.0,589376
2025-05-09 15:00:00,00000000270,20250509150000,0.109,0.001,0.033,0.0,0.0,0.0,1.0,0.92,30.28,4,0.0,0.0,589376
2025-05-09 16:00:00,00000000270,20250509160000,0.116,0.0,0.034,0.0,0.0,0.0,1.0,0.0,29.31,4,0.0,0.0,589376
2025-05-09 17:00:00,00000000270,20250509170000,0.085,0.001,0.048,0.0,0.0,0.0,1.0,1.18,56.47,4,0.0,0.0,589376
2025-05-09 18:00:00,00000000270,20250509180000,0.107,0.0,0.05,0.0,0.0,0.0,1.0,0.0,46.73,4,0.0,0.0,589376
2025-05-09 19:00:00,00000000270,20250509190000,0.157,0.001,0.048,0.0,0.0,0.0,1.0,0.64,30.57,4,0.0,0.0,589376
2025-05-09 20:00:00,00000000270,20250509200000,0.194,0.0,0.064,0.0,0.0,0.0,1.0,0.0,32.99,4,0.0,0.0,589376
2025-05-09 21:00:00,00000000270,20250509210000,0.273,0.001,0.078,0.0,0.0,0.0,1.0,0.37,28.57,4,0.0,0.0,589376
2025-05-09 22:00:00,00000000270,20250509220000,0.114,0.0,0.063,0.0,0.0,0.0,1.0,0.0,55.26,4,0.0,0.0,589376
2025-05-09 23:00:00,00000000270,20250509230000,0.131,0.001,0.04,0.0,0.0,0.0,1.0,0.76,30.53,4,0.0,0.0,589376
2025-05-10 00:00:00,00000000270,20250510000000,0.115,0.001,0.029,0.0,0.0,0.0,1.0,0.87,25.22,4,0.0,0.0,589376
2025-05-10 01:00:00,00000000270,20250510010000,0.092,0.0,0.041,0.0,0.0,0.0,1.0,0.0,44.57,4,0.0,0.0,589376
2025-05-10 02:00:00,00000000270,20250510020000,0.064,0.001,0.059,0.0,0.0,0.0,1.0,1.56,92.19,4,0.0,0.0,589376
2025-05-10 03:00:00,00000000270,20250510030000,0.174,0.0,0.051,0.0,0.0,0.0,1.0,0.0,29.31,4,0.0,0.0,589376
2025-05-10 04:00:00,00000000270,20250510040000,0.148,0.001,0.022,0.0,0.0,0.0,1.0,0.68,14.86,4,0.0,0.0,589376
2025-05-10 05:00:00,00000000270,20250510050000,0.144,0.001,0.031,0.0,0.0,0.0,1.0,0.69,21.53,4,0.0,0.0,589376
2025-05-10 06:00:00,00000000270,20250510060000,0.08,0.0,0.063,0.0,0.0,0.0,1.0,0.0,78.75,4,0.0,0.0,589376
2025-05-10 07:00:00,00000000270,20250510070000,0.069,0.001,0.063,0.0,0.0,0.0,1.0,1.45,91.3,4,0.0,0.0,589376
2025-05-10 08:00:00,00000000270,20250510080000,0.12,0.0,0.033,0.0,0.0,0.0,1.0,0.0,27.5,4,0.0,0.0,589376
2025-05-10 09:00:00,00000000270,20250510090000,0.121,0.001,0.027,0.0,0.0,0.0,1.0,0.83,22.31,4,0.0,0.0,589376
2025-05-10 10:00:00,00000000270,20250510100000,0.07,0.0,0.057,0.0,0.0,0.0,1.0,0.0,81.43,4,0.0,0.0,589376
2025-05-10 11:00:00,00000000270,20250510110000,0.092,0.001,0.072,0.0,0.0,0.0,1.0,1.09,78.26,4,0.0,0.0,589376
2025-05-10 12:00:00,00000000270,20250510120000,0.113,0.001,0.043,0.0,0.0,0.0,1.0,0.88,38.05,4,0.0,0.0,589376
2025-05-10 13:00:00,00000000270,20250510130000,0.111,0.0,0.035,0.0,0.0,0.0,1.0,0.0,31.53,4,0.0,0.0,589376
2025-05-10 14:00:00,00000000270,20250510140000,0.064,0.0,0.062,0.0,0.0,0.0,1.0,0.0,96.88,4,0.0,0.0,589376
2025-05-10 15:00:00,00000000270,20250510150000,0.063,0.001,0.063,0.0,0.0,0.0,1.0,1.59,100.0,4,0.0,0.0,589376
2025-05-10 16:00:00,00000000270,20250510160000,0.114,0.0,0.039,0.0,0.0,0.0,1.0,0.0,34.21,4,0.0,0.0,589376
2025-05-10 17:00:00,00000000270,20250510170000,0.11,0.001,0.036,0.0,0.0,0.0,1.0,0.91,32.73,4,0.0,0.0,589376
2025-05-10 18:00:00,00000000270,20250510180000,0.149,0.0,0.062,0.0,0.0,0.0,1.0,0.0,41.61,4,0.0,0.0,589376
2025-05-10 19:00:00,00000000270,20250510190000,0.077,0.0,0.063,0.0,0.0,0.0,1.0,0.0,81.82,4,0.0,0.0,589376
2025-05-10 20:00:00,00000000270,20250510200000,0.128,0.001,0.032,0.0,0.0,0.0,1.0,0.78,25.0,4,0.0,0.0,589376
2025-05-10 21:00:00,00000000270,20250510210000,0.087,0.0,0.044,0.0,0.0,0.0,1.0,0.0,50.57,4,0.0,0.0,589376
2025-05-10 22:00:00,00000000270,20250510220000,0.068,0.0,0.063,0.0,0.0,0.0,1.0,0.0,92.65,4,0.0,0.0,589376
2025-05-10 23:00:00,00000000270,20250510230000,0.077,0.001,0.058,0.0,0.0,0.0,1.0,1.3,75.32,4,0.0,0.0,589376
2025-05-11 00:00:00,00000000270,20250511000000,0.114,0.0,0.036,0.0,0.0,0.0,1.0,0.0,31.58,4,0.0,0.0,589376
2025-05-11 01:00:00,00000000270,20250511010000,0.066,0.001,0.062,0.0,0.0,0.0,1.0,1.52,93.94,4,0.0,0.0,589376
2025-05-11 02:00:00,00000000270,20250511020000,0.078,0.0,0.07,0.0,0.0,0.0,1.0,0.0,89.74,4,0.0,0.0,589376
2025-05-11 03:00:00,00000000270,20250511030000,0.097,0.001,0.044,0.0,0.0,0.0,1.0,1.03,45.36,4,0.0,0.0,589376
2025-05-11 04:00:00,00000000270,20250511040000,0.086,0.0,0.05,0.0,0.0,0.0,1.0,0.0,58.14,4,0.0,0.0,589376
2025-05-11 05:00:00,00000000270,20250511050000,0.056,0.0,0.069,0.0,0.0,0.0,1.0,0.0,123.21,4,0.0,0.0,589376
2025-05-11 06:00:00,00000000270,20250511060000,0.075,0.001,0.059,0.0,0.0,0.0,1.0,1.33,78.67,4,0.0,0.0,589376
2025-05-11 07:00:00,00000000270,20250511070000,0.108,0.0,0.038,0.0,0.0,0.0,1.0,0.0,35.19,4,0.0,0.0,589376
2025-05-11 08:00:00,00000000270,20250511080000,0.057,0.001,0.068,0.0,0.0,0.0,1.0,1.75,119.3,4,0.0,0.0,589376
2025-05-11 09:00:00,00000000270,20250511090000,0.057,0.001,0.068,0.0,0.0,0.0,1.0,1.75,119.3,4,0.0,0.0,589376
2025-05-11 10:00:00,00000000270,20250511100000,0.111,0.0,0.036,0.0,0.0,0.0,1.0,0.0,32.43,4,0.0,0.0,589376
2025-05-11 11:00:00,00000000270,20250511110000,0.175,0.001,0.061,0.0,0.0,0.0,1.0,0.57,34.86,4,0.0,0.0,589376
2025-05-11 12:00:00,00000000270,20250511120000,0.144,0.001,0.082,0.0,0.0,0.0,1.0,0.69,56.94,4,0.0,0.0,589376
2025-05-11 13:00:00,00000000270,20250511130000,0.131,0.0,0.061,0.0,0.0,0.0,1.0,0.0,46.56,4,0.0,0.0,589376
2025-05-11 14:00:00,00000000270,20250511140000,0.149,0.001,0.053,0.0,0.0,0.0,1.0,0.67,35.57,4,0.0,0.0,589376
2025-05-11 15:00:00,00000000270,20250511150000,0.101,0.0,0.067,0.0,0.0,0.0,1.0,0.0,66.34,4,0.0,0.0,589376
2025-05-11 16:00:00,00000000270,20250511160000,0.138,0.001,0.083,0.0,0.0,0.0,1.0,0.72,60.14,4,0.0,0.0,589376
2025-05-11 17:00:00,00000000270,20250511170000,0.386,0.0,0.064,0.0,0.0,0.0,1.0,0.0,16.58,4,0.0,0.0,589376
2025-05-11 18:00:00,00000000270,20250511180000,0.174,0.001,0.057,0.0,0.0,0.0,1.0,0.57,32.76,4,0.0,0.0,589376
2025-05-11 19:00:00,00000000270,20250511190000,0.251,0.0,0.071,0.0,0.0,0.0,1.0,0.0,28.29,4,0.0,0.0,589376
2025-05-11 20:00:00,00000000270,20250511200000,0.504,0.015,0.045,0.0,0.0,0.0,1.0,2.98,8.93,4,0.0,0.0,589376
2025-05-11 21:00:00,00000000270,20250511210000,1.596,0.122,0.003,0.0,0.0,0.0,1.0,7.64,0.19,4,0.0,0.0,589376
2025-05-11 22:00:00,00000000270,20250511220000,0.235,0.176,0.021,0.0,0.0,0.0,1.0,74.89,8.94,4,0.0,0.0,589376
2025-05-11 23:00:00,00000000270,20250511230000,0.1,0.001,0.076,0.0,0.0,0.0,1.0,1.0,76.0,4,0.0,0.0,589376
2025-05-12 00:00:00,00000000270,20250512000000,0.061,0.0,0.065,0.0,0.0,0.0,1.0,0.0,106.56,4,0.0,0.0,589376
2025-05-12 01:00:00,00000000270,20250512010000,0.121,0.001,0.037,0.0,0.0,0.0,1.0,0.83,30.58,4,0.0,0.0,589376
2025-05-12 02:00:00,00000000270,20250512020000,0.205,0.001,0.035,0.0,0.0,0.0,1.0,0.49,17.07,4,0.0,0.0,589376
2025-05-12 03:00:00,00000000270,20250512030000,0.073,0.0,0.066,0.0,0.0,0.0,1.0,0.0,90.41,4,0.0,0.0,589376
2025-05-12 04:00:00,00000000270,20250512040000,0.071,0.001,0.068,0.0,0.0,0.0,1.0,1.41,95.77,4,0.0,0.0,589376
2025-05-12 05:00:00,00000000270,20250512050000,0.1,0.0,0.041,0.0,0.0,0.0,1.0,0.0,41.0,4,0.0,0.0,589376
2025-05-12 06:00:00,00000000270,20250512060000,0.106,0.001,0.042,0.0,0.0,0.0,1.0,0.94,39.62,4,0.0,0.0,589376
2025-05-12 07:00:00,00000000270,20250512070000,0.065,0.0,0.072,0.0,0.0,0.0,1.0,0.0,110.77,4,0.0,0.0,589376
2025-05-12 08:00:00,00000000270,20250512080000,0.062,0.001,0.066,0.0,0.0,0.0,1.0,1.61,106.45,4,0.0,0.0,589376
2025-05-12 09:00:00,00000000270,20250512090000,0.111,0.001,0.036,0.0,0.0,0.0,1.0,0.9,32.43,4,0.0,0.0,589376
2025-05-12 10:00:00,00000000270,20250512100000,0.228,0.032,0.051,0.0,0.0,0.0,1.0,14.04,22.37,4,0.0,0.0,589376
2025-05-12 11:00:00,00000000270,20250512110000,0.928,0.453,0.028,0.0,0.0,0.0,1.0,48.81,3.02,4,0.0,0.0,589376
2025-05-12 12:00:00,00000000270,20250512120000,0.199,0.343,0.022,0.0,0.0,0.0,1.0,172.36,11.06,4,0.0,0.0,589376
2025-05-12 13:00:00,00000000270,20250512130000,0.105,0.0,0.034,0.0,0.0,0.0,1.0,0.0,32.38,4,0.0,0.0,589376
2025-05-12 14:00:00,00000000270,20250512140000,0.062,0.001,0.063,0.0,0.0,0.0,1.0,1.61,101.61,4,0.0,0.0,589376
2025-05-12 15:00:00,00000000270,20250512150000,0.06,0.0,0.066,0.0,0.0,0.0,1.0,0.0,110.0,4,0.0,0.0,589376
2025-05-12 16:00:00,00000000270,20250512160000,0.113,0.001,0.039,0.0,0.0,0.0,1.0,0.88,34.51,4,0.0,0.0,589376
2025-05-12 17:00:00,00000000270,20250512170000,0.187,0.0,0.04,0.0,0.0,0.0,1.0,0.0,21.39,4,0.0,0.0,589376
2025-05-12 18:00:00,00000000270,20250512180000,0.102,0.0,0.075,0.0,0.0,0.0,1.0,0.0,73.53,4,0.0,0.0,589376
2025-05-12 19:00:00,00000000270,20250512190000,0.102,0.001,0.057,0.0,0.0,0.0,1.0,0.98,55.88,4,0.0,0.0,589376
2025-05-12 20:00:00,00000000270,20250512200000,0.132,0.0,0.048,0.0,0.0,0.0,1.0,0.0,36.36,4,0.0,0.0,589376
2025-05-12 21:00:00,00000000270,20250512210000,0.151,0.0,0.054,0.0,0.0,0.0,1.0,0.0,35.76,4,0.0,0.0,589376
2025-05-12 22:00:00,00000000270,20250512220000,0.108,0.001,0.077,0.0,0.0,0.0,1.0,0.93,71.3,4,0.0,0.0,589376
2025-05-12 23:00:00,00000000270,20250512230000,0.114,0.0,0.042,0.0,0.0,0.0,1.0,0.0,36.84,4,0.0,0.0,589376
2025-05-13 00:00:00,00000000270,20250513000000,0.107,0.0,0.036,0.0,0.0,0.0,1.0,0.0,33.64,4,0.0,0.0,589376
2025-05-13 01:00:00,00000000270,20250513010000,0.067,0.001,0.062,0.0,0.0,0.0,1.0,1.49,92.54,4,0.0,0.0,589376
2025-05-13 02:00:00,00000000270,20250513020000,0.056,0.0,0.068,0.0,0.0,0.0,1.0,0.0,121.43,4,0.0,0.0,589376
2025-05-13 03:00:00,00000000270,20250513030000,0.102,0.001,0.042,0.0,0.0,0.0,1.0,0.98,41.18,4,0.0,0.0,589376
2025-05-13 04:00:00,00000000270,20250513040000,0.099,0.0,0.044,0.0,0.0,0.0,1.0,0.0,44.44,4,0.0,0.0,589376
2025-05-13 05:00:00,00000000270,20250513050000,0.117,0.014,0.0,0.0,0.0,0.0,1.0,11.97,0.0,4,0.0,0.0,589376
2025-05-13 06:00:00,00000000270,20250513060000,0.074,0.001,0.055,0.0,0.0,0.0,1.0,1.35,74.32,4,0.0,0.0,589376
2025-05-13 07:00:00,00000000270,20250513070000,0.119,0.0,0.038,0.0,0.0,0.0,1.0,0.0,31.93,4,0.0,0.0,589376
2025-05-13 08:00:00,00000000270,20250513080000,0.065,0.001,0.061,0.0,0.0,0.0,1.0,1.54,93.85,4,0.0,0.0,589376
2025-05-13 09:00:00,00000000270,20250513090000,0.102,0.0,0.066,0.0,0.0,0.0,1.0,0.0,64.71,4,0.0,0.0,589376
2025-05-13 10:00:00,00000000270,20250513100000,0.167,0.001,0.038,0.0,0.0,0.0,1.0,0.6,22.75,4,0.0,0.0,589376
2025-05-13 11:00:00,00000000270,20250513110000,0.086,0.001,0.052,0.0,0.0,0.0,1.0,1.16,60.47,4,0.0,0.0,589376
2025-05-13 12:00:00,00000000270,20250513120000,0.054,0.0,0.067,0.0,0.0,0.0,1.0,0.0,124.07,4,0.0,0.0,589376
2025-05-13 13:00:00,00000000270,20250513130000,0.092,0.001,0.05,0.0,0.0,0.0,1.0,1.09,54.35,4,0.0,0.0,589376
2025-05-13 14:00:00,00000000270,20250513140000,0.098,0.0,0.039,0.0,0.0,0.0,1.0,0.0,39.8,4,0.0,0.0,589376
2025-05-13 15:00:00,00000000270,20250513150000,0.056,0.001,0.068,0.0,0.0,0.0,1.0,1.79,121.43,4,0.0,0.0,589376
2025-05-13 16:00:00,00000000270,20250513160000,0.066,0.001,0.064,0.0,0.0,0.0,1.0,1.52,96.97,4,0.0,0.0,589376
2025-05-13 17:00:00,00000000270,20250513170000,0.11,0.0,0.034,0.0,0.0,0.0,1.0,0.0,30.91,4,0.0,0.0,589376
2025-05-13 18:00:00,00000000270,20250513180000,0.077,0.001,0.056,0.0,0.0,0.0,1.0,1.3,72.73,4,0.0,0.0,589376
2025-05-13 19:00:00,00000000270,20250513190000,0.053,0.0,0.065,0.0,0.0,0.0,1.0,0.0,122.64,4,0.0,0.0,589376
2025-05-13 20:00:00,00000000270,20250513200000,1.21,0.012,0.019,0.0,0.0,0.0,1.0,0.99,1.57,4,0.0,0.0,589376
2025-05-13 21:00:00,00000000270,20250513210000,0.122,0.001,0.044,0.0,0.0,0.0,1.0,0.82,36.07,4,0.0,0.0,589376
2025-05-13 22:00:00,00000000270,20250513220000,0.06,0.0,0.065,0.0,0.0,0.0,1.0,0.0,108.33,4,0.0,0.0,589376
2025-05-13 23:00:00,00000000270,20250513230000,0.06,0.001,0.064,0.0,0.0,0.0,1.0,1.67,106.67,4,0.0,0.0,589376
2025-05-14 00:00:00,00000000270,20250514000000,0.112,0.0,0.034,0.0,0.0,0.0,1.0,0.0,30.36,4,0.0,0.0,589376
2025-05-14 01:00:00,00000000270,20250514010000,0.086,0.0,0.052,0.0,0.0,0.0,1.0,0.0,60.47,4,0.0,0.0,589376
2025-05-14 02:00:00,00000000270,20250514020000,0.055,0.001,0.067,0.0,0.0,0.0,1.0,1.82,121.82,4,0.0,0.0,589376
2025-05-14 03:00:00,00000000270,20250514030000,0.096,0.001,0.05,0.0,0.0,0.0,1.0,1.04,52.08,4,0.0,0.0,589376
2025-05-14 04:00:00,00000000270,20250514040000,0.104,0.0,0.04,0.0,0.0,0.0,1.0,0.0,38.46,4,0.0,0.0,589376
2025-05-14 05:00:00,00000000270,20250514050000,0.062,0.001,0.068,0.0,0.0,0.0,1.0,1.61,109.68,4,0.0,0.0,589376
2025-05-14 06:00:00,00000000270,20250514060000,0.07,0.0,0.064,0.0,0.0,0.0,1.0,0.0,91.43,4,0.0,0.0,589376
2025-05-14 07:00:00,00000000270,20250514070000,0.12,0.001,0.037,0.0,0.0,0.0,1.0,0.83,30.83,4,0.0,0.0,589376
2025-05-14 08:00:00,00000000270,20250514080000,0.065,0.001,0.065,0.0,0.0,0.0,1.0,1.54,100.0,4,0.0,0.0,589376
2025-05-14 09:00:00,00000000270,20250514090000,0.059,0.0,0.064,0.0,0.0,0.0,1.0,0.0,108.47,4,0.0,0.0,589376
2025-05-14 10:00:00,00000000270,20250514100000,0.107,0.001,0.037,0.0,0.0,0.0,1.0,0.93,34.58,4,0.0,0.0,589376
2025-05-14 11:00:00,00000000270,20250514110000,0.139,0.001,0.059,0.0,0.0,0.0,1.0,0.72,42.45,4,0.0,0.0,589376
2025-05-14 12:00:00,00000000270,20250514120000,0.1,0.0,0.061,0.0,0.0,0.0,1.0,0.0,61.0,4,0.0,0.0,589376
